Date,Solaire,TWh
2012-01-01,6255.0,0.0031275
2012-01-02,4267.0,0.0021335
2012-01-03,6768.0,0.0033840000000000003
2012-01-04,8655.0,0.0043275
2012-01-05,3207.0,0.0016034999999999999
2012-01-06,9441.0,0.0047205
2012-01-07,5574.0,0.002787
2012-01-08,5519.0,0.0027595000000000002
2012-01-09,7716.0,0.003858
2012-01-10,9624.0,0.004812
2012-01-11,9890.0,0.004945
2012-01-12,9117.0,0.0045585
2012-01-13,7374.0,0.003687
2012-01-14,10797.0,0.0053985
2012-01-15,11375.0,0.0056875
2012-01-16,10752.0,0.005376
2012-01-17,10561.0,0.0052805
2012-01-18,9058.0,0.004529
2012-01-19,5367.0,0.0026835
2012-01-20,7336.0,0.003668
2012-01-21,6013.0,0.0030065
2012-01-22,7048.0,0.003524
2012-01-23,7138.0,0.003569
2012-01-24,8779.0,0.0043895
2012-01-25,7524.0,0.003762
2012-01-26,5677.0,0.0028385
2012-01-27,8280.0,0.0041400000000000005
2012-01-28,7637.0,0.0038185
2012-01-29,6102.0,0.003051
2012-01-30,7244.0,0.003622
2012-01-31,2949.0,0.0014745000000000001
2012-02-01,7665.0,0.0038325
2012-02-02,8978.0,0.004489
2012-02-03,13856.0,0.006928
2012-02-04,13295.0,0.0066475
2012-02-05,6433.0,0.0032165
2012-02-06,10136.0,0.005068
2012-02-07,14235.0,0.0071175
2012-02-08,10682.0,0.005341
2012-02-09,13686.0,0.006843
2012-02-10,14759.0,0.0073795
2012-02-11,16201.0,0.0081005
2012-02-12,16527.0,0.0082635
2012-02-13,9366.0,0.004683
2012-02-14,9121.0,0.0045605
2012-02-15,8987.0,0.0044935
2012-02-16,11232.0,0.005616
2012-02-17,11323.0,0.0056615
2012-02-18,15593.0,0.0077965
2012-02-19,14568.0,0.007284
2012-02-20,19787.0,0.0098935
2012-02-21,20084.0,0.010042
2012-02-22,21441.0,0.010720499999999999
2012-02-23,13672.0,0.006836
2012-02-24,12349.0,0.0061745
2012-02-25,11960.0,0.00598
2012-02-26,18205.0,0.0091025
2012-02-27,18957.0,0.0094785
2012-02-28,19650.0,0.009825
2012-02-29,21903.0,0.0109515
2012-03-01,18848.0,0.009424
2012-03-02,17216.0,0.008608
2012-03-03,12643.0,0.0063215
2012-03-04,11222.0,0.005611
2012-03-05,18870.0,0.009435
2012-03-06,14680.0,0.00734
2012-03-07,17605.0,0.0088025
2012-03-08,18334.0,0.009167
2012-03-09,23452.0,0.011726
2012-03-10,21225.0,0.0106125
2012-03-11,18056.0,0.009028
2012-03-12,24839.0,0.0124195
2012-03-13,25019.0,0.0125095
2012-03-14,25684.0,0.012842
2012-03-15,25090.0,0.012545
2012-03-16,21901.0,0.0109505
2012-03-17,14576.0,0.007288
2012-03-18,9829.0,0.0049145000000000005
2012-03-19,18802.0,0.009401
2012-03-20,21701.0,0.010850499999999999
2012-03-21,15400.0,0.0077
2012-03-22,17226.0,0.008612999999999999
2012-03-23,25205.0,0.0126025
2012-03-24,28271.0,0.0141355
2012-03-25,27481.0,0.013740500000000001
2012-03-26,28682.0,0.014341
2012-03-27,28756.0,0.014378
2012-03-28,28825.0,0.0144125
2012-03-29,29194.0,0.014597
2012-03-30,29682.0,0.014841
2012-03-31,27262.0,0.013631
2012-04-01,31040.0,0.015519999999999999
2012-04-02,27995.0,0.0139975
2012-04-03,16585.0,0.0082925
2012-04-04,13555.0,0.0067775
2012-04-05,20126.0,0.010063
2012-04-06,22208.0,0.011104
2012-04-07,18675.0,0.0093375
2012-04-08,21667.0,0.0108335
2012-04-09,20591.0,0.0102955
2012-04-10,12632.0,0.006316
2012-04-11,21881.0,0.0109405
2012-04-12,20056.0,0.010028
2012-04-13,22170.0,0.011085
2012-04-14,21289.0,0.0106445
2012-04-15,18145.0,0.0090725
2012-04-16,21607.0,0.0108035
2012-04-17,26022.0,0.013011
2012-04-18,21040.0,0.01052
2012-04-19,20275.0,0.0101375
2012-04-20,22943.0,0.0114715
2012-04-21,21225.0,0.0106125
2012-04-22,25655.0,0.0128275
2012-04-23,18016.0,0.009008
2012-04-24,21171.0,0.0105855
2012-04-25,17453.0,0.0087265
2012-04-26,19292.0,0.009646
2012-04-27,17726.0,0.008863
2012-04-28,13796.0,0.0068980000000000005
2012-04-29,24085.0,0.0120425
2012-04-30,15538.0,0.007769
2012-05-01,29179.0,0.0145895
2012-05-02,28630.0,0.014315
2012-05-03,31827.0,0.0159135
2012-05-04,20759.0,0.0103795
2012-05-05,21279.0,0.0106395
2012-05-06,23380.0,0.01169
2012-05-07,31742.0,0.015871
2012-05-08,17648.0,0.008824
2012-05-09,26540.0,0.01327
2012-05-10,31203.0,0.0156015
2012-05-11,30995.0,0.015497499999999999
2012-05-12,26751.0,0.0133755
2012-05-13,36229.0,0.0181145
2012-05-14,36347.0,0.0181735
2012-05-15,29217.0,0.0146085
2012-05-16,36793.0,0.0183965
2012-05-17,30389.0,0.0151945
2012-05-18,17081.0,0.0085405
2012-05-19,19861.0,0.0099305
2012-05-20,12229.0,0.0061145
2012-05-21,9388.0,0.004694
2012-05-22,17065.0,0.0085325
2012-05-23,25173.0,0.0125865
2012-05-24,31019.0,0.0155095
2012-05-25,35711.0,0.0178555
2012-05-26,31562.0,0.015781
2012-05-27,30677.0,0.0153385
2012-05-28,34187.0,0.0170935
2012-05-29,35492.0,0.017746
2012-05-30,30925.0,0.0154625
2012-05-31,32450.0,0.016225
2012-06-01,35036.0,0.017518
2012-06-02,31588.0,0.015794
2012-06-03,17463.0,0.0087315
2012-06-04,28157.0,0.0140785
2012-06-05,32548.0,0.016274
2012-06-06,24302.0,0.012151
2012-06-07,25431.0,0.0127155
2012-06-08,26611.0,0.0133055
2012-06-09,27445.0,0.0137225
2012-06-10,18439.0,0.0092195
2012-06-11,23734.0,0.011866999999999999
2012-06-12,24318.0,0.012159
2012-06-13,28545.0,0.0142725
2012-06-14,37743.0,0.0188715
2012-06-15,33457.0,0.0167285
2012-06-16,33275.0,0.0166375
2012-06-17,37306.0,0.018653
2012-06-18,27044.0,0.013522
2012-06-19,19216.0,0.009608
2012-06-20,30376.0,0.015188
2012-06-21,30518.0,0.015259
2012-06-22,36071.0,0.0180355
2012-06-23,38859.0,0.0194295
2012-06-24,31939.0,0.0159695
2012-06-25,30065.0,0.0150325
2012-06-26,33113.0,0.016556500000000002
2012-06-27,36145.0,0.0180725
2012-06-28,33913.0,0.0169565
2012-06-29,28511.0,0.0142555
2012-06-30,31140.0,0.01557
2012-07-01,19000.0,0.0095
2012-07-02,29805.0,0.0149025
2012-07-03,35884.0,0.017942
2012-07-04,29369.0,0.0146845
2012-07-05,19684.0,0.009842
2012-07-06,31765.0,0.0158825
2012-07-07,35375.0,0.017687500000000002
2012-07-08,30132.0,0.015066
2012-07-09,30621.0,0.0153105
2012-07-10,26736.0,0.013368
2012-07-11,29334.0,0.014667
2012-07-12,29650.0,0.014825
2012-07-13,27615.0,0.0138075
2012-07-14,29539.0,0.0147695
2012-07-15,30878.0,0.015439
2012-07-16,38930.0,0.019465
2012-07-17,37579.0,0.0187895
2012-07-18,39066.0,0.019533
2012-07-19,30557.0,0.0152785
2012-07-20,26589.0,0.0132945
2012-07-21,36708.0,0.018354
2012-07-22,40111.0,0.0200555
2012-07-23,41655.0,0.0208275
2012-07-24,40054.0,0.020027
2012-07-25,40002.0,0.020001
2012-07-26,37467.0,0.0187335
2012-07-27,30404.0,0.015202
2012-07-28,27338.0,0.013669
2012-07-29,34367.0,0.0171835
2012-07-30,35203.0,0.0176015
2012-07-31,38532.0,0.019266
2012-08-01,31512.0,0.015756
2012-08-02,32701.0,0.0163505
2012-08-03,35193.0,0.0175965
2012-08-04,31966.0,0.015983
2012-08-05,24590.0,0.012295
2012-08-06,26992.0,0.013496
2012-08-07,37512.0,0.018756
2012-08-08,40162.0,0.020080999999999998
2012-08-09,39370.0,0.019685
2012-08-10,41092.0,0.020546
2012-08-11,37661.0,0.0188305
2012-08-12,30914.0,0.015457
2012-08-13,32279.0,0.0161395
2012-08-14,33049.0,0.0165245
2012-08-15,27236.0,0.013618
2012-08-16,37716.0,0.018858
2012-08-17,40074.0,0.020037
2012-08-18,37366.0,0.018682999999999998
2012-08-19,32276.0,0.016138
2012-08-20,30248.0,0.015124
2012-08-21,32867.0,0.0164335
2012-08-22,33737.0,0.0168685
2012-08-23,29717.0,0.0148585
2012-08-24,22519.0,0.0112595
2012-08-25,22955.0,0.0114775
2012-08-26,32925.0,0.0164625
2012-08-27,37496.0,0.018748
2012-08-28,26796.0,0.013398
2012-08-29,23862.0,0.011931
2012-08-30,19793.0,0.009896499999999999
2012-08-31,31154.0,0.015577
2012-09-01,28147.0,0.0140735
2012-09-02,26896.0,0.013448
2012-09-03,22872.0,0.011436
2012-09-04,26782.0,0.013391
2012-09-05,26920.0,0.01346
2012-09-06,34927.0,0.0174635
2012-09-07,36029.0,0.0180145
2012-09-08,35647.0,0.0178235
2012-09-09,32348.0,0.016174
2012-09-10,27476.0,0.013738
2012-09-11,22631.0,0.011315500000000001
2012-09-12,15593.0,0.0077965000000000005
2012-09-13,27139.0,0.0135695
2012-09-14,31610.0,0.015805
2012-09-15,29854.0,0.014927
2012-09-16,34280.0,0.01714
2012-09-17,28636.0,0.014317999999999999
2012-09-18,16418.0,0.008209
2012-09-19,32143.0,0.0160715
2012-09-20,33140.0,0.01657
2012-09-21,22468.0,0.011234000000000001
2012-09-22,23754.0,0.011877
2012-09-23,19304.0,0.009651999999999999
2012-09-24,19674.0,0.009837
2012-09-25,16119.0,0.0080595
2012-09-26,11624.0,0.005812
2012-09-27,22710.0,0.011355
2012-09-28,24640.0,0.01232
2012-09-29,15069.0,0.0075345
2012-09-30,22816.0,0.011408
2012-10-01,25522.0,0.012761
2012-10-02,27011.0,0.0135055
2012-10-03,22206.0,0.011103
2012-10-04,20453.0,0.0102265
2012-10-05,26631.0,0.0133155
2012-10-06,17925.0,0.0089625
2012-10-07,13895.0,0.0069475
2012-10-08,15093.0,0.0075465
2012-10-09,16607.0,0.0083035
2012-10-10,18473.0,0.0092365
2012-10-11,13521.0,0.0067605
2012-10-12,21379.0,0.0106895
2012-10-13,20289.0,0.0101445
2012-10-14,11823.0,0.0059115
2012-10-15,24469.0,0.0122345
2012-10-16,17603.0,0.0088015
2012-10-17,11797.0,0.0058985
2012-10-18,12677.0,0.0063385
2012-10-19,9110.0,0.004555
2012-10-20,9428.0,0.004714
2012-10-21,10728.0,0.005364
2012-10-22,15399.0,0.0076995
2012-10-23,17689.0,0.0088445
2012-10-24,19914.0,0.009957
2012-10-25,12297.0,0.0061485
2012-10-26,4803.0,0.0024015
2012-10-27,15223.0,0.0076115
2012-10-28,19958.0,0.009979
2012-10-29,20966.0,0.010483
2012-10-30,20637.0,0.0103185
2012-10-31,12607.0,0.0063035
2012-11-01,14772.0,0.007386
2012-11-02,16742.0,0.008371
2012-11-03,10924.0,0.005462
2012-11-04,5474.0,0.002737
2012-11-05,15140.0,0.00757
2012-11-06,16284.0,0.008142
2012-11-07,19137.0,0.0095685
2012-11-08,13212.0,0.006606
2012-11-09,9121.0,0.0045605
2012-11-10,6426.0,0.003213
2012-11-11,11554.0,0.005777
2012-11-12,14040.0,0.00702
2012-11-13,16785.0,0.0083925
2012-11-14,15709.0,0.0078545
2012-11-15,14803.0,0.0074015
2012-11-16,13213.0,0.0066065
2012-11-17,8898.0,0.004449
2012-11-18,8296.0,0.004148
2012-11-19,12410.0,0.006205
2012-11-20,13591.0,0.0067954999999999995
2012-11-21,6799.0,0.0033995
2012-11-22,13318.0,0.006659
2012-11-23,9188.0,0.004594
2012-11-24,7304.0,0.003652
2012-11-25,6697.0,0.0033485
2012-11-26,4303.0,0.0021515
2012-11-27,5541.0,0.0027705
2012-11-28,3761.0,0.0018805
2012-11-29,9136.0,0.004568
2012-11-30,12904.0,0.006452
2012-12-01,13127.0,0.0065635
2012-12-02,8761.0,0.0043805
2012-12-03,6518.0,0.003259
2012-12-04,9069.0,0.0045345
2012-12-05,8488.0,0.0042439999999999995
2012-12-06,14435.0,0.0072175
2012-12-07,4234.0,0.002117
2012-12-08,7694.0,0.003847
2012-12-09,11946.0,0.005973
2012-12-10,9412.0,0.004706
2012-12-11,13716.0,0.006858
2012-12-12,13611.0,0.0068055
2012-12-13,3570.0,0.001785
2012-12-14,2089.0,0.0010445
2012-12-15,9430.0,0.004715
2012-12-16,10135.0,0.0050675
2012-12-17,9420.0,0.00471
2012-12-18,10371.0,0.0051855
2012-12-19,6203.0,0.0031015
2012-12-20,3387.0,0.0016935000000000001
2012-12-21,4719.0,0.0023595
2012-12-22,4643.0,0.0023215
2012-12-23,11879.0,0.0059395
2012-12-24,7688.0,0.003844
2012-12-25,5036.0,0.002518
2012-12-26,10663.0,0.0053315
2012-12-27,5623.0,0.0028115
2012-12-28,8104.0,0.004052
2012-12-29,13559.0,0.0067795
2012-12-30,11321.0,0.0056605
2012-12-31,12044.0,0.0060220000000000004
2013-01-01,5788.0,0.002894
2013-01-02,12784.0,0.006392
2013-01-03,10274.0,0.005137
2013-01-04,6957.0,0.0034785
2013-01-05,7348.0,0.003674
2013-01-06,7613.0,0.0038065
2013-01-07,8121.0,0.0040605
2013-01-08,7199.0,0.0035995
2013-01-09,6854.0,0.003427
2013-01-10,6849.0,0.0034245
2013-01-11,13881.0,0.0069405
2013-01-12,9049.0,0.0045245
2013-01-13,5058.0,0.002529
2013-01-14,8284.0,0.004142
2013-01-15,8215.0,0.0041075
2013-01-16,6036.0,0.003018
2013-01-17,12739.0,0.0063695
2013-01-18,5009.0,0.0025045
2013-01-19,2576.0,0.001288
2013-01-20,4650.0,0.002325
2013-01-21,9374.0,0.004687
2013-01-22,10328.0,0.005164
2013-01-23,6952.0,0.003476
2013-01-24,9964.0,0.004982
2013-01-25,14779.0,0.0073895
2013-01-26,12075.0,0.0060374999999999995
2013-01-27,7271.0,0.0036355
2013-01-28,16126.0,0.008063
2013-01-29,10990.0,0.005495
2013-01-30,13930.0,0.006965
2013-01-31,13438.0,0.006719
2013-02-01,6534.0,0.003267
2013-02-02,12138.0,0.006069
2013-02-03,16018.0,0.008009
2013-02-04,9476.0,0.004738
2013-02-05,10216.0,0.005108
2013-02-06,11233.0,0.0056165
2013-02-07,15267.0,0.0076335
2013-02-08,12612.0,0.006306
2013-02-09,12848.0,0.006424
2013-02-10,8612.0,0.004306
2013-02-11,8675.0,0.0043375
2013-02-12,9592.0,0.004796
2013-02-13,15294.0,0.007647
2013-02-14,11634.0,0.005817
2013-02-15,18264.0,0.009132
2013-02-16,24011.0,0.0120055
2013-02-17,23291.0,0.0116455
2013-02-18,23071.0,0.0115355
2013-02-19,28215.0,0.0141075
2013-02-20,28450.0,0.014225
2013-02-21,25824.0,0.012912
2013-02-22,23773.0,0.0118865
2013-02-23,12896.0,0.006448
2013-02-24,11643.0,0.0058215
2013-02-25,11217.0,0.0056085
2013-02-26,17708.0,0.008854
2013-02-27,19246.0,0.009623
2013-02-28,19403.0,0.0097015
2013-03-01,14755.0,0.0073774999999999995
2013-03-02,19145.0,0.0095725
2013-03-03,30398.0,0.015199
2013-03-04,31281.0,0.0156405
2013-03-05,13715.0,0.0068575
2013-03-06,10106.0,0.005053
2013-03-07,18506.0,0.009253
2013-03-08,17512.0,0.008756
2013-03-09,23160.0,0.01158
2013-03-10,22008.0,0.011004
2013-03-11,19637.0,0.009818499999999999
2013-03-12,14649.0,0.007324499999999999
2013-03-13,14946.0,0.0074730000000000005
2013-03-14,24733.0,0.012366499999999999
2013-03-15,35196.0,0.017598
2013-03-16,22205.0,0.0111025
2013-03-17,11115.0,0.0055575
2013-03-18,20550.0,0.010275
2013-03-19,26047.0,0.0130235
2013-03-20,25919.0,0.0129595
2013-03-21,29668.0,0.014834
2013-03-22,27948.0,0.013974
2013-03-23,16606.0,0.008303
2013-03-24,16454.0,0.008227
2013-03-25,23462.0,0.011731
2013-03-26,26505.0,0.0132525
2013-03-27,26765.0,0.0133825
2013-03-28,15449.0,0.0077245
2013-03-29,20610.0,0.010305
2013-03-30,20172.0,0.010086
2013-03-31,33962.0,0.016981
2013-04-01,24522.0,0.012261000000000001
2013-04-02,29984.0,0.014992
2013-04-03,37719.0,0.0188595
2013-04-04,17293.0,0.0086465
2013-04-05,21275.0,0.0106375
2013-04-06,14594.0,0.007297
2013-04-07,31266.0,0.015633
2013-04-08,22100.0,0.011049999999999999
2013-04-09,22296.0,0.011148
2013-04-10,27761.0,0.0138805
2013-04-11,16746.0,0.008373
2013-04-12,30390.0,0.015195
2013-04-13,34939.0,0.0174695
2013-04-14,43917.0,0.0219585
2013-04-15,34737.0,0.0173685
2013-04-16,34753.0,0.0173765
2013-04-17,42442.0,0.021221
2013-04-18,30907.0,0.0154535
2013-04-19,25874.0,0.012937
2013-04-20,27957.0,0.0139785
2013-04-21,32032.0,0.016016
2013-04-22,35339.0,0.0176695
2013-04-23,35842.0,0.017921
2013-04-24,45288.0,0.022644
2013-04-25,37013.0,0.0185065
2013-04-26,10068.0,0.005034
2013-04-27,18633.0,0.0093165
2013-04-28,21131.0,0.0105655
2013-04-29,21770.0,0.010885
2013-04-30,18331.0,0.0091655
2013-05-01,28342.0,0.014171
2013-05-02,28905.0,0.0144525
2013-05-03,30497.0,0.0152485
2013-05-04,40701.0,0.0203505
2013-05-05,40097.0,0.0200485
2013-05-06,43960.0,0.02198
2013-05-07,31918.0,0.015959
2013-05-08,31217.0,0.015608499999999999
2013-05-09,26726.0,0.013363
2013-05-10,34259.0,0.0171295
2013-05-11,36123.0,0.0180615
2013-05-12,34319.0,0.0171595
2013-05-13,34903.0,0.0174515
2013-05-14,36760.0,0.01838
2013-05-15,21335.0,0.0106675
2013-05-16,25447.0,0.0127235
2013-05-17,33541.0,0.0167705
2013-05-18,21860.0,0.01093
2013-05-19,25742.0,0.012871
2013-05-20,27731.0,0.0138655
2013-05-21,19969.0,0.0099845
2013-05-22,29767.0,0.014883500000000001
2013-05-23,32086.0,0.016042999999999998
2013-05-24,31855.0,0.0159275
2013-05-25,36552.0,0.018276
2013-05-26,44008.0,0.022004
2013-05-27,45650.0,0.022825
2013-05-28,23570.0,0.011785
2013-05-29,31101.0,0.0155505
2013-05-30,24900.0,0.01245
2013-05-31,27598.0,0.013799
2013-06-01,34775.0,0.0173875
2013-06-02,41167.0,0.0205835
2013-06-03,48200.0,0.0241
2013-06-04,47170.0,0.023585000000000002
2013-06-05,47829.0,0.023914499999999998
2013-06-06,47139.0,0.0235695
2013-06-07,44683.0,0.0223415
2013-06-08,23740.0,0.01187
2013-06-09,23953.0,0.0119765
2013-06-10,29017.0,0.0145085
2013-06-11,35228.0,0.017614
2013-06-12,39708.0,0.019854
2013-06-13,28842.0,0.014421
2013-06-14,43091.0,0.0215455
2013-06-15,38729.0,0.0193645
2013-06-16,46175.0,0.0230875
2013-06-17,35585.0,0.0177925
2013-06-18,28456.0,0.014228
2013-06-19,26106.0,0.013053
2013-06-20,27895.0,0.0139475
2013-06-21,30094.0,0.015047
2013-06-22,35667.0,0.0178335
2013-06-23,34889.0,0.017444499999999998
2013-06-24,35019.0,0.0175095
2013-06-25,40179.0,0.0200895
2013-06-26,46101.0,0.0230505
2013-06-27,40755.0,0.0203775
2013-06-28,28023.0,0.0140115
2013-06-29,27106.0,0.013552999999999999
2013-06-30,44271.0,0.0221355
2013-07-01,45306.0,0.022653
2013-07-02,37935.0,0.018967499999999998
2013-07-03,19910.0,0.009955
2013-07-04,36730.0,0.018365
2013-07-05,45611.0,0.0228055
2013-07-06,49965.0,0.0249825
2013-07-07,48188.0,0.024094
2013-07-08,47331.0,0.0236655
2013-07-09,44694.0,0.022347
2013-07-10,42815.0,0.0214075
2013-07-11,46094.0,0.023047
2013-07-12,48586.0,0.024293
2013-07-13,45984.0,0.022992
2013-07-14,44093.0,0.0220465
2013-07-15,46859.0,0.0234295
2013-07-16,42676.0,0.021338
2013-07-17,38434.0,0.019217
2013-07-18,36707.0,0.018353500000000002
2013-07-19,40310.0,0.020155
2013-07-20,44492.0,0.022246
2013-07-21,45080.0,0.02254
2013-07-22,43261.0,0.0216305
2013-07-23,37425.0,0.0187125
2013-07-24,39499.0,0.0197495
2013-07-25,42224.0,0.021112
2013-07-26,40305.0,0.0201525
2013-07-27,37716.0,0.018858
2013-07-28,31628.0,0.015814
2013-07-29,35121.0,0.0175605
2013-07-30,38639.0,0.0193195
2013-07-31,44589.0,0.0222945
2013-08-01,47695.0,0.0238475
2013-08-02,43324.0,0.021662
2013-08-03,38271.0,0.0191355
2013-08-04,44166.0,0.022083
2013-08-05,39763.0,0.0198815
2013-08-06,32546.0,0.016273
2013-08-07,20131.0,0.0100655
2013-08-08,30531.0,0.0152655
2013-08-09,38720.0,0.01936
2013-08-10,42886.0,0.021443
2013-08-11,43501.0,0.0217505
2013-08-12,42131.0,0.0210655
2013-08-13,39407.0,0.0197035
2013-08-14,45896.0,0.022948
2013-08-15,45506.0,0.022753
2013-08-16,40063.0,0.0200315
2013-08-17,40155.0,0.020077499999999998
2013-08-18,35917.0,0.0179585
2013-08-19,31682.0,0.015841
2013-08-20,46477.0,0.0232385
2013-08-21,46038.0,0.023019
2013-08-22,41725.0,0.0208625
2013-08-23,36706.0,0.018353
2013-08-24,24226.0,0.012113
2013-08-25,26793.0,0.0133965
2013-08-26,31373.0,0.0156865
2013-08-27,30778.0,0.015389
2013-08-28,36357.0,0.0181785
2013-08-29,38717.0,0.0193585
2013-08-30,39713.0,0.0198565
2013-08-31,35511.0,0.0177555
2013-09-01,42010.0,0.021005
2013-09-02,44411.0,0.0222055
2013-09-03,45097.0,0.0225485
2013-09-04,44447.0,0.0222235
2013-09-05,42684.0,0.021342
2013-09-06,28922.0,0.014461
2013-09-07,20011.0,0.0100055
2013-09-08,24329.0,0.0121645
2013-09-09,31600.0,0.0158
2013-09-10,30577.0,0.0152885
2013-09-11,28658.0,0.014329
2013-09-12,23620.0,0.01181
2013-09-13,26963.0,0.0134815
2013-09-14,23223.0,0.0116115
2013-09-15,24282.0,0.012141
2013-09-16,21509.0,0.0107545
2013-09-17,23320.0,0.01166
2013-09-18,23332.0,0.011666
2013-09-19,27038.0,0.013519
2013-09-20,29748.0,0.014874
2013-09-21,36333.0,0.0181665
2013-09-22,36952.0,0.018476
2013-09-23,40492.0,0.020246
2013-09-24,38662.0,0.019331
2013-09-25,30327.0,0.0151635
2013-09-26,26928.0,0.013464
2013-09-27,28784.0,0.014392
2013-09-28,17460.0,0.00873
2013-09-29,17585.0,0.0087925
2013-09-30,22683.0,0.0113415
2013-10-01,23802.0,0.011901
2013-10-02,28757.0,0.0143785
2013-10-03,17777.0,0.0088885
2013-10-04,11150.0,0.005575
2013-10-05,23215.0,0.0116075
2013-10-06,23245.0,0.011622500000000001
2013-10-07,27805.0,0.0139025
2013-10-08,22278.0,0.011139
2013-10-09,20421.0,0.0102105
2013-10-10,19096.0,0.009548
2013-10-11,22871.0,0.0114355
2013-10-12,18909.0,0.0094545
2013-10-13,24562.0,0.012281
2013-10-14,18551.0,0.0092755
2013-10-15,9192.0,0.004596
2013-10-16,18034.0,0.009017
2013-10-17,26504.0,0.013252
2013-10-18,24556.0,0.012277999999999999
2013-10-19,16534.0,0.008267
2013-10-20,16395.0,0.0081975
2013-10-21,18982.0,0.009491
2013-10-22,13909.0,0.0069545
2013-10-23,19358.0,0.009679
2013-10-24,21813.0,0.0109065
2013-10-25,14227.0,0.0071135
2013-10-26,20955.0,0.010477499999999999
2013-10-27,16677.0,0.0083385
2013-10-28,17819.0,0.0089095
2013-10-29,18147.0,0.0090735
2013-10-30,25656.0,0.012827999999999999
2013-10-31,22880.0,0.01144
2013-11-01,12193.0,0.0060965
2013-11-02,12173.0,0.0060865
2013-11-03,18008.0,0.009004
2013-11-04,7126.0,0.003563
2013-11-05,7542.0,0.003771
2013-11-06,12945.0,0.0064725
2013-11-07,16063.0,0.0080315
2013-11-08,6988.0,0.003494
2013-11-09,17604.0,0.008802
2013-11-10,10198.0,0.005099
2013-11-11,18979.0,0.0094895
2013-11-12,14889.0,0.0074445
2013-11-13,14410.0,0.007205
2013-11-14,14317.0,0.0071585
2013-11-15,9250.0,0.004625
2013-11-16,12942.0,0.006471
2013-11-17,6347.0,0.0031735
2013-11-18,4930.0,0.002465
2013-11-19,6426.0,0.003213
2013-11-20,11938.0,0.005969
2013-11-21,8506.0,0.004253
2013-11-22,7842.0,0.003921
2013-11-23,6903.0,0.0034514999999999997
2013-11-24,8213.0,0.0041065
2013-11-25,15739.0,0.0078695
2013-11-26,16216.0,0.008108
2013-11-27,17415.0,0.0087075
2013-11-28,17004.0,0.008502000000000001
2013-11-29,12060.0,0.00603
2013-11-30,9422.0,0.004711
2013-12-01,16966.0,0.008483000000000001
2013-12-02,11995.0,0.0059975
2013-12-03,18635.0,0.0093175
2013-12-04,15665.0,0.0078325
2013-12-05,11761.0,0.0058805
2013-12-06,13692.0,0.006846
2013-12-07,17253.0,0.0086265
2013-12-08,19878.0,0.009939
2013-12-09,21127.0,0.0105635
2013-12-10,21079.0,0.0105395
2013-12-11,18390.0,0.009195
2013-12-12,13008.0,0.006504
2013-12-13,11575.0,0.0057875
2013-12-14,13731.0,0.0068655
2013-12-15,18241.0,0.0091205
2013-12-16,19038.0,0.009519
2013-12-17,14723.0,0.0073615
2013-12-18,11633.0,0.0058165000000000005
2013-12-19,5068.0,0.002534
2013-12-20,12162.0,0.006081
2013-12-21,9923.0,0.0049615
2013-12-22,8694.0,0.004347
2013-12-23,12963.0,0.006481499999999999
2013-12-24,3223.0,0.0016115
2013-12-25,7832.0,0.003916
2013-12-26,11726.0,0.005863
2013-12-27,13039.0,0.0065195
2013-12-28,4934.0,0.002467
2013-12-29,14023.0,0.0070115
2013-12-30,13818.0,0.006909
2013-12-31,12862.0,0.006431
2014-01-01,9552.0,0.004776
2014-01-02,9743.0,0.0048715
2014-01-03,6515.0,0.0032575
2014-01-04,5741.0,0.0028705
2014-01-05,11531.0,0.0057655
2014-01-06,11223.0,0.0056115
2014-01-07,10714.0,0.005357
2014-01-08,11962.0,0.005981
2014-01-09,9154.0,0.004577
2014-01-10,15381.0,0.0076905
2014-01-11,7125.0,0.0035625
2014-01-12,13702.0,0.006851
2014-01-13,6802.0,0.003401
2014-01-14,12933.0,0.0064665
2014-01-15,9254.0,0.004627
2014-01-16,7294.0,0.003647
2014-01-17,18845.0,0.0094225
2014-01-18,8519.0,0.0042595
2014-01-19,7634.0,0.003817
2014-01-20,10068.0,0.005034
2014-01-21,16537.0,0.0082685
2014-01-22,11768.0,0.0058839999999999995
2014-01-23,12087.0,0.0060435
2014-01-24,9215.0,0.0046075
2014-01-25,12763.0,0.0063815
2014-01-26,11033.0,0.0055165
2014-01-27,15644.0,0.007822
2014-01-28,13452.0,0.006726
2014-01-29,9752.0,0.004876
2014-01-30,9246.0,0.004623
2014-01-31,15950.0,0.007975
2014-02-01,8433.0,0.0042165
2014-02-02,17466.0,0.008733
2014-02-03,19624.0,0.009812
2014-02-04,21574.0,0.010787
2014-02-05,10598.0,0.005299
2014-02-06,19392.0,0.009696
2014-02-07,17482.0,0.008741
2014-02-08,8613.0,0.0043064999999999996
2014-02-09,18613.0,0.0093065
2014-02-10,9101.0,0.0045505
2014-02-11,17429.0,0.0087145
2014-02-12,26424.0,0.013212
2014-02-13,13566.0,0.006783
2014-02-14,13572.0,0.006786
2014-02-15,10001.0,0.0050005
2014-02-16,16188.0,0.008094
2014-02-17,33222.0,0.016611
2014-02-18,14446.0,0.007223
2014-02-19,17541.0,0.0087705
2014-02-20,19667.0,0.0098335
2014-02-21,19323.0,0.0096615
2014-02-22,25488.0,0.012744
2014-02-23,34637.0,0.0173185
2014-02-24,35400.0,0.0177
2014-02-25,14296.0,0.007148
2014-02-26,19110.0,0.009555
2014-02-27,16876.0,0.008438
2014-02-28,14193.0,0.0070965
2014-03-01,23844.0,0.011922
2014-03-02,31610.0,0.015805
2014-03-03,17453.0,0.0087265
2014-03-04,24926.0,0.012463
2014-03-05,37093.0,0.0185465
2014-03-06,41682.0,0.020841
2014-03-07,40605.0,0.0203025
2014-03-08,43582.0,0.021791
2014-03-09,44344.0,0.022172
2014-03-10,41826.0,0.020913
2014-03-11,35436.0,0.017718
2014-03-12,40298.0,0.020149
2014-03-13,41695.0,0.0208475
2014-03-14,41026.0,0.020513
2014-03-15,24841.0,0.0124205
2014-03-16,39393.0,0.0196965
2014-03-17,40387.0,0.0201935
2014-03-18,24407.0,0.0122035
2014-03-19,41217.0,0.0206085
2014-03-20,42008.0,0.021004000000000002
2014-03-21,23020.0,0.01151
2014-03-22,15386.0,0.007693
2014-03-23,32682.0,0.016341
2014-03-24,31851.0,0.015925500000000002
2014-03-25,24457.0,0.0122285
2014-03-26,29744.0,0.014872
2014-03-27,36401.0,0.0182005
2014-03-28,41786.0,0.020893
2014-03-29,35811.0,0.0179055
2014-03-30,23627.0,0.0118135
2014-03-31,37083.0,0.0185415
2014-04-01,38720.0,0.01936
2014-04-02,30709.0,0.0153545
2014-04-03,11652.0,0.0058260000000000004
2014-04-04,22432.0,0.011216
2014-04-05,35063.0,0.0175315
2014-04-06,38340.0,0.01917
2014-04-07,41553.0,0.0207765
2014-04-08,32243.0,0.0161215
2014-04-09,52569.0,0.0262845
2014-04-10,52503.0,0.0262515
2014-04-11,41396.0,0.020698
2014-04-12,44150.0,0.022075
2014-04-13,44056.0,0.022028
2014-04-14,51539.0,0.0257695
2014-04-15,54843.0,0.0274215
2014-04-16,54634.0,0.027317
2014-04-17,54645.0,0.0273225
2014-04-18,35910.0,0.017955
2014-04-19,42882.0,0.021441
2014-04-20,22716.0,0.011358
2014-04-21,28901.0,0.0144505
2014-04-22,30660.0,0.01533
2014-04-23,44025.0,0.0220125
2014-04-24,37801.0,0.0189005
2014-04-25,29579.0,0.0147895
2014-04-26,33833.0,0.0169165
2014-04-27,36358.0,0.018179
2014-04-28,34742.0,0.017371
2014-04-29,32711.0,0.0163555
2014-04-30,37551.0,0.0187755
2014-05-01,32889.0,0.0164445
2014-05-02,28340.0,0.01417
2014-05-03,42585.0,0.0212925
2014-05-04,58899.0,0.0294495
2014-05-05,57696.0,0.028848
2014-05-06,30933.0,0.0154665
2014-05-07,36419.0,0.0182095
2014-05-08,41173.0,0.0205865
2014-05-09,40475.0,0.0202375
2014-05-10,34836.0,0.017418
2014-05-11,39726.0,0.019863
2014-05-12,38584.0,0.019292
2014-05-13,46434.0,0.023217
2014-05-14,51078.0,0.025539
2014-05-15,58492.0,0.029245999999999998
2014-05-16,60882.0,0.030441
2014-05-17,59888.0,0.029944000000000002
2014-05-18,57845.0,0.0289225
2014-05-19,42662.0,0.021331
2014-05-20,35906.0,0.017953
2014-05-21,28949.0,0.0144745
2014-05-22,35706.0,0.017853
2014-05-23,40381.0,0.0201905
2014-05-24,48602.0,0.024301
2014-05-25,38567.0,0.0192835
2014-05-26,30485.0,0.0152425
2014-05-27,39422.0,0.019711
2014-05-28,43618.0,0.021809
2014-05-29,41718.0,0.020859
2014-05-30,44187.0,0.0220935
2014-05-31,49236.0,0.024618
2014-06-01,50073.0,0.0250365
2014-06-02,45807.0,0.0229035
2014-06-03,42752.0,0.021376
2014-06-04,31206.0,0.015603
2014-06-05,60068.0,0.030034
2014-06-06,54415.0,0.0272075
2014-06-07,54105.0,0.0270525
2014-06-08,57010.0,0.028505
2014-06-09,49283.0,0.0246415
2014-06-10,47396.0,0.023698
2014-06-11,53872.0,0.026935999999999998
2014-06-12,55764.0,0.027882
2014-06-13,55423.0,0.0277115
2014-06-14,52010.0,0.026005
2014-06-15,44490.0,0.022245
2014-06-16,51860.0,0.02593
2014-06-17,46829.0,0.0234145
2014-06-18,46025.0,0.023012499999999998
2014-06-19,58571.0,0.0292855
2014-06-20,58916.0,0.029458
2014-06-21,59086.0,0.029543
2014-06-22,53268.0,0.026633999999999998
2014-06-23,43045.0,0.0215225
2014-06-24,51238.0,0.025619
2014-06-25,49515.0,0.024757499999999998
2014-06-26,48085.0,0.0240425
2014-06-27,52170.0,0.026085
2014-06-28,37495.0,0.0187475
2014-06-29,39995.0,0.0199975
2014-06-30,49693.0,0.0248465
2014-07-01,45097.0,0.0225485
2014-07-02,48884.0,0.024442
2014-07-03,52290.0,0.026145
2014-07-04,31851.0,0.0159255
2014-07-05,40126.0,0.020063
2014-07-06,37443.0,0.0187215
2014-07-07,32813.0,0.0164065
2014-07-08,41991.0,0.0209955
2014-07-09,40548.0,0.020274
2014-07-10,33901.0,0.0169505
2014-07-11,39174.0,0.019587
2014-07-12,37626.0,0.018813
2014-07-13,33240.0,0.01662
2014-07-14,50957.0,0.0254785
2014-07-15,56039.0,0.0280195
2014-07-16,59178.0,0.029589
2014-07-17,59620.0,0.02981
2014-07-18,51395.0,0.025697499999999998
2014-07-19,40129.0,0.0200645
2014-07-20,29679.0,0.0148395
2014-07-21,41245.0,0.0206225
2014-07-22,43128.0,0.021564
2014-07-23,49932.0,0.024966
2014-07-24,50319.0,0.0251595
2014-07-25,37563.0,0.0187815
2014-07-26,49855.0,0.024927500000000002
2014-07-27,52375.0,0.0261875
2014-07-28,31514.0,0.015757
2014-07-29,34130.0,0.017065
2014-07-30,44189.0,0.0220945
2014-07-31,55290.0,0.027645
2014-08-01,48392.0,0.024196
2014-08-02,38748.0,0.019374
2014-08-03,46240.0,0.023119999999999998
2014-08-04,42904.0,0.021452
2014-08-05,54939.0,0.0274695
2014-08-06,46204.0,0.023102
2014-08-07,43308.0,0.021654
2014-08-08,41628.0,0.020814
2014-08-09,40553.0,0.0202765
2014-08-10,41664.0,0.020832
2014-08-11,43112.0,0.021556
2014-08-12,43142.0,0.021571
2014-08-13,41136.0,0.020568
2014-08-14,44391.0,0.0221955
2014-08-15,45492.0,0.022746
2014-08-16,51798.0,0.025899
2014-08-17,51450.0,0.025725
2014-08-18,45676.0,0.022838
2014-08-19,44499.0,0.0222495
2014-08-20,42542.0,0.021270999999999998
2014-08-21,51833.0,0.0259165
2014-08-22,37289.0,0.0186445
2014-08-23,42296.0,0.021148
2014-08-24,48932.0,0.024466
2014-08-25,40076.0,0.020038
2014-08-26,27903.0,0.0139515
2014-08-27,42475.0,0.0212375
2014-08-28,46162.0,0.023081
2014-08-29,35410.0,0.017705
2014-08-30,41559.0,0.0207795
2014-08-31,48150.0,0.024075
2014-09-01,53963.0,0.0269815
2014-09-02,53779.0,0.0268895
2014-09-03,54026.0,0.027013
2014-09-04,45853.0,0.0229265
2014-09-05,43992.0,0.021995999999999998
2014-09-06,46313.0,0.0231565
2014-09-07,48875.0,0.0244375
2014-09-08,37197.0,0.0185985
2014-09-09,42366.0,0.021183
2014-09-10,50006.0,0.025003
2014-09-11,52677.0,0.0263385
2014-09-12,52612.0,0.026306
2014-09-13,48804.0,0.024402
2014-09-14,41156.0,0.020578
2014-09-15,38319.0,0.0191595
2014-09-16,41630.0,0.020815
2014-09-17,35450.0,0.017725
2014-09-18,32632.0,0.016316
2014-09-19,33387.0,0.0166935
2014-09-20,39963.0,0.0199815
2014-09-21,32036.0,0.016018
2014-09-22,41869.0,0.0209345
2014-09-23,40093.0,0.0200465
2014-09-24,27353.0,0.0136765
2014-09-25,41709.0,0.0208545
2014-09-26,49255.0,0.0246275
2014-09-27,49034.0,0.024517
2014-09-28,37418.0,0.018709
2014-09-29,23002.0,0.011501
2014-09-30,22600.0,0.0113
2014-10-01,39675.0,0.0198375
2014-10-02,43652.0,0.021826
2014-10-03,44011.0,0.0220055
2014-10-04,37051.0,0.0185255
2014-10-05,30622.0,0.015311
2014-10-06,25049.0,0.0125245
2014-10-07,21473.0,0.0107365
2014-10-08,26071.0,0.0130355
2014-10-09,23305.0,0.0116525
2014-10-10,18174.0,0.009087
2014-10-11,30692.0,0.015346
2014-10-12,23748.0,0.011874
2014-10-13,28062.0,0.014031
2014-10-14,29654.0,0.014827
2014-10-15,22352.0,0.011176
2014-10-16,20624.0,0.010312
2014-10-17,34163.0,0.0170815
2014-10-18,38510.0,0.019255
2014-10-19,36464.0,0.018231999999999998
2014-10-20,27802.0,0.013901
2014-10-21,23292.0,0.011646
2014-10-22,34324.0,0.017162
2014-10-23,31106.0,0.015552999999999999
2014-10-24,32833.0,0.0164165
2014-10-25,26201.0,0.0131005
2014-10-26,32208.0,0.016104
2014-10-27,30078.0,0.015039
2014-10-28,29050.0,0.014525
2014-10-29,31267.0,0.015633499999999998
2014-10-30,32544.0,0.016272
2014-10-31,34042.0,0.017020999999999998
2014-11-01,31221.0,0.0156105
2014-11-02,20786.0,0.010393
2014-11-03,12810.0,0.006405
2014-11-04,10141.0,0.0050705
2014-11-05,16792.0,0.008396
2014-11-06,27145.0,0.0135725
2014-11-07,20954.0,0.010477
2014-11-08,25532.0,0.012766
2014-11-09,10385.0,0.0051925
2014-11-10,23086.0,0.011543000000000001
2014-11-11,14456.0,0.007228
2014-11-12,17969.0,0.0089845
2014-11-13,24008.0,0.012004
2014-11-14,8125.0,0.0040625
2014-11-15,13883.0,0.0069415
2014-11-16,13818.0,0.006909
2014-11-17,11405.0,0.0057025
2014-11-18,18135.0,0.0090675
2014-11-19,24331.0,0.0121655
2014-11-20,20538.0,0.010269
2014-11-21,21852.0,0.010926
2014-11-22,15518.0,0.007759
2014-11-23,13113.0,0.0065565
2014-11-24,8519.0,0.0042595
2014-11-25,5447.0,0.0027235
2014-11-26,6574.0,0.003287
2014-11-27,11858.0,0.005929
2014-11-28,13441.0,0.0067205
2014-11-29,7489.0,0.0037445
2014-11-30,7816.0,0.003908
2014-12-01,4821.0,0.0024105
2014-12-02,6783.0,0.0033915
2014-12-03,7193.0,0.0035965
2014-12-04,7200.0,0.0036
2014-12-05,7670.0,0.003835
2014-12-06,9584.0,0.004792
2014-12-07,15470.0,0.0077350000000000006
2014-12-08,9951.0,0.0049755
2014-12-09,19449.0,0.0097245
2014-12-10,8932.0,0.004466
2014-12-11,12558.0,0.006279
2014-12-12,11818.0,0.005909
2014-12-13,6660.0,0.00333
2014-12-14,7655.0,0.0038275
2014-12-15,10670.0,0.0053349999999999995
2014-12-16,9717.0,0.0048585
2014-12-17,3847.0,0.0019235
2014-12-18,7696.0,0.003848
2014-12-19,10674.0,0.005337
2014-12-20,11383.0,0.0056915
2014-12-21,18859.0,0.0094295
2014-12-22,20365.0,0.0101825
2014-12-23,16686.0,0.008343
2014-12-24,12282.0,0.006141
2014-12-25,13071.0,0.0065355
2014-12-26,14251.0,0.0071255
2014-12-27,3890.0,0.0019450000000000001
2014-12-28,14762.0,0.007381
2014-12-29,22861.0,0.0114305
2014-12-30,19266.0,0.009633
2014-12-31,21531.0,0.0107655
2015-01-01,22741.0,0.0113705
2015-01-02,16595.0,0.008297500000000001
2015-01-03,11721.0,0.0058605
2015-01-04,13852.0,0.006926
2015-01-05,19573.0,0.0097865
2015-01-06,15519.0,0.0077595
2015-01-07,18262.0,0.009131
2015-01-08,16591.0,0.0082955
2015-01-09,13266.0,0.006633
2015-01-10,12529.0,0.0062645
2015-01-11,23391.0,0.0116955
2015-01-12,25652.0,0.012826
2015-01-13,17663.0,0.0088315
2015-01-14,18390.0,0.009195
2015-01-15,11438.0,0.005719
2015-01-16,6537.0,0.0032685
2015-01-17,19734.0,0.009867
2015-01-18,18418.0,0.009209
2015-01-19,8492.0,0.004246
2015-01-20,12488.0,0.006244
2015-01-21,13429.0,0.0067145
2015-01-22,16294.0,0.008147
2015-01-23,17894.0,0.008947
2015-01-24,15396.0,0.007698
2015-01-25,24780.0,0.01239
2015-01-26,8729.0,0.0043645
2015-01-27,13084.0,0.006542
2015-01-28,15393.0,0.0076965
2015-01-29,6042.0,0.0030210000000000002
2015-01-30,16126.0,0.008063
2015-01-31,17550.0,0.008775
2015-02-01,18791.0,0.0093955
2015-02-02,21057.0,0.0105285
2015-02-03,12191.0,0.0060955
2015-02-04,13244.0,0.006622
2015-02-05,17702.0,0.008851
2015-02-06,13682.0,0.006841
2015-02-07,29571.0,0.0147855
2015-02-08,26879.0,0.0134395
2015-02-09,36471.0,0.0182355
2015-02-10,33975.0,0.0169875
2015-02-11,38334.0,0.019167
2015-02-12,29835.0,0.0149175
2015-02-13,24962.0,0.012481
2015-02-14,14881.0,0.0074405
2015-02-15,16258.0,0.008129
2015-02-16,26641.0,0.013320499999999999
2015-02-17,19731.0,0.0098655
2015-02-18,29513.0,0.0147565
2015-02-19,38687.0,0.0193435
2015-02-20,28970.0,0.014485
2015-02-21,18385.0,0.009192500000000001
2015-02-22,36803.0,0.0184015
2015-02-23,20995.0,0.0104975
2015-02-24,32297.0,0.0161485
2015-02-25,23334.0,0.011667
2015-02-26,18273.0,0.0091365
2015-02-27,30054.0,0.015027
2015-02-28,31092.0,0.015546
2015-03-01,14551.0,0.0072755
2015-03-02,24774.0,0.012387
2015-03-03,30634.0,0.015317
2015-03-04,31712.0,0.015856
2015-03-05,51949.0,0.0259745
2015-03-06,54036.0,0.027018
2015-03-07,46780.0,0.02339
2015-03-08,48782.0,0.024391
2015-03-09,37362.0,0.018681
2015-03-10,37963.0,0.0189815
2015-03-11,42785.0,0.021392500000000002
2015-03-12,46587.0,0.0232935
2015-03-13,30245.0,0.0151225
2015-03-14,28121.0,0.0140605
2015-03-15,23369.0,0.0116845
2015-03-16,31286.0,0.015643
2015-03-17,43006.0,0.021503
2015-03-18,38539.0,0.0192695
2015-03-19,39257.0,0.0196285
2015-03-20,21794.0,0.010897
2015-03-21,15591.0,0.0077955
2015-03-22,23416.0,0.011708
2015-03-23,41808.0,0.020904
2015-03-24,20681.0,0.0103405
2015-03-25,29180.0,0.01459
2015-03-26,36553.0,0.0182765
2015-03-27,44797.0,0.0223985
2015-03-28,28621.0,0.0143105
2015-03-29,23184.0,0.011592
2015-03-30,28655.0,0.0143275
2015-03-31,37358.0,0.018679
2015-04-01,49560.0,0.02478
2015-04-02,40880.0,0.02044
2015-04-03,36629.0,0.0183145
2015-04-04,29288.0,0.014644
2015-04-05,61994.0,0.030997
2015-04-06,64984.0,0.032492
2015-04-07,67087.0,0.033543500000000004
2015-04-08,67773.0,0.0338865
2015-04-09,64875.0,0.0324375
2015-04-10,53652.0,0.026826
2015-04-11,41589.0,0.0207945
2015-04-12,65093.0,0.0325465
2015-04-13,65978.0,0.032989
2015-04-14,66809.0,0.033404500000000004
2015-04-15,59904.0,0.029952
2015-04-16,32861.0,0.0164305
2015-04-17,28741.0,0.0143705
2015-04-18,51246.0,0.025623
2015-04-19,40489.0,0.0202445
2015-04-20,55096.0,0.027548
2015-04-21,70376.0,0.035188
2015-04-22,55933.0,0.027966500000000002
2015-04-23,52207.0,0.0261035
2015-04-24,57045.0,0.0285225
2015-04-25,36468.0,0.018234
2015-04-26,30966.0,0.015483
2015-04-27,27692.0,0.013846
2015-04-28,56001.0,0.0280005
2015-04-29,56978.0,0.028489
2015-04-30,48479.0,0.0242395
2015-05-01,18807.0,0.0094035
2015-05-02,36969.0,0.0184845
2015-05-03,35618.0,0.017809
2015-05-04,34798.0,0.017399
2015-05-05,42981.0,0.0214905
2015-05-06,58766.0,0.029383
2015-05-07,63501.0,0.0317505
2015-05-08,42840.0,0.02142
2015-05-09,54777.0,0.0273885
2015-05-10,69288.0,0.034644
2015-05-11,64922.0,0.032461
2015-05-12,61389.0,0.0306945
2015-05-13,56687.0,0.0283435
2015-05-14,42262.0,0.021131
2015-05-15,44830.0,0.022415
2015-05-16,47640.0,0.02382
2015-05-17,65333.0,0.0326665
2015-05-18,66909.0,0.0334545
2015-05-19,41113.0,0.0205565
2015-05-20,57676.0,0.028838
2015-05-21,63817.0,0.0319085
2015-05-22,66728.0,0.033364
2015-05-23,51179.0,0.0255895
2015-05-24,54791.0,0.0273955
2015-05-25,47617.0,0.0238085
2015-05-26,52284.0,0.026142
2015-05-27,71800.0,0.0359
2015-05-28,69051.0,0.0345255
2015-05-29,59795.0,0.0298975
2015-05-30,56749.0,0.0283745
2015-05-31,56216.0,0.028108
2015-06-01,50897.0,0.0254485
2015-06-02,63629.0,0.0318145
2015-06-03,66144.0,0.033072
2015-06-04,72114.0,0.036057
2015-06-05,69047.0,0.0345235
2015-06-06,67193.0,0.0335965
2015-06-07,66920.0,0.033460000000000004
2015-06-08,67246.0,0.033623
2015-06-09,59289.0,0.0296445
2015-06-10,41029.0,0.0205145
2015-06-11,55657.0,0.0278285
2015-06-12,37608.0,0.018804
2015-06-13,53557.0,0.0267785
2015-06-14,44849.0,0.0224245
2015-06-15,46413.0,0.0232065
2015-06-16,44143.0,0.0220715
2015-06-17,73390.0,0.036695
2015-06-18,56095.0,0.0280475
2015-06-19,63326.0,0.031663
2015-06-20,69263.0,0.0346315
2015-06-21,66681.0,0.0333405
2015-06-22,63404.0,0.031702
2015-06-23,65879.0,0.0329395
2015-06-24,76763.0,0.0383815
2015-06-25,74121.0,0.0370605
2015-06-26,71513.0,0.0357565
2015-06-27,63561.0,0.0317805
2015-06-28,75338.0,0.037669
2015-06-29,72792.0,0.036396
2015-06-30,72747.0,0.0363735
2015-07-01,68728.0,0.034364
2015-07-02,58142.0,0.029071
2015-07-03,65696.0,0.032848
2015-07-04,66783.0,0.0333915
2015-07-05,62160.0,0.03108
2015-07-06,71032.0,0.035516
2015-07-07,60350.0,0.030175
2015-07-08,55072.0,0.027536
2015-07-09,70601.0,0.0353005
2015-07-10,74661.0,0.0373305
2015-07-11,63160.0,0.03158
2015-07-12,64151.0,0.0320755
2015-07-13,63383.0,0.0316915
2015-07-14,64907.0,0.0324535
2015-07-15,67317.0,0.0336585
2015-07-16,64111.0,0.0320555
2015-07-17,61778.0,0.030889
2015-07-18,55173.0,0.0275865
2015-07-19,52169.0,0.0260845
2015-07-20,56231.0,0.0281155
2015-07-21,60390.0,0.030195
2015-07-22,46491.0,0.0232455
2015-07-23,64758.0,0.032379
2015-07-24,53309.0,0.0266545
2015-07-25,57472.0,0.028736
2015-07-26,51117.0,0.0255585
2015-07-27,50979.0,0.0254895
2015-07-28,53837.0,0.0269185
2015-07-29,45789.0,0.0228945
2015-07-30,51708.0,0.025854000000000002
2015-07-31,50355.0,0.0251775
2015-08-01,52249.0,0.0261245
2015-08-02,72962.0,0.036481
2015-08-03,66864.0,0.033431999999999996
2015-08-04,46226.0,0.023113
2015-08-05,67690.0,0.033845
2015-08-06,64703.0,0.0323515
2015-08-07,57858.0,0.028929
2015-08-08,30649.0,0.0153245
2015-08-09,39309.0,0.019654500000000002
2015-08-10,54678.0,0.027339
2015-08-11,59136.0,0.029568
2015-08-12,61869.0,0.0309345
2015-08-13,36592.0,0.018296
2015-08-14,34633.0,0.0173165
2015-08-15,45848.0,0.022924
2015-08-16,57507.0,0.0287535
2015-08-17,54690.0,0.027345
2015-08-18,54299.0,0.0271495
2015-08-19,62502.0,0.031251
2015-08-20,62274.0,0.031136999999999998
2015-08-21,67716.0,0.033858
2015-08-22,56248.0,0.028124
2015-08-23,32642.0,0.016321
2015-08-24,39038.0,0.019518999999999998
2015-08-25,59409.0,0.029704500000000002
2015-08-26,61410.0,0.030705
2015-08-27,46305.0,0.0231525
2015-08-28,54201.0,0.0271005
2015-08-29,62140.0,0.03107
2015-08-30,61371.0,0.0306855
2015-08-31,43156.0,0.021578
2015-09-01,42909.0,0.0214545
2015-09-02,52535.0,0.0262675
2015-09-03,43787.0,0.0218935
2015-09-04,45453.0,0.0227265
2015-09-05,47646.0,0.023823
2015-09-06,57721.0,0.0288605
2015-09-07,64009.0,0.0320045
2015-09-08,59583.0,0.029791500000000002
2015-09-09,62037.0,0.0310185
2015-09-10,52153.0,0.0260765
2015-09-11,51078.0,0.025539
2015-09-12,26347.0,0.0131735
2015-09-13,26014.0,0.013007
2015-09-14,41536.0,0.020768
2015-09-15,28471.0,0.0142355
2015-09-16,30317.0,0.0151585
2015-09-17,33776.0,0.016888
2015-09-18,47588.0,0.023794
2015-09-19,43797.0,0.021898499999999998
2015-09-20,57285.0,0.0286425
2015-09-21,56415.0,0.0282075
2015-09-22,30769.0,0.0153845
2015-09-23,46211.0,0.0231055
2015-09-24,49512.0,0.024756
2015-09-25,47389.0,0.0236945
2015-09-26,53105.0,0.0265525
2015-09-27,53989.0,0.0269945
2015-09-28,54714.0,0.027357
2015-09-29,49159.0,0.0245795
2015-09-30,50974.0,0.025487
2015-10-01,53419.0,0.0267095
2015-10-02,37772.0,0.018886
2015-10-03,27092.0,0.013546
2015-10-04,27900.0,0.01395
2015-10-05,24006.0,0.012003
2015-10-06,29013.0,0.0145065
2015-10-07,36606.0,0.018303
2015-10-08,38389.0,0.0191945
2015-10-09,48400.0,0.0242
2015-10-10,45900.0,0.022949999999999998
2015-10-11,42411.0,0.0212055
2015-10-12,22796.0,0.011398
2015-10-13,24670.0,0.012335
2015-10-14,38847.0,0.0194235
2015-10-15,31128.0,0.015564
2015-10-16,38321.0,0.0191605
2015-10-17,35514.0,0.017757
2015-10-18,17112.0,0.008556
2015-10-19,35690.0,0.017845
2015-10-20,33291.0,0.0166455
2015-10-21,30312.0,0.015156
2015-10-22,18236.0,0.009118
2015-10-23,32161.0,0.0160805
2015-10-24,23880.0,0.01194
2015-10-25,29779.0,0.0148895
2015-10-26,32597.0,0.0162985
2015-10-27,16433.0,0.0082165
2015-10-28,19796.0,0.009898
2015-10-29,32076.0,0.016038
2015-10-30,40060.0,0.02003
2015-10-31,43273.0,0.0216365
2015-11-01,43128.0,0.021564
2015-11-02,31477.0,0.0157385
2015-11-03,16446.0,0.008223
2015-11-04,24373.0,0.0121865
2015-11-05,29635.0,0.0148175
2015-11-06,29509.0,0.0147545
2015-11-07,36796.0,0.018398
2015-11-08,34879.0,0.0174395
2015-11-09,28508.0,0.014254
2015-11-10,29146.0,0.014573
2015-11-11,28392.0,0.014196
2015-11-12,25941.0,0.0129705
2015-11-13,16597.0,0.0082985
2015-11-14,28761.0,0.0143805
2015-11-15,32368.0,0.016184
2015-11-16,21651.0,0.0108255
2015-11-17,20007.0,0.0100035
2015-11-18,24263.0,0.0121315
2015-11-19,17361.0,0.0086805
2015-11-20,11512.0,0.005756
2015-11-21,19130.0,0.009565
2015-11-22,27839.0,0.0139195
2015-11-23,24471.0,0.0122355
2015-11-24,20013.0,0.0100065
2015-11-25,10698.0,0.0053490000000000005
2015-11-26,17470.0,0.008735
2015-11-27,23217.0,0.0116085
2015-11-28,25799.0,0.0128995
2015-11-29,16246.0,0.008123
2015-11-30,23115.0,0.0115575
2015-12-01,22563.0,0.0112815
2015-12-02,24908.0,0.012454
2015-12-03,20971.0,0.0104855
2015-12-04,16627.0,0.0083135
2015-12-05,18344.0,0.009172
2015-12-06,18881.0,0.009440500000000001
2015-12-07,24398.0,0.012199
2015-12-08,15270.0,0.007635
2015-12-09,26222.0,0.013111
2015-12-10,25290.0,0.012645
2015-12-11,19912.0,0.009956
2015-12-12,24706.0,0.012353
2015-12-13,19636.0,0.009818
2015-12-14,19721.0,0.0098605
2015-12-15,11705.0,0.0058525
2015-12-16,14852.0,0.0074259999999999994
2015-12-17,17188.0,0.008594
2015-12-18,15404.0,0.007702
2015-12-19,20155.0,0.0100775
2015-12-20,12302.0,0.006151
2015-12-21,18621.0,0.0093105
2015-12-22,20451.0,0.0102255
2015-12-23,15931.0,0.0079655
2015-12-24,16377.0,0.0081885
2015-12-25,22796.0,0.011398
2015-12-26,25187.0,0.0125935
2015-12-27,21041.0,0.0105205
2015-12-28,16543.0,0.0082715
2015-12-29,15722.0,0.007861
2015-12-30,24219.0,0.0121095
2015-12-31,11739.0,0.0058695
2016-01-01,15248.0,0.007624
2016-01-02,11203.0,0.0056015
2016-01-03,7947.0,0.0039735
2016-01-04,11005.0,0.0055025
2016-01-05,12455.0,0.0062275
2016-01-06,13195.0,0.0065975
2016-01-07,10073.0,0.0050365
2016-01-08,12431.0,0.0062155
2016-01-09,12614.0,0.006307
2016-01-10,10771.0,0.0053855
2016-01-11,14711.0,0.0073555
2016-01-12,18248.0,0.009124
2016-01-13,23657.0,0.0118285
2016-01-14,12369.0,0.0061845
2016-01-15,24456.0,0.012228
2016-01-16,26094.0,0.013047
2016-01-17,26304.0,0.013152
2016-01-18,7924.0,0.003962
2016-01-19,13373.0,0.0066865
2016-01-20,21069.0,0.0105345
2016-01-21,29289.0,0.0146445
2016-01-22,14358.0,0.0071790000000000005
2016-01-23,21813.0,0.0109065
2016-01-24,31570.0,0.015785
2016-01-25,28981.0,0.0144905
2016-01-26,22432.0,0.011216
2016-01-27,17421.0,0.0087105
2016-01-28,15183.0,0.0075915
2016-01-29,22059.0,0.011029500000000001
2016-01-30,19044.0,0.009522
2016-01-31,10044.0,0.0050219999999999996
2016-02-01,18764.0,0.009382
2016-02-02,15717.0,0.0078585
2016-02-03,30598.0,0.015299
2016-02-04,26506.0,0.013253000000000001
2016-02-05,35207.0,0.0176035
2016-02-06,33913.0,0.0169565
2016-02-07,23177.0,0.0115885
2016-02-08,23707.0,0.0118535
2016-02-09,8215.0,0.0041075
2016-02-10,22616.0,0.011308
2016-02-11,23091.0,0.0115455
2016-02-12,14177.0,0.0070885
2016-02-13,22747.0,0.0113735
2016-02-14,23745.0,0.0118725
2016-02-15,29584.0,0.014792
2016-02-16,40973.0,0.0204865
2016-02-17,39918.0,0.019959
2016-02-18,22709.0,0.0113545
2016-02-19,43301.0,0.0216505
2016-02-20,33005.0,0.0165025
2016-02-21,39027.0,0.0195135
2016-02-22,15170.0,0.007585
2016-02-23,25214.0,0.012607
2016-02-24,30781.0,0.0153905
2016-02-25,30342.0,0.015171
2016-02-26,45143.0,0.0225715
2016-02-27,19976.0,0.009988
2016-02-28,27591.0,0.0137955
2016-02-29,38955.0,0.0194775
2016-03-01,36857.0,0.0184285
2016-03-02,27781.0,0.0138905
2016-03-03,32034.0,0.016017
2016-03-04,21426.0,0.010713
2016-03-05,32126.0,0.016063
2016-03-06,39398.0,0.019699
2016-03-07,33379.0,0.0166895
2016-03-08,45591.0,0.0227955
2016-03-09,30100.0,0.015050000000000001
2016-03-10,39108.0,0.019554
2016-03-11,42647.0,0.0213235
2016-03-12,55366.0,0.027683
2016-03-13,52938.0,0.026469
2016-03-14,55625.0,0.0278125
2016-03-15,57218.0,0.028609
2016-03-16,24270.0,0.012135
2016-03-17,43406.0,0.021703
2016-03-18,55995.0,0.0279975
2016-03-19,55009.0,0.0275045
2016-03-20,34819.0,0.0174095
2016-03-21,50435.0,0.0252175
2016-03-22,65235.0,0.0326175
2016-03-23,59360.0,0.02968
2016-03-24,57089.0,0.0285445
2016-03-25,27101.0,0.0135505
2016-03-26,58200.0,0.0291
2016-03-27,40080.0,0.02004
2016-03-28,42390.0,0.021195
2016-03-29,41650.0,0.020825
2016-03-30,47758.0,0.023879
2016-03-31,23256.0,0.011628
2016-04-01,37500.0,0.01875
2016-04-02,39280.0,0.01964
2016-04-03,38210.0,0.019105
2016-04-04,34253.0,0.0171265
2016-04-05,33690.0,0.016845
2016-04-06,53868.0,0.026934
2016-04-07,54618.0,0.027309
2016-04-08,51350.0,0.025675
2016-04-09,47916.0,0.023958
2016-04-10,69533.0,0.0347665
2016-04-11,55621.0,0.027810500000000002
2016-04-12,60476.0,0.030238
2016-04-13,52461.0,0.0262305
2016-04-14,54413.0,0.0272065
2016-04-15,52426.0,0.026213
2016-04-16,47818.0,0.023909
2016-04-17,41627.0,0.0208135
2016-04-18,72639.0,0.0363195
2016-04-19,78966.0,0.039483
2016-04-20,58237.0,0.0291185
2016-04-21,31869.0,0.0159345
2016-04-22,40792.0,0.020396
2016-04-23,37165.0,0.0185825
2016-04-24,59008.0,0.029504
2016-04-25,63148.0,0.031574
2016-04-26,48142.0,0.024071
2016-04-27,68033.0,0.0340165
2016-04-28,64177.0,0.0320885
2016-04-29,74633.0,0.0373165
2016-04-30,41832.0,0.020916
2016-05-01,63735.0,0.0318675
2016-05-02,76251.0,0.0381255
2016-05-03,66646.0,0.033323
2016-05-04,87767.0,0.0438835
2016-05-05,85749.0,0.042874499999999996
2016-05-06,68199.0,0.0340995
2016-05-07,65545.0,0.0327725
2016-05-08,47933.0,0.023966499999999998
2016-05-09,27406.0,0.013703
2016-05-10,55872.0,0.027936
2016-05-11,35475.0,0.0177375
2016-05-12,48491.0,0.0242455
2016-05-13,36261.0,0.0181305
2016-05-14,46531.0,0.0232655
2016-05-15,79010.0,0.039505
2016-05-16,65792.0,0.032896
2016-05-17,65649.0,0.0328245
2016-05-18,55121.0,0.0275605
2016-05-19,56774.0,0.028387
2016-05-20,65454.0,0.032727
2016-05-21,77780.0,0.03889
2016-05-22,35347.0,0.0176735
2016-05-23,62648.0,0.031324
2016-05-24,69559.0,0.0347795
2016-05-25,64302.0,0.032151
2016-05-26,58055.0,0.0290275
2016-05-27,71991.0,0.0359955
2016-05-28,59947.0,0.0299735
2016-05-29,42098.0,0.021049000000000002
2016-05-30,45928.0,0.022964000000000002
2016-05-31,41333.0,0.0206665
2016-06-01,29258.0,0.014629
2016-06-02,38695.0,0.0193475
2016-06-03,45973.0,0.0229865
2016-06-04,49076.0,0.024538
2016-06-05,60562.0,0.030281
2016-06-06,67509.0,0.0337545
2016-06-07,64367.0,0.0321835
2016-06-08,74899.0,0.037449500000000004
2016-06-09,78374.0,0.039187
2016-06-10,45806.0,0.022903
2016-06-11,55024.0,0.027512
2016-06-12,50083.0,0.0250415
2016-06-13,46006.0,0.023003
2016-06-14,56779.0,0.0283895
2016-06-15,57589.0,0.0287945
2016-06-16,50497.0,0.0252485
2016-06-17,61449.0,0.030724500000000002
2016-06-18,55818.0,0.027909
2016-06-19,60116.0,0.030057999999999998
2016-06-20,63158.0,0.031579
2016-06-21,63516.0,0.031758
2016-06-22,77708.0,0.038854
2016-06-23,79204.0,0.039602
2016-06-24,62425.0,0.0312125
2016-06-25,64788.0,0.032394
2016-06-26,71891.0,0.0359455
2016-06-27,67826.0,0.033913
2016-06-28,72334.0,0.036167
2016-06-29,57050.0,0.028525000000000002
2016-06-30,58879.0,0.0294395
2016-07-01,59640.0,0.02982
2016-07-02,55620.0,0.02781
2016-07-03,69266.0,0.034633
2016-07-04,71307.0,0.0356535
2016-07-05,61103.0,0.0305515
2016-07-06,81844.0,0.040922
2016-07-07,81605.0,0.0408025
2016-07-08,69213.0,0.0346065
2016-07-09,79432.0,0.039716
2016-07-10,79157.0,0.0395785
2016-07-11,46689.0,0.0233445
2016-07-12,46556.0,0.023278
2016-07-13,66744.0,0.033372
2016-07-14,66511.0,0.0332555
2016-07-15,85669.0,0.0428345
2016-07-16,85645.0,0.0428225
2016-07-17,84822.0,0.042411
2016-07-18,83872.0,0.041936
2016-07-19,82920.0,0.04146
2016-07-20,58779.0,0.0293895
2016-07-21,54777.0,0.0273885
2016-07-22,48441.0,0.0242205
2016-07-23,56962.0,0.028481
2016-07-24,70220.0,0.03511
2016-07-25,69510.0,0.034755
2016-07-26,72887.0,0.0364435
2016-07-27,67695.0,0.0338475
2016-07-28,61061.0,0.0305305
2016-07-29,69203.0,0.0346015
2016-07-30,61395.0,0.0306975
2016-07-31,48623.0,0.0243115
2016-08-01,71961.0,0.0359805
2016-08-02,67210.0,0.033605
2016-08-03,73863.0,0.0369315
2016-08-04,40977.0,0.0204885
2016-08-05,71630.0,0.035815
2016-08-06,79364.0,0.039682
2016-08-07,82114.0,0.041056999999999996
2016-08-08,71530.0,0.035765
2016-08-09,53130.0,0.026565
2016-08-10,74996.0,0.037498000000000004
2016-08-11,76198.0,0.038099
2016-08-12,79627.0,0.0398135
2016-08-13,80185.0,0.0400925
2016-08-14,78081.0,0.0390405
2016-08-15,74709.0,0.0373545
2016-08-16,70109.0,0.0350545
2016-08-17,50354.0,0.025176999999999998
2016-08-18,48126.0,0.024063
2016-08-19,55800.0,0.0279
2016-08-20,39186.0,0.019593
2016-08-21,68875.0,0.0344375
2016-08-22,78371.0,0.0391855
2016-08-23,77187.0,0.0385935
2016-08-24,74758.0,0.037379
2016-08-25,74601.0,0.0373005
2016-08-26,70387.0,0.0351935
2016-08-27,71280.0,0.03564
2016-08-28,54199.0,0.0270995
2016-08-29,48847.0,0.0244235
2016-08-30,64864.0,0.032432
2016-08-31,65917.0,0.0329585
2016-09-01,72030.0,0.036015
2016-09-02,70776.0,0.035388
2016-09-03,67255.0,0.0336275
2016-09-04,46795.0,0.0233975
2016-09-05,50992.0,0.025496
2016-09-06,66938.0,0.033469
2016-09-07,72416.0,0.036208
2016-09-08,55548.0,0.027774
2016-09-09,60003.0,0.0300015
2016-09-10,62264.0,0.031132
2016-09-11,59822.0,0.029911
2016-09-12,59758.0,0.029879
2016-09-13,53369.0,0.0266845
2016-09-14,29461.0,0.0147305
2016-09-15,46345.0,0.0231725
2016-09-16,32896.0,0.016448
2016-09-17,42805.0,0.0214025
2016-09-18,32858.0,0.016429
2016-09-19,41280.0,0.02064
2016-09-20,50154.0,0.025077
2016-09-21,58697.0,0.0293485
2016-09-22,59826.0,0.029913000000000002
2016-09-23,60451.0,0.0302255
2016-09-24,61129.0,0.0305645
2016-09-25,42177.0,0.0210885
2016-09-26,51981.0,0.0259905
2016-09-27,49608.0,0.024804
2016-09-28,56560.0,0.02828
2016-09-29,60562.0,0.030281
2016-09-30,42087.0,0.0210435
2016-10-01,36984.0,0.018492
2016-10-02,49654.0,0.024827
2016-10-03,68953.0,0.0344765
2016-10-04,64840.0,0.03242
2016-10-05,55976.0,0.027988
2016-10-06,49768.0,0.024884
2016-10-07,51070.0,0.025535
2016-10-08,50667.0,0.0253335
2016-10-09,57401.0,0.0287005
2016-10-10,60174.0,0.030087
2016-10-11,53668.0,0.026834
2016-10-12,37375.0,0.0186875
2016-10-13,26084.0,0.013042
2016-10-14,24391.0,0.0121955
2016-10-15,58089.0,0.0290445
2016-10-16,40702.0,0.020351
2016-10-17,32097.0,0.0160485
2016-10-18,52429.0,0.0262145
2016-10-19,41925.0,0.0209625
2016-10-20,46333.0,0.0231665
2016-10-21,52052.0,0.026026
2016-10-22,51208.0,0.025604000000000002
2016-10-23,26973.0,0.0134865
2016-10-24,27889.0,0.0139445
2016-10-25,28792.0,0.014396
2016-10-26,31754.0,0.015877
2016-10-27,47405.0,0.0237025
2016-10-28,49074.0,0.024537
2016-10-29,50981.0,0.0254905
2016-10-30,53281.0,0.0266405
2016-10-31,54607.0,0.0273035
2016-11-01,38640.0,0.01932
2016-11-02,32357.0,0.0161785
2016-11-03,38244.0,0.019122
2016-11-04,23359.0,0.0116795
2016-11-05,15251.0,0.0076255
2016-11-06,29013.0,0.0145065
2016-11-07,30777.0,0.0153885
2016-11-08,25926.0,0.012963
2016-11-09,21785.0,0.010892500000000001
2016-11-10,20609.0,0.0103045
2016-11-11,27567.0,0.0137835
2016-11-12,26918.0,0.013459
2016-11-13,19042.0,0.009521
2016-11-14,24508.0,0.012254000000000001
2016-11-15,25971.0,0.0129855
2016-11-16,20442.0,0.010221
2016-11-17,24591.0,0.0122955
2016-11-18,15644.0,0.007822
2016-11-19,28798.0,0.014399
2016-11-20,20289.0,0.0101445
2016-11-21,15259.0,0.0076295
2016-11-22,12283.0,0.0061415
2016-11-23,13431.0,0.0067155
2016-11-24,18780.0,0.00939
2016-11-25,17237.0,0.0086185
2016-11-26,22882.0,0.011441
2016-11-27,29627.0,0.0148135
2016-11-28,28511.0,0.0142555
2016-11-29,20922.0,0.010461
2016-11-30,34726.0,0.017363
2016-12-01,37014.0,0.018507
2016-12-02,31801.0,0.0159005
2016-12-03,28267.0,0.0141335
2016-12-04,26708.0,0.013354
2016-12-05,25770.0,0.012885
2016-12-06,31751.0,0.0158755
2016-12-07,30460.0,0.01523
2016-12-08,31755.0,0.0158775
2016-12-09,29090.0,0.014545
2016-12-10,28327.0,0.014163499999999999
2016-12-11,21437.0,0.0107185
2016-12-12,23701.0,0.0118505
2016-12-13,26634.0,0.013317
2016-12-14,28678.0,0.014339000000000001
2016-12-15,15954.0,0.007977
2016-12-16,20004.0,0.010002
2016-12-17,29668.0,0.014834
2016-12-18,23363.0,0.0116815
2016-12-19,8272.0,0.004136
2016-12-20,8536.0,0.004268
2016-12-21,14749.0,0.0073745
2016-12-22,15098.0,0.007549
2016-12-23,14958.0,0.007479
2016-12-24,16786.0,0.008393
2016-12-25,11318.0,0.005659
2016-12-26,14384.0,0.007192
2016-12-27,31773.0,0.0158865
2016-12-28,33921.0,0.0169605
2016-12-29,26952.0,0.013476
2016-12-30,16899.0,0.0084495
2016-12-31,19572.0,0.009786
2017-01-01,14331.0,0.0071655
2017-01-02,13452.0,0.006726
2017-01-03,23446.0,0.011723
2017-01-04,21406.0,0.010703
2017-01-05,24842.0,0.012421
2017-01-06,33145.0,0.0165725
2017-01-07,29445.0,0.014722500000000001
2017-01-08,14019.0,0.0070095
2017-01-09,18299.0,0.0091495
2017-01-10,10264.0,0.005132
2017-01-11,13401.0,0.0067005
2017-01-12,14016.0,0.007008
2017-01-13,22512.0,0.011256
2017-01-14,26760.0,0.01338
2017-01-15,16455.0,0.0082275
2017-01-16,16662.0,0.008331
2017-01-17,36360.0,0.01818
2017-01-18,30637.0,0.0153185
2017-01-19,35875.0,0.0179375
2017-01-20,34850.0,0.017425
2017-01-21,37059.0,0.0185295
2017-01-22,17294.0,0.008647
2017-01-23,29680.0,0.014839999999999999
2017-01-24,34495.0,0.0172475
2017-01-25,17344.0,0.008672
2017-01-26,31598.0,0.015799
2017-01-27,12985.0,0.0064925
2017-01-28,18527.0,0.0092635
2017-01-29,30384.0,0.015191999999999999
2017-01-30,12002.0,0.006001
2017-01-31,22535.0,0.0112675
2017-02-01,20907.0,0.0104535
2017-02-02,14528.0,0.007264
2017-02-03,17235.0,0.0086175
2017-02-04,20877.0,0.0104385
2017-02-05,12193.0,0.0060965
2017-02-06,26244.0,0.013122
2017-02-07,21982.0,0.010991
2017-02-08,22753.0,0.0113765
2017-02-09,29237.0,0.0146185
2017-02-10,31382.0,0.015691
2017-02-11,20010.0,0.010005
2017-02-12,19085.0,0.0095425
2017-02-13,20373.0,0.0101865
2017-02-14,27800.0,0.013900000000000001
2017-02-15,38444.0,0.019222
2017-02-16,39872.0,0.019936
2017-02-17,46173.0,0.0230865
2017-02-18,51473.0,0.0257365
2017-02-19,46762.0,0.023381
2017-02-20,32035.0,0.0160175
2017-02-21,31421.0,0.0157105
2017-02-22,34592.0,0.017296
2017-02-23,31367.0,0.0156835
2017-02-24,37464.0,0.018732
2017-02-25,58404.0,0.029202000000000002
2017-02-26,36911.0,0.0184555
2017-02-27,31637.0,0.0158185
2017-02-28,22197.0,0.0110985
2017-03-01,27700.0,0.01385
2017-03-02,42696.0,0.021348
2017-03-03,32161.0,0.0160805
2017-03-04,24072.0,0.012036
2017-03-05,23753.0,0.0118765
2017-03-06,25760.0,0.012879999999999999
2017-03-07,24650.0,0.012325
2017-03-08,30048.0,0.015024
2017-03-09,45123.0,0.0225615
2017-03-10,63197.0,0.0315985
2017-03-11,60584.0,0.030292
2017-03-12,24303.0,0.0121515
2017-03-13,41605.0,0.0208025
2017-03-14,57404.0,0.028702000000000002
2017-03-15,57294.0,0.028647
2017-03-16,69037.0,0.0345185
2017-03-17,52352.0,0.026176
2017-03-18,34302.0,0.017151
2017-03-19,43757.0,0.0218785
2017-03-20,34212.0,0.017106
2017-03-21,31310.0,0.015655
2017-03-22,42043.0,0.0210215
2017-03-23,34414.0,0.017207
2017-03-24,27585.0,0.0137925
2017-03-25,40767.0,0.0203835
2017-03-26,66410.0,0.033205
2017-03-27,61806.0,0.030903
2017-03-28,66631.0,0.0333155
2017-03-29,72887.0,0.0364435
2017-03-30,72980.0,0.03649
2017-03-31,48416.0,0.024208
2017-04-01,36178.0,0.018089
2017-04-02,45250.0,0.022625
2017-04-03,71480.0,0.03574
2017-04-04,60910.0,0.030455
2017-04-05,60268.0,0.030134
2017-04-06,77327.0,0.0386635
2017-04-07,82273.0,0.0411365
2017-04-08,81526.0,0.040763
2017-04-09,80564.0,0.040282
2017-04-10,73396.0,0.036698
2017-04-11,71609.0,0.0358045
2017-04-12,81724.0,0.040862
2017-04-13,77527.0,0.0387635
2017-04-14,69988.0,0.034994
2017-04-15,37040.0,0.01852
2017-04-16,61664.0,0.030832
2017-04-17,71150.0,0.035575
2017-04-18,82395.0,0.0411975
2017-04-19,85837.0,0.0429185
2017-04-20,89853.0,0.0449265
2017-04-21,87634.0,0.043817
2017-04-22,79691.0,0.0398455
2017-04-23,87072.0,0.043536
2017-04-24,79292.0,0.039646
2017-04-25,32112.0,0.016056
2017-04-26,39581.0,0.0197905
2017-04-27,55976.0,0.027988
2017-04-28,66670.0,0.033335
2017-04-29,87189.0,0.0435945
2017-04-30,44414.0,0.022207
2017-05-01,64236.0,0.032118
2017-05-02,47122.0,0.023561000000000002
2017-05-03,58282.0,0.029141
2017-05-04,61563.0,0.0307815
2017-05-05,59767.0,0.0298835
2017-05-06,46128.0,0.023064
2017-05-07,62592.0,0.031296
2017-05-08,71321.0,0.0356605
2017-05-09,88745.0,0.0443725
2017-05-10,59380.0,0.02969
2017-05-11,41721.0,0.0208605
2017-05-12,60939.0,0.0304695
2017-05-13,62327.0,0.0311635
2017-05-14,77145.0,0.0385725
2017-05-15,85130.0,0.042565
2017-05-16,83900.0,0.04195
2017-05-17,71870.0,0.035935
2017-05-18,39805.0,0.0199025
2017-05-19,68193.0,0.0340965
2017-05-20,72142.0,0.036071
2017-05-21,91827.0,0.0459135
2017-05-22,74292.0,0.037146
2017-05-23,72041.0,0.0360205
2017-05-24,87619.0,0.0438095
2017-05-25,92447.0,0.0462235
2017-05-26,88937.0,0.0444685
2017-05-27,85882.0,0.042941
2017-05-28,82569.0,0.0412845
2017-05-29,65748.0,0.032874
2017-05-30,59933.0,0.0299665
2017-05-31,61348.0,0.030674
2017-06-01,76798.0,0.038399
2017-06-02,76982.0,0.038491
2017-06-03,39588.0,0.019794
2017-06-04,66401.0,0.0332005
2017-06-05,78830.0,0.039415
2017-06-06,67679.0,0.0338395
2017-06-07,80630.0,0.040315
2017-06-08,90219.0,0.045109500000000004
2017-06-09,65979.0,0.0329895
2017-06-10,92206.0,0.046103
2017-06-11,86110.0,0.043055
2017-06-12,79031.0,0.0395155
2017-06-13,80319.0,0.0401595
2017-06-14,77842.0,0.038921
2017-06-15,71695.0,0.0358475
2017-06-16,89752.0,0.044876
2017-06-17,93280.0,0.04664
2017-06-18,92499.0,0.0462495
2017-06-19,90377.0,0.0451885
2017-06-20,83308.0,0.041654000000000004
2017-06-21,82979.0,0.0414895
2017-06-22,78896.0,0.039448
2017-06-23,57898.0,0.028949
2017-06-24,67694.0,0.033847
2017-06-25,80624.0,0.040312
2017-06-26,52235.0,0.026117500000000002
2017-06-27,55858.0,0.027929
2017-06-28,54713.0,0.0273565
2017-06-29,61959.0,0.0309795
2017-06-30,53430.0,0.026715
2017-07-01,48756.0,0.024378
2017-07-02,59978.0,0.029989
2017-07-03,75969.0,0.0379845
2017-07-04,93005.0,0.0465025
2017-07-05,90428.0,0.045214
2017-07-06,72545.0,0.0362725
2017-07-07,86996.0,0.043498
2017-07-08,63455.0,0.0317275
2017-07-09,51890.0,0.025945
2017-07-10,53572.0,0.026786
2017-07-11,62222.0,0.031111
2017-07-12,57081.0,0.0285405
2017-07-13,70689.0,0.0353445
2017-07-14,78041.0,0.0390205
2017-07-15,90083.0,0.0450415
2017-07-16,87405.0,0.0437025
2017-07-17,84063.0,0.0420315
2017-07-18,84214.0,0.042107
2017-07-19,54337.0,0.027168499999999998
2017-07-20,54611.0,0.0273055
2017-07-21,54956.0,0.027478000000000002
2017-07-22,62291.0,0.0311455
2017-07-23,63549.0,0.0317745
2017-07-24,62426.0,0.031213
2017-07-25,62368.0,0.031184
2017-07-26,60456.0,0.030228
2017-07-27,63379.0,0.0316895
2017-07-28,73023.0,0.0365115
2017-07-29,75558.0,0.037779
2017-07-30,60928.0,0.030464
2017-07-31,63217.0,0.0316085
2017-08-01,58895.0,0.0294475
2017-08-02,77798.0,0.038899
2017-08-03,72413.0,0.0362065
2017-08-04,71450.0,0.035725
2017-08-05,62597.0,0.0312985
2017-08-06,81691.0,0.0408455
2017-08-07,75903.0,0.0379515
2017-08-08,48766.0,0.024383
2017-08-09,61172.0,0.030586
2017-08-10,58076.0,0.029038
2017-08-11,62879.0,0.0314395
2017-08-12,70710.0,0.035355
2017-08-13,73817.0,0.0369085
2017-08-14,83355.0,0.0416775
2017-08-15,50543.0,0.0252715
2017-08-16,58775.0,0.0293875
2017-08-17,71134.0,0.035567
2017-08-18,51764.0,0.025882
2017-08-19,77245.0,0.0386225
2017-08-20,84717.0,0.0423585
2017-08-21,80656.0,0.040328
2017-08-22,79496.0,0.039748
2017-08-23,67308.0,0.033654
2017-08-24,62992.0,0.031495999999999996
2017-08-25,64165.0,0.0320825
2017-08-26,68708.0,0.034354
2017-08-27,62625.0,0.0313125
2017-08-28,70714.0,0.035357
2017-08-29,65926.0,0.032963
2017-08-30,39523.0,0.0197615
2017-08-31,46775.0,0.0233875
2017-09-01,61710.0,0.030855
2017-09-02,66638.0,0.033319
2017-09-03,59174.0,0.029587
2017-09-04,56279.0,0.0281395
2017-09-05,52875.0,0.0264375
2017-09-06,55692.0,0.027846
2017-09-07,51690.0,0.025845
2017-09-08,47113.0,0.0235565
2017-09-09,38475.0,0.0192375
2017-09-10,54677.0,0.027338499999999998
2017-09-11,54400.0,0.0272
2017-09-12,61541.0,0.0307705
2017-09-13,46220.0,0.02311
2017-09-14,52166.0,0.026083
2017-09-15,44870.0,0.022435
2017-09-16,54612.0,0.027306
2017-09-17,39667.0,0.0198335
2017-09-18,44603.0,0.0223015
2017-09-19,54398.0,0.027199
2017-09-20,70061.0,0.0350305
2017-09-21,71565.0,0.0357825
2017-09-22,56255.0,0.0281275
2017-09-23,63435.0,0.0317175
2017-09-24,65247.0,0.0326235
2017-09-25,36544.0,0.018272
2017-09-26,44728.0,0.022364
2017-09-27,64572.0,0.032286
2017-09-28,54009.0,0.0270045
2017-09-29,60718.0,0.030359
2017-09-30,28220.0,0.014110000000000001
2017-10-01,29793.0,0.0148965
2017-10-02,27593.0,0.0137965
2017-10-03,45623.0,0.022811500000000002
2017-10-04,55461.0,0.0277305
2017-10-05,60430.0,0.030215
2017-10-06,58245.0,0.0291225
2017-10-07,65378.0,0.032689
2017-10-08,47626.0,0.023813
2017-10-09,42090.0,0.021045
2017-10-10,46431.0,0.0232155
2017-10-11,56314.0,0.028157
2017-10-12,48671.0,0.0243355
2017-10-13,54656.0,0.027328
2017-10-14,50664.0,0.025332
2017-10-15,55111.0,0.0275555
2017-10-16,54060.0,0.02703
2017-10-17,53458.0,0.026729
2017-10-18,36441.0,0.0182205
2017-10-19,31193.0,0.0155965
2017-10-20,34337.0,0.0171685
2017-10-21,27090.0,0.013545
2017-10-22,39005.0,0.0195025
2017-10-23,35762.0,0.017881
2017-10-24,42516.0,0.021258
2017-10-25,50670.0,0.025335
2017-10-26,49032.0,0.024516
2017-10-27,30602.0,0.015301
2017-10-28,47761.0,0.0238805
2017-10-29,25489.0,0.0127445
2017-10-30,47371.0,0.023685499999999998
2017-10-31,52922.0,0.026461
2017-11-01,43092.0,0.021546
2017-11-02,30647.0,0.0153235
2017-11-03,32027.0,0.0160135
2017-11-04,17381.0,0.0086905
2017-11-05,30786.0,0.015393
2017-11-06,36765.0,0.0183825
2017-11-07,39697.0,0.0198485
2017-11-08,23533.0,0.0117665
2017-11-09,20205.0,0.0101025
2017-11-10,19528.0,0.009764
2017-11-11,18960.0,0.00948
2017-11-12,23496.0,0.011748
2017-11-13,35771.0,0.0178855
2017-11-14,41320.0,0.02066
2017-11-15,39126.0,0.019563
2017-11-16,36386.0,0.018193
2017-11-17,39060.0,0.01953
2017-11-18,34182.0,0.017091
2017-11-19,33860.0,0.01693
2017-11-20,29003.0,0.0145015
2017-11-21,32472.0,0.016236
2017-11-22,38733.0,0.0193665
2017-11-23,24997.0,0.0124985
2017-11-24,10469.0,0.0052345
2017-11-25,23455.0,0.0117275
2017-11-26,33117.0,0.0165585
2017-11-27,34171.0,0.0170855
2017-11-28,20970.0,0.010485
2017-11-29,25022.0,0.012511
2017-11-30,23087.0,0.0115435
2017-12-01,19278.0,0.009639
2017-12-02,13851.0,0.0069255
2017-12-03,20640.0,0.01032
2017-12-04,23108.0,0.011554
2017-12-05,23024.0,0.011512
2017-12-06,20722.0,0.010361
2017-12-07,18657.0,0.0093285
2017-12-08,17735.0,0.0088675
2017-12-09,23929.0,0.0119645
2017-12-10,4235.0,0.0021175
2017-12-11,5676.0,0.002838
2017-12-12,24412.0,0.012206
2017-12-13,13635.0,0.0068175
2017-12-14,15090.0,0.007545
2017-12-15,18953.0,0.0094765
2017-12-16,24724.0,0.012362
2017-12-17,17968.0,0.008984
2017-12-18,10189.0,0.0050945
2017-12-19,26080.0,0.01304
2017-12-20,15558.0,0.007779
2017-12-21,15735.0,0.0078675
2017-12-22,12689.0,0.0063444999999999994
2017-12-23,18333.0,0.0091665
2017-12-24,22117.0,0.0110585
2017-12-25,17905.0,0.0089525
2017-12-26,16088.0,0.008044
2017-12-27,14084.0,0.007042
2017-12-28,20455.0,0.0102275
2017-12-29,9147.0,0.0045735
2017-12-30,14739.0,0.0073695
2017-12-31,22962.0,0.011481
2018-01-01,15165.0,0.0075825
2018-01-02,11662.0,0.005831
2018-01-03,11567.0,0.0057835000000000004
2018-01-04,11835.0,0.0059175
2018-01-05,16677.0,0.0083385
2018-01-06,10219.0,0.0051095
2018-01-07,8786.0,0.004393
2018-01-08,13838.0,0.006919
2018-01-09,18330.0,0.009165
2018-01-10,20060.0,0.01003
2018-01-11,20883.0,0.0104415
2018-01-12,21444.0,0.010722
2018-01-13,20417.0,0.0102085
2018-01-14,16481.0,0.0082405
2018-01-15,13690.0,0.006845
2018-01-16,14850.0,0.007425
2018-01-17,29032.0,0.014516
2018-01-18,18965.0,0.0094825
2018-01-19,26074.0,0.013037
2018-01-20,8280.0,0.00414
2018-01-21,15947.0,0.0079735
2018-01-22,13649.0,0.006824500000000001
2018-01-23,23104.0,0.011552
2018-01-24,32988.0,0.016494
2018-01-25,9238.0,0.004619
2018-01-26,16092.0,0.008046
2018-01-27,22129.0,0.0110645
2018-01-28,31610.0,0.015805
2018-01-29,23600.0,0.0118
2018-01-30,19709.0,0.0098545
2018-01-31,18995.0,0.009497499999999999
2018-02-01,23980.0,0.01199
2018-02-02,33086.0,0.016543
2018-02-03,25520.0,0.01276
2018-02-04,32544.0,0.016272
2018-02-05,15603.0,0.0078015
2018-02-06,19761.0,0.0098805
2018-02-07,27244.0,0.013622
2018-02-08,29454.0,0.014727
2018-02-09,29467.0,0.0147335
2018-02-10,44469.0,0.0222345
2018-02-11,27183.0,0.0135915
2018-02-12,56678.0,0.028339
2018-02-13,36615.0,0.0183075
2018-02-14,30276.0,0.015138
2018-02-15,24013.0,0.0120065
2018-02-16,35360.0,0.01768
2018-02-17,24941.0,0.012470499999999999
2018-02-18,33798.0,0.016899
2018-02-19,31346.0,0.015673
2018-02-20,27973.0,0.0139865
2018-02-21,60808.0,0.030404
2018-02-22,54822.0,0.027411
2018-02-23,47339.0,0.0236695
2018-02-24,54339.0,0.0271695
2018-02-25,67408.0,0.033704
2018-02-26,75852.0,0.037926
2018-02-27,70480.0,0.03524
2018-02-28,29542.0,0.014771
2018-03-01,24871.0,0.0124355
2018-03-02,50038.0,0.025019
2018-03-03,55516.0,0.027758
2018-03-04,33927.0,0.0169635
2018-03-05,40885.0,0.0204425
2018-03-06,47943.0,0.0239715
2018-03-07,54569.0,0.0272845
2018-03-08,68476.0,0.034238
2018-03-09,37318.0,0.018659
2018-03-10,33144.0,0.016572
2018-03-11,49095.0,0.0245475
2018-03-12,43057.0,0.0215285
2018-03-13,55814.0,0.027907
2018-03-14,68364.0,0.034182
2018-03-15,43469.0,0.0217345
2018-03-16,54852.0,0.027426
2018-03-17,45486.0,0.022743
2018-03-18,40909.0,0.0204545
2018-03-19,46657.0,0.023328500000000002
2018-03-20,55989.0,0.0279945
2018-03-21,83400.0,0.0417
2018-03-22,73035.0,0.0365175
2018-03-23,51960.0,0.02598
2018-03-24,48265.0,0.0241325
2018-03-25,52726.0,0.026363
2018-03-26,51231.0,0.0256155
2018-03-27,31653.0,0.0158265
2018-03-28,43402.0,0.021701
2018-03-29,63397.0,0.0316985
2018-03-30,54539.0,0.027269500000000002
2018-03-31,61654.0,0.030827
2018-04-01,74783.0,0.0373915
2018-04-02,43924.0,0.021962
2018-04-03,47437.0,0.0237185
2018-04-04,52730.0,0.026365
2018-04-05,80701.0,0.0403505
2018-04-06,92508.0,0.046254
2018-04-07,51143.0,0.0255715
2018-04-08,34182.0,0.017091
2018-04-09,40596.0,0.020298
2018-04-10,52109.0,0.0260545
2018-04-11,41022.0,0.020511
2018-04-12,48842.0,0.024420999999999998
2018-04-13,59186.0,0.029593
2018-04-14,53041.0,0.0265205
2018-04-15,71936.0,0.035968
2018-04-16,69231.0,0.0346155
2018-04-17,101240.0,0.05062
2018-04-18,99421.0,0.0497105
2018-04-19,98521.0,0.0492605
2018-04-20,98509.0,0.0492545
2018-04-21,98461.0,0.049230499999999996
2018-04-22,83807.0,0.041903499999999996
2018-04-23,59561.0,0.0297805
2018-04-24,91763.0,0.0458815
2018-04-25,65172.0,0.032586
2018-04-26,92707.0,0.0463535
2018-04-27,83938.0,0.041969
2018-04-28,58785.0,0.0293925
2018-04-29,38532.0,0.019266
2018-04-30,58867.0,0.0294335
2018-05-01,70738.0,0.035369
2018-05-02,80019.0,0.0400095
2018-05-03,62457.0,0.0312285
2018-05-04,81041.0,0.0405205
2018-05-05,84995.0,0.0424975
2018-05-06,93580.0,0.04679
2018-05-07,90037.0,0.0450185
2018-05-08,73645.0,0.0368225
2018-05-09,69165.0,0.0345825
2018-05-10,74291.0,0.0371455
2018-05-11,101718.0,0.050859
2018-05-12,48901.0,0.0244505
2018-05-13,52744.0,0.026372
2018-05-14,39305.0,0.0196525
2018-05-15,65372.0,0.032686
2018-05-16,75530.0,0.037765
2018-05-17,73546.0,0.036773
2018-05-18,98283.0,0.0491415
2018-05-19,98510.0,0.049255
2018-05-20,97926.0,0.048963
2018-05-21,85568.0,0.042784
2018-05-22,79481.0,0.0397405
2018-05-23,84751.0,0.042375499999999997
2018-05-24,85273.0,0.0426365
2018-05-25,73610.0,0.036805
2018-05-26,74003.0,0.0370015
2018-05-27,64597.0,0.0322985
2018-05-28,44482.0,0.022241
2018-05-29,65951.0,0.0329755
2018-05-30,60179.0,0.030089499999999998
2018-05-31,65142.0,0.032571
2018-06-01,82572.0,0.041286
2018-06-02,90264.0,0.045132
2018-06-03,70373.0,0.0351865
2018-06-04,68107.0,0.0340535
2018-06-05,59280.0,0.02964
2018-06-06,60475.0,0.0302375
2018-06-07,68956.0,0.034478
2018-06-08,87298.0,0.043649
2018-06-09,83015.0,0.0415075
2018-06-10,67949.0,0.0339745
2018-06-11,47401.0,0.0237005
2018-06-12,66520.0,0.03326
2018-06-13,79254.0,0.039627
2018-06-14,88584.0,0.044292
2018-06-15,74476.0,0.037238
2018-06-16,85235.0,0.0426175
2018-06-17,81283.0,0.0406415
2018-06-18,78265.0,0.0391325
2018-06-19,97823.0,0.0489115
2018-06-20,105332.0,0.052666
2018-06-21,95950.0,0.047975
2018-06-22,111543.0,0.0557715
2018-06-23,112063.0,0.0560315
2018-06-24,100809.0,0.0504045
2018-06-25,109790.0,0.054895
2018-06-26,109763.0,0.0548815
2018-06-27,105131.0,0.0525655
2018-06-28,99289.0,0.0496445
2018-06-29,100028.0,0.050014
2018-06-30,105983.0,0.0529915
2018-07-01,102268.0,0.051134
2018-07-02,91548.0,0.045774
2018-07-03,88474.0,0.044237
2018-07-04,84516.0,0.042258000000000004
2018-07-05,77219.0,0.0386095
2018-07-06,86271.0,0.0431355
2018-07-07,104840.0,0.05242
2018-07-08,106648.0,0.053323999999999996
2018-07-09,103811.0,0.0519055
2018-07-10,101131.0,0.0505655
2018-07-11,100886.0,0.050443
2018-07-12,99409.0,0.0497045
2018-07-13,98839.0,0.0494195
2018-07-14,93809.0,0.0469045
2018-07-15,96329.0,0.0481645
2018-07-16,67187.0,0.0335935
2018-07-17,92461.0,0.0462305
2018-07-18,96518.0,0.048259
2018-07-19,97172.0,0.048586
2018-07-20,79115.0,0.0395575
2018-07-21,78662.0,0.039331
2018-07-22,88266.0,0.044133
2018-07-23,105086.0,0.052543
2018-07-24,95497.0,0.0477485
2018-07-25,102090.0,0.051045
2018-07-26,100850.0,0.050425
2018-07-27,88673.0,0.0443365
2018-07-28,72867.0,0.0364335
2018-07-29,91938.0,0.045968999999999996
2018-07-30,94804.0,0.047402
2018-07-31,85576.0,0.042788
2018-08-01,93181.0,0.0465905
2018-08-02,103931.0,0.0519655
2018-08-03,100212.0,0.050106
2018-08-04,98286.0,0.049143
2018-08-05,96990.0,0.048494999999999996
2018-08-06,97701.0,0.0488505
2018-08-07,74793.0,0.0373965
2018-08-08,80435.0,0.0402175
2018-08-09,45423.0,0.0227115
2018-08-10,96215.0,0.0481075
2018-08-11,103907.0,0.0519535
2018-08-12,95652.0,0.047826
2018-08-13,62544.0,0.031272
2018-08-14,82097.0,0.0410485
2018-08-15,98262.0,0.049131
2018-08-16,96390.0,0.048195
2018-08-17,73217.0,0.0366085
2018-08-18,93478.0,0.046739
2018-08-19,99403.0,0.0497015
2018-08-20,86278.0,0.043139000000000004
2018-08-21,92847.0,0.0464235
2018-08-22,86367.0,0.0431835
2018-08-23,80836.0,0.040418
2018-08-24,73677.0,0.0368385
2018-08-25,57703.0,0.0288515
2018-08-26,95542.0,0.047771
2018-08-27,83102.0,0.041551
2018-08-28,91651.0,0.0458255
2018-08-29,62699.0,0.0313495
2018-08-30,75408.0,0.037704
2018-08-31,78157.0,0.0390785
2018-09-01,98965.0,0.0494825
2018-09-02,95952.0,0.047976
2018-09-03,89450.0,0.044725
2018-09-04,87260.0,0.04363
2018-09-05,68008.0,0.034004
2018-09-06,46897.0,0.0234485
2018-09-07,81019.0,0.040509500000000004
2018-09-08,94063.0,0.0470315
2018-09-09,73212.0,0.036606
2018-09-10,84538.0,0.042269
2018-09-11,91936.0,0.045968
2018-09-12,75955.0,0.0379775
2018-09-13,56657.0,0.0283285
2018-09-14,70148.0,0.035074
2018-09-15,88471.0,0.0442355
2018-09-16,77527.0,0.0387635
2018-09-17,82246.0,0.041123
2018-09-18,68990.0,0.034495
2018-09-19,77986.0,0.038993
2018-09-20,82215.0,0.0411075
2018-09-21,51060.0,0.02553
2018-09-22,74706.0,0.037353000000000004
2018-09-23,58084.0,0.029042
2018-09-24,83771.0,0.0418855
2018-09-25,87644.0,0.043822
2018-09-26,86708.0,0.043354000000000004
2018-09-27,86015.0,0.0430075
2018-09-28,78903.0,0.0394515
2018-09-29,82559.0,0.0412795
2018-09-30,70437.0,0.0352185
2018-10-01,64554.0,0.032277
2018-10-02,71774.0,0.035887
2018-10-03,66239.0,0.0331195
2018-10-04,87326.0,0.043663
2018-10-05,85642.0,0.042821
2018-10-06,59579.0,0.0297895
2018-10-07,35039.0,0.0175195
2018-10-08,44555.0,0.0222775
2018-10-09,63834.0,0.031917
2018-10-10,42019.0,0.0210095
2018-10-11,46805.0,0.0234025
2018-10-12,65250.0,0.032625
2018-10-13,68406.0,0.034203
2018-10-14,46965.0,0.0234825
2018-10-15,34770.0,0.017385
2018-10-16,47833.0,0.0239165
2018-10-17,46304.0,0.023152
2018-10-18,50412.0,0.025206
2018-10-19,63051.0,0.0315255
2018-10-20,61263.0,0.0306315
2018-10-21,69123.0,0.0345615
2018-10-22,62748.0,0.031374
2018-10-23,68632.0,0.034316
2018-10-24,60824.0,0.030412
2018-10-25,54954.0,0.027476999999999998
2018-10-26,33989.0,0.0169945
2018-10-27,27293.0,0.0136465
2018-10-28,17625.0,0.0088125
2018-10-29,10893.0,0.0054465
2018-10-30,45082.0,0.022541
2018-10-31,17135.0,0.0085675
2018-11-01,31709.0,0.0158545
2018-11-02,42173.0,0.0210865
2018-11-03,54121.0,0.0270605
2018-11-04,48829.0,0.0244145
2018-11-05,29608.0,0.014804
2018-11-06,23844.0,0.011922
2018-11-07,20533.0,0.0102665
2018-11-08,39051.0,0.0195255
2018-11-09,32134.0,0.016067
2018-11-10,22355.0,0.0111775
2018-11-11,35493.0,0.017746500000000002
2018-11-12,27438.0,0.013719
2018-11-13,34578.0,0.017289
2018-11-14,36891.0,0.0184455
2018-11-15,38195.0,0.0190975
2018-11-16,35324.0,0.017662
2018-11-17,29935.0,0.0149675
2018-11-18,50246.0,0.025123
2018-11-19,36887.0,0.0184435
2018-11-20,22090.0,0.011045000000000001
2018-11-21,33066.0,0.016533
2018-11-22,36390.0,0.018195
2018-11-23,14775.0,0.0073875
2018-11-24,37666.0,0.018833
2018-11-25,20590.0,0.010295
2018-11-26,20440.0,0.01022
2018-11-27,30446.0,0.015223
2018-11-28,27717.0,0.0138585
2018-11-29,32588.0,0.016294
2018-11-30,20168.0,0.010084
2018-12-01,20383.0,0.010191500000000001
2018-12-02,7606.0,0.003803
2018-12-03,12463.0,0.0062315
2018-12-04,21469.0,0.0107345
2018-12-05,24207.0,0.0121035
2018-12-06,17395.0,0.0086975
2018-12-07,18190.0,0.009095
2018-12-08,18992.0,0.009496
2018-12-09,13685.0,0.0068425
2018-12-10,24811.0,0.0124055
2018-12-11,31494.0,0.015747
2018-12-12,19448.0,0.009724
2018-12-13,9047.0,0.0045235
2018-12-14,21070.0,0.010535000000000001
2018-12-15,13950.0,0.006975
2018-12-16,7149.0,0.0035745
2018-12-17,24064.0,0.012032000000000001
2018-12-18,19645.0,0.0098225
2018-12-19,15875.0,0.0079375
2018-12-20,20527.0,0.0102635
2018-12-21,10365.0,0.0051825
2018-12-22,13193.0,0.0065965
2018-12-23,15365.0,0.0076825
2018-12-24,16600.0,0.0083
2018-12-25,29643.0,0.0148215
2018-12-26,27219.0,0.0136095
2018-12-27,20434.0,0.010217
2018-12-28,16740.0,0.00837
2018-12-29,18764.0,0.009382
2018-12-30,18735.0,0.009367499999999999
2018-12-31,18688.0,0.009344
2019-01-01,17293.0,0.0086465
2019-01-02,30450.0,0.015225
2019-01-03,43060.0,0.02153
2019-01-04,35544.0,0.017772
2019-01-05,31861.0,0.0159305
2019-01-06,19164.0,0.009582
2019-01-07,18686.0,0.009343
2019-01-08,14947.0,0.0074735
2019-01-09,27009.0,0.013504500000000001
2019-01-10,33191.0,0.0165955
2019-01-11,30682.0,0.015341
2019-01-12,22321.0,0.0111605
2019-01-13,15315.0,0.0076575
2019-01-14,23372.0,0.011686
2019-01-15,41957.0,0.0209785
2019-01-16,35497.0,0.0177485
2019-01-17,29375.0,0.014687500000000001
2019-01-18,32412.0,0.016206
2019-01-19,34653.0,0.017326499999999998
2019-01-20,19031.0,0.0095155
2019-01-21,30586.0,0.015293
2019-01-22,26879.0,0.0134395
2019-01-23,18382.0,0.009191
2019-01-24,33088.0,0.016544
2019-01-25,24160.0,0.01208
2019-01-26,25178.0,0.012589
2019-01-27,27404.0,0.013701999999999999
2019-01-28,29471.0,0.0147355
2019-01-29,23200.0,0.0116
2019-01-30,26005.0,0.0130025
2019-01-31,14983.0,0.0074915
2019-02-01,20733.0,0.0103665
2019-02-02,16163.0,0.0080815
2019-02-03,38426.0,0.019213
2019-02-04,36659.0,0.0183295
2019-02-05,35788.0,0.017894
2019-02-06,40424.0,0.020212
2019-02-07,33660.0,0.01683
2019-02-08,44820.0,0.02241
2019-02-09,39372.0,0.019686
2019-02-10,21066.0,0.010533
2019-02-11,43846.0,0.021922999999999998
2019-02-12,62167.0,0.0310835
2019-02-13,71707.0,0.035853499999999996
2019-02-14,72042.0,0.036021
2019-02-15,73704.0,0.036852
2019-02-16,72864.0,0.036432
2019-02-17,72173.0,0.0360865
2019-02-18,64427.0,0.0322135
2019-02-19,45956.0,0.022978
2019-02-20,65487.0,0.0327435
2019-02-21,70315.0,0.0351575
2019-02-22,73214.0,0.036607
2019-02-23,78390.0,0.039195
2019-02-24,73635.0,0.036817499999999996
2019-02-25,77958.0,0.038979
2019-02-26,77185.0,0.0385925
2019-02-27,81118.0,0.040559
2019-02-28,58003.0,0.0290015
2019-03-01,43869.0,0.0219345
2019-03-02,49565.0,0.0247825
2019-03-03,59730.0,0.029865
2019-03-04,44795.0,0.0223975
2019-03-05,67587.0,0.0337935
2019-03-06,26510.0,0.013255000000000001
2019-03-07,63746.0,0.031873
2019-03-08,55810.0,0.027905
2019-03-09,35799.0,0.0178995
2019-03-10,44631.0,0.0223155
2019-03-11,73423.0,0.0367115
2019-03-12,74595.0,0.0372975
2019-03-13,64595.0,0.0322975
2019-03-14,41402.0,0.020701
2019-03-15,40574.0,0.020287
2019-03-16,79398.0,0.039699
2019-03-17,56993.0,0.0284965
2019-03-18,64522.0,0.032261
2019-03-19,68336.0,0.034168
2019-03-20,93439.0,0.0467195
2019-03-21,96064.0,0.048032
2019-03-22,97378.0,0.048689
2019-03-23,94130.0,0.047065
2019-03-24,90846.0,0.045423
2019-03-25,89398.0,0.044699
2019-03-26,101841.0,0.0509205
2019-03-27,99265.0,0.049632499999999996
2019-03-28,98960.0,0.04948
2019-03-29,99952.0,0.049976
2019-03-30,101530.0,0.050765
2019-03-31,98929.0,0.0494645
2019-04-01,78671.0,0.0393355
2019-04-02,53721.0,0.0268605
2019-04-03,38407.0,0.0192035
2019-04-04,72611.0,0.0363055
2019-04-05,71308.0,0.035654
2019-04-06,40149.0,0.0200745
2019-04-07,63664.0,0.031832
2019-04-08,69059.0,0.0345295
2019-04-09,77762.0,0.038881
2019-04-10,66475.0,0.0332375
2019-04-11,69686.0,0.034843
2019-04-12,103593.0,0.0517965
2019-04-13,104676.0,0.052338
2019-04-14,87474.0,0.043737
2019-04-15,83084.0,0.041542
2019-04-16,60474.0,0.030237
2019-04-17,85997.0,0.0429985
2019-04-18,86543.0,0.0432715
2019-04-19,101060.0,0.05053
2019-04-20,98549.0,0.0492745
2019-04-21,55217.0,0.0276085
2019-04-22,70184.0,0.035092
2019-04-23,50009.0,0.0250045
2019-04-24,67847.0,0.0339235
2019-04-25,60661.0,0.0303305
2019-04-26,74836.0,0.037418
2019-04-27,74764.0,0.037382
2019-04-28,73671.0,0.0368355
2019-04-29,96204.0,0.048102
2019-04-30,107190.0,0.053595000000000004
2019-05-01,104044.0,0.052022
2019-05-02,68638.0,0.034319
2019-05-03,68402.0,0.034201
2019-05-04,68912.0,0.034456
2019-05-05,97699.0,0.0488495
2019-05-06,114868.0,0.057434
2019-05-07,97448.0,0.048724
2019-05-08,40344.0,0.020172
2019-05-09,69648.0,0.034824
2019-05-10,75549.0,0.0377745
2019-05-11,77768.0,0.038884
2019-05-12,117587.0,0.0587935
2019-05-13,127589.0,0.0637945
2019-05-14,126007.0,0.0630035
2019-05-15,122808.0,0.061404
2019-05-16,106499.0,0.0532495
2019-05-17,44357.0,0.0221785
2019-05-18,60888.0,0.030444
2019-05-19,53283.0,0.0266415
2019-05-20,69451.0,0.0347255
2019-05-21,91073.0,0.0455365
2019-05-22,113534.0,0.056767
2019-05-23,108005.0,0.0540025
2019-05-24,79913.0,0.0399565
2019-05-25,81284.0,0.040642
2019-05-26,83334.0,0.041667
2019-05-27,75975.0,0.0379875
2019-05-28,80378.0,0.040189
2019-05-29,97873.0,0.0489365
2019-05-30,102114.0,0.051057
2019-05-31,121102.0,0.060551
2019-06-01,124160.0,0.06208
2019-06-02,119325.0,0.0596625
2019-06-03,90583.0,0.0452915
2019-06-04,103260.0,0.05163
2019-06-05,65857.0,0.0329285
2019-06-06,104330.0,0.052165
2019-06-07,81296.0,0.040648
2019-06-08,115554.0,0.057777
2019-06-09,74571.0,0.0372855
2019-06-10,66769.0,0.0333845
2019-06-11,59654.0,0.029827
2019-06-12,94572.0,0.047286
2019-06-13,112041.0,0.0560205
2019-06-14,64675.0,0.0323375
2019-06-15,76993.0,0.0384965
2019-06-16,116024.0,0.058012
2019-06-17,121147.0,0.0605735
2019-06-18,106757.0,0.0533785
2019-06-19,98465.0,0.0492325
2019-06-20,81862.0,0.040931
2019-06-21,72729.0,0.0363645
2019-06-22,105895.0,0.0529475
2019-06-23,107506.0,0.053753
2019-06-24,93312.0,0.046656
2019-06-25,105434.0,0.052717
2019-06-26,114355.0,0.0571775
2019-06-27,112528.0,0.056264
2019-06-28,105635.0,0.0528175
2019-06-29,108312.0,0.054155999999999996
2019-06-30,93756.0,0.046878
2019-07-01,85333.0,0.0426665
2019-07-02,93515.0,0.0467575
2019-07-03,105945.0,0.0529725
2019-07-04,114592.0,0.057296
2019-07-05,109862.0,0.054931
2019-07-06,106234.0,0.053117
2019-07-07,100028.0,0.050014
2019-07-08,94491.0,0.0472455
2019-07-09,86060.0,0.04303
2019-07-10,118264.0,0.059132
2019-07-11,97065.0,0.0485325
2019-07-12,103787.0,0.0518935
2019-07-13,109957.0,0.0549785
2019-07-14,109473.0,0.0547365
2019-07-15,114243.0,0.0571215
2019-07-16,116391.0,0.0581955
2019-07-17,110456.0,0.055228
2019-07-18,95894.0,0.047947000000000004
2019-07-19,107308.0,0.053654
2019-07-20,84897.0,0.0424485
2019-07-21,100939.0,0.0504695
2019-07-22,107645.0,0.0538225
2019-07-23,107727.0,0.0538635
2019-07-24,105965.0,0.0529825
2019-07-25,103269.0,0.0516345
2019-07-26,64881.0,0.0324405
2019-07-27,48367.0,0.0241835
2019-07-28,93891.0,0.0469455
2019-07-29,114935.0,0.0574675
2019-07-30,85874.0,0.042937
2019-07-31,104597.0,0.0522985
2019-08-01,90100.0,0.04505
2019-08-02,112506.0,0.056253
2019-08-03,113961.0,0.0569805
2019-08-04,108846.0,0.054423
2019-08-05,95642.0,0.047821
2019-08-06,81887.0,0.0409435
2019-08-07,80990.0,0.040494999999999996
2019-08-08,106264.0,0.053132
2019-08-09,84016.0,0.042008
2019-08-10,88917.0,0.0444585
2019-08-11,69415.0,0.0347075
2019-08-12,84078.0,0.042039
2019-08-13,96086.0,0.048043
2019-08-14,104582.0,0.052291
2019-08-15,76610.0,0.038305
2019-08-16,104614.0,0.052307
2019-08-17,84858.0,0.042429
2019-08-18,78755.0,0.0393775
2019-08-19,75153.0,0.0375765
2019-08-20,66350.0,0.033175
2019-08-21,106319.0,0.0531595
2019-08-22,107073.0,0.0535365
2019-08-23,111020.0,0.055510000000000004
2019-08-24,108236.0,0.054118
2019-08-25,103218.0,0.051609
2019-08-26,96086.0,0.048043
2019-08-27,69407.0,0.0347035
2019-08-28,75280.0,0.03764
2019-08-29,96891.0,0.0484455
2019-08-30,100281.0,0.0501405
2019-08-31,92559.0,0.0462795
2019-09-01,63514.0,0.031757
2019-09-02,106408.0,0.053204
2019-09-03,109173.0,0.0545865
2019-09-04,105198.0,0.052599
2019-09-05,84501.0,0.042250499999999996
2019-09-06,102934.0,0.051467
2019-09-07,84562.0,0.042281
2019-09-08,88920.0,0.04446
2019-09-09,75428.0,0.037714
2019-09-10,64310.0,0.032154999999999996
2019-09-11,89803.0,0.044901500000000004
2019-09-12,95700.0,0.04785
2019-09-13,94596.0,0.047298
2019-09-14,82311.0,0.0411555
2019-09-15,94425.0,0.0472125
2019-09-16,93348.0,0.046674
2019-09-17,87622.0,0.043810999999999996
2019-09-18,90139.0,0.0450695
2019-09-19,95809.0,0.0479045
2019-09-20,94477.0,0.0472385
2019-09-21,61873.0,0.0309365
2019-09-22,41211.0,0.0206055
2019-09-23,66472.0,0.033236
2019-09-24,48350.0,0.024175000000000002
2019-09-25,49152.0,0.024576
2019-09-26,59405.0,0.0297025
2019-09-27,64149.0,0.0320745
2019-09-28,69128.0,0.034564
2019-09-29,74477.0,0.0372385
2019-09-30,68540.0,0.03427
2019-10-01,60435.0,0.0302175
2019-10-02,60884.0,0.030442
2019-10-03,82531.0,0.0412655
2019-10-04,49555.0,0.0247775
2019-10-05,56472.0,0.028236
2019-10-06,47511.0,0.0237555
2019-10-07,63619.0,0.0318095
2019-10-08,67876.0,0.033938
2019-10-09,45282.0,0.022641
2019-10-10,71614.0,0.035807
2019-10-11,86778.0,0.043389000000000004
2019-10-12,47618.0,0.023809
2019-10-13,72909.0,0.0364545
2019-10-14,47840.0,0.02392
2019-10-15,49269.0,0.0246345
2019-10-16,61726.0,0.030863
2019-10-17,41759.0,0.0208795
2019-10-18,37092.0,0.018546
2019-10-19,32568.0,0.016284
2019-10-20,26968.0,0.013484
2019-10-21,35976.0,0.017988
2019-10-22,24775.0,0.012387500000000001
2019-10-23,20969.0,0.0104845
2019-10-24,43244.0,0.021622
2019-10-25,65336.0,0.032668
2019-10-26,76206.0,0.038103
2019-10-27,43280.0,0.02164
2019-10-28,30335.0,0.0151675
2019-10-29,43250.0,0.021625
2019-10-30,38580.0,0.01929
2019-10-31,27531.0,0.0137655
2019-11-01,18987.0,0.0094935
2019-11-02,27755.0,0.013877500000000001
2019-11-03,28335.0,0.0141675
2019-11-04,32344.0,0.016172
2019-11-05,33527.0,0.0167635
2019-11-06,37659.0,0.0188295
2019-11-07,24368.0,0.012184
2019-11-08,34564.0,0.017282
2019-11-09,43845.0,0.0219225
2019-11-10,36441.0,0.0182205
2019-11-11,28972.0,0.014486
2019-11-12,44709.0,0.0223545
2019-11-13,42130.0,0.021065
2019-11-14,18022.0,0.009011
2019-11-15,28254.0,0.014127
2019-11-16,29810.0,0.014905
2019-11-17,26165.0,0.0130825
2019-11-18,27201.0,0.0136005
2019-11-19,37162.0,0.018581
2019-11-20,43275.0,0.0216375
2019-11-21,28613.0,0.0143065
2019-11-22,28744.0,0.014372000000000001
2019-11-23,17303.0,0.0086515
2019-11-24,24001.0,0.0120005
2019-11-25,28597.0,0.0142985
2019-11-26,32248.0,0.016124
2019-11-27,28085.0,0.0140425
2019-11-28,26017.0,0.0130085
2019-11-29,33984.0,0.016992
2019-11-30,25206.0,0.012603
2019-12-01,17350.0,0.008675
2019-12-02,33196.0,0.016597999999999998
2019-12-03,45041.0,0.0225205
2019-12-04,31116.0,0.015558
2019-12-05,34183.0,0.0170915
2019-12-06,31499.0,0.0157495
2019-12-07,25607.0,0.0128035
2019-12-08,25205.0,0.012602499999999999
2019-12-09,26366.0,0.013183
2019-12-10,41519.0,0.0207595
2019-12-11,12598.0,0.006299
2019-12-12,18548.0,0.009274
2019-12-13,18593.0,0.0092965
2019-12-14,22991.0,0.0114955
2019-12-15,30728.0,0.015364000000000001
2019-12-16,15768.0,0.007884
2019-12-17,17034.0,0.008517
2019-12-18,31852.0,0.015926
2019-12-19,17915.0,0.0089575
2019-12-20,16833.0,0.0084165
2019-12-21,29826.0,0.014913000000000001
2019-12-22,20940.0,0.01047
2019-12-23,27276.0,0.013638
2019-12-24,25427.0,0.0127135
2019-12-25,35469.0,0.0177345
2019-12-26,26669.0,0.013334499999999999
2019-12-27,25936.0,0.012968
2019-12-28,35871.0,0.0179355
2019-12-29,33511.0,0.0167555
2019-12-30,44804.0,0.022402
2019-12-31,34340.0,0.01717
2020-01-01,23301.0,0.0116505
2020-01-02,22675.0,0.0113375
2020-01-03,18320.0,0.00916
2020-01-04,29030.0,0.014515
2020-01-05,38299.0,0.0191495
2020-01-06,36504.0,0.018252
2020-01-07,19942.0,0.009971
2020-01-08,28587.0,0.0142935
2020-01-09,32952.0,0.016476
2020-01-10,21136.0,0.010568
2020-01-11,41459.0,0.0207295
2020-01-12,38255.0,0.0191275
2020-01-13,31371.0,0.0156855
2020-01-14,29818.0,0.014909
2020-01-15,25418.0,0.012709
2020-01-16,42778.0,0.021389
2020-01-17,16728.0,0.008364
2020-01-18,39736.0,0.019868
2020-01-19,43237.0,0.0216185
2020-01-20,38238.0,0.019119
2020-01-21,30659.0,0.015329500000000001
2020-01-22,25527.0,0.0127635
2020-01-23,19646.0,0.009823
2020-01-24,30904.0,0.015452
2020-01-25,31875.0,0.0159375
2020-01-26,24359.0,0.012179500000000001
2020-01-27,15894.0,0.007947000000000001
2020-01-28,29719.0,0.0148595
2020-01-29,36952.0,0.018476
2020-01-30,21337.0,0.010668500000000001
2020-01-31,32569.0,0.0162845
2020-02-01,25850.0,0.012924999999999999
2020-02-02,30926.0,0.015463
2020-02-03,42116.0,0.021058
2020-02-04,46403.0,0.0232015
2020-02-05,58680.0,0.02934
2020-02-06,63120.0,0.03156
2020-02-07,56968.0,0.028484
2020-02-08,40618.0,0.020309
2020-02-09,39130.0,0.019565
2020-02-10,33622.0,0.016811
2020-02-11,35530.0,0.017765
2020-02-12,55685.0,0.0278425
2020-02-13,28453.0,0.0142265
2020-02-14,55137.0,0.0275685
2020-02-15,63996.0,0.031998
2020-02-16,40225.0,0.0201125
2020-02-17,25598.0,0.012799
2020-02-18,62355.0,0.0311775
2020-02-19,51679.0,0.0258395
2020-02-20,65908.0,0.032954
2020-02-21,67540.0,0.03377
2020-02-22,75618.0,0.037809
2020-02-23,61683.0,0.0308415
2020-02-24,63822.0,0.031911
2020-02-25,37815.0,0.0189075
2020-02-26,54745.0,0.0273725
2020-02-27,25272.0,0.012636
2020-02-28,49054.0,0.024527
2020-02-29,29711.0,0.0148555
2020-03-01,43902.0,0.021951
2020-03-02,32985.0,0.0164925
2020-03-03,33917.0,0.0169585
2020-03-04,32046.0,0.016023
2020-03-05,19100.0,0.00955
2020-03-06,48464.0,0.024232
2020-03-07,61647.0,0.0308235
2020-03-08,54826.0,0.027413
2020-03-09,60890.0,0.030445
2020-03-10,38534.0,0.019267
2020-03-11,61000.0,0.0305
2020-03-12,47367.0,0.0236835
2020-03-13,80937.0,0.0404685
2020-03-14,68999.0,0.0344995
2020-03-15,83730.0,0.041865
2020-03-16,37749.0,0.0188745
2020-03-17,55585.0,0.0277925
2020-03-18,89244.0,0.044622
2020-03-19,85930.0,0.042965
2020-03-20,86893.0,0.0434465
2020-03-21,78439.0,0.0392195
2020-03-22,70886.0,0.035443
2020-03-23,71527.0,0.035763500000000004
2020-03-24,79054.0,0.039527
2020-03-25,96017.0,0.0480085
2020-03-26,87793.0,0.0438965
2020-03-27,90212.0,0.045106
2020-03-28,95296.0,0.047648
2020-03-29,61613.0,0.0308065
2020-03-30,56833.0,0.0284165
2020-03-31,88122.0,0.044061
2020-04-01,86207.0,0.0431035
2020-04-02,85657.0,0.0428285
2020-04-03,98473.0,0.0492365
2020-04-04,113471.0,0.0567355
2020-04-05,107672.0,0.053836
2020-04-06,73469.0,0.036734499999999996
2020-04-07,86700.0,0.04335
2020-04-08,93063.0,0.0465315
2020-04-09,109102.0,0.054551
2020-04-10,108979.0,0.0544895
2020-04-11,105023.0,0.0525115
2020-04-12,84959.0,0.042479499999999996
2020-04-13,65235.0,0.0326175
2020-04-14,116658.0,0.058329
2020-04-15,105874.0,0.052937
2020-04-16,88420.0,0.04421
2020-04-17,76609.0,0.0383045
2020-04-18,76252.0,0.038126
2020-04-19,37818.0,0.018909
2020-04-20,43208.0,0.021604
2020-04-21,38166.0,0.019083
2020-04-22,56185.0,0.0280925
2020-04-23,81756.0,0.040878
2020-04-24,93436.0,0.046718
2020-04-25,92673.0,0.0463365
2020-04-26,88668.0,0.044334
2020-04-27,61071.0,0.0305355
2020-04-28,65497.0,0.0327485
2020-04-29,80918.0,0.040459
2020-04-30,64225.0,0.0321125
2020-05-01,48686.0,0.024343
2020-05-02,63011.0,0.0315055
2020-05-03,93213.0,0.0466065
2020-05-04,109786.0,0.054893
2020-05-05,89683.0,0.0448415
2020-05-06,116814.0,0.058407
2020-05-07,115554.0,0.057777
2020-05-08,97353.0,0.0486765
2020-05-09,81510.0,0.040755
2020-05-10,41188.0,0.020594
2020-05-11,42868.0,0.021434
2020-05-12,77073.0,0.0385365
2020-05-13,52929.0,0.0264645
2020-05-14,72121.0,0.0360605
2020-05-15,93435.0,0.0467175
2020-05-16,99241.0,0.0496205
2020-05-17,116707.0,0.0583535
2020-05-18,124914.0,0.062457
2020-05-19,125088.0,0.062544
2020-05-20,125338.0,0.062669
2020-05-21,119679.0,0.059839500000000004
2020-05-22,105227.0,0.0526135
2020-05-23,66138.0,0.033069
2020-05-24,114554.0,0.057277
2020-05-25,123964.0,0.061982
2020-05-26,127242.0,0.063621
2020-05-27,123160.0,0.061579999999999996
2020-05-28,125504.0,0.062752
2020-05-29,121267.0,0.0606335
2020-05-30,121266.0,0.060633
2020-05-31,114962.0,0.057481
2020-06-01,101918.0,0.050959
2020-06-02,115588.0,0.057794
2020-06-03,91349.0,0.0456745
2020-06-04,63834.0,0.031917
2020-06-05,71117.0,0.0355585
2020-06-06,87067.0,0.0435335
2020-06-07,91635.0,0.0458175
2020-06-08,97349.0,0.0486745
2020-06-09,86237.0,0.043118500000000004
2020-06-10,81968.0,0.040984
2020-06-11,66284.0,0.033142
2020-06-12,76468.0,0.038234
2020-06-13,79319.0,0.0396595
2020-06-14,104523.0,0.0522615
2020-06-15,99871.0,0.0499355
2020-06-16,87488.0,0.043744
2020-06-17,91427.0,0.0457135
2020-06-18,94047.0,0.0470235
2020-06-19,106810.0,0.053405
2020-06-20,115840.0,0.05792
2020-06-21,107528.0,0.053764
2020-06-22,123286.0,0.061642999999999996
2020-06-23,130091.0,0.0650455
2020-06-24,126075.0,0.0630375
2020-06-25,117174.0,0.058587
2020-06-26,92496.0,0.046248000000000004
2020-06-27,97971.0,0.0489855
2020-06-28,80267.0,0.0401335
2020-06-29,100190.0,0.050095
2020-06-30,109225.0,0.0546125
2020-07-01,80436.0,0.040218
2020-07-02,75623.0,0.0378115
2020-07-03,106385.0,0.0531925
2020-07-04,114527.0,0.0572635
2020-07-05,103900.0,0.05195
2020-07-06,117259.0,0.0586295
2020-07-07,128695.0,0.0643475
2020-07-08,124030.0,0.062015
2020-07-09,122255.0,0.0611275
2020-07-10,91340.0,0.04567
2020-07-11,125059.0,0.0625295
2020-07-12,120579.0,0.060289499999999996
2020-07-13,124369.0,0.0621845
2020-07-14,106682.0,0.053341
2020-07-15,74885.0,0.037442500000000004
2020-07-16,73353.0,0.0366765
2020-07-17,93694.0,0.046847
2020-07-18,123535.0,0.061767499999999996
2020-07-19,124403.0,0.0622015
2020-07-20,117784.0,0.058892
2020-07-21,114276.0,0.057138
2020-07-22,100687.0,0.0503435
2020-07-23,103082.0,0.051541
2020-07-24,115698.0,0.057849
2020-07-25,105916.0,0.052958
2020-07-26,102676.0,0.051338
2020-07-27,117813.0,0.0589065
2020-07-28,85414.0,0.042707
2020-07-29,116884.0,0.058442
2020-07-30,116130.0,0.058065
2020-07-31,108300.0,0.05415
2020-08-01,94830.0,0.047415
2020-08-02,90918.0,0.045459
2020-08-03,93712.0,0.046856
2020-08-04,123182.0,0.061591
2020-08-05,126462.0,0.063231
2020-08-06,123151.0,0.0615755
2020-08-07,118074.0,0.059037
2020-08-08,111840.0,0.05592
2020-08-09,99712.0,0.049856
2020-08-10,91416.0,0.045708
2020-08-11,96727.0,0.048363500000000004
2020-08-12,76248.0,0.038124
2020-08-13,68082.0,0.034041
2020-08-14,96607.0,0.0483035
2020-08-15,104659.0,0.0523295
2020-08-16,84086.0,0.042043
2020-08-17,84790.0,0.042395
2020-08-18,94126.0,0.047063
2020-08-19,97162.0,0.048581
2020-08-20,103970.0,0.051985
2020-08-21,88984.0,0.044492000000000004
2020-08-22,94846.0,0.047423
2020-08-23,96901.0,0.0484505
2020-08-24,104400.0,0.052199999999999996
2020-08-25,104103.0,0.0520515
2020-08-26,96241.0,0.0481205
2020-08-27,101740.0,0.05087
2020-08-28,54685.0,0.0273425
2020-08-29,61888.0,0.030944
2020-08-30,77573.0,0.0387865
2020-08-31,92362.0,0.046181
2020-09-01,101219.0,0.0506095
2020-09-02,110204.0,0.055102
2020-09-03,108374.0,0.054187
2020-09-04,108809.0,0.0544045
2020-09-05,95859.0,0.0479295
2020-09-06,82767.0,0.0413835
2020-09-07,103566.0,0.051783
2020-09-08,104028.0,0.052014
2020-09-09,80401.0,0.0402005
2020-09-10,77099.0,0.0385495
2020-09-11,92885.0,0.0464425
2020-09-12,102589.0,0.0512945
2020-09-13,103797.0,0.0518985
2020-09-14,99685.0,0.0498425
2020-09-15,85359.0,0.0426795
2020-09-16,90348.0,0.045174
2020-09-17,94855.0,0.0474275
2020-09-18,64832.0,0.032416
2020-09-19,57566.0,0.028783
2020-09-20,59238.0,0.029619
2020-09-21,59658.0,0.029829
2020-09-22,50511.0,0.0252555
2020-09-23,71416.0,0.035708
2020-09-24,48833.0,0.0244165
2020-09-25,56951.0,0.0284755
2020-09-26,53350.0,0.026675
2020-09-27,42767.0,0.0213835
2020-09-28,59919.0,0.0299595
2020-09-29,62117.0,0.0310585
2020-09-30,79431.0,0.0397155
2020-10-01,45511.0,0.0227555
2020-10-02,25220.0,0.01261
2020-10-03,38875.0,0.0194375
2020-10-04,46327.0,0.0231635
2020-10-05,48944.0,0.024472
2020-10-06,29664.0,0.014832
2020-10-07,61147.0,0.0305735
2020-10-08,62565.0,0.0312825
2020-10-09,53634.0,0.026817
2020-10-10,65220.0,0.03261
2020-10-11,56658.0,0.028329
2020-10-12,62283.0,0.0311415
2020-10-13,47382.0,0.023691
2020-10-14,51687.0,0.0258435
2020-10-15,50087.0,0.0250435
2020-10-16,47544.0,0.023772
2020-10-17,63579.0,0.0317895
2020-10-18,79199.0,0.0395995
2020-10-19,67585.0,0.0337925
2020-10-20,26269.0,0.0131345
2020-10-21,47276.0,0.023638
2020-10-22,28779.0,0.0143895
2020-10-23,30243.0,0.0151215
2020-10-24,51547.0,0.025773499999999998
2020-10-25,28325.0,0.0141625
2020-10-26,43839.0,0.0219195
2020-10-27,40145.0,0.0200725
2020-10-28,39664.0,0.019832
2020-10-29,44737.0,0.0223685
2020-10-30,60321.0,0.0301605
2020-10-31,60809.0,0.0304045
2020-11-01,36144.0,0.018072
2020-11-02,38179.0,0.0190895
2020-11-03,27935.0,0.013967499999999999
2020-11-04,52227.0,0.0261135
2020-11-05,62358.0,0.031179
2020-11-06,51193.0,0.0255965
2020-11-07,25501.0,0.0127505
2020-11-08,41444.0,0.020722
2020-11-09,43141.0,0.0215705
2020-11-10,39883.0,0.0199415
2020-11-11,49613.0,0.024806500000000002
2020-11-12,47993.0,0.0239965
2020-11-13,36946.0,0.018473
2020-11-14,49433.0,0.024716500000000002
2020-11-15,24250.0,0.012125
2020-11-16,37137.0,0.0185685
2020-11-17,51215.0,0.0256075
2020-11-18,57249.0,0.0286245
2020-11-19,42057.0,0.0210285
2020-11-20,45816.0,0.022908
2020-11-21,54469.0,0.027234500000000002
2020-11-22,53894.0,0.026947
2020-11-23,48801.0,0.0244005
2020-11-24,42821.0,0.0214105
2020-11-25,42826.0,0.021413
2020-11-26,40232.0,0.020116
2020-11-27,32831.0,0.0164155
2020-11-28,34071.0,0.0170355
2020-11-29,44943.0,0.022471500000000002
2020-11-30,42710.0,0.021355
2020-12-01,18233.0,0.0091165
2020-12-02,24085.0,0.012042500000000001
2020-12-03,23519.0,0.0117595
2020-12-04,16271.0,0.0081355
2020-12-05,22356.0,0.011178
2020-12-06,27062.0,0.013531
2020-12-07,19609.0,0.0098045
2020-12-08,24300.0,0.01215
2020-12-09,25946.0,0.012973
2020-12-10,18318.0,0.009159
2020-12-11,13563.0,0.0067815
2020-12-12,27719.0,0.0138595
2020-12-13,27867.0,0.0139335
2020-12-14,18645.0,0.0093225
2020-12-15,17573.0,0.0087865
2020-12-16,27242.0,0.013621
2020-12-17,22270.0,0.011134999999999999
2020-12-18,29752.0,0.014876
2020-12-19,16884.0,0.008442
2020-12-20,25617.0,0.0128085
2020-12-21,14666.0,0.007333
2020-12-22,28497.0,0.0142485
2020-12-23,12250.0,0.006125
2020-12-24,18941.0,0.0094705
2020-12-25,30514.0,0.015257
2020-12-26,34053.0,0.0170265
2020-12-27,12306.0,0.0061530000000000005
2020-12-28,19619.0,0.0098095
2020-12-29,23846.0,0.011923
2020-12-30,27771.0,0.0138855
2020-12-31,19741.0,0.0098705
2021-01-01,21280.0,0.01064
2021-01-02,16590.0,0.008295
2021-01-03,22752.0,0.011376
2021-01-04,16702.0,0.008350999999999999
2021-01-05,13517.0,0.0067585
2021-01-06,21206.0,0.010603
2021-01-07,30354.0,0.015177
2021-01-08,37909.0,0.0189545
2021-01-09,26737.0,0.0133685
2021-01-10,34764.0,0.017382
2021-01-11,37795.0,0.0188975
2021-01-12,17754.0,0.008877000000000001
2021-01-13,23769.0,0.011884500000000001
2021-01-14,24563.0,0.012281499999999999
2021-01-15,27210.0,0.013605
2021-01-16,27663.0,0.0138315
2021-01-17,34501.0,0.0172505
2021-01-18,45999.0,0.0229995
2021-01-19,48151.0,0.0240755
2021-01-20,21286.0,0.010643
2021-01-21,17003.0,0.0085015
2021-01-22,18181.0,0.0090905
2021-01-23,20782.0,0.010391000000000001
2021-01-24,36513.0,0.0182565
2021-01-25,35846.0,0.017923
2021-01-26,40166.0,0.020083
2021-01-27,22639.0,0.0113195
2021-01-28,24751.0,0.0123755
2021-01-29,34070.0,0.017035
2021-01-30,17097.0,0.0085485
2021-01-31,29323.0,0.0146615
2021-02-01,20525.0,0.0102625
2021-02-02,31263.0,0.0156315
2021-02-03,30408.0,0.015204
2021-02-04,25657.0,0.0128285
2021-02-05,27611.0,0.0138055
2021-02-06,13327.0,0.0066635
2021-02-07,30843.0,0.0154215
2021-02-08,25529.0,0.0127645
2021-02-09,24750.0,0.012375
2021-02-10,39542.0,0.019771
2021-02-11,48545.0,0.0242725
2021-02-12,19223.0,0.0096115
2021-02-13,44903.0,0.0224515
2021-02-14,52456.0,0.026228
2021-02-15,52470.0,0.026235
2021-02-16,40932.0,0.020465999999999998
2021-02-17,68437.0,0.0342185
2021-02-18,28508.0,0.014254000000000001
2021-02-19,54157.0,0.027078500000000002
2021-02-20,57811.0,0.0289055
2021-02-21,51118.0,0.025559
2021-02-22,20553.0,0.010276500000000001
2021-02-23,65660.0,0.03283
2021-02-24,75739.0,0.0378695
2021-02-25,65024.0,0.032512
2021-02-26,56216.0,0.028108
2021-02-27,78884.0,0.039442
2021-02-28,78246.0,0.039123
2021-03-01,81903.0,0.0409515
2021-03-02,60874.0,0.030437
2021-03-03,54059.0,0.0270295
2021-03-04,63471.0,0.0317355
2021-03-05,64962.0,0.032481
2021-03-06,68117.0,0.0340585
2021-03-07,55613.0,0.0278065
2021-03-08,72192.0,0.036096
2021-03-09,83798.0,0.041899
2021-03-10,83106.0,0.041553
2021-03-11,55197.0,0.0275985
2021-03-12,70731.0,0.0353655
2021-03-13,65722.0,0.032861
2021-03-14,77450.0,0.038725
2021-03-15,56503.0,0.0282515
2021-03-16,71620.0,0.03581
2021-03-17,73327.0,0.0366635
2021-03-18,64208.0,0.032104
2021-03-19,59790.0,0.029895
2021-03-20,99424.0,0.049712
2021-03-21,80509.0,0.0402545
2021-03-22,89837.0,0.0449185
2021-03-23,101733.0,0.0508665
2021-03-24,102691.0,0.0513455
2021-03-25,79358.0,0.039679
2021-03-26,73827.0,0.0369135
2021-03-27,92327.0,0.046163499999999996
2021-03-28,101300.0,0.05065
2021-03-29,104543.0,0.0522715
2021-03-30,101995.0,0.0509975
2021-03-31,98398.0,0.049199
2021-04-01,110199.0,0.0550995
2021-04-02,109547.0,0.0547735
2021-04-03,114970.0,0.057485
2021-04-04,118830.0,0.059415
2021-04-05,103216.0,0.051608
2021-04-06,109171.0,0.0545855
2021-04-07,122525.0,0.0612625
2021-04-08,122986.0,0.061493
2021-04-09,80551.0,0.0402755
2021-04-10,50760.0,0.02538
2021-04-11,47879.0,0.0239395
2021-04-12,107853.0,0.0539265
2021-04-13,122062.0,0.061031
2021-04-14,124342.0,0.062171
2021-04-15,122908.0,0.061454
2021-04-16,107071.0,0.0535355
2021-04-17,93991.0,0.0469955
2021-04-18,106901.0,0.0534505
2021-04-19,118074.0,0.059037
2021-04-20,99358.0,0.049679
2021-04-21,90783.0,0.0453915
2021-04-22,126797.0,0.0633985
2021-04-23,134969.0,0.0674845
2021-04-24,131069.0,0.0655345
2021-04-25,88598.0,0.044299
2021-04-26,69200.0,0.0346
2021-04-27,87791.0,0.043895500000000004
2021-04-28,64704.0,0.032352
2021-04-29,65765.0,0.0328825
2021-04-30,67440.0,0.03372
2021-05-01,63435.0,0.0317175
2021-05-02,109503.0,0.0547515
2021-05-03,134103.0,0.0670515
2021-05-04,91621.0,0.0458105
2021-05-05,106130.0,0.053065
2021-05-06,66240.0,0.033120000000000004
2021-05-07,103071.0,0.0515355
2021-05-08,125821.0,0.0629105
2021-05-09,75341.0,0.0376705
2021-05-10,74089.0,0.0370445
2021-05-11,86763.0,0.0433815
2021-05-12,95504.0,0.047752
2021-05-13,96348.0,0.048174
2021-05-14,102456.0,0.051228
2021-05-15,58666.0,0.029333
2021-05-16,67333.0,0.0336665
2021-05-17,105648.0,0.052824
2021-05-18,80758.0,0.040379
2021-05-19,110931.0,0.0554655
2021-05-20,127797.0,0.0638985
2021-05-21,75887.0,0.0379435
2021-05-22,93195.0,0.0465975
2021-05-23,105899.0,0.0529495
2021-05-24,85222.0,0.042611
2021-05-25,110891.0,0.0554455
2021-05-26,106060.0,0.05303
2021-05-27,130095.0,0.0650475
2021-05-28,129481.0,0.0647405
2021-05-29,112738.0,0.056369
2021-05-30,123376.0,0.061688
2021-05-31,135402.0,0.067701
2021-06-01,109461.0,0.0547305
2021-06-02,90739.0,0.0453695
2021-06-03,100390.0,0.050195000000000004
2021-06-04,70693.0,0.0353465
2021-06-05,114666.0,0.057333
2021-06-06,109512.0,0.054756
2021-06-07,110854.0,0.055427
2021-06-08,129499.0,0.0647495
2021-06-09,130856.0,0.065428
2021-06-10,131540.0,0.06577
2021-06-11,129052.0,0.064526
2021-06-12,119982.0,0.059991
2021-06-13,134180.0,0.06709
2021-06-14,142300.0,0.07115
2021-06-15,138036.0,0.069018
2021-06-16,117637.0,0.0588185
2021-06-17,73318.0,0.036659
2021-06-18,110918.0,0.055459
2021-06-19,92435.0,0.0462175
2021-06-20,83759.0,0.0418795
2021-06-21,105823.0,0.0529115
2021-06-22,91616.0,0.045808
2021-06-23,82875.0,0.0414375
2021-06-24,93612.0,0.046806
2021-06-25,122745.0,0.061372499999999997
2021-06-26,122331.0,0.0611655
2021-06-27,73474.0,0.036737
2021-06-28,88968.0,0.044484
2021-06-29,97469.0,0.0487345
2021-06-30,100544.0,0.050272
2021-07-01,122800.0,0.0614
2021-07-02,125438.0,0.062719
2021-07-03,85195.0,0.042597499999999996
2021-07-04,76965.0,0.0384825
2021-07-05,116337.0,0.0581685
2021-07-06,77865.0,0.0389325
2021-07-07,103073.0,0.0515365
2021-07-08,102291.0,0.051145499999999997
2021-07-09,123268.0,0.061634
2021-07-10,106641.0,0.0533205
2021-07-11,130719.0,0.0653595
2021-07-12,66824.0,0.033412
2021-07-13,77644.0,0.038822
2021-07-14,75596.0,0.037798
2021-07-15,94059.0,0.0470295
2021-07-16,105402.0,0.052701
2021-07-17,129483.0,0.0647415
2021-07-18,138707.0,0.0693535
2021-07-19,142253.0,0.0711265
2021-07-20,139573.0,0.0697865
2021-07-21,131265.0,0.0656325
2021-07-22,137884.0,0.068942
2021-07-23,108123.0,0.0540615
2021-07-24,94789.0,0.0473945
2021-07-25,101279.0,0.0506395
2021-07-26,108760.0,0.05438
2021-07-27,86961.0,0.0434805
2021-07-28,97052.0,0.048526
2021-07-29,119137.0,0.0595685
2021-07-30,91962.0,0.045981
2021-07-31,73986.0,0.036993
2021-08-01,107793.0,0.0538965
2021-08-02,116571.0,0.0582855
2021-08-03,76436.0,0.038218
2021-08-04,68017.0,0.034008500000000004
2021-08-05,101459.0,0.0507295
2021-08-06,96760.0,0.04838
2021-08-07,81834.0,0.040917
2021-08-08,104854.0,0.052427
2021-08-09,117839.0,0.0589195
2021-08-10,126825.0,0.0634125
2021-08-11,134062.0,0.06703100000000001
2021-08-12,113051.0,0.0565255
2021-08-13,120234.0,0.060117
2021-08-14,132551.0,0.0662755
2021-08-15,102609.0,0.0513045
2021-08-16,96218.0,0.048109
2021-08-17,97798.0,0.048899
2021-08-18,82780.0,0.04139
2021-08-19,87344.0,0.043672
2021-08-20,126258.0,0.063129
2021-08-21,110881.0,0.0554405
2021-08-22,94273.0,0.0471365
2021-08-23,112629.0,0.0563145
2021-08-24,106364.0,0.053182
2021-08-25,129288.0,0.064644
2021-08-26,123198.0,0.061599
2021-08-27,120126.0,0.060063
2021-08-28,123957.0,0.0619785
2021-08-29,112247.0,0.0561235
2021-08-30,107228.0,0.053614
2021-08-31,116489.0,0.0582445
2021-09-01,121049.0,0.0605245
2021-09-02,88914.0,0.044457
2021-09-03,82207.0,0.0411035
2021-09-04,104571.0,0.0522855
2021-09-05,125244.0,0.062622
2021-09-06,126142.0,0.063071
2021-09-07,114051.0,0.0570255
2021-09-08,94016.0,0.047008
2021-09-09,61308.0,0.030654
2021-09-10,76135.0,0.0380675
2021-09-11,111521.0,0.0557605
2021-09-12,121897.0,0.0609485
2021-09-13,103807.0,0.0519035
2021-09-14,62629.0,0.0313145
2021-09-15,62724.0,0.031362
2021-09-16,64333.0,0.0321665
2021-09-17,103713.0,0.0518565
2021-09-18,75332.0,0.037666
2021-09-19,75619.0,0.037809499999999996
2021-09-20,76248.0,0.038124
2021-09-21,89676.0,0.044838
2021-09-22,116590.0,0.058295
2021-09-23,116962.0,0.058481
2021-09-24,107308.0,0.053654
2021-09-25,74875.0,0.0374375
2021-09-26,72137.0,0.036068499999999996
2021-09-27,70462.0,0.035231
2021-09-28,80971.0,0.0404855
2021-09-29,88968.0,0.044484
2021-09-30,111244.0,0.055622
2021-10-01,80236.0,0.040118
2021-10-02,71950.0,0.035975
2021-10-03,33425.0,0.0167125
2021-10-04,63586.0,0.031793
2021-10-05,53872.0,0.026936
2021-10-06,91174.0,0.045587
2021-10-07,98404.0,0.049202
2021-10-08,104290.0,0.052145
2021-10-09,87895.0,0.0439475
2021-10-10,95193.0,0.0475965
2021-10-11,96654.0,0.048327
2021-10-12,92080.0,0.04604
2021-10-13,93443.0,0.0467215
2021-10-14,105885.0,0.052942499999999997
2021-10-15,88259.0,0.0441295
2021-10-16,94332.0,0.047166
2021-10-17,88057.0,0.0440285
2021-10-18,75102.0,0.037551
2021-10-19,81699.0,0.0408495
2021-10-20,43617.0,0.021808499999999998
2021-10-21,61227.0,0.0306135
2021-10-22,74181.0,0.0370905
2021-10-23,93707.0,0.0468535
2021-10-24,93465.0,0.0467325
2021-10-25,63086.0,0.031543
2021-10-26,64149.0,0.0320745
2021-10-27,83164.0,0.041582
2021-10-28,81716.0,0.040858
2021-10-29,40840.0,0.02042
2021-10-30,27813.0,0.0139065
2021-10-31,43207.0,0.0216035
2021-11-01,58620.0,0.02931
2021-11-02,51292.0,0.025646
2021-11-03,45088.0,0.022544
2021-11-04,56037.0,0.028018500000000002
2021-11-05,58871.0,0.0294355
2021-11-06,73429.0,0.0367145
2021-11-07,45485.0,0.0227425
2021-11-08,64336.0,0.032168
2021-11-09,70809.0,0.0354045
2021-11-10,47037.0,0.0235185
2021-11-11,57274.0,0.028637
2021-11-12,50528.0,0.025264
2021-11-13,29504.0,0.014752
2021-11-14,29176.0,0.014588
2021-11-15,18648.0,0.009324
2021-11-16,25216.0,0.012608
2021-11-17,27614.0,0.013807
2021-11-18,53430.0,0.026715
2021-11-19,62101.0,0.031050499999999998
2021-11-20,47202.0,0.023601
2021-11-21,22141.0,0.0110705
2021-11-22,37194.0,0.018597
2021-11-23,53213.0,0.0266065
2021-11-24,29112.0,0.014556
2021-11-25,20193.0,0.0100965
2021-11-26,28684.0,0.014342
2021-11-27,29932.0,0.014966
2021-11-28,31019.0,0.015509499999999999
2021-11-29,37246.0,0.018623
2021-11-30,45257.0,0.0226285
2021-12-01,23343.0,0.0116715
2021-12-02,38459.0,0.0192295
2021-12-03,32663.0,0.0163315
2021-12-04,20781.0,0.0103905
2021-12-05,33474.0,0.016737
2021-12-06,31291.0,0.0156455
2021-12-07,21368.0,0.010684
2021-12-08,24286.0,0.012143
2021-12-09,30544.0,0.015271999999999999
2021-12-10,19009.0,0.009504499999999999
2021-12-11,35416.0,0.017708
2021-12-12,32524.0,0.016262
2021-12-13,42999.0,0.0214995
2021-12-14,44022.0,0.022011
2021-12-15,38577.0,0.0192885
2021-12-16,41115.0,0.0205575
2021-12-17,50508.0,0.025254
2021-12-18,55392.0,0.027696000000000002
2021-12-19,40193.0,0.0200965
2021-12-20,36854.0,0.018427
2021-12-21,47456.0,0.023728
2021-12-22,41770.0,0.020885
2021-12-23,36758.0,0.018379
2021-12-24,20169.0,0.0100845
2021-12-25,26903.0,0.0134515
2021-12-26,26336.0,0.013168000000000001
2021-12-27,19558.0,0.009779
2021-12-28,14912.0,0.007456
2021-12-29,18744.0,0.009372
2021-12-30,41098.0,0.020549
2021-12-31,53645.0,0.0268225
2022-01-01,55286.0,0.027643
2022-01-02,31274.0,0.015637
2022-01-03,35848.0,0.017924
2022-01-04,23074.0,0.011537
2022-01-05,51214.0,0.025607
2022-01-06,58994.0,0.029497
2022-01-07,42077.0,0.021038499999999998
2022-01-08,29294.0,0.014647
2022-01-09,21849.0,0.0109245
2022-01-10,26174.0,0.013087
2022-01-11,60992.0,0.030496
2022-01-12,62211.0,0.0311055
2022-01-13,63797.0,0.0318985
2022-01-14,68500.0,0.03425
2022-01-15,67073.0,0.0335365
2022-01-16,55052.0,0.027526000000000002
2022-01-17,44779.0,0.0223895
2022-01-18,45417.0,0.0227085
2022-01-19,24015.0,0.0120075
2022-01-20,43567.0,0.0217835
2022-01-21,68959.0,0.0344795
2022-01-22,61491.0,0.0307455
2022-01-23,62958.0,0.031479
2022-01-24,77094.0,0.038547
2022-01-25,67143.0,0.033571500000000004
2022-01-26,60880.0,0.03044
2022-01-27,56207.0,0.0281035
2022-01-28,48136.0,0.024068
2022-01-29,42588.0,0.021294
2022-01-30,51917.0,0.0259585
2022-01-31,45373.0,0.0226865
2022-02-01,43913.0,0.0219565
2022-02-02,42663.0,0.0213315
2022-02-03,41417.0,0.0207085
2022-02-04,38161.0,0.0190805
2022-02-05,83330.0,0.041665
2022-02-06,42944.0,0.021471999999999998
2022-02-07,73947.0,0.0369735
2022-02-08,87874.0,0.043937000000000004
2022-02-09,89184.0,0.044592
2022-02-10,70539.0,0.0352695
2022-02-11,81059.0,0.0405295
2022-02-12,87209.0,0.0436045
2022-02-13,76709.0,0.0383545
2022-02-14,39179.0,0.0195895
2022-02-15,58644.0,0.029322
2022-02-16,27904.0,0.013952
2022-02-17,58062.0,0.029031
2022-02-18,65816.0,0.032908
2022-02-19,82954.0,0.041477
2022-02-20,58851.0,0.0294255
2022-02-21,64720.0,0.03236
2022-02-22,72084.0,0.036042
2022-02-23,93700.0,0.04685
2022-02-24,61590.0,0.030795
2022-02-25,105851.0,0.0529255
2022-02-26,129381.0,0.0646905
2022-02-27,109090.0,0.054544999999999996
2022-02-28,120348.0,0.060174
2022-03-01,97219.0,0.0486095
2022-03-02,49653.0,0.0248265
2022-03-03,77742.0,0.038870999999999996
2022-03-04,69659.0,0.0348295
2022-03-05,85813.0,0.0429065
2022-03-06,104700.0,0.05235
2022-03-07,128422.0,0.064211
2022-03-08,86537.0,0.0432685
2022-03-09,110518.0,0.055259
2022-03-10,79007.0,0.0395035
2022-03-11,50626.0,0.025313
2022-03-12,60699.0,0.0303495
2022-03-13,45404.0,0.022702
2022-03-14,77715.0,0.0388575
2022-03-15,57507.0,0.028753499999999998
2022-03-16,46919.0,0.0234595
2022-03-17,38559.0,0.0192795
2022-03-18,73031.0,0.0365155
2022-03-19,102847.0,0.0514235
2022-03-20,73082.0,0.036541
2022-03-21,110739.0,0.0553695
2022-03-22,133600.0,0.0668
2022-03-23,144381.0,0.0721905
2022-03-24,142896.0,0.071448
2022-03-25,132363.0,0.0661815
2022-03-26,143469.0,0.0717345
2022-03-27,127794.0,0.063897
2022-03-28,119126.0,0.059563
2022-03-29,76619.0,0.038309499999999996
2022-03-30,45749.0,0.0228745
2022-03-31,83115.0,0.0415575
2022-04-01,85444.0,0.042721999999999996
2022-04-02,88709.0,0.0443545
2022-04-03,93344.0,0.046672
2022-04-04,147335.0,0.0736675
2022-04-05,109423.0,0.0547115
2022-04-06,66210.0,0.033105
2022-04-07,66916.0,0.033458
2022-04-08,75666.0,0.037833
2022-04-09,133798.0,0.066899
2022-04-10,169599.0,0.0847995
2022-04-11,130066.0,0.065033
2022-04-12,95549.0,0.0477745
2022-04-13,91515.0,0.0457575
2022-04-14,149889.0,0.0749445
2022-04-15,152037.0,0.0760185
2022-04-16,169973.0,0.0849865
2022-04-17,172042.0,0.086021
2022-04-18,139926.0,0.069963
2022-04-19,114176.0,0.057088
2022-04-20,77956.0,0.038978
2022-04-21,102502.0,0.051251
2022-04-22,139812.0,0.069906
2022-04-23,62637.0,0.0313185
2022-04-24,80738.0,0.040369
2022-04-25,125452.0,0.062726
2022-04-26,164078.0,0.082039
2022-04-27,149457.0,0.0747285
2022-04-28,136034.0,0.068017
2022-04-29,139889.0,0.06994449999999999
2022-04-30,152614.0,0.076307
2022-05-01,159217.0,0.0796085
2022-05-02,142161.0,0.0710805
2022-05-03,126062.0,0.063031
2022-05-04,123675.0,0.0618375
2022-05-05,127765.0,0.0638825
2022-05-06,138096.0,0.069048
2022-05-07,155201.0,0.0776005
2022-05-08,148426.0,0.074213
2022-05-09,172452.0,0.086226
2022-05-10,170595.0,0.0852975
2022-05-11,176792.0,0.088396
2022-05-12,130065.0,0.06503250000000001
2022-05-13,154179.0,0.0770895
2022-05-14,170124.0,0.085062
2022-05-15,156474.0,0.078237
2022-05-16,160063.0,0.0800315
2022-05-17,176810.0,0.088405
2022-05-18,170822.0,0.085411
2022-05-19,147936.0,0.073968
2022-05-20,143742.0,0.071871
2022-05-21,171546.0,0.085773
2022-05-22,136191.0,0.0680955
2022-05-23,95015.0,0.0475075
2022-05-24,121164.0,0.060582
2022-05-25,137410.0,0.068705
2022-05-26,119058.0,0.059529
2022-05-27,146590.0,0.073295
2022-05-28,186107.0,0.0930535
2022-05-29,188660.0,0.09433
2022-05-30,170231.0,0.0851155
2022-05-31,155343.0,0.0776715
2022-06-01,172300.0,0.08615
2022-06-02,157763.0,0.0788815
2022-06-03,133887.0,0.0669435
2022-06-04,137306.0,0.068653
2022-06-05,124421.0,0.0622105
2022-06-06,143552.0,0.07177599999999999
2022-06-07,146238.0,0.073119
2022-06-08,97534.0,0.048767
2022-06-09,153470.0,0.076735
2022-06-10,183524.0,0.091762
2022-06-11,185165.0,0.0925825
2022-06-12,163580.0,0.08179
2022-06-13,181290.0,0.090645
2022-06-14,183261.0,0.0916305
2022-06-15,174887.0,0.0874435
2022-06-16,175596.0,0.087798
2022-06-17,182278.0,0.091139
2022-06-18,180330.0,0.090165
2022-06-19,165780.0,0.08289
2022-06-20,148026.0,0.074013
2022-06-21,122468.0,0.061234000000000004
2022-06-22,121168.0,0.060584
2022-06-23,133685.0,0.0668425
2022-06-24,128876.0,0.064438
2022-06-25,118131.0,0.0590655
2022-06-26,102890.0,0.051445
2022-06-27,125512.0,0.06275599999999999
2022-06-28,177171.0,0.0885855
2022-06-29,165062.0,0.08253100000000001
2022-06-30,95271.0,0.0476355
2022-07-01,168737.0,0.0843685
2022-07-02,193530.0,0.096765
2022-07-03,176660.0,0.08833
2022-07-04,155042.0,0.077521
2022-07-05,186802.0,0.093401
2022-07-06,180155.0,0.0900775
2022-07-07,166640.0,0.08332
2022-07-08,196634.0,0.098317
2022-07-09,190479.0,0.0952395
2022-07-10,193604.0,0.096802
2022-07-11,189700.0,0.09485
2022-07-12,187864.0,0.093932
2022-07-13,179930.0,0.089965
2022-07-14,183814.0,0.091907
2022-07-15,183571.0,0.0917855
2022-07-16,185170.0,0.092585
2022-07-17,181050.0,0.090525
2022-07-18,175642.0,0.087821
2022-07-19,160769.0,0.0803845
2022-07-20,130704.0,0.065352
2022-07-21,167908.0,0.083954
2022-07-22,132415.0,0.0662075
2022-07-23,157452.0,0.078726
2022-07-24,182058.0,0.091029
2022-07-25,130409.0,0.0652045
2022-07-26,150933.0,0.07546649999999999
2022-07-27,171634.0,0.085817
2022-07-28,153110.0,0.076555
2022-07-29,121366.0,0.060683
2022-07-30,162926.0,0.08146300000000001
2022-07-31,173676.0,0.086838
2022-08-01,167410.0,0.083705
2022-08-02,183001.0,0.0915005
2022-08-03,176347.0,0.0881735
2022-08-04,156600.0,0.0783
2022-08-05,155663.0,0.0778315
2022-08-06,182722.0,0.091361
2022-08-07,188109.0,0.0940545
2022-08-08,185221.0,0.0926105
2022-08-09,178601.0,0.0893005
2022-08-10,176742.0,0.088371
2022-08-11,171735.0,0.0858675
2022-08-12,173105.0,0.0865525
2022-08-13,163278.0,0.081639
2022-08-14,94382.0,0.047191000000000004
2022-08-15,130090.0,0.065045
2022-08-16,124378.0,0.062189
2022-08-17,102568.0,0.051284
2022-08-18,114340.0,0.05717
2022-08-19,121496.0,0.060748
2022-08-20,154341.0,0.0771705
2022-08-21,129728.0,0.064864
2022-08-22,127492.0,0.063746
2022-08-23,138535.0,0.0692675
2022-08-24,165776.0,0.082888
2022-08-25,132966.0,0.066483
2022-08-26,134748.0,0.067374
2022-08-27,151189.0,0.0755945
2022-08-28,164925.0,0.0824625
2022-08-29,133044.0,0.066522
2022-08-30,129754.0,0.064877
2022-08-31,127259.0,0.0636295
2022-09-01,145443.0,0.0727215
2022-09-02,111086.0,0.055543
2022-09-03,120763.0,0.0603815
2022-09-04,156964.0,0.078482
2022-09-05,146293.0,0.0731465
2022-09-06,130341.0,0.0651705
2022-09-07,95245.0,0.0476225
2022-09-08,121977.0,0.0609885
2022-09-09,111596.0,0.055798
2022-09-10,135785.0,0.0678925
2022-09-11,161786.0,0.080893
2022-09-12,143384.0,0.071692
2022-09-13,82024.0,0.041012
2022-09-14,95653.0,0.0478265
2022-09-15,120232.0,0.060116
2022-09-16,119585.0,0.0597925
2022-09-17,159001.0,0.0795005
2022-09-18,160455.0,0.0802275
2022-09-19,158207.0,0.0791035
2022-09-20,152372.0,0.076186
2022-09-21,156810.0,0.078405
2022-09-22,153946.0,0.076973
2022-09-23,82474.0,0.041237
2022-09-24,74428.0,0.037214
2022-09-25,100781.0,0.0503905
2022-09-26,93522.0,0.046761
2022-09-27,84119.0,0.0420595
2022-09-28,76932.0,0.038466
2022-09-29,83123.0,0.0415615
2022-09-30,116131.0,0.0580655
2022-10-01,71004.0,0.035502
2022-10-02,97162.0,0.048581
2022-10-03,107163.0,0.0535815
2022-10-04,132280.0,0.06614
2022-10-05,120869.0,0.0604345
2022-10-06,104171.0,0.0520855
2022-10-07,117386.0,0.058693
2022-10-08,86591.0,0.0432955
2022-10-09,120937.0,0.0604685
2022-10-10,81550.0,0.040775
2022-10-11,83878.0,0.041939
2022-10-12,92416.0,0.046208
2022-10-13,54291.0,0.0271455
2022-10-14,49716.0,0.024857999999999998
2022-10-15,87232.0,0.043616
2022-10-16,96164.0,0.048082
2022-10-17,65815.0,0.0329075
2022-10-18,100627.0,0.0503135
2022-10-19,77006.0,0.038503
2022-10-20,55350.0,0.027674999999999998
2022-10-21,50233.0,0.0251165
2022-10-22,93843.0,0.0469215
2022-10-23,55551.0,0.027775499999999998
2022-10-24,80002.0,0.040001
2022-10-25,65646.0,0.032823
2022-10-26,87564.0,0.043782
2022-10-27,62815.0,0.0314075
2022-10-28,73100.0,0.03655
2022-10-29,71100.0,0.03555
2022-10-30,74142.0,0.037071
2022-10-31,60714.0,0.030357
2022-11-01,84822.0,0.042411
2022-11-02,95102.0,0.047550999999999996
2022-11-03,26475.0,0.0132375
2022-11-04,57366.0,0.028683
2022-11-05,82018.0,0.041009
2022-11-06,68842.0,0.034421
2022-11-07,84889.0,0.0424445
2022-11-08,42487.0,0.0212435
2022-11-09,34256.0,0.017128
2022-11-10,74835.0,0.0374175
2022-11-11,83925.0,0.0419625
2022-11-12,81189.0,0.0405945
2022-11-13,70443.0,0.0352215
2022-11-14,30031.0,0.0150155
2022-11-15,25643.0,0.0128215
2022-11-16,63705.0,0.0318525
2022-11-17,48297.0,0.0241485
2022-11-18,55766.0,0.027883
2022-11-19,63730.0,0.031865
2022-11-20,56837.0,0.0284185
2022-11-21,18554.0,0.009277
2022-11-22,48928.0,0.024464
2022-11-23,45587.0,0.0227935
2022-11-24,49958.0,0.024979
2022-11-25,49072.0,0.024536
2022-11-26,50333.0,0.0251665
2022-11-27,44639.0,0.0223195
2022-11-28,30155.0,0.015077499999999999
2022-11-29,37895.0,0.0189475
2022-11-30,45945.0,0.0229725
2022-12-01,31778.0,0.015889
2022-12-02,21594.0,0.010797
2022-12-03,17139.0,0.0085695
2022-12-04,26103.0,0.0130515
2022-12-05,49484.0,0.024742
2022-12-06,36593.0,0.0182965
2022-12-07,44888.0,0.022444
2022-12-08,21323.0,0.010661499999999999
2022-12-09,27803.0,0.013901499999999999
2022-12-10,42740.0,0.02137
2022-12-11,43859.0,0.0219295
2022-12-12,27612.0,0.013806
2022-12-13,21282.0,0.010641
2022-12-14,23490.0,0.011745
2022-12-15,16808.0,0.008404
2022-12-16,41763.0,0.0208815
2022-12-17,49040.0,0.02452
2022-12-18,39924.0,0.019962
2022-12-19,27507.0,0.0137535
2022-12-20,14356.0,0.0071779999999999995
2022-12-21,31217.0,0.015608499999999999
2022-12-22,22178.0,0.011089
2022-12-23,24002.0,0.012001
2022-12-24,38744.0,0.019372
2022-12-25,37073.0,0.0185365
2022-12-26,29648.0,0.014824
2022-12-27,43765.0,0.0218825
2022-12-28,41207.0,0.0206035
2022-12-29,21783.0,0.0108915
2022-12-30,19461.0,0.0097305
2022-12-31,34017.0,0.0170085
2023-01-01,32578.0,0.016288999999999998
2023-01-02,27312.0,0.013656
2023-01-03,44324.0,0.022162
2023-01-04,42219.0,0.0211095
2023-01-05,38749.0,0.0193745
2023-01-06,36289.0,0.0181445
2023-01-07,38095.0,0.0190475
2023-01-08,21151.0,0.0105755
2023-01-09,44882.0,0.022441
2023-01-10,47070.0,0.023535
2023-01-11,36229.0,0.0181145
2023-01-12,41569.0,0.0207845
2023-01-13,48976.0,0.024488
2023-01-14,38115.0,0.0190575
2023-01-15,47118.0,0.023559
2023-01-16,28484.0,0.014242
2023-01-17,27447.0,0.0137235
2023-01-18,49743.0,0.0248715
2023-01-19,34370.0,0.017185
2023-01-20,58483.0,0.0292415
2023-01-21,63040.0,0.03152
2023-01-22,41447.0,0.0207235
2023-01-23,26204.0,0.013101999999999999
2023-01-24,35211.0,0.0176055
2023-01-25,25951.0,0.0129755
2023-01-26,35006.0,0.017503
2023-01-27,37901.0,0.0189505
2023-01-28,30167.0,0.0150835
2023-01-29,65990.0,0.032995000000000003
2023-01-30,65877.0,0.0329385
2023-01-31,63368.0,0.031684000000000004
2023-02-01,60137.0,0.0300685
2023-02-02,75140.0,0.03757
2023-02-03,86264.0,0.043132000000000004
2023-02-04,66505.0,0.0332525
2023-02-05,66336.0,0.033168
2023-02-06,98159.0,0.0490795
2023-02-07,90344.0,0.045172
2023-02-08,116322.0,0.058161
2023-02-09,106804.0,0.053402
2023-02-10,113532.0,0.056766
2023-02-11,119140.0,0.05957
2023-02-12,116365.0,0.0581825
2023-02-13,124560.0,0.06228
2023-02-14,119653.0,0.0598265
2023-02-15,115053.0,0.0575265
2023-02-16,102653.0,0.0513265
2023-02-17,86323.0,0.0431615
2023-02-18,94109.0,0.0470545
2023-02-19,84927.0,0.0424635
2023-02-20,122907.0,0.0614535
2023-02-21,82541.0,0.0412705
2023-02-22,36289.0,0.0181445
2023-02-23,37809.0,0.0189045
2023-02-24,65826.0,0.032913
2023-02-25,63153.0,0.0315765
2023-02-26,130715.0,0.0653575
2023-02-27,90969.0,0.0454845
2023-02-28,93946.0,0.046973
2023-03-01,134119.0,0.0670595
2023-03-02,99917.0,0.0499585
2023-03-03,101456.0,0.050728
2023-03-04,121761.0,0.0608805
2023-03-05,130313.0,0.0651565
2023-03-06,94004.0,0.047002
2023-03-07,67091.0,0.0335455
2023-03-08,56638.0,0.028319
2023-03-09,87425.0,0.0437125
2023-03-10,72883.0,0.0364415
2023-03-11,69901.0,0.0349505
2023-03-12,101399.0,0.0506995
2023-03-13,105708.0,0.052854
2023-03-14,106391.0,0.0531955
2023-03-15,138410.0,0.069205
2023-03-16,155148.0,0.077574
2023-03-17,97495.0,0.0487475
2023-03-18,102612.0,0.051306
2023-03-19,95960.0,0.04798
2023-03-20,150796.0,0.075398
2023-03-21,109635.0,0.0548175
2023-03-22,115510.0,0.057755
2023-03-23,90377.0,0.0451885
2023-03-24,87197.0,0.0435985
2023-03-25,118613.0,0.0593065
2023-03-26,98586.0,0.049293
2023-03-27,125427.0,0.0627135
2023-03-28,163156.0,0.081578
2023-03-29,131084.0,0.065542
2023-03-30,122322.0,0.061161
2023-03-31,103157.0,0.0515785
2023-04-01,107865.0,0.0539325
2023-04-02,95073.0,0.0475365
2023-04-03,132202.0,0.066101
2023-04-04,198188.0,0.099094
2023-04-05,198752.0,0.099376
2023-04-06,149945.0,0.0749725
2023-04-07,174892.0,0.087446
2023-04-08,196850.0,0.098425
2023-04-09,193569.0,0.0967845
2023-04-10,118177.0,0.0590885
2023-04-11,135793.0,0.0678965
2023-04-12,97898.0,0.048949
2023-04-13,139938.0,0.069969
2023-04-14,104303.0,0.0521515
2023-04-15,147803.0,0.0739015
2023-04-16,176347.0,0.0881735
2023-04-17,161020.0,0.08051
2023-04-18,160307.0,0.0801535
2023-04-19,194813.0,0.09740650000000001
2023-04-20,178842.0,0.089421
2023-04-21,171550.0,0.085775
2023-04-22,97864.0,0.048932
2023-04-23,112837.0,0.0564185
2023-04-24,134848.0,0.067424
2023-04-25,126437.0,0.0632185
2023-04-26,131181.0,0.0655905
2023-04-27,148899.0,0.0744495
2023-04-28,150958.0,0.075479
2023-04-29,113233.0,0.0566165
2023-04-30,146617.0,0.0733085
2023-05-01,150864.0,0.075432
2023-05-02,210638.0,0.105319
2023-05-03,224454.0,0.112227
2023-05-04,192727.0,0.0963635
2023-05-05,169818.0,0.084909
2023-05-06,180145.0,0.0900725
2023-05-07,128875.0,0.0644375
2023-05-08,144632.0,0.072316
2023-05-09,87691.0,0.0438455
2023-05-10,164403.0,0.0822015
2023-05-11,156112.0,0.078056
2023-05-12,130767.0,0.0653835
2023-05-13,141177.0,0.0705885
2023-05-14,169662.0,0.084831
2023-05-15,155631.0,0.0778155
2023-05-16,175536.0,0.087768
2023-05-17,193436.0,0.096718
2023-05-18,165830.0,0.082915
2023-05-19,163595.0,0.0817975
2023-05-20,131903.0,0.0659515
2023-05-21,107807.0,0.0539035
2023-05-22,156806.0,0.078403
2023-05-23,141608.0,0.070804
2023-05-24,182608.0,0.091304
2023-05-25,182276.0,0.091138
2023-05-26,222900.0,0.11145000000000001
2023-05-27,201290.0,0.100645
2023-05-28,170163.0,0.0850815
2023-05-29,163929.0,0.0819645
2023-05-30,212562.0,0.106281
2023-05-31,185422.0,0.092711
2023-06-01,196724.0,0.098362
2023-06-02,209631.0,0.1048155
2023-06-03,187620.0,0.09381
2023-06-04,172914.0,0.086457
2023-06-05,205339.0,0.1026695
2023-06-06,194745.0,0.0973725
2023-06-07,204241.0,0.1021205
2023-06-08,193895.0,0.0969475
2023-06-09,124774.0,0.062387
2023-06-10,183006.0,0.091503
2023-06-11,168943.0,0.0844715
2023-06-12,168786.0,0.084393
2023-06-13,162946.0,0.081473
2023-06-14,199566.0,0.099783
2023-06-15,200350.0,0.100175
2023-06-16,213397.0,0.1066985
2023-06-17,198559.0,0.0992795
2023-06-18,154324.0,0.077162
2023-06-19,150013.0,0.0750065
2023-06-20,139814.0,0.069907
2023-06-21,145945.0,0.0729725
2023-06-22,132113.0,0.0660565
2023-06-23,218790.0,0.109395
2023-06-24,236957.0,0.1184785
2023-06-25,213427.0,0.1067135
2023-06-26,197551.0,0.0987755
2023-06-27,202689.0,0.1013445
2023-06-28,205212.0,0.102606
2023-06-29,160302.0,0.080151
2023-06-30,141808.0,0.070904
2023-07-01,129554.0,0.064777
2023-07-02,146697.0,0.0733485
2023-07-03,184428.0,0.092214
2023-07-04,173230.0,0.086615
2023-07-05,179840.0,0.08992
2023-07-06,215501.0,0.1077505
2023-07-07,212373.0,0.1061865
2023-07-08,212624.0,0.106312
2023-07-09,191553.0,0.0957765
2023-07-10,214231.0,0.1071155
2023-07-11,187327.0,0.0936635
2023-07-12,157041.0,0.07852050000000001
2023-07-13,196038.0,0.098019
2023-07-14,223794.0,0.111897
2023-07-15,125183.0,0.0625915
2023-07-16,148617.0,0.0743085
2023-07-17,203100.0,0.10155
2023-07-18,197733.0,0.0988665
2023-07-19,186710.0,0.093355
2023-07-20,202534.0,0.101267
2023-07-21,181447.0,0.0907235
2023-07-22,208798.0,0.104399
2023-07-23,143961.0,0.0719805
2023-07-24,142060.0,0.07103
2023-07-25,155484.0,0.077742
2023-07-26,176483.0,0.0882415
2023-07-27,180364.0,0.090182
2023-07-28,157479.0,0.0787395
2023-07-29,154685.0,0.0773425
2023-07-30,160604.0,0.080302
2023-07-31,185669.0,0.0928345
2023-08-01,151404.0,0.075702
2023-08-02,155927.0,0.0779635
2023-08-03,148656.0,0.074328
2023-08-04,160581.0,0.0802905
2023-08-05,161063.0,0.0805315
2023-08-06,178170.0,0.089085
2023-08-07,216123.0,0.1080615
2023-08-08,215955.0,0.1079775
2023-08-09,210918.0,0.105459
2023-08-10,198029.0,0.0990145
2023-08-11,187196.0,0.093598
2023-08-12,171732.0,0.085866
2023-08-13,179094.0,0.089547
2023-08-14,170573.0,0.0852865
2023-08-15,166340.0,0.08317
2023-08-16,167882.0,0.083941
2023-08-17,186866.0,0.093433
2023-08-18,180323.0,0.0901615
2023-08-19,187258.0,0.093629
2023-08-20,203719.0,0.1018595
2023-08-21,203512.0,0.101756
2023-08-22,196583.0,0.0982915
2023-08-23,185321.0,0.09266049999999999
2023-08-24,166074.0,0.083037
2023-08-25,118105.0,0.0590525
2023-08-26,121126.0,0.060563
2023-08-27,123763.0,0.0618815
2023-08-28,141045.0,0.0705225
2023-08-29,140112.0,0.070056
2023-08-30,148868.0,0.074434
2023-08-31,152244.0,0.076122
2023-09-01,175906.0,0.087953
2023-09-02,154787.0,0.0773935
2023-09-03,191979.0,0.0959895
2023-09-04,188897.0,0.0944485
2023-09-05,181286.0,0.090643
2023-09-06,186258.0,0.093129
2023-09-07,191516.0,0.095758
2023-09-08,188236.0,0.09411800000000001
2023-09-09,196229.0,0.09811450000000001
2023-09-10,186301.0,0.0931505
2023-09-11,152887.0,0.0764435
2023-09-12,111360.0,0.05568
2023-09-13,127254.0,0.063627
2023-09-14,172962.0,0.086481
2023-09-15,171134.0,0.085567
2023-09-16,123737.0,0.0618685
2023-09-17,115800.0,0.0579
2023-09-18,128865.0,0.0644325
2023-09-19,151821.0,0.0759105
2023-09-20,125080.0,0.06254
2023-09-21,65558.0,0.032779
2023-09-22,134392.0,0.067196
2023-09-23,156417.0,0.0782085
2023-09-24,168622.0,0.084311
2023-09-25,175752.0,0.087876
2023-09-26,168735.0,0.0843675
2023-09-27,145361.0,0.0726805
2023-09-28,153620.0,0.07681
2023-09-29,135921.0,0.06796050000000001
2023-09-30,164535.0,0.0822675
2023-10-01,165359.0,0.0826795
2023-10-02,169779.0,0.0848895
2023-10-03,101823.0,0.0509115
2023-10-04,151247.0,0.0756235
2023-10-05,160286.0,0.080143
2023-10-06,173861.0,0.0869305
2023-10-07,171442.0,0.085721
2023-10-08,165339.0,0.08266949999999999
2023-10-09,156951.0,0.0784755
2023-10-10,156940.0,0.07847
2023-10-11,151161.0,0.0755805
2023-10-12,124062.0,0.062031
2023-10-13,114428.0,0.057214
2023-10-14,82147.0,0.0410735
2023-10-15,131890.0,0.065945
2023-10-16,115620.0,0.05781
2023-10-17,95176.0,0.047588
2023-10-18,53069.0,0.0265345
2023-10-19,49908.0,0.024954
2023-10-20,61315.0,0.0306575
2023-10-21,106777.0,0.0533885
2023-10-22,105012.0,0.052506
2023-10-23,53378.0,0.026689
2023-10-24,87842.0,0.043921
2023-10-25,52333.0,0.0261665
2023-10-26,33593.0,0.0167965
2023-10-27,82890.0,0.041445
2023-10-28,84795.0,0.0423975
2023-10-29,48954.0,0.024477
2023-10-30,32985.0,0.0164925
2023-10-31,93418.0,0.046709
2023-11-01,60770.0,0.030385
2023-11-02,41128.0,0.020564
2023-11-03,60620.0,0.03031
2023-11-04,38321.0,0.0191605
2023-11-05,78687.0,0.0393435
2023-11-06,73316.0,0.036658
2023-11-07,92671.0,0.0463355
2023-11-08,97833.0,0.0489165
2023-11-09,49373.0,0.0246865
2023-11-10,65427.0,0.0327135
2023-11-11,73922.0,0.036961
2023-11-12,46024.0,0.023012
2023-11-13,47378.0,0.023688999999999998
2023-11-14,54715.0,0.0273575
2023-11-15,85226.0,0.042613
2023-11-16,40993.0,0.0204965
2023-11-17,74568.0,0.037284
2023-11-18,69187.0,0.0345935
2023-11-19,78259.0,0.0391295
2023-11-20,52078.0,0.026039
2023-11-21,48172.0,0.024086
2023-11-22,75355.0,0.0376775
2023-11-23,73943.0,0.0369715
2023-11-24,43694.0,0.021847
2023-11-25,88151.0,0.0440755
2023-11-26,90243.0,0.0451215
2023-11-27,21671.0,0.0108355
2023-11-28,59914.0,0.029957
2023-11-29,65045.0,0.0325225
2023-11-30,22567.0,0.0112835
2023-12-01,15836.0,0.007918
2023-12-02,62137.0,0.0310685
2023-12-03,82699.0,0.0413495
2023-12-04,28409.0,0.0142045
2023-12-05,55118.0,0.027559
2023-12-06,63419.0,0.0317095
2023-12-07,39383.0,0.0196915
2023-12-08,36340.0,0.01817
2023-12-09,18963.0,0.0094815
2023-12-10,46024.0,0.023012
2023-12-11,30363.0,0.0151815
2023-12-12,26020.0,0.01301
2023-12-13,30811.0,0.0154055
2023-12-14,43609.0,0.0218045
2023-12-15,50440.0,0.02522
2023-12-16,77890.0,0.038945
2023-12-17,74760.0,0.03738
2023-12-18,64726.0,0.032363
2023-12-19,37682.0,0.018841
2023-12-20,49179.0,0.0245895
2023-12-21,24921.0,0.0124605
2023-12-22,37092.0,0.018546
2023-12-23,45436.0,0.022718
2023-12-24,56335.0,0.0281675
2023-12-25,53214.0,0.026607
2023-12-26,53931.0,0.0269655
2023-12-27,75238.0,0.037619
2023-12-28,32118.0,0.016059
2023-12-29,38768.0,0.019384
2023-12-30,59516.0,0.029758
2023-12-31,33781.0,0.0168905
2024-01-01,53130.0,0.026565000000000002
2024-01-02,18446.0,0.009223
2024-01-03,35249.0,0.0176245
2024-01-04,55871.0,0.0279355
2024-01-05,31775.0,0.0158875
2024-01-06,45263.0,0.0226315
2024-01-07,38082.0,0.019041
2024-01-08,31719.0,0.0158595
2024-01-09,49102.0,0.024551
2024-01-10,20779.0,0.0103895
2024-01-11,45320.0,0.02266
2024-01-12,58610.0,0.029305
2024-01-13,56101.0,0.028050500000000003
2024-01-14,43177.0,0.0215885
2024-01-15,42204.0,0.021102
2024-01-16,49460.0,0.02473
2024-01-17,19876.0,0.009938
2024-01-18,41732.0,0.020866
2024-01-19,65115.0,0.0325575
2024-01-20,101770.0,0.050885
2024-01-21,66324.0,0.033162
2024-01-22,39490.0,0.019745
2024-01-23,59555.0,0.0297775
2024-01-24,57842.0,0.028921
2024-01-25,82099.0,0.0410495
2024-01-26,53007.0,0.0265035
2024-01-27,94240.0,0.04712
2024-01-28,89171.0,0.0445855
2024-01-29,85826.0,0.042913
2024-01-30,86085.0,0.0430425
2024-01-31,90982.0,0.045491
2024-02-01,36251.0,0.0181255
2024-02-02,71320.0,0.03566
2024-02-03,73922.0,0.036961
2024-02-04,62477.0,0.0312385
2024-02-05,63189.0,0.0315945
2024-02-06,53136.0,0.026568
2024-02-07,76435.0,0.0382175
2024-02-08,58837.0,0.0294185
2024-02-09,41219.0,0.0206095
2024-02-10,40771.0,0.0203855
2024-02-11,90395.0,0.0451975
2024-02-12,66082.0,0.033041
2024-02-13,117947.0,0.0589735
2024-02-14,113470.0,0.056735
2024-02-15,78082.0,0.039041
2024-02-16,54723.0,0.0273615
2024-02-17,110482.0,0.055241
2024-02-18,84656.0,0.042328
2024-02-19,76832.0,0.038416
2024-02-20,101821.0,0.050910500000000004
2024-02-21,77341.0,0.0386705
2024-02-22,36147.0,0.0180735
2024-02-23,89465.0,0.0447325
2024-02-24,104064.0,0.052032
2024-02-25,51886.0,0.025943
2024-02-26,76367.0,0.0381835
2024-02-27,61561.0,0.0307805
2024-02-28,107818.0,0.053909
2024-02-29,109236.0,0.054618
2024-03-01,99296.0,0.049648
2024-03-02,69557.0,0.0347785
2024-03-03,75480.0,0.03774
2024-03-04,116515.0,0.0582575
2024-03-05,119220.0,0.059609999999999996
2024-03-06,132775.0,0.0663875
2024-03-07,173858.0,0.086929
2024-03-08,82238.0,0.041119
2024-03-09,66824.0,0.033412
2024-03-10,108393.0,0.0541965
2024-03-11,101163.0,0.0505815
2024-03-12,110270.0,0.055135
2024-03-13,164514.0,0.082257
2024-03-14,167695.0,0.0838475
2024-03-15,130630.0,0.065315
2024-03-16,139501.0,0.06975050000000001
2024-03-17,115134.0,0.057567
2024-03-18,136027.0,0.0680135
2024-03-19,187746.0,0.093873
2024-03-20,157573.0,0.0787865
2024-03-21,178636.0,0.089318
2024-03-22,195029.0,0.0975145
2024-03-23,153265.0,0.0766325
2024-03-24,153123.0,0.0765615
2024-03-25,136388.0,0.068194
2024-03-26,56880.0,0.02844
2024-03-27,137500.0,0.06875
2024-03-28,163782.0,0.081891
2024-03-29,83161.0,0.0415805
2024-03-30,128247.0,0.0641235
2024-03-31,108027.0,0.0540135
2024-04-01,151092.0,0.075546
2024-04-02,175532.0,0.087766
2024-04-03,144490.0,0.072245
2024-04-04,168570.0,0.084285
2024-04-05,159698.0,0.079849
2024-04-06,118499.0,0.059249500000000004
2024-04-07,87934.0,0.043967
2024-04-08,144231.0,0.0721155
2024-04-09,128977.0,0.0644885
2024-04-10,184660.0,0.09233
2024-04-11,204341.0,0.1021705
2024-04-12,208524.0,0.104262
2024-04-13,186185.0,0.0930925
2024-04-14,183814.0,0.091907
2024-04-15,120362.0,0.060181
2024-04-16,138615.0,0.0693075
2024-04-17,173831.0,0.0869155
2024-04-18,192654.0,0.096327
2024-04-19,210727.0,0.1053635
2024-04-20,213557.0,0.1067785
2024-04-21,181971.0,0.0909855
2024-04-22,190692.0,0.095346
2024-04-23,197312.0,0.09865600000000001
2024-04-24,132468.0,0.066234
2024-04-25,158825.0,0.0794125
2024-04-26,145629.0,0.0728145
2024-04-27,120464.0,0.060232
2024-04-28,104851.0,0.0524255
2024-04-29,127432.0,0.063716
2024-04-30,146084.0,0.073042
2024-05-01,68184.0,0.034092
2024-05-02,127328.0,0.063664
2024-05-03,197607.0,0.0988035
2024-05-04,137670.0,0.068835
2024-05-05,142409.0,0.0712045
2024-05-06,134768.0,0.067384
2024-05-07,164479.0,0.08223950000000001
2024-05-08,221052.0,0.110526
2024-05-09,240877.0,0.1204385
2024-05-10,281299.0,0.14064949999999998
2024-05-11,232724.0,0.116362
2024-05-12,129402.0,0.064701
2024-05-13,179376.0,0.089688
2024-05-14,88888.0,0.044444
2024-05-15,158760.0,0.07938
2024-05-16,179733.0,0.0898665
2024-05-17,193578.0,0.096789
2024-05-18,162831.0,0.0814155
2024-05-19,157977.0,0.0789885
2024-05-20,165944.0,0.082972
2024-05-21,172055.0,0.0860275
2024-05-22,198706.0,0.099353
2024-05-23,193579.0,0.0967895
2024-05-24,194362.0,0.097181
2024-05-25,234360.0,0.11717999999999999
2024-05-26,152110.0,0.076055
2024-05-27,136354.0,0.068177
2024-05-28,218564.0,0.109282
2024-05-29,141007.0,0.0705035
2024-05-30,177807.0,0.0889035
2024-05-31,173624.0,0.086812
2024-06-01,146010.0,0.073005
2024-06-02,122542.0,0.061271
2024-06-03,223061.0,0.1115305
2024-06-04,241327.0,0.12066349999999999
2024-06-05,235878.0,0.117939
2024-06-06,240083.0,0.1200415
2024-06-07,217233.0,0.1086165
2024-06-08,156554.0,0.078277
2024-06-09,143546.0,0.071773
2024-06-10,221696.0,0.110848
2024-06-11,213221.0,0.1066105
2024-06-12,229651.0,0.1148255
2024-06-13,260930.0,0.130465
2024-06-14,151115.0,0.0755575
2024-06-15,146092.0,0.073046
2024-06-16,155184.0,0.077592
2024-06-17,209075.0,0.10453749999999999
2024-06-18,193312.0,0.096656
2024-06-19,167136.0,0.083568
2024-06-20,109129.0,0.0545645
2024-06-21,179553.0,0.0897765
2024-06-22,153228.0,0.076614
2024-06-23,181744.0,0.09087200000000001
2024-06-24,251612.0,0.125806
2024-06-25,238512.0,0.119256
2024-06-26,243170.0,0.121585
2024-06-27,227076.0,0.113538
2024-06-28,213608.0,0.106804
2024-06-29,118403.0,0.0592015
2024-06-30,165132.0,0.082566
2024-07-01,196777.0,0.0983885
2024-07-02,161248.0,0.080624
2024-07-03,198135.0,0.0990675
2024-07-04,193009.0,0.09650450000000001
2024-07-05,256995.0,0.1284975
2024-07-06,109299.0,0.0546495
2024-07-07,196085.0,0.0980425
2024-07-08,256485.0,0.1282425
2024-07-09,208569.0,0.1042845
2024-07-10,211779.0,0.1058895
2024-07-11,212403.0,0.1062015
2024-07-12,166789.0,0.0833945
2024-07-13,216550.0,0.108275
2024-07-14,182284.0,0.091142
2024-07-15,185650.0,0.092825
2024-07-16,210749.0,0.1053745
2024-07-17,261455.0,0.1307275
2024-07-18,270300.0,0.13515
2024-07-19,244188.0,0.12209400000000001
2024-07-20,230396.0,0.115198
2024-07-21,136364.0,0.068182
2024-07-22,203685.0,0.1018425
2024-07-23,226687.0,0.1133435
2024-07-24,244997.0,0.1224985
2024-07-25,254573.0,0.1272865
2024-07-26,215627.0,0.1078135
2024-07-27,176567.0,0.0882835
2024-07-28,215636.0,0.107818
2024-07-29,261305.0,0.1306525
2024-07-30,221825.0,0.1109125
2024-07-31,219545.0,0.1097725
2024-08-01,205848.0,0.102924
2024-08-02,219674.0,0.109837
2024-08-03,215496.0,0.107748
2024-08-04,215355.0,0.1076775
2024-08-05,269278.0,0.134639
2024-08-06,228935.0,0.1144675
2024-08-07,207184.0,0.103592
2024-08-08,258670.0,0.129335
2024-08-09,233441.0,0.1167205
2024-08-10,217272.0,0.108636
2024-08-11,214837.0,0.1074185
2024-08-12,207659.0,0.1038295
2024-08-13,173166.0,0.08658300000000001
2024-08-14,140013.0,0.0700065
2024-08-15,207781.0,0.1038905
2024-08-16,205848.0,0.102924
2024-08-17,156366.0,0.078183
2024-08-18,186875.0,0.0934375
2024-08-19,246432.0,0.123216
2024-08-20,227797.0,0.1138985
2024-08-21,230722.0,0.115361
2024-08-22,227198.0,0.11359899999999999
2024-08-23,179539.0,0.0897695
2024-08-24,160709.0,0.0803545
2024-08-25,179404.0,0.089702
2024-08-26,255654.0,0.127827
2024-08-27,254673.0,0.1273365
2024-08-28,241291.0,0.1206455
2024-08-29,173603.0,0.0868015
2024-08-30,185783.0,0.0928915
2024-08-31,198811.0,0.0994055
2024-09-01,155157.0,0.0775785
2024-09-02,187882.0,0.093941
2024-09-03,129393.0,0.0646965
2024-09-04,113556.0,0.056778
2024-09-05,138745.0,0.0693725
2024-09-06,137067.0,0.0685335
2024-09-07,152031.0,0.0760155
2024-09-08,126977.0,0.0634885
2024-09-09,121727.0,0.0608635
2024-09-10,193068.0,0.096534
2024-09-11,119949.0,0.0599745
2024-09-12,195084.0,0.097542
2024-09-13,222315.0,0.1111575
2024-09-14,244182.0,0.122091
2024-09-15,246634.0,0.123317
2024-09-16,197476.0,0.098738
2024-09-17,157745.0,0.0788725
2024-09-18,195703.0,0.0978515
2024-09-19,224816.0,0.112408
2024-09-20,171016.0,0.085508
2024-09-21,134345.0,0.0671725
2024-09-22,91859.0,0.0459295
2024-09-23,141521.0,0.0707605
2024-09-24,128947.0,0.0644735
2024-09-25,103440.0,0.05172
2024-09-26,68350.0,0.034175
2024-09-27,101357.0,0.0506785
2024-09-28,180287.0,0.0901435
2024-09-29,142625.0,0.0713125
2024-09-30,121246.0,0.060623
2024-10-01,102739.0,0.0513695
2024-10-02,103289.0,0.0516445
2024-10-03,126800.0,0.0634
2024-10-04,176619.0,0.0883095
2024-10-05,212427.0,0.1062135
2024-10-06,82727.0,0.0413635
2024-10-07,55158.0,0.027579
2024-10-08,127619.0,0.0638095
2024-10-09,74536.0,0.037268
2024-10-10,132695.0,0.0663475
2024-10-11,166927.0,0.0834635
2024-10-12,79682.0,0.039841
2024-10-13,142674.0,0.071337
2024-10-14,102624.0,0.051312
2024-10-15,90825.0,0.0454125
2024-10-16,89157.0,0.0445785
2024-10-17,47889.0,0.0239445
2024-10-18,83258.0,0.041629
2024-10-19,115133.0,0.0575665
2024-10-20,117576.0,0.058788
2024-10-21,143625.0,0.0718125
2024-10-22,93243.0,0.0466215
2024-10-23,144520.0,0.07226
2024-10-24,128991.0,0.0644955
2024-10-25,81429.0,0.0407145
2024-10-26,58156.0,0.029078
2024-10-27,89485.0,0.0447425
2024-10-28,90761.0,0.0453805
2024-10-29,90066.0,0.045033000000000004
2024-10-30,90026.0,0.045013
2024-10-31,94506.0,0.047253
2024-11-01,121247.0,0.060623500000000004
2024-11-02,98631.0,0.0493155
2024-11-03,108957.0,0.0544785
2024-11-04,95628.0,0.047814
2024-11-05,81495.0,0.0407475
2024-11-06,75861.0,0.0379305
2024-11-07,75674.0,0.037837
2024-11-08,91043.0,0.0455215
2024-11-09,56681.0,0.0283405
2024-11-10,70208.0,0.035104
2024-11-11,80808.0,0.040404
2024-11-12,57868.0,0.028933999999999998
2024-11-13,81509.0,0.0407545
2024-11-14,106189.0,0.0530945
2024-11-15,106842.0,0.053420999999999996
2024-11-16,93338.0,0.046669
2024-11-17,64862.0,0.032431
2024-11-18,59220.0,0.02961
2024-11-19,49262.0,0.024631
2024-11-20,64974.0,0.032487
2024-11-21,25430.0,0.012715
2024-11-22,95456.0,0.047728
2024-11-23,79012.0,0.039506
2024-11-24,72456.0,0.036228
2024-11-25,34589.0,0.0172945
2024-11-26,70493.0,0.0352465
2024-11-27,83344.0,0.041672
2024-11-28,81623.0,0.0408115
2024-11-29,102100.0,0.05105
2024-11-30,81788.0,0.040894
2024-12-01,80792.0,0.040396
2024-12-02,54702.0,0.027351
2024-12-03,53750.0,0.026875
2024-12-04,90701.0,0.0453505
2024-12-05,52713.0,0.0263565
2024-12-06,79170.0,0.039585
2024-12-07,39725.0,0.0198625
2024-12-08,35787.0,0.0178935
2024-12-09,28656.0,0.014328
2024-12-10,30278.0,0.015139
2024-12-11,46813.0,0.0234065
2024-12-12,72980.0,0.03649
2024-12-13,44269.0,0.0221345
2024-12-14,39262.0,0.019631
2024-12-15,69655.0,0.0348275
2024-12-16,72151.0,0.0360755
2024-12-17,60961.0,0.0304805
2024-12-18,61873.0,0.030936500000000002
2024-12-19,43199.0,0.0215995
2024-12-20,81644.0,0.040822
2024-12-21,50697.0,0.0253485
2024-12-22,36432.0,0.018216
2024-12-23,61990.0,0.030995
2024-12-24,47424.0,0.023712
2024-12-25,59889.0,0.0299445
2024-12-26,73425.0,0.0367125
2024-12-27,76583.0,0.0382915
2024-12-28,83372.0,0.041686
2024-12-29,62963.0,0.0314815
2024-12-30,47153.0,0.0235765
2024-12-31,53035.0,0.0265175
2025-01-01,77513.0,0.0387565
2025-01-02,30072.0,0.015035999999999999
2025-01-03,57856.0,0.028928
2025-01-04,40168.0,0.020084
2025-01-05,41915.0,0.0209575
2025-01-06,39690.0,0.019845
2025-01-07,69261.0,0.0346305
2025-01-08,40166.0,0.020083
2025-01-09,47271.0,0.0236355
2025-01-10,37283.0,0.018641500000000002
2025-01-11,62078.0,0.031039
2025-01-12,105586.0,0.052793
2025-01-13,122962.0,0.061481
2025-01-14,117828.0,0.058914
2025-01-15,91135.0,0.045567500000000004
2025-01-16,69474.0,0.034737
2025-01-17,103812.0,0.051906
2025-01-18,68695.0,0.0343475
2025-01-19,77843.0,0.0389215
2025-01-20,57697.0,0.0288485
2025-01-21,77480.0,0.038740000000000004
2025-01-22,46845.0,0.0234225
2025-01-23,80415.0,0.0402075
2025-01-24,61084.0,0.030542
2025-01-25,39997.0,0.0199985
2025-01-26,56012.0,0.028006
2025-01-27,54222.0,0.027111
2025-01-28,56822.0,0.028411
2025-01-29,73284.0,0.036642
2025-01-30,70588.0,0.035294
2025-01-31,92158.0,0.046079
2025-02-01,107220.0,0.05361
2025-02-02,122135.0,0.0610675
2025-02-03,125537.0,0.0627685
2025-02-04,128898.0,0.064449
2025-02-05,123211.0,0.0616055
2025-02-06,101963.0,0.0509815
2025-02-07,61130.0,0.030565000000000002
2025-02-08,65487.0,0.0327435
2025-02-09,88430.0,0.044215
2025-02-10,57510.0,0.028755
2025-02-11,71973.0,0.0359865
2025-02-12,61569.0,0.0307845
2025-02-13,74152.0,0.037076
2025-02-14,132375.0,0.0661875
2025-02-15,180205.0,0.0901025
2025-02-16,167841.0,0.0839205
2025-02-17,152670.0,0.076335
2025-02-18,145115.0,0.0725575
2025-02-19,122555.0,0.0612775
2025-02-20,124291.0,0.0621455
2025-02-21,99622.0,0.049811
2025-02-22,79197.0,0.0395985
2025-02-23,149901.0,0.0749505
2025-02-24,80763.0,0.0403815
2025-02-25,92674.0,0.046337
2025-02-26,147807.0,0.0739035
2025-02-27,153938.0,0.076969
2025-02-28,179916.0,0.089958
2025-03-01,181306.0,0.090653
2025-03-02,229192.0,0.114596
2025-03-03,200495.0,0.1002475
2025-03-04,194262.0,0.097131
2025-03-05,231127.0,0.1155635
2025-03-06,202137.0,0.1010685
2025-03-07,190653.0,0.0953265
2025-03-08,163250.0,0.081625
2025-03-09,93851.0,0.0469255
2025-03-10,155957.0,0.0779785
2025-03-11,132852.0,0.066426
2025-03-12,90667.0,0.0453335
2025-03-13,112606.0,0.056303
2025-03-14,140486.0,0.070243
2025-03-15,135390.0,0.067695
2025-03-16,139663.0,0.0698315
2025-03-17,229061.0,0.1145305
2025-03-18,252182.0,0.126091
2025-03-19,216337.0,0.1081685
2025-03-20,157696.0,0.078848
2025-03-21,89119.0,0.0445595
2025-03-22,127129.0,0.0635645
2025-03-23,149002.0,0.074501
2025-03-24,157829.0,0.0789145
2025-03-25,153354.0,0.076677
2025-03-26,149275.0,0.0746375
2025-03-27,225675.0,0.1128375
2025-03-28,199716.0,0.099858
2025-03-29,207020.0,0.10351
2025-03-30,195407.0,0.0977035
2025-03-31,271490.0,0.135745
2025-04-01,242833.0,0.1214165
2025-04-02,171236.0,0.085618
2025-04-03,150864.0,0.075432
2025-04-04,184699.0,0.0923495
2025-04-05,225450.0,0.112725
2025-04-06,234872.0,0.117436
2025-04-07,270372.0,0.135186
2025-04-08,284463.0,0.1422315
2025-04-09,220684.0,0.110342
2025-04-10,280199.0,0.1400995
2025-04-11,256245.0,0.1281225
2025-04-12,160478.0,0.080239
2025-04-13,105670.0,0.052835
2025-04-14,194417.0,0.0972085
2025-04-15,114715.0,0.0573575
2025-04-16,170747.0,0.0853735
2025-04-17,192081.0,0.0960405
2025-04-18,250185.0,0.1250925
2025-04-19,134777.0,0.0673885
2025-04-20,149750.0,0.074875
2025-04-21,194905.0,0.0974525
2025-04-22,224977.0,0.1124885
2025-04-23,145574.0,0.072787
2025-04-24,187268.0,0.093634
2025-04-25,280755.0,0.1403775
2025-04-26,156620.0,0.07831
2025-04-27,192700.0,0.09635
2025-04-28,253796.0,0.126898
2025-04-29,282687.0,0.1413435
2025-04-30,295698.0,0.147849
2025-05-01,251878.0,0.125939
2025-05-02,222945.0,0.1114725
2025-05-03,233749.0,0.1168745
2025-05-04,124205.0,0.0621025
2025-05-05,195264.0,0.097632
2025-05-06,191693.0,0.0958465
2025-05-07,205604.0,0.102802
2025-05-08,208826.0,0.104413
2025-05-09,240926.0,0.120463
2025-05-10,220080.0,0.11004
2025-05-11,158768.0,0.079384
2025-05-12,200863.0,0.1004315
2025-05-13,238188.0,0.119094
2025-05-14,262607.0,0.1313035
2025-05-15,249714.0,0.124857
2025-05-16,271055.0,0.1355275
2025-05-17,267680.0,0.13384000000000001
2025-05-18,278593.0,0.1392965
2025-05-19,231358.0,0.115679
2025-05-20,251323.0,0.1256615
2025-05-21,213015.0,0.1065075
2025-05-22,232150.0,0.116075
2025-05-23,306764.0,0.153382
2025-05-24,270390.0,0.135195
2025-05-25,201916.0,0.10095799999999999
2025-05-26,237798.0,0.118899
2025-05-27,271238.0,0.135619
2025-05-28,260247.0,0.1301235
2025-05-29,271007.0,0.1355035
2025-05-30,298130.0,0.149065
2025-05-31,233639.0,0.11681949999999999
2025-06-01,178659.0,0.0893295
2025-06-02,180622.0,0.090311
2025-06-03,210279.0,0.1051395
2025-06-04,175708.0,0.087854
2025-06-05,152915.0,0.0764575
2025-06-06,188404.0,0.094202
2025-06-07,188275.0,0.0941375
2025-06-08,239776.0,0.119888
2025-06-09,285756.0,0.142878
2025-06-10,296084.0,0.148042
2025-06-11,286221.0,0.1431105
2025-06-12,272226.0,0.136113
2025-06-13,283314.0,0.141657
2025-06-14,217996.0,0.108998
2025-06-15,175722.0,0.087861
2025-06-16,349833.0,0.1749165
2025-06-17,325731.0,0.1628655
2025-06-18,346742.0,0.173371
2025-06-19,294489.0,0.1472445
2025-06-20,344736.0,0.172368
2025-06-21,339659.0,0.1698295
2025-06-22,243960.0,0.12198
2025-06-23,244899.0,0.1224495
2025-06-24,296022.0,0.148011
2025-06-25,295953.0,0.1479765
2025-06-26,254193.0,0.1270965
2025-06-27,307519.0,0.1537595
2025-06-28,308055.0,0.1540275
2025-06-29,301926.0,0.15096299999999999
2025-06-30,364262.0,0.182131
2025-07-01,339606.0,0.169803
2025-07-02,264940.0,0.13247
2025-07-03,305596.0,0.152798
2025-07-04,361572.0,0.180786
2025-07-05,291824.0,0.14591200000000001
2025-07-06,172692.0,0.086346
2025-07-07,234103.0,0.1170515
2025-07-08,326945.0,0.1634725
2025-07-09,371645.0,0.1858225
2025-07-10,380226.0,0.190113
2025-07-11,370195.0,0.1850975
2025-07-12,322492.0,0.161246
2025-07-13,331186.0,0.165593
2025-07-14,280279.0,0.1401395
2025-07-15,283581.0,0.14179049999999999
2025-07-16,311980.0,0.15599
2025-07-17,336643.0,0.1683215
2025-07-18,302057.0,0.1510285
2025-07-19,207192.0,0.103596
2025-07-20,229259.0,0.1146295
2025-07-21,255766.0,0.127883
2025-07-22,275529.0,0.1377645
2025-07-23,206757.0,0.1033785
2025-07-24,264958.0,0.132479
2025-07-25,277310.0,0.138655
2025-07-26,297929.0,0.1489645
2025-07-27,231928.0,0.115964
2025-07-28,274171.0,0.1370855
2025-07-29,293721.0,0.1468605
2025-07-30,262083.0,0.1310415
2025-07-31,291602.0,0.145801
2025-08-01,276400.0,0.1382
2025-08-02,305640.0,0.15282
2025-08-03,278192.0,0.139096
2025-08-04,327668.0,0.163834
2025-08-05,247328.0,0.123664
2025-08-06,251582.0,0.12579100000000001
2025-08-07,308460.0,0.15423
2025-08-08,300149.0,0.1500745
2025-08-09,273660.0,0.13683
2025-08-10,277601.0,0.1388005
2025-08-11,334491.0,0.1672455
2025-08-12,317606.0,0.158803
2025-08-13,232165.0,0.1160825
2025-08-14,298816.0,0.14940799999999999
2025-08-15,313920.0,0.15696
2025-08-16,260990.0,0.130495
2025-08-17,302241.0,0.1511205
2025-08-18,241829.0,0.1209145
2025-08-19,160996.0,0.080498
2025-08-20,157009.0,0.0785045
2025-08-21,196036.0,0.09801800000000001
2025-08-22,278467.0,0.1392335
2025-08-23,327626.0,0.16381300000000001
2025-08-24,286218.0,0.143109
2025-08-25,268412.0,0.134206
2025-08-26,231271.0,0.1156355
2025-08-27,151291.0,0.0756455
2025-08-28,186930.0,0.093465
2025-08-29,182699.0,0.0913495
2025-08-30,206762.0,0.103381
2025-08-31,169027.0,0.0845135
2025-09-01,200411.0,0.1002055
2025-09-02,215636.0,0.107818
2025-09-03,219104.0,0.109552
2025-09-04,167710.0,0.083855
2025-09-05,296442.0,0.148221
2025-09-06,284070.0,0.142035
2025-09-07,212207.0,0.1061035
2025-09-08,173336.0,0.086668
2025-09-09,236756.0,0.118378
2025-09-10,169069.0,0.0845345
2025-09-11,172595.0,0.0862975
2025-09-12,221753.0,0.1108765
2025-09-13,121670.0,0.060835
2025-09-14,155208.0,0.077604
2025-09-15,171349.0,0.0856745
2025-09-16,211319.0,0.1056595
2025-09-17,273047.0,0.1365235
2025-09-18,288917.0,0.1444585
2025-09-19,288483.0,0.1442415
2025-09-20,206714.0,0.103357
2025-09-21,114229.0,0.0571145
2025-09-22,137050.0,0.068525
2025-09-23,144265.0,0.0721325
2025-09-24,115092.0,0.057546
2025-09-25,138850.0,0.069425
2025-09-26,131019.0,0.0655095
2025-09-27,230851.0,0.1154255
2025-09-28,191125.0,0.0955625
2025-09-29,247332.0,0.123666
2025-09-30,237489.0,0.1187445
2025-10-01,259434.0,0.129717
2025-10-02,253841.0,0.1269205
2025-10-03,124545.0,0.0622725
2025-10-04,128329.0,0.0641645
2025-10-05,183359.0,0.0916795
2025-10-06,232926.0,0.116463
2025-10-07,236715.0,0.1183575
2025-10-08,209792.0,0.104896
2025-10-09,128147.0,0.0640735
2025-10-10,208699.0,0.1043495
2025-10-11,217576.0,0.108788
2025-10-12,234577.0,0.1172885
2025-10-13,198004.0,0.09900199999999999
2025-10-14,168938.0,0.084469
2025-10-15,181151.0,0.0905755
2025-10-16,195363.0,0.0976815
2025-10-17,204442.0,0.102221
2025-10-18,217585.0,0.1087925
2025-10-19,87928.0,0.043964
2025-10-20,106418.0,0.053209
2025-10-21,89524.0,0.044762
2025-10-22,99062.0,0.049531
2025-10-23,109186.0,0.054593
2025-10-24,137632.0,0.068816
2025-10-25,101356.0,0.050678
2025-10-26,145284.0,0.072642
2025-10-27,100596.0,0.050298
2025-10-28,129301.0,0.0646505
2025-10-29,62591.0,0.031295500000000004
2025-10-30,161665.0,0.0808325
2025-10-31,109856.0,0.054928
2025-11-01,60469.0,0.0302345
2025-11-02,100125.0,0.0500625
2025-11-03,138476.0,0.06923800000000001
2025-11-04,167608.0,0.083804
2025-11-05,130611.0,0.0653055
2025-11-06,69438.0,0.034719
2025-11-07,109995.0,0.0549975
2025-11-08,109173.0,0.0545865
2025-11-09,125975.0,0.0629875
2025-11-10,112586.0,0.056293
2025-11-11,153483.0,0.0767415
2025-11-12,122059.0,0.0610295
2025-11-13,97065.0,0.0485325
2025-11-14,50248.0,0.025124
2025-11-15,106443.0,0.0532215
2025-11-16,78153.0,0.0390765
2025-11-17,87662.0,0.043831
2025-11-18,141703.0,0.0708515
2025-11-19,89398.0,0.044698999999999996
2025-11-20,99502.0,0.049751
2025-11-21,92206.0,0.046103
2025-11-22,127425.0,0.0637125
2025-11-23,54593.0,0.0272965
2025-11-24,54656.0,0.027328
2025-11-25,79523.0,0.0397615
2025-11-26,96773.0,0.0483865
2025-11-27,104410.0,0.052205
2025-11-28,70420.0,0.03521
2025-11-29,87823.0,0.0439115
2025-11-30,80553.0,0.0402765
2025-12-01,99578.0,0.049789
2025-12-02,44770.0,0.022385
2025-12-03,57889.0,0.028944499999999998
2025-12-04,50307.0,0.0251535
2025-12-05,74792.0,0.037396
2025-12-06,50128.0,0.025064
2025-12-07,46499.0,0.0232495
2025-12-08,92616.0,0.046308
2025-12-09,92457.0,0.0462285
2025-12-10,39437.0,0.0197185
2025-12-11,45861.0,0.0229305
2025-12-12,82316.0,0.041158
2025-12-13,93096.0,0.046548
2025-12-14,80733.0,0.0403665
2025-12-15,67400.0,0.0337
2025-12-16,64891.0,0.0324455
2025-12-17,63067.0,0.0315335
2025-12-18,91470.0,0.045735
2025-12-19,31123.0,0.0155615
2025-12-20,38680.0,0.01934
2025-12-21,40585.0,0.020292499999999998
2025-12-22,33890.0,0.016945
2025-12-23,33502.0,0.016751
2025-12-24,44119.0,0.0220595
2025-12-25,75730.0,0.037865
2025-12-26,80195.0,0.0400975
2025-12-27,95410.0,0.047705
2025-12-28,110631.0,0.055315500000000004
2025-12-29,94687.0,0.047343500000000004
2025-12-30,86837.0,0.0434185
2025-12-31,116835.0,0.0584175
2026-01-01,130615.0,0.0653075
2026-01-02,105643.0,0.0528215
2026-01-03,115727.0,0.0578635
2026-01-04,167122.0,0.083561
2026-01-05,129767.0,0.0648835
2026-01-06,94148.0,0.047074
2026-01-07,81584.0,0.040792
2026-01-08,51112.0,0.025556
2026-01-09,72271.0,0.0361355
2026-01-10,103775.0,0.051887499999999996
2026-01-11,138371.0,0.0691855
2026-01-12,89886.0,0.044943
2026-01-13,109759.0,0.0548795
2026-01-14,99360.0,0.04968
2026-01-15,130462.0,0.065231
2026-01-16,75831.0,0.0379155
2026-01-17,57674.0,0.028836999999999998
2026-01-18,72573.0,0.0362865
2026-01-19,67436.0,0.033718
2026-01-20,107704.0,0.053852
2026-01-21,130961.0,0.0654805
2026-01-22,98116.0,0.049058000000000004
2026-01-23,101926.0,0.050963
2026-01-24,110718.0,0.055359
2026-01-25,92832.0,0.046416
2026-01-26,129028.0,0.064514
2026-01-27,46145.0,0.0230725
2026-01-28,131269.0,0.0656345
2026-01-29,124651.0,0.0623255
2026-01-30,135299.0,0.0676495
2026-01-31,121031.0,0.0605155
