date,snowfall,rainfall,daily_avg_temp,daily_avg_wind_speed,daily_avg_specific_humidity,atmospheric_radiation,visible_radiation,daily_avg_relative_humidity,total_evapotranspiration,potential_evapotranspiration,effective_rainfall,daily_avg_soil_moisture_index,SSWI_10J,drainage,runoff,snow_water_equivalent_6h,RESR_NEIGE6,daily_avg_snow_depth,snow_depth_6h,max_snow_depth,daily_avg_snow_cover_fraction,snowmelt_runoff,root_liquid_water,WGI_RACINE,min_temp,max_temp,solar,TWh
2012-01-01,0.0,10.1,13.1,4.9,8.503,3178.4,119.7,91.0,0.4,0.7,9.7,0.814,-0.052,2.1,1.6,0.0,0.0,0.0,0.0,0.0,0.0,0.0,0.324,0.0,12.8,13.8,6255.0,0.0031275
2012-01-02,0.0,1.0,8.3,3.5,5.646,2590.7,315.4,82.6,0.5,0.6,0.5,0.834,-0.029,2.3,0.2,0.0,0.0,0.0,0.0,0.0,0.0,0.0,0.332,0.0,6.1,10.2,4267.0,0.0021335
2012-01-03,0.0,2.0,9.8,6.0,6.429,2843.0,72.7,85.1,0.0,1.1,2.0,0.835,-0.006,1.8,0.3,0.0,0.0,0.0,0.0,0.0,0.0,0.0,0.33,0.0,5.1,12.5,6768.0,0.0033840000000000003
2012-01-04,0.0,0.1,8.9,4.7,5.01,2255.0,419.1,71.2,0.3,1.2,-0.2,0.821,0.016,1.1,0.0,0.0,0.0,0.0,0.0,0.0,0.0,0.0,0.33,0.0,7.1,10.1,8655.0,0.0043275
2012-01-05,0.0,1.8,10.5,7.9,5.915,2670.2,239.8,75.0,1.1,1.6,0.7,0.818,0.038,0.9,0.2,0.0,0.0,0.0,0.0,0.0,0.0,0.0,0.328,0.0,9.0,13.1,3207.0,0.0016034999999999999
2012-01-06,0.0,0.0,6.7,3.0,4.396,2329.5,446.8,72.2,0.3,0.8,-0.3,0.806,0.061,0.6,0.0,0.0,0.0,0.0,0.0,0.0,0.0,0.0,0.327,0.0,5.6,8.8,9441.0,0.0047205
2012-01-07,0.0,0.2,9.3,2.9,6.056,2727.8,153.9,83.6,-0.1,0.6,0.3,0.801,0.085,0.6,0.0,0.0,0.0,0.0,0.0,0.0,0.0,0.0,0.326,0.0,6.4,11.5,5574.0,0.002787
2012-01-08,0.0,0.0,8.6,2.0,5.081,2537.6,225.8,73.6,0.0,0.7,0.0,0.796,0.111,0.5,0.0,0.0,0.0,0.0,0.0,0.0,0.0,0.0,0.325,0.0,8.3,8.8,5519.0,0.0027595000000000002
2012-01-09,0.0,0.1,9.9,1.7,6.186,2736.5,270.5,81.5,0.0,0.5,0.1,0.791,0.121,0.5,0.0,0.0,0.0,0.0,0.0,0.0,0.0,0.0,0.324,0.0,8.4,11.2,7716.0,0.003858
2012-01-10,0.0,0.0,10.0,1.2,6.562,2878.8,159.7,86.3,0.0,0.4,0.0,0.788,0.112,0.4,0.0,0.0,0.0,0.0,0.0,0.0,0.0,0.0,0.324,0.0,8.7,11.2,9624.0,0.004812
2012-01-11,0.0,0.0,9.2,0.6,5.246,2707.7,296.9,73.2,0.2,0.4,-0.2,0.783,0.086,0.4,0.0,0.0,0.0,0.0,0.0,0.0,0.0,0.0,0.323,0.0,8.4,11.3,9890.0,0.004945
2012-01-12,0.0,0.0,8.7,1.9,5.491,2683.7,426.5,79.7,0.3,0.6,-0.3,0.776,0.044,0.4,0.0,0.0,0.0,0.0,0.0,0.0,0.0,0.0,0.323,0.0,5.9,12.2,9117.0,0.0045585
2012-01-13,0.0,0.0,6.7,2.0,5.059,2579.6,483.7,83.3,0.7,0.4,-0.7,0.768,-0.003,0.3,0.0,0.0,0.0,0.0,0.0,0.0,0.0,0.0,0.322,0.0,5.8,9.2,7374.0,0.003687
2012-01-14,0.0,0.0,3.2,2.4,3.545,2413.7,664.5,75.4,1.0,0.6,-1.0,0.756,-0.05,0.3,0.0,0.0,0.0,0.0,0.0,0.0,0.0,0.0,0.32,0.0,1.1,6.6,10797.0,0.0053985
2012-01-15,0.0,0.0,2.9,2.3,3.462,2238.0,630.6,74.9,0.6,0.6,-0.6,0.747,-0.105,0.2,0.0,0.0,0.0,0.0,0.0,0.0,0.0,0.0,0.318,0.001,1.0,6.4,11375.0,0.0056875
2012-01-16,0.0,0.0,2.6,2.6,2.763,2015.2,554.8,61.4,0.2,0.8,-0.2,0.742,-0.159,0.2,0.0,0.0,0.0,0.0,0.0,0.0,0.0,0.0,0.314,0.003,0.6,6.2,10752.0,0.005376
2012-01-17,0.0,0.0,1.2,1.1,2.905,2182.5,507.5,70.5,0.1,0.3,-0.1,0.739,-0.217,0.2,0.0,0.0,0.0,0.0,0.0,0.0,0.0,0.0,0.311,0.006,-1.8,4.3,10561.0,0.0052805
2012-01-18,0.0,0.8,5.0,3.2,4.787,2805.2,153.8,88.0,-0.1,0.7,0.9,0.738,-0.274,0.2,0.1,0.0,0.0,0.0,0.0,0.0,0.0,0.0,0.314,0.002,0.1,10.5,9058.0,0.004529
2012-01-19,0.0,1.0,11.0,4.5,7.118,2849.6,160.1,87.6,-0.1,0.8,1.1,0.748,-0.322,0.2,0.1,0.0,0.0,0.0,0.0,0.0,0.0,0.0,0.317,0.0,6.4,12.4,5367.0,0.0026835
2012-01-20,0.0,1.2,8.9,4.1,5.514,2619.7,106.5,78.1,0.0,1.0,1.2,0.755,-0.368,0.2,0.1,0.0,0.0,0.0,0.0,0.0,0.0,0.0,0.318,0.0,7.8,10.1,7336.0,0.003668
2012-01-21,0.0,0.5,10.7,4.9,6.819,2961.1,111.5,85.3,0.1,1.0,0.4,0.761,-0.401,0.3,0.0,0.0,0.0,0.0,0.0,0.0,0.0,0.0,0.319,0.0,9.2,11.7,6013.0,0.0030065
2012-01-22,0.0,0.0,9.5,3.5,5.606,2512.0,293.0,76.0,0.1,1.0,-0.1,0.758,-0.439,0.3,0.0,0.0,0.0,0.0,0.0,0.0,0.0,0.0,0.32,0.0,8.4,10.6,7048.0,0.003524
2012-01-23,0.0,1.2,7.7,2.1,5.303,2652.6,295.0,81.5,0.2,0.7,1.0,0.757,-0.467,0.2,0.1,0.0,0.0,0.0,0.0,0.0,0.0,0.0,0.319,0.0,5.9,9.9,7138.0,0.003569
2012-01-24,0.0,5.5,6.6,1.8,5.151,2776.5,325.7,85.4,0.2,0.6,5.3,0.773,-0.479,0.3,0.7,0.0,0.0,0.0,0.0,0.0,0.0,0.0,0.32,0.0,4.9,9.8,8779.0,0.0043895
2012-01-25,0.0,0.7,10.1,1.3,7.193,3094.2,125.5,93.9,0.0,0.4,0.7,0.807,-0.459,0.6,0.1,0.0,0.0,0.0,0.0,0.0,0.0,0.0,0.326,0.0,6.2,11.1,7524.0,0.003762
2012-01-26,0.0,0.6,8.0,2.7,5.908,2863.2,100.1,88.2,0.4,0.6,0.2,0.804,-0.423,0.6,0.1,0.0,0.0,0.0,0.0,0.0,0.0,0.0,0.326,0.0,6.9,9.6,5677.0,0.0028385
2012-01-27,0.0,2.2,5.7,1.7,4.499,2485.7,742.2,80.3,0.8,0.5,1.4,0.795,-0.375,0.5,0.3,0.0,0.0,0.0,0.0,0.0,0.0,0.0,0.325,0.0,1.9,10.4,8280.0,0.0041400000000000005
2012-01-28,0.0,0.9,4.5,2.1,4.73,2656.5,73.5,90.4,0.1,0.5,0.8,0.81,-0.308,0.6,0.1,0.0,0.0,0.0,0.0,0.0,0.0,0.0,0.326,0.0,4.2,4.8,7637.0,0.0038185
2012-01-29,0.0,0.0,1.9,3.5,3.506,2291.7,539.4,80.2,0.8,0.5,-0.8,0.799,-0.265,0.5,0.0,0.0,0.0,0.0,0.0,0.0,0.0,0.0,0.326,0.0,1.0,2.5,6102.0,0.003051
2012-01-30,0.0,0.0,0.3,1.9,2.912,2313.2,267.6,75.2,0.2,0.6,-0.2,0.792,-0.239,0.4,0.0,0.0,0.0,0.0,0.0,0.0,0.0,0.0,0.321,0.004,-0.1,0.8,7244.0,0.003622
2012-01-31,0.0,0.0,0.1,2.3,2.825,2232.2,345.4,74.3,0.3,0.6,-0.3,0.786,-0.222,0.3,0.0,0.0,0.0,0.0,0.0,0.0,0.0,0.0,0.318,0.006,-0.9,1.2,2949.0,0.0014745000000000001
2012-02-01,0.0,0.0,-2.5,4.6,2.083,1884.5,920.7,66.1,0.7,0.8,-0.7,0.776,-0.213,0.3,0.0,0.0,0.0,0.0,0.0,0.0,0.0,0.0,0.314,0.008,-3.5,-1.6,7665.0,0.0038325
2012-02-02,0.0,0.0,-4.6,5.4,1.366,1604.5,1008.4,51.5,0.7,1.2,-0.7,0.768,-0.199,0.2,0.0,0.0,0.0,0.0,0.0,0.0,0.0,0.0,0.301,0.021,-7.0,-1.4,8978.0,0.004489
2012-02-03,0.0,0.0,-4.5,3.1,1.462,1784.8,887.3,54.0,0.4,0.8,-0.4,0.762,-0.198,0.1,0.0,0.0,0.0,0.0,0.0,0.0,0.0,0.0,0.289,0.032,-8.4,-2.2,13856.0,0.006928
2012-02-04,0.0,0.0,-4.4,1.8,1.69,1833.0,912.3,62.7,0.2,0.5,-0.2,0.758,-0.225,0.1,0.0,0.0,0.0,0.0,0.0,0.0,0.0,0.0,0.285,0.035,-6.5,-1.7,13295.0,0.0066475
2012-02-05,0.3,0.0,-4.8,1.9,1.59,2157.6,161.4,60.0,0.0,0.5,0.3,0.756,-0.255,0.1,0.0,0.2,0.0,0.002,0.0,0.002,0.2,0.1,0.28,0.039,-5.8,-3.8,6433.0,0.0032165
2012-02-06,0.0,0.0,-2.7,1.1,1.611,2122.4,445.2,52.5,0.1,0.6,-0.1,0.755,-0.275,0.1,0.0,0.2,0.3,0.002,0.002,0.002,0.2,0.0,0.278,0.041,-4.8,0.4,10136.0,0.005068
2012-02-07,0.0,0.0,-5.5,4.1,1.503,1884.6,984.5,61.1,0.4,0.8,-0.4,0.752,-0.308,0.1,0.0,0.2,0.2,0.002,0.002,0.002,0.1,0.0,0.275,0.043,-8.2,-1.8,14235.0,0.0071175
2012-02-08,0.0,0.0,-4.5,3.4,2.001,2046.7,493.4,73.9,0.0,0.6,0.0,0.749,-0.344,0.1,0.0,0.1,0.1,0.001,0.001,0.001,0.1,0.0,0.274,0.044,-6.8,-2.6,10682.0,0.005341
2012-02-09,0.0,0.0,-2.9,2.7,2.207,1917.4,709.6,73.1,0.0,0.7,0.0,0.748,-0.384,0.1,0.0,0.1,0.1,0.001,0.001,0.001,0.1,0.1,0.271,0.047,-6.4,1.1,13686.0,0.006843
2012-02-10,0.0,0.0,-2.4,2.9,2.048,1824.5,1032.3,65.9,0.4,0.8,-0.4,0.745,-0.419,0.1,0.0,0.0,0.1,0.0,0.0,0.0,0.0,0.0,0.27,0.047,-4.7,1.0,14759.0,0.0073795
2012-02-11,0.0,0.0,-4.2,3.0,1.655,1742.6,1126.5,61.3,0.4,0.8,-0.4,0.741,-0.444,0.1,0.0,0.0,0.0,0.0,0.0,0.0,0.0,0.0,0.269,0.048,-7.3,-0.5,16201.0,0.0081005
2012-02-12,0.0,0.0,-3.0,1.8,2.093,2069.0,886.1,67.9,0.1,0.6,-0.1,0.738,-0.465,0.1,0.0,0.0,0.0,0.0,0.0,0.0,0.0,0.0,0.266,0.05,-7.9,0.8,16527.0,0.0082635
2012-02-13,0.0,1.3,2.8,2.2,4.134,2756.4,394.9,89.3,0.0,0.5,1.3,0.739,-0.497,0.1,0.1,0.0,0.0,0.0,0.0,0.0,0.0,0.0,0.274,0.042,-0.4,4.4,9366.0,0.004683
2012-02-14,0.0,0.3,5.0,4.1,4.587,2528.3,241.5,84.9,-0.2,0.7,0.5,0.75,-0.522,0.1,0.0,0.0,0.0,0.0,0.0,0.0,0.0,0.0,0.291,0.027,3.7,5.9,9121.0,0.0045605
2012-02-15,0.0,0.2,6.8,4.5,5.016,2654.9,158.3,82.3,-0.1,0.9,0.3,0.753,-0.535,0.1,0.0,0.0,0.0,0.0,0.0,0.0,0.0,0.0,0.298,0.02,5.1,8.5,8987.0,0.0044935
2012-02-16,0.0,0.0,7.2,2.3,4.965,2739.4,180.5,79.2,0.0,0.8,0.0,0.752,-0.531,0.2,0.0,0.0,0.0,0.0,0.0,0.0,0.0,0.0,0.309,0.01,6.2,8.6,11232.0,0.005616
2012-02-17,0.0,0.0,7.5,2.1,5.59,2825.9,181.6,86.5,-0.1,0.7,0.1,0.751,-0.512,0.2,0.0,0.0,0.0,0.0,0.0,0.0,0.0,0.0,0.312,0.006,5.8,8.6,11323.0,0.0056615
2012-02-18,0.0,3.4,8.9,2.7,6.235,2983.0,173.2,88.2,0.2,0.8,3.2,0.775,-0.472,0.3,0.4,0.0,0.0,0.0,0.0,0.0,0.0,0.0,0.314,0.004,8.1,11.9,15593.0,0.0077965
2012-02-19,0.0,0.0,4.6,3.9,3.566,2257.2,901.7,68.8,1.3,1.3,-1.3,0.765,-0.441,0.3,0.0,0.0,0.0,0.0,0.0,0.0,0.0,0.0,0.321,0.001,3.1,7.9,14568.0,0.007284
2012-02-20,0.0,0.0,2.6,0.7,2.914,2080.6,1086.2,65.6,1.0,0.7,-1.0,0.752,-0.418,0.2,0.0,0.0,0.0,0.0,0.0,0.0,0.0,0.0,0.316,0.004,-0.9,7.5,19787.0,0.0098935
2012-02-21,0.0,0.0,3.9,1.3,3.195,2221.3,869.2,65.5,0.5,1.0,-0.5,0.745,-0.394,0.2,0.0,0.0,0.0,0.0,0.0,0.0,0.0,0.0,0.313,0.005,-0.4,9.5,20084.0,0.010042
2012-02-22,0.0,0.3,4.8,1.9,3.406,2338.0,850.2,66.3,0.7,1.1,-0.4,0.737,-0.374,0.2,0.0,0.0,0.0,0.0,0.0,0.0,0.0,0.0,0.316,0.001,-0.8,10.2,21441.0,0.010720499999999999
2012-02-23,0.0,0.2,9.9,2.5,6.738,3000.8,182.9,87.9,-0.1,1.0,0.3,0.738,-0.354,0.2,0.0,0.0,0.0,0.0,0.0,0.0,0.0,0.0,0.316,0.0,6.1,11.7,13672.0,0.006836
2012-02-24,0.0,0.0,11.1,1.9,7.237,3041.6,258.3,88.7,0.0,0.8,0.0,0.737,-0.344,0.2,0.0,0.0,0.0,0.0,0.0,0.0,0.0,0.0,0.316,0.0,9.2,13.3,12349.0,0.0061745
2012-02-25,0.0,0.3,9.7,2.1,6.618,3059.8,271.5,88.7,0.4,0.8,-0.1,0.735,-0.341,0.2,0.0,0.0,0.0,0.0,0.0,0.0,0.0,0.0,0.316,0.0,9.0,11.0,11960.0,0.00598
2012-02-26,0.0,0.0,8.3,1.5,4.989,2538.2,750.9,74.2,0.8,1.1,-0.8,0.727,-0.344,0.2,0.0,0.0,0.0,0.0,0.0,0.0,0.0,0.0,0.316,0.0,6.6,11.5,18205.0,0.0091025
2012-02-27,0.0,0.0,8.3,1.5,4.98,2603.2,742.9,74.5,0.7,1.1,-0.7,0.719,-0.359,0.1,0.0,0.0,0.0,0.0,0.0,0.0,0.0,0.0,0.314,0.0,4.2,12.7,18957.0,0.0094785
2012-02-28,0.0,0.0,10.4,1.2,6.213,2975.1,255.1,79.4,0.1,0.8,-0.1,0.715,-0.404,0.1,0.0,0.0,0.0,0.0,0.0,0.0,0.0,0.0,0.313,0.0,8.7,11.7,19650.0,0.009825
2012-02-29,0.0,0.0,10.6,1.4,6.431,3014.7,498.7,81.7,0.4,1.0,-0.4,0.711,-0.456,0.1,0.0,0.0,0.0,0.0,0.0,0.0,0.0,0.0,0.313,0.0,6.9,14.8,21903.0,0.0109515
2012-03-01,0.0,0.0,9.4,1.6,6.775,3125.7,609.3,92.7,0.7,0.7,-0.7,0.703,-0.49,0.1,0.0,0.0,0.0,0.0,0.0,0.0,0.0,0.0,0.312,0.0,8.6,10.1,18848.0,0.009424
2012-03-02,0.0,0.0,10.1,1.3,6.646,2976.7,317.4,87.0,0.2,0.7,-0.2,0.699,-0.527,0.1,0.0,0.0,0.0,0.0,0.0,0.0,0.0,0.0,0.311,0.0,8.3,11.2,17216.0,0.008608
2012-03-03,0.0,0.1,9.2,2.2,6.431,3004.0,393.8,89.2,0.3,0.8,-0.2,0.695,-0.568,0.1,0.0,0.0,0.0,0.0,0.0,0.0,0.0,0.0,0.31,0.0,8.0,10.0,12643.0,0.0063215
2012-03-04,0.0,3.1,8.4,3.7,5.831,2904.3,218.0,84.9,0.7,1.0,2.4,0.715,-0.604,0.1,0.3,0.0,0.0,0.0,0.0,0.0,0.0,0.0,0.31,0.0,7.8,9.9,11222.0,0.005611
2012-03-05,0.0,1.3,6.0,5.4,3.969,2252.4,406.5,68.8,0.4,1.6,0.9,0.711,-0.641,0.1,0.1,0.0,0.0,0.0,0.0,0.0,0.0,0.0,0.313,0.0,3.2,8.3,18870.0,0.009435
2012-03-06,0.0,0.9,5.1,2.2,4.711,2713.5,226.7,86.6,0.3,0.7,0.6,0.725,-0.665,0.1,0.1,0.0,0.0,0.0,0.0,0.0,0.0,0.0,0.314,0.0,4.0,6.4,14680.0,0.00734
2012-03-07,0.0,4.8,5.7,3.1,4.744,2750.6,510.0,83.8,0.9,1.0,3.9,0.746,-0.663,0.2,0.5,0.0,0.0,0.0,0.0,0.0,0.0,0.0,0.314,0.0,3.2,8.4,17605.0,0.0088025
2012-03-08,0.0,0.0,6.8,2.6,4.276,2494.1,789.5,71.4,0.9,1.4,-0.9,0.749,-0.65,0.2,0.0,0.0,0.0,0.0,0.0,0.0,0.0,0.0,0.319,0.0,3.5,10.9,18334.0,0.009167
2012-03-09,0.0,0.0,7.8,0.9,4.382,2617.0,1025.2,68.8,1.1,1.3,-1.1,0.736,-0.629,0.2,0.0,0.0,0.0,0.0,0.0,0.0,0.0,0.0,0.317,0.0,1.2,13.7,23452.0,0.011726
2012-03-10,0.0,0.0,10.8,2.7,6.226,2919.1,243.4,77.6,0.1,1.2,-0.1,0.732,-0.601,0.2,0.0,0.0,0.0,0.0,0.0,0.0,0.0,0.0,0.316,0.0,8.7,13.3,21225.0,0.0106125
2012-03-11,0.0,0.0,10.2,2.6,6.534,2912.8,586.0,84.6,0.7,1.1,-0.7,0.725,-0.57,0.2,0.0,0.0,0.0,0.0,0.0,0.0,0.0,0.0,0.315,0.0,8.6,12.8,18056.0,0.009028
2012-03-12,0.0,0.0,11.0,2.2,6.202,2608.5,1257.7,77.3,1.4,1.9,-1.4,0.712,-0.534,0.1,0.0,0.0,0.0,0.0,0.0,0.0,0.0,0.0,0.314,0.0,5.9,16.4,24839.0,0.0124195
2012-03-13,0.0,0.0,10.3,3.0,6.37,2738.9,1400.6,82.4,1.7,1.6,-1.7,0.695,-0.497,0.1,0.0,0.0,0.0,0.0,0.0,0.0,0.0,0.0,0.312,0.0,7.6,12.9,25019.0,0.0125095
2012-03-14,0.0,0.0,9.3,2.1,5.552,2603.3,1425.4,78.1,1.6,1.8,-1.6,0.678,-0.477,0.1,0.0,0.0,0.0,0.0,0.0,0.0,0.0,0.0,0.309,0.0,4.1,15.0,25684.0,0.012842
2012-03-15,0.0,0.0,13.1,1.5,5.801,2817.9,1612.7,65.9,2.0,2.3,-2.0,0.658,-0.464,0.1,0.0,0.0,0.0,0.0,0.0,0.0,0.0,0.0,0.307,0.0,4.7,20.9,25090.0,0.012545
2012-03-16,0.0,0.0,14.8,2.0,6.646,2997.6,1527.2,67.1,1.8,2.7,-1.8,0.639,-0.475,0.1,0.0,0.0,0.0,0.0,0.0,0.0,0.0,0.0,0.304,0.0,6.9,22.6,21901.0,0.0109505
2012-03-17,0.0,0.7,10.6,2.8,6.587,2756.0,398.8,83.0,0.2,1.1,0.5,0.634,-0.497,0.1,0.0,0.0,0.0,0.0,0.0,0.0,0.0,0.0,0.301,0.0,10.7,11.3,14576.0,0.007288
2012-03-18,0.0,1.5,8.6,2.0,5.478,2592.3,711.2,79.2,0.8,1.3,0.7,0.643,-0.508,0.1,0.1,0.0,0.0,0.0,0.0,0.0,0.0,0.0,0.302,0.0,8.0,10.5,9829.0,0.0049145000000000005
2012-03-19,0.0,0.0,7.6,3.2,4.614,2404.8,1068.3,72.2,1.1,1.6,-1.1,0.635,-0.521,0.1,0.0,0.0,0.0,0.0,0.0,0.0,0.0,0.0,0.302,0.0,5.4,10.0,18802.0,0.009401
2012-03-20,0.0,0.0,8.5,1.8,4.112,2315.8,1213.6,62.1,1.1,1.9,-1.1,0.624,-0.549,0.1,0.0,0.0,0.0,0.0,0.0,0.0,0.0,0.0,0.301,0.0,3.3,14.0,21701.0,0.010850499999999999
2012-03-21,0.0,0.0,11.1,3.0,4.638,2600.4,1570.2,60.8,1.5,2.8,-1.5,0.609,-0.615,0.1,0.0,0.0,0.0,0.0,0.0,0.0,0.0,0.0,0.299,0.0,3.6,17.8,15400.0,0.0077
2012-03-22,0.0,0.0,13.8,1.7,5.309,2469.2,1459.7,56.2,1.1,2.6,-1.1,0.597,-0.685,0.1,0.0,0.0,0.0,0.0,0.0,0.0,0.0,0.0,0.297,0.0,8.1,20.7,17226.0,0.008612999999999999
2012-03-23,0.0,0.0,14.6,1.8,5.152,2593.6,1730.4,52.8,1.4,2.9,-1.4,0.584,-0.737,0.1,0.0,0.0,0.0,0.0,0.0,0.0,0.0,0.0,0.295,0.0,7.4,22.1,25205.0,0.0126025
2012-03-24,0.0,0.0,15.2,2.0,6.229,2590.6,1763.5,59.6,1.0,2.9,-1.0,0.572,-0.776,0.1,0.0,0.0,0.0,0.0,0.0,0.0,0.0,0.0,0.293,0.0,9.4,21.5,28271.0,0.0141355
2012-03-25,0.0,0.0,15.5,3.0,6.515,2643.2,1976.1,61.9,1.3,3.6,-1.3,0.56,-0.816,0.1,0.0,0.0,0.0,0.0,0.0,0.0,0.0,0.0,0.292,0.0,9.4,22.2,27481.0,0.013740500000000001
2012-03-26,0.0,0.0,15.2,3.3,5.017,2467.8,1767.9,50.2,1.2,3.8,-1.2,0.547,-0.859,0.1,0.0,0.0,0.0,0.0,0.0,0.0,0.0,0.0,0.29,0.0,8.5,21.8,28682.0,0.014341
2012-03-27,0.0,0.0,15.3,3.1,4.807,2450.7,1850.2,46.8,1.0,3.8,-1.0,0.536,-0.917,0.1,0.0,0.0,0.0,0.0,0.0,0.0,0.0,0.0,0.288,0.0,8.6,21.4,28756.0,0.014378
2012-03-28,0.0,0.0,15.5,2.8,6.039,2536.3,1912.8,56.5,0.9,3.5,-0.9,0.527,-1.0,0.1,0.0,0.0,0.0,0.0,0.0,0.0,0.0,0.0,0.286,0.0,9.9,21.3,28825.0,0.0144125
2012-03-29,0.0,0.0,14.7,3.4,5.399,2504.3,1819.1,54.6,1.0,3.7,-1.0,0.517,-1.08,0.1,0.0,0.0,0.0,0.0,0.0,0.0,0.0,0.0,0.285,0.0,8.3,21.1,29194.0,0.014597
2012-03-30,0.0,0.0,13.4,2.2,6.019,2519.6,1798.7,64.8,0.7,2.9,-0.7,0.508,-1.169,0.1,0.0,0.0,0.0,0.0,0.0,0.0,0.0,0.0,0.283,0.0,9.0,19.4,29682.0,0.014841
2012-03-31,0.0,0.0,9.4,3.2,5.612,2692.2,578.1,76.7,0.1,1.4,-0.1,0.505,-1.248,0.1,0.0,0.0,0.0,0.0,0.0,0.0,0.0,0.0,0.282,0.0,7.1,12.3,27262.0,0.013631
2012-04-01,0.0,0.0,8.2,3.2,3.601,2162.3,1898.4,55.8,1.0,2.8,-1.0,0.497,-1.317,0.1,0.0,0.0,0.0,0.0,0.0,0.0,0.0,0.0,0.282,0.0,3.2,13.2,31040.0,0.015519999999999999
2012-04-02,0.0,0.0,10.4,1.7,3.902,2289.7,2076.6,52.7,1.0,2.9,-1.0,0.487,-1.384,0.1,0.0,0.0,0.0,0.0,0.0,0.0,0.0,0.0,0.281,0.0,3.5,17.1,27995.0,0.0139975
2012-04-03,0.0,0.0,11.6,1.6,4.536,2424.6,1702.9,56.1,0.7,2.8,-0.7,0.479,-1.445,0.1,0.0,0.0,0.0,0.0,0.0,0.0,0.0,0.0,0.279,0.0,5.5,19.2,16585.0,0.0082925
2012-04-04,0.0,0.6,10.0,1.6,5.344,2598.1,1380.5,71.0,0.7,2.0,-0.1,0.477,-1.515,0.0,0.0,0.0,0.0,0.0,0.0,0.0,0.0,0.0,0.278,0.0,6.2,14.6,13555.0,0.0067775
2012-04-05,0.0,0.0,8.5,3.8,5.522,2750.9,789.9,80.1,0.2,1.4,-0.2,0.474,-1.562,0.0,0.0,0.0,0.0,0.0,0.0,0.0,0.0,0.0,0.278,0.0,6.4,9.9,20126.0,0.010063
2012-04-06,0.0,0.0,9.4,3.4,4.608,2444.6,1282.5,63.8,0.5,2.3,-0.5,0.47,-1.563,0.0,0.0,0.0,0.0,0.0,0.0,0.0,0.0,0.0,0.278,0.0,6.0,12.4,22208.0,0.011104
2012-04-07,0.0,0.1,8.6,2.8,4.28,2408.3,906.3,61.7,0.3,1.9,-0.2,0.466,-1.573,0.0,0.0,0.0,0.0,0.0,0.0,0.0,0.0,0.0,0.277,0.0,6.3,13.2,18675.0,0.0093375
2012-04-08,0.0,0.0,8.0,2.3,4.106,2298.3,724.7,62.0,0.1,1.8,-0.1,0.464,-1.573,0.0,0.0,0.0,0.0,0.0,0.0,0.0,0.0,0.0,0.276,0.0,2.9,10.7,21667.0,0.0108335
2012-04-09,0.0,3.5,11.6,4.3,6.49,2788.0,338.0,77.0,0.2,1.6,3.3,0.478,-1.557,0.0,0.1,0.0,0.0,0.0,0.0,0.0,0.0,0.0,0.276,0.0,10.0,13.4,20591.0,0.0102955
2012-04-10,0.0,4.1,9.3,3.7,6.045,2787.6,516.4,83.2,1.0,1.3,3.1,0.516,-1.501,0.0,0.1,0.0,0.0,0.0,0.0,0.0,0.0,0.0,0.281,0.0,8.6,10.6,12632.0,0.006316
2012-04-11,0.0,0.7,8.9,2.8,5.332,2553.3,1392.7,76.8,1.4,2.2,-0.7,0.515,-1.448,0.0,0.0,0.0,0.0,0.0,0.0,0.0,0.0,0.0,0.285,0.0,5.4,13.6,21881.0,0.0109405
2012-04-12,0.0,0.8,9.5,1.7,5.14,2570.2,1522.0,71.8,1.7,2.3,-0.9,0.51,-1.389,0.0,0.0,0.0,0.0,0.0,0.0,0.0,0.0,0.0,0.284,0.0,5.4,14.3,20056.0,0.010028
2012-04-13,0.0,0.2,9.6,0.8,4.911,2450.8,1470.3,68.1,1.2,2.1,-1.0,0.499,-1.325,0.0,0.0,0.0,0.0,0.0,0.0,0.0,0.0,0.0,0.282,0.0,5.4,14.3,22170.0,0.011085
2012-04-14,0.0,0.0,9.8,3.0,5.103,2375.6,1368.6,69.3,0.9,2.6,-0.9,0.49,-1.26,0.0,0.0,0.0,0.0,0.0,0.0,0.0,0.0,0.0,0.281,0.0,7.1,15.3,21289.0,0.0106445
2012-04-15,0.0,0.0,7.3,6.4,4.286,2227.2,1082.0,68.3,0.6,2.3,-0.6,0.484,-1.191,0.0,0.0,0.0,0.0,0.0,0.0,0.0,0.0,0.0,0.28,0.0,5.6,10.2,18145.0,0.0090725
2012-04-16,0.0,0.0,6.8,4.1,3.494,2126.6,1729.1,58.4,0.9,2.7,-0.9,0.475,-1.115,0.0,0.0,0.0,0.0,0.0,0.0,0.0,0.0,0.0,0.279,0.0,3.5,10.2,21607.0,0.0108035
2012-04-17,0.0,3.9,6.6,3.6,4.827,2803.9,573.3,78.4,0.4,1.3,3.5,0.487,-1.039,0.0,0.1,0.0,0.0,0.0,0.0,0.0,0.0,0.0,0.277,0.0,4.3,8.6,26022.0,0.013011
2012-04-18,0.0,6.6,8.2,5.1,5.64,2711.8,433.2,83.7,0.6,1.3,6.0,0.523,-0.938,0.0,0.3,0.0,0.0,0.0,0.0,0.0,0.0,0.0,0.282,0.0,6.6,10.8,21040.0,0.01052
2012-04-19,0.0,0.4,9.6,3.3,5.301,2499.7,1586.1,73.4,2.3,2.6,-1.9,0.546,-0.834,0.0,0.0,0.0,0.0,0.0,0.0,0.0,0.0,0.0,0.29,0.0,5.5,14.2,20275.0,0.0101375
2012-04-20,0.0,2.5,9.9,3.7,5.564,2548.2,1498.1,75.3,2.1,2.7,0.4,0.54,-0.762,0.0,0.1,0.0,0.0,0.0,0.0,0.0,0.0,0.0,0.287,0.0,6.9,15.1,22943.0,0.0114715
2012-04-21,0.0,0.9,9.6,3.8,5.558,2539.2,1082.6,75.8,1.3,2.0,-0.4,0.539,-0.686,0.0,0.0,0.0,0.0,0.0,0.0,0.0,0.0,0.0,0.288,0.0,6.8,12.2,21225.0,0.0106125
2012-04-22,0.0,2.5,9.1,3.7,5.512,2502.5,1255.3,77.8,1.8,2.3,0.7,0.542,-0.601,0.0,0.1,0.0,0.0,0.0,0.0,0.0,0.0,0.0,0.287,0.0,6.3,13.4,25655.0,0.0128275
2012-04-23,0.0,13.3,7.7,4.8,5.763,2841.6,627.7,88.1,1.1,1.1,12.2,0.586,-0.473,0.0,1.0,0.0,0.0,0.0,0.0,0.0,0.0,0.0,0.288,0.0,5.9,10.3,18016.0,0.009008
2012-04-24,0.0,3.0,9.5,3.3,6.014,2804.7,525.4,82.2,0.9,1.4,2.1,0.665,-0.289,0.2,0.3,0.0,0.0,0.0,0.0,0.0,0.0,0.0,0.304,0.0,7.1,12.4,21171.0,0.0105855
2012-04-25,0.0,4.5,10.3,6.4,6.275,2763.1,396.2,80.6,1.0,1.6,3.5,0.689,-0.113,0.4,0.5,0.0,0.0,0.0,0.0,0.0,0.0,0.0,0.306,0.0,8.1,13.3,17453.0,0.0087265
2012-04-26,0.0,2.1,12.7,5.6,6.662,2704.0,972.0,73.4,1.5,2.5,0.6,0.684,0.029,0.3,0.2,0.0,0.0,0.0,0.0,0.0,0.0,0.0,0.309,0.0,10.5,15.8,19292.0,0.009646
2012-04-27,0.0,2.1,12.2,2.7,6.562,2617.1,697.9,74.8,0.5,1.8,1.6,0.689,0.142,0.3,0.2,0.0,0.0,0.0,0.0,0.0,0.0,0.0,0.309,0.0,10.2,14.8,17726.0,0.008863
2012-04-28,0.0,4.2,12.2,2.6,8.044,3027.6,468.7,91.3,0.5,1.1,3.7,0.71,0.244,0.6,0.5,0.0,0.0,0.0,0.0,0.0,0.0,0.0,0.311,0.0,10.5,15.2,13796.0,0.0068980000000000005
2012-04-29,0.0,4.6,14.5,5.4,7.646,2865.1,1409.0,74.4,3.4,2.9,1.2,0.732,0.338,0.9,0.6,0.0,0.0,0.0,0.0,0.0,0.0,0.0,0.315,0.0,13.0,15.8,24085.0,0.0120425
2012-04-30,0.0,2.3,14.5,2.7,7.1,2635.9,1450.1,70.8,1.9,3.0,0.4,0.711,0.409,0.4,0.3,0.0,0.0,0.0,0.0,0.0,0.0,0.0,0.314,0.0,10.0,20.0,15538.0,0.007769
2012-05-01,0.0,0.0,14.8,1.7,6.853,2656.1,1804.2,67.9,3.0,3.1,-3.0,0.697,0.472,0.3,0.0,0.0,0.0,0.0,0.0,0.0,0.0,0.0,0.313,0.0,10.6,18.7,29179.0,0.0145895
2012-05-02,0.0,3.4,11.7,2.7,7.08,2828.3,493.8,83.3,0.7,1.3,2.7,0.692,0.54,0.2,0.4,0.0,0.0,0.0,0.0,0.0,0.0,0.0,0.309,0.0,11.2,12.9,28630.0,0.014315
2012-05-03,0.0,0.0,14.9,1.6,7.377,2777.7,1153.6,71.7,1.4,2.3,-1.4,0.697,0.595,0.2,0.0,0.0,0.0,0.0,0.0,0.0,0.0,0.0,0.312,0.0,10.5,19.5,31827.0,0.0159135
2012-05-04,0.0,1.8,14.8,1.5,8.285,2824.5,825.1,80.0,0.7,1.9,1.1,0.692,0.611,0.2,0.2,0.0,0.0,0.0,0.0,0.0,0.0,0.0,0.31,0.0,12.3,19.8,20759.0,0.0103795
2012-05-05,0.0,21.7,12.6,1.9,7.292,2940.8,947.3,81.5,2.0,2.0,19.7,0.724,0.647,1.1,3.2,0.0,0.0,0.0,0.0,0.0,0.0,0.0,0.31,0.0,11.0,16.6,21279.0,0.0106395
2012-05-06,0.0,0.0,10.8,2.6,6.672,2865.0,852.4,83.4,1.6,1.6,-1.6,0.816,0.729,3.2,0.0,0.0,0.0,0.0,0.0,0.0,0.0,0.0,0.332,0.0,9.1,12.7,23380.0,0.01169
2012-05-07,0.0,0.0,13.4,2.4,6.516,2780.9,1732.7,69.9,3.1,2.9,-3.1,0.774,0.808,0.8,0.0,0.0,0.0,0.0,0.0,0.0,0.0,0.0,0.325,0.0,9.0,16.6,31742.0,0.015871
2012-05-08,0.0,0.7,16.2,3.5,8.647,2870.2,494.2,74.9,0.1,2.0,0.6,0.76,0.869,0.4,0.1,0.0,0.0,0.0,0.0,0.0,0.0,0.0,0.32,0.0,13.6,18.4,17648.0,0.008824
2012-05-09,0.0,0.2,18.2,3.2,10.025,2902.7,706.7,77.7,0.4,2.1,-0.2,0.76,0.927,0.4,0.0,0.0,0.0,0.0,0.0,0.0,0.0,0.0,0.32,0.0,15.6,21.2,26540.0,0.01327
2012-05-10,0.0,0.0,22.9,3.7,10.956,2924.8,1565.6,64.2,2.2,4.4,-2.2,0.741,1.011,0.3,0.0,0.0,0.0,0.0,0.0,0.0,0.0,0.0,0.319,0.0,16.8,28.1,31203.0,0.0156015
2012-05-11,0.0,2.8,16.9,3.1,9.05,3110.8,621.1,74.6,1.7,2.0,1.1,0.742,1.107,0.3,0.3,0.0,0.0,0.0,0.0,0.0,0.0,0.0,0.316,0.0,14.9,18.8,30995.0,0.015497499999999999
2012-05-12,0.0,0.0,12.7,4.3,5.27,2444.5,1807.5,58.8,3.6,3.8,-3.6,0.715,1.147,0.2,0.0,0.0,0.0,0.0,0.0,0.0,0.0,0.0,0.317,0.0,10.4,16.3,26751.0,0.0133755
2012-05-13,0.0,0.0,11.6,2.6,4.762,2335.6,2638.1,57.4,3.7,3.9,-3.7,0.677,1.158,0.1,0.0,0.0,0.0,0.0,0.0,0.0,0.0,0.0,0.311,0.0,6.5,15.7,36229.0,0.0181145
2012-05-14,0.0,0.0,14.7,1.8,5.286,2526.2,2375.9,53.3,2.9,4.1,-2.9,0.646,1.147,0.1,0.0,0.0,0.0,0.0,0.0,0.0,0.0,0.0,0.306,0.0,8.8,20.5,36347.0,0.0181735
2012-05-15,0.0,4.1,10.1,3.7,5.638,2670.9,1192.2,74.2,2.0,2.1,2.1,0.643,1.096,0.1,0.2,0.0,0.0,0.0,0.0,0.0,0.0,0.0,0.302,0.0,8.0,10.6,29217.0,0.0146085
2012-05-16,0.0,0.0,11.0,2.2,4.714,2455.2,2264.7,59.7,2.8,3.3,-2.8,0.634,0.959,0.1,0.0,0.0,0.0,0.0,0.0,0.0,0.0,0.0,0.304,0.0,7.2,14.2,36793.0,0.0183965
2012-05-17,0.0,0.0,12.8,3.0,4.832,2356.4,1457.3,53.5,1.5,3.3,-1.5,0.616,0.837,0.1,0.0,0.0,0.0,0.0,0.0,0.0,0.0,0.0,0.3,0.0,8.8,15.2,30389.0,0.0151945
2012-05-18,0.0,0.0,15.3,3.3,7.097,2670.9,1347.9,66.7,1.2,3.2,-1.2,0.603,0.721,0.1,0.0,0.0,0.0,0.0,0.0,0.0,0.0,0.0,0.298,0.0,12.3,19.6,17081.0,0.0085405
2012-05-19,0.0,4.8,15.3,1.9,8.197,2839.4,1908.2,76.3,1.5,3.2,3.3,0.6,0.602,0.1,0.3,0.0,0.0,0.0,0.0,0.0,0.0,0.0,0.296,0.0,12.4,19.3,19861.0,0.0099305
2012-05-20,0.0,4.8,16.7,2.2,9.601,2987.2,810.9,81.9,0.7,2.0,4.1,0.635,0.54,0.1,0.3,0.0,0.0,0.0,0.0,0.0,0.0,0.0,0.3,0.0,10.9,21.7,12229.0,0.0061145
2012-05-21,0.0,19.9,12.4,4.8,8.515,3114.5,474.5,95.4,1.2,1.0,18.7,0.775,0.545,1.0,2.3,0.0,0.0,0.0,0.0,0.0,0.0,0.0,0.305,0.0,11.7,12.9,9388.0,0.004694
2012-05-22,0.0,0.0,15.4,4.5,9.163,3214.1,578.9,84.2,1.2,1.6,-1.2,0.798,0.583,1.0,0.0,0.0,0.0,0.0,0.0,0.0,0.0,0.0,0.327,0.0,12.2,18.1,17065.0,0.0085325
2012-05-23,0.0,0.0,18.9,2.4,10.698,3131.2,2093.5,78.6,3.8,3.8,-3.8,0.763,0.64,0.4,0.0,0.0,0.0,0.0,0.0,0.0,0.0,0.0,0.324,0.0,13.6,24.9,25173.0,0.0125865
2012-05-24,0.0,0.0,21.9,2.9,12.25,3191.2,2406.1,75.4,4.3,4.6,-4.3,0.719,0.722,0.2,0.0,0.0,0.0,0.0,0.0,0.0,0.0,0.0,0.318,0.0,15.4,27.3,31019.0,0.0155095
2012-05-25,0.0,0.0,22.8,4.0,9.148,2864.6,3084.3,53.7,4.8,6.7,-4.8,0.673,0.775,0.1,0.0,0.0,0.0,0.0,0.0,0.0,0.0,0.0,0.312,0.0,20.4,26.7,35711.0,0.0178555
2012-05-26,0.0,0.0,22.1,3.3,7.076,2773.4,3198.5,43.6,3.4,7.0,-3.4,0.633,0.797,0.1,0.0,0.0,0.0,0.0,0.0,0.0,0.0,0.0,0.305,0.0,16.9,27.3,31562.0,0.015781
2012-05-27,0.0,0.2,21.6,1.2,9.422,2822.9,2425.7,59.1,2.3,4.6,-2.1,0.608,0.814,0.1,0.0,0.0,0.0,0.0,0.0,0.0,0.0,0.0,0.3,0.0,17.4,26.8,30677.0,0.0153385
2012-05-28,0.0,0.0,20.2,2.7,9.38,2832.1,2837.3,64.6,2.4,5.3,-2.4,0.586,0.827,0.1,0.0,0.0,0.0,0.0,0.0,0.0,0.0,0.0,0.297,0.0,14.9,25.6,34187.0,0.0170935
2012-05-29,0.0,0.0,20.6,2.1,9.335,2836.1,2801.9,62.8,2.1,5.2,-2.1,0.564,0.83,0.1,0.0,0.0,0.0,0.0,0.0,0.0,0.0,0.0,0.293,0.0,15.4,25.0,35492.0,0.017746
2012-05-30,0.0,0.7,20.4,2.0,9.456,2796.5,2046.1,64.8,1.6,4.3,-0.9,0.548,0.78,0.1,0.0,0.0,0.0,0.0,0.0,0.0,0.0,0.0,0.29,0.0,17.6,24.7,30925.0,0.0154625
2012-05-31,0.0,0.0,18.0,3.1,9.324,3030.1,1463.5,73.4,1.2,2.9,-1.2,0.541,0.653,0.1,0.0,0.0,0.0,0.0,0.0,0.0,0.0,0.0,0.289,0.0,13.5,21.0,32450.0,0.016225
2012-06-01,0.0,0.0,18.2,1.6,9.592,3116.5,733.9,73.9,0.5,2.1,-0.5,0.534,0.539,0.1,0.0,0.0,0.0,0.0,0.0,0.0,0.0,0.0,0.287,0.0,15.7,21.7,35036.0,0.017518
2012-06-02,0.0,13.7,21.8,2.0,10.355,2882.4,1881.1,65.0,1.6,4.1,12.1,0.541,0.453,0.1,0.8,0.0,0.0,0.0,0.0,0.0,0.0,0.0,0.286,0.0,16.4,26.4,31588.0,0.015794
2012-06-03,0.0,2.6,18.0,3.8,10.226,3115.8,880.7,79.7,2.0,2.2,0.6,0.641,0.427,0.1,0.2,0.0,0.0,0.0,0.0,0.0,0.0,0.0,0.302,0.0,16.5,19.4,17463.0,0.0087315
2012-06-04,0.0,0.2,13.5,3.5,7.846,2889.9,988.7,81.4,2.0,2.0,-1.8,0.63,0.39,0.1,0.0,0.0,0.0,0.0,0.0,0.0,0.0,0.0,0.302,0.0,12.7,15.4,28157.0,0.0140785
2012-06-05,0.0,1.1,13.9,2.5,7.179,2723.9,1534.2,72.8,2.1,2.8,-1.0,0.612,0.361,0.1,0.1,0.0,0.0,0.0,0.0,0.0,0.0,0.0,0.3,0.0,9.4,16.6,32548.0,0.016274
2012-06-06,0.0,0.1,17.5,3.6,9.167,2906.1,1621.3,74.7,2.3,3.4,-2.2,0.597,0.349,0.1,0.0,0.0,0.0,0.0,0.0,0.0,0.0,0.0,0.298,0.0,14.4,20.7,24302.0,0.012151
2012-06-07,0.0,11.4,17.6,2.8,10.148,3113.0,733.7,81.3,1.5,2.1,9.9,0.661,0.395,0.1,0.9,0.0,0.0,0.0,0.0,0.0,0.0,0.0,0.295,0.0,15.4,21.2,25431.0,0.0127155
2012-06-08,0.0,2.9,16.8,4.8,8.15,2926.8,1709.8,69.8,4.1,4.0,-1.2,0.673,0.459,0.2,0.3,0.0,0.0,0.0,0.0,0.0,0.0,0.0,0.307,0.0,14.7,21.5,26611.0,0.0133055
2012-06-09,0.0,0.1,14.9,3.3,6.688,2545.2,2081.3,64.5,3.4,3.9,-3.3,0.637,0.509,0.1,0.0,0.0,0.0,0.0,0.0,0.0,0.0,0.0,0.305,0.0,11.8,17.8,27445.0,0.0137225
2012-06-10,0.0,5.5,15.4,2.4,8.422,2951.2,746.2,78.0,0.9,2.0,4.6,0.633,0.557,0.1,0.5,0.0,0.0,0.0,0.0,0.0,0.0,0.0,0.3,0.0,13.3,18.4,18439.0,0.0092195
2012-06-11,0.0,0.2,15.6,2.9,8.58,2986.4,1131.4,78.8,2.0,2.4,-1.8,0.657,0.634,0.1,0.0,0.0,0.0,0.0,0.0,0.0,0.0,0.0,0.306,0.0,13.3,18.8,23734.0,0.011866999999999999
2012-06-12,0.0,4.1,13.6,3.3,8.301,2999.6,720.8,85.8,1.3,1.7,2.8,0.657,0.711,0.1,0.3,0.0,0.0,0.0,0.0,0.0,0.0,0.0,0.304,0.0,12.6,14.9,24318.0,0.012159
2012-06-13,0.0,2.4,12.8,2.2,7.526,2848.8,1091.5,82.8,1.8,2.1,0.6,0.666,0.737,0.1,0.2,0.0,0.0,0.0,0.0,0.0,0.0,0.0,0.307,0.0,9.4,15.9,28545.0,0.0142725
2012-06-14,0.0,6.2,16.8,2.5,8.577,2870.1,1402.7,74.1,2.2,3.2,4.0,0.701,0.795,0.2,0.6,0.0,0.0,0.0,0.0,0.0,0.0,0.0,0.307,0.0,11.0,22.1,37743.0,0.0188715
2012-06-15,0.0,3.5,17.6,3.5,9.852,2982.7,1359.8,79.6,2.3,2.9,1.2,0.696,0.885,0.2,0.3,0.0,0.0,0.0,0.0,0.0,0.0,0.0,0.312,0.0,15.0,20.1,33457.0,0.0167285
2012-06-16,0.0,2.4,16.3,3.7,9.84,3194.6,695.7,85.4,1.6,2.0,0.8,0.716,0.985,0.3,0.2,0.0,0.0,0.0,0.0,0.0,0.0,0.0,0.312,0.0,15.2,18.8,33275.0,0.0166375
2012-06-17,0.0,14.9,17.7,2.3,7.641,2700.4,2213.3,61.9,3.8,4.2,11.1,0.708,1.021,0.2,1.8,0.0,0.0,0.0,0.0,0.0,0.0,0.0,0.313,0.0,13.6,21.1,37306.0,0.018653
2012-06-18,0.0,0.1,16.2,2.2,9.1,2993.7,1215.0,79.9,2.1,2.4,-2.0,0.782,1.059,1.1,0.0,0.0,0.0,0.0,0.0,0.0,0.0,0.0,0.326,0.0,14.1,18.2,27044.0,0.013522
2012-06-19,0.0,3.4,16.5,2.6,8.871,2991.9,1319.5,76.7,2.5,2.7,0.9,0.76,1.116,0.5,0.4,0.0,0.0,0.0,0.0,0.0,0.0,0.0,0.321,0.0,13.7,19.3,19216.0,0.009608
2012-06-20,0.0,2.0,19.4,2.0,10.127,2928.8,2314.1,73.3,4.0,4.3,-2.0,0.744,1.172,0.3,0.2,0.0,0.0,0.0,0.0,0.0,0.0,0.0,0.321,0.0,14.3,23.6,30376.0,0.015188
2012-06-21,0.0,9.2,20.1,3.5,11.054,3107.5,1213.3,74.6,2.5,3.2,6.7,0.794,1.22,0.9,1.3,0.0,0.0,0.0,0.0,0.0,0.0,0.0,0.317,0.0,17.1,25.5,30518.0,0.015259
2012-06-22,0.0,0.0,17.4,3.7,7.688,2649.8,1789.8,63.0,3.3,3.9,-3.3,0.766,1.24,0.4,0.0,0.0,0.0,0.0,0.0,0.0,0.0,0.0,0.324,0.0,13.2,20.4,36071.0,0.0180355
2012-06-23,0.0,0.0,17.4,2.1,7.661,2776.1,2353.5,62.7,4.2,4.3,-4.2,0.725,1.244,0.2,0.0,0.0,0.0,0.0,0.0,0.0,0.0,0.0,0.319,0.0,14.6,20.4,38859.0,0.0194295
2012-06-24,0.0,7.9,15.1,2.2,8.634,3108.2,734.5,81.2,1.6,1.8,6.3,0.733,1.252,0.2,0.8,0.0,0.0,0.0,0.0,0.0,0.0,0.0,0.313,0.0,14.4,17.3,31939.0,0.0159695
2012-06-25,0.0,1.6,16.8,1.5,8.423,2837.6,1824.6,72.2,3.0,3.2,-1.4,0.743,1.266,0.2,0.2,0.0,0.0,0.0,0.0,0.0,0.0,0.0,0.32,0.0,12.8,20.0,30065.0,0.0150325
2012-06-26,0.0,0.3,18.5,1.3,11.471,3249.2,666.6,86.1,0.7,1.7,-0.4,0.744,1.291,0.2,0.0,0.0,0.0,0.0,0.0,0.0,0.0,0.0,0.317,0.0,15.8,21.5,33113.0,0.016556500000000002
2012-06-27,0.0,0.0,22.5,1.5,12.706,3156.3,1366.2,76.2,1.9,3.2,-1.9,0.727,1.332,0.2,0.0,0.0,0.0,0.0,0.0,0.0,0.0,0.0,0.317,0.0,17.8,27.0,36145.0,0.0180725
2012-06-28,0.0,0.6,25.6,3.1,13.75,3045.0,1786.3,68.1,2.7,4.9,-2.1,0.704,1.349,0.1,0.0,0.0,0.0,0.0,0.0,0.0,0.0,0.0,0.314,0.0,20.9,31.3,33913.0,0.0169565
2012-06-29,0.0,0.2,19.9,3.2,10.005,3070.7,1535.8,69.8,2.8,3.3,-2.6,0.682,1.366,0.1,0.0,0.0,0.0,0.0,0.0,0.0,0.0,0.0,0.311,0.0,15.8,22.5,28511.0,0.0142555
2012-06-30,0.0,0.0,20.0,2.9,9.55,2834.5,1849.2,66.6,2.4,4.3,-2.4,0.656,1.386,0.1,0.0,0.0,0.0,0.0,0.0,0.0,0.0,0.0,0.307,0.0,16.1,25.0,31140.0,0.01557
2012-07-01,0.0,0.0,17.8,2.6,7.35,2644.4,2458.2,59.3,2.3,4.6,-2.3,0.632,1.382,0.1,0.0,0.0,0.0,0.0,0.0,0.0,0.0,0.0,0.303,0.0,14.8,20.5,19000.0,0.0095
2012-07-02,0.0,0.0,19.2,2.3,7.717,2661.3,1844.9,56.5,1.6,4.1,-1.6,0.613,1.348,0.1,0.0,0.0,0.0,0.0,0.0,0.0,0.0,0.0,0.3,0.0,14.7,22.7,29805.0,0.0149025
2012-07-03,0.0,0.0,20.6,2.2,10.044,2906.4,894.5,66.9,0.5,2.7,-0.5,0.604,1.29,0.1,0.0,0.0,0.0,0.0,0.0,0.0,0.0,0.0,0.297,0.0,17.3,23.5,35884.0,0.017942
2012-07-04,0.0,0.1,22.7,2.1,11.495,3106.8,1542.9,67.4,1.3,3.7,-1.2,0.593,1.241,0.1,0.0,0.0,0.0,0.0,0.0,0.0,0.0,0.0,0.296,0.0,19.5,26.0,29369.0,0.0146845
2012-07-05,0.0,12.6,19.5,1.1,10.991,3304.1,1325.7,78.7,1.9,2.7,10.7,0.619,1.22,0.1,0.8,0.0,0.0,0.0,0.0,0.0,0.0,0.0,0.295,0.0,17.8,22.8,19684.0,0.009842
2012-07-06,0.0,11.3,17.2,3.0,9.941,3207.3,1138.7,82.4,2.8,2.7,8.5,0.707,1.216,0.1,1.1,0.0,0.0,0.0,0.0,0.0,0.0,0.0,0.308,0.0,13.7,21.3,31765.0,0.0158825
2012-07-07,0.0,19.2,17.9,2.9,10.855,3265.0,1174.9,85.5,2.7,2.6,16.5,0.796,1.247,1.1,2.9,0.0,0.0,0.0,0.0,0.0,0.0,0.0,0.319,0.0,14.7,22.2,35375.0,0.017687500000000002
2012-07-08,0.0,0.1,17.7,3.2,10.225,3115.3,961.3,81.6,1.8,2.2,-1.7,0.848,1.306,2.6,0.0,0.0,0.0,0.0,0.0,0.0,0.0,0.0,0.336,0.0,15.4,20.2,30132.0,0.015066
2012-07-09,0.0,0.0,19.4,1.7,10.117,3072.4,1872.3,72.9,3.5,3.5,-3.5,0.805,1.364,0.7,0.0,0.0,0.0,0.0,0.0,0.0,0.0,0.0,0.33,0.0,16.6,22.0,30621.0,0.0153105
2012-07-10,0.0,1.0,18.0,2.7,9.182,2957.9,1053.4,71.8,2.1,2.6,-1.1,0.778,1.424,0.3,0.1,0.0,0.0,0.0,0.0,0.0,0.0,0.0,0.324,0.0,16.6,19.2,26736.0,0.013368
2012-07-11,0.0,1.1,16.4,3.0,8.524,2967.3,1638.6,74.8,3.3,3.3,-2.2,0.763,1.48,0.3,0.1,0.0,0.0,0.0,0.0,0.0,0.0,0.0,0.322,0.0,13.6,19.9,29334.0,0.014667
2012-07-12,0.0,11.3,15.7,2.9,9.092,3017.6,738.4,82.3,1.3,1.9,10.0,0.767,1.56,0.3,1.3,0.0,0.0,0.0,0.0,0.0,0.0,0.0,0.319,0.0,14.0,18.6,29650.0,0.014825
2012-07-13,0.0,14.1,15.7,3.2,9.958,3295.9,915.7,90.2,2.4,1.9,11.7,0.866,1.675,2.0,2.3,0.0,0.0,0.0,0.0,0.0,0.0,0.0,0.33,0.0,14.2,18.8,27615.0,0.0138075
2012-07-14,0.0,2.3,16.5,3.3,9.226,3079.7,1458.6,80.0,3.1,3.1,-0.8,0.886,1.775,2.3,0.4,0.0,0.0,0.0,0.0,0.0,0.0,0.0,0.341,0.0,13.3,21.5,29539.0,0.0147695
2012-07-15,0.0,1.4,15.5,3.1,8.163,2843.6,1583.8,75.1,3.2,3.0,-1.8,0.854,1.81,0.9,0.2,0.0,0.0,0.0,0.0,0.0,0.0,0.0,0.336,0.0,13.6,17.8,30878.0,0.015439
2012-07-16,0.0,0.0,18.2,3.4,8.309,2863.6,1684.3,64.9,3.0,3.9,-3.0,0.82,1.81,0.5,0.0,0.0,0.0,0.0,0.0,0.0,0.0,0.0,0.332,0.0,13.3,22.3,38930.0,0.019465
2012-07-17,0.0,0.0,21.1,3.2,9.826,3052.4,2099.5,63.7,3.9,4.6,-3.9,0.78,1.813,0.3,0.0,0.0,0.0,0.0,0.0,0.0,0.0,0.0,0.327,0.0,16.9,24.8,37579.0,0.0187895
2012-07-18,0.0,0.0,22.5,3.1,9.757,2835.7,1873.8,59.5,3.0,4.9,-3.0,0.746,1.787,0.3,0.0,0.0,0.0,0.0,0.0,0.0,0.0,0.0,0.321,0.0,19.0,27.0,39066.0,0.019533
2012-07-19,0.0,0.0,18.5,3.2,8.532,2615.6,1479.0,64.7,1.9,3.3,-1.9,0.722,1.755,0.3,0.0,0.0,0.0,0.0,0.0,0.0,0.0,0.0,0.316,0.0,14.9,20.0,30557.0,0.0152785
2012-07-20,0.0,0.2,17.7,1.8,8.389,2831.5,1600.4,67.0,1.9,3.2,-1.7,0.704,1.729,0.2,0.0,0.0,0.0,0.0,0.0,0.0,0.0,0.0,0.313,0.0,15.6,20.3,26589.0,0.0132945
2012-07-21,0.0,0.0,17.5,2.5,7.716,2743.7,2209.8,63.0,2.1,4.1,-2.1,0.681,1.712,0.2,0.0,0.0,0.0,0.0,0.0,0.0,0.0,0.0,0.31,0.0,13.9,21.3,36708.0,0.018354
2012-07-22,0.0,0.0,19.0,2.2,7.924,2728.5,2064.3,59.4,1.7,4.1,-1.7,0.662,1.673,0.2,0.0,0.0,0.0,0.0,0.0,0.0,0.0,0.0,0.307,0.0,12.7,23.6,40111.0,0.0200555
2012-07-23,0.0,0.0,21.4,2.3,7.63,2946.4,3097.7,49.7,2.4,6.0,-2.4,0.639,1.61,0.2,0.0,0.0,0.0,0.0,0.0,0.0,0.0,0.0,0.304,0.0,16.6,25.7,41655.0,0.0208275
2012-07-24,0.0,0.0,23.6,1.6,9.273,2983.6,2759.8,52.3,1.8,5.5,-1.8,0.619,1.563,0.2,0.0,0.0,0.0,0.0,0.0,0.0,0.0,0.0,0.301,0.0,17.4,29.0,40054.0,0.020027
2012-07-25,0.0,0.0,25.5,1.6,10.293,3175.7,2571.4,52.7,1.8,5.6,-1.8,0.599,1.508,0.2,0.0,0.0,0.0,0.0,0.0,0.0,0.0,0.0,0.298,0.0,20.3,31.6,40002.0,0.020001
2012-07-26,0.0,0.0,26.5,2.3,10.049,3201.4,2762.6,48.3,1.8,6.3,-1.8,0.581,1.43,0.2,0.0,0.0,0.0,0.0,0.0,0.0,0.0,0.0,0.295,0.0,19.2,32.4,37467.0,0.0187335
2012-07-27,0.0,4.7,24.3,1.7,11.818,3182.9,1547.0,63.6,1.2,3.8,3.5,0.576,1.356,0.1,0.2,0.0,0.0,0.0,0.0,0.0,0.0,0.0,0.293,0.0,21.0,29.4,30404.0,0.015202
2012-07-28,0.0,0.0,20.6,2.7,10.736,3065.5,1289.7,71.4,1.9,3.2,-1.9,0.593,1.302,0.1,0.0,0.0,0.0,0.0,0.0,0.0,0.0,0.0,0.297,0.0,18.9,24.1,27338.0,0.013669
2012-07-29,0.0,2.5,16.4,2.6,7.893,2841.0,1680.8,69.1,1.6,3.3,0.9,0.581,1.263,0.1,0.1,0.0,0.0,0.0,0.0,0.0,0.0,0.0,0.294,0.0,12.7,20.0,34367.0,0.0171835
2012-07-30,0.0,0.0,16.5,1.9,8.57,2814.1,1194.8,74.3,1.3,2.5,-1.3,0.584,1.239,0.1,0.0,0.0,0.0,0.0,0.0,0.0,0.0,0.0,0.295,0.0,13.0,19.7,35203.0,0.0176015
2012-07-31,0.0,0.0,19.9,1.9,9.093,2868.5,1366.1,64.7,1.3,3.3,-1.3,0.571,1.221,0.1,0.0,0.0,0.0,0.0,0.0,0.0,0.0,0.0,0.293,0.0,15.1,25.7,38532.0,0.019266
2012-08-01,0.0,0.0,22.2,2.0,10.372,3057.4,1412.4,63.5,1.1,3.6,-1.1,0.559,1.207,0.1,0.0,0.0,0.0,0.0,0.0,0.0,0.0,0.0,0.291,0.0,15.5,27.8,31512.0,0.015756
2012-08-02,0.0,0.0,21.1,2.7,9.643,2915.1,1726.5,63.1,1.2,4.0,-1.2,0.547,1.196,0.1,0.0,0.0,0.0,0.0,0.0,0.0,0.0,0.0,0.29,0.0,17.6,24.7,32701.0,0.0163505
2012-08-03,0.0,0.9,19.9,2.9,9.894,3030.9,1464.1,69.3,1.4,3.6,-0.5,0.54,1.187,0.1,0.0,0.0,0.0,0.0,0.0,0.0,0.0,0.0,0.288,0.0,16.0,24.4,35193.0,0.0175965
2012-08-04,0.0,1.2,20.5,2.2,9.526,3028.7,1802.6,65.1,1.3,3.9,-0.1,0.529,1.176,0.1,0.0,0.0,0.0,0.0,0.0,0.0,0.0,0.0,0.287,0.0,16.4,25.2,31966.0,0.015983
2012-08-05,0.0,1.9,18.4,2.9,9.583,3147.0,1296.2,73.9,1.2,3.0,0.7,0.53,1.18,0.1,0.1,0.0,0.0,0.0,0.0,0.0,0.0,0.0,0.286,0.0,14.8,22.3,24590.0,0.012295
2012-08-06,0.0,0.7,17.9,3.6,9.01,2977.4,1770.2,72.4,1.7,3.4,-1.0,0.528,1.185,0.1,0.0,0.0,0.0,0.0,0.0,0.0,0.0,0.0,0.287,0.0,13.6,20.8,26992.0,0.013496
2012-08-07,0.0,0.0,17.9,1.7,8.601,2979.2,1579.4,68.6,1.3,3.1,-1.3,0.519,1.173,0.1,0.0,0.0,0.0,0.0,0.0,0.0,0.0,0.0,0.286,0.0,14.8,20.9,37512.0,0.018756
2012-08-08,0.0,0.0,20.6,1.0,9.407,2980.9,1787.3,64.1,1.3,3.4,-1.3,0.505,1.158,0.1,0.0,0.0,0.0,0.0,0.0,0.0,0.0,0.0,0.284,0.0,14.7,25.7,40162.0,0.020080999999999998
2012-08-09,0.0,0.0,21.3,2.4,10.32,3086.0,1896.8,66.8,1.1,4.1,-1.1,0.494,1.125,0.1,0.0,0.0,0.0,0.0,0.0,0.0,0.0,0.0,0.282,0.0,17.2,26.7,39370.0,0.019685
2012-08-10,0.0,0.0,21.2,2.6,8.412,2961.9,2708.0,55.8,1.6,5.4,-1.6,0.479,1.062,0.1,0.0,0.0,0.0,0.0,0.0,0.0,0.0,0.0,0.28,0.0,15.9,26.7,41092.0,0.020546
2012-08-11,0.0,0.0,21.6,2.6,8.398,2936.1,2454.6,54.4,1.3,5.3,-1.3,0.465,0.955,0.1,0.0,0.0,0.0,0.0,0.0,0.0,0.0,0.0,0.278,0.0,15.5,28.0,37661.0,0.0188305
2012-08-12,0.0,0.0,21.6,1.5,9.808,3041.6,1815.1,62.1,0.8,3.8,-0.8,0.456,0.86,0.1,0.0,0.0,0.0,0.0,0.0,0.0,0.0,0.0,0.276,0.0,15.6,27.6,30914.0,0.015457
2012-08-13,0.0,0.0,21.6,1.8,10.806,3041.7,1294.5,68.8,0.6,3.2,-0.6,0.449,0.771,0.1,0.0,0.0,0.0,0.0,0.0,0.0,0.0,0.0,0.275,0.0,18.1,26.7,32279.0,0.0161395
2012-08-14,0.0,0.0,21.4,1.7,11.163,3142.2,553.6,71.0,0.1,1.9,-0.1,0.446,0.689,0.1,0.0,0.0,0.0,0.0,0.0,0.0,0.0,0.0,0.274,0.0,17.3,24.8,33049.0,0.0165245
2012-08-15,0.0,0.0,22.7,3.2,10.216,2983.9,1281.1,60.7,0.9,4.3,-0.9,0.439,0.618,0.1,0.0,0.0,0.0,0.0,0.0,0.0,0.0,0.0,0.273,0.0,20.2,29.3,27236.0,0.013618
2012-08-16,0.0,0.0,21.5,2.7,8.778,2784.0,1740.4,56.6,0.9,4.1,-0.9,0.43,0.578,0.1,0.0,0.0,0.0,0.0,0.0,0.0,0.0,0.0,0.272,0.0,16.1,25.9,37716.0,0.018858
2012-08-17,0.0,0.0,25.4,2.7,9.465,2918.5,1941.4,48.5,1.1,5.1,-1.1,0.419,0.543,0.0,0.0,0.0,0.0,0.0,0.0,0.0,0.0,0.0,0.271,0.0,18.3,31.0,40074.0,0.020037
2012-08-18,0.0,0.0,28.9,2.1,11.257,3337.9,2508.0,46.7,1.3,6.0,-1.3,0.407,0.487,0.0,0.0,0.0,0.0,0.0,0.0,0.0,0.0,0.0,0.269,0.0,21.0,35.9,37366.0,0.018682999999999998
2012-08-19,0.0,0.0,28.3,2.0,13.089,3198.9,1480.4,55.8,0.6,4.5,-0.6,0.398,0.439,0.0,0.0,0.0,0.0,0.0,0.0,0.0,0.0,0.0,0.267,0.0,20.8,35.7,32276.0,0.016138
2012-08-20,0.0,0.9,24.7,1.9,12.515,3197.5,838.5,65.8,0.3,2.7,0.6,0.396,0.401,0.0,0.0,0.0,0.0,0.0,0.0,0.0,0.0,0.0,0.266,0.0,19.2,28.9,30248.0,0.015124
2012-08-21,0.0,0.0,24.0,1.9,11.626,3132.3,1753.0,64.0,1.3,4.1,-1.3,0.393,0.369,0.0,0.0,0.0,0.0,0.0,0.0,0.0,0.0,0.0,0.267,0.0,19.6,30.2,32867.0,0.0164335
2012-08-22,0.0,0.0,19.7,1.8,8.469,2867.9,1597.4,61.3,0.8,3.4,-0.8,0.383,0.343,0.0,0.0,0.0,0.0,0.0,0.0,0.0,0.0,0.0,0.265,0.0,16.0,24.6,33737.0,0.0168685
2012-08-23,0.0,0.0,20.3,1.9,8.387,2993.7,1935.6,58.5,0.9,3.9,-0.9,0.375,0.326,0.0,0.0,0.0,0.0,0.0,0.0,0.0,0.0,0.0,0.264,0.0,14.5,25.6,29717.0,0.0148585
2012-08-24,0.0,1.0,19.7,2.4,9.715,3009.0,1017.6,68.9,0.4,2.8,0.6,0.371,0.306,0.0,0.0,0.0,0.0,0.0,0.0,0.0,0.0,0.0,0.263,0.0,17.3,23.9,22519.0,0.0112595
2012-08-25,0.0,0.0,19.9,5.4,9.542,2892.7,1847.5,67.5,1.1,4.4,-1.1,0.369,0.269,0.0,0.0,0.0,0.0,0.0,0.0,0.0,0.0,0.0,0.263,0.0,17.3,23.7,22955.0,0.0114775
2012-08-26,0.0,0.0,19.1,3.4,8.391,2666.9,1667.2,61.8,0.7,3.8,-0.7,0.361,0.232,0.0,0.0,0.0,0.0,0.0,0.0,0.0,0.0,0.0,0.262,0.0,15.9,22.8,32925.0,0.0164625
2012-08-27,0.0,0.0,22.0,2.8,7.816,2804.3,1646.3,49.3,1.0,4.3,-1.0,0.352,0.195,0.0,0.0,0.0,0.0,0.0,0.0,0.0,0.0,0.0,0.261,0.0,16.8,26.3,37496.0,0.018748
2012-08-28,0.0,0.0,21.5,2.6,8.406,2858.3,1564.0,53.1,0.6,3.9,-0.6,0.346,0.149,0.0,0.0,0.0,0.0,0.0,0.0,0.0,0.0,0.0,0.259,0.0,19.5,24.5,26796.0,0.013398
2012-08-29,0.0,0.0,20.9,2.4,8.783,2743.7,1626.4,58.8,0.7,3.9,-0.7,0.339,0.101,0.0,0.0,0.0,0.0,0.0,0.0,0.0,0.0,0.0,0.259,0.0,16.6,26.8,23862.0,0.011931
2012-08-30,0.0,1.4,17.8,2.8,8.29,2776.0,1654.4,66.6,0.6,3.4,0.8,0.337,0.051,0.0,0.0,0.0,0.0,0.0,0.0,0.0,0.0,0.0,0.258,0.0,15.9,21.8,19793.0,0.009896499999999999
2012-08-31,0.0,0.0,14.9,4.5,6.332,2562.6,1865.2,61.3,1.1,3.6,-1.1,0.337,-0.005,0.0,0.0,0.0,0.0,0.0,0.0,0.0,0.0,0.0,0.259,0.0,11.6,18.5,31154.0,0.015577
2012-09-01,0.0,0.0,15.6,1.8,6.251,2720.1,1701.3,58.4,0.8,3.0,-0.8,0.329,-0.058,0.0,0.0,0.0,0.0,0.0,0.0,0.0,0.0,0.0,0.257,0.0,10.1,19.6,28147.0,0.0140735
2012-09-02,0.0,0.4,18.0,1.8,9.035,3095.9,1273.4,71.7,0.4,2.6,0.0,0.324,-0.109,0.0,0.0,0.0,0.0,0.0,0.0,0.0,0.0,0.0,0.256,0.0,13.8,22.9,26896.0,0.013448
2012-09-03,0.0,0.1,18.2,2.6,10.761,3292.9,529.4,83.1,0.2,1.5,-0.1,0.326,-0.147,0.0,0.0,0.0,0.0,0.0,0.0,0.0,0.0,0.0,0.256,0.0,15.7,20.6,22872.0,0.011436
2012-09-04,0.0,0.0,19.8,3.1,10.228,3030.8,1795.7,73.1,0.8,3.6,-0.8,0.32,-0.18,0.0,0.0,0.0,0.0,0.0,0.0,0.0,0.0,0.0,0.256,0.0,15.2,25.2,26782.0,0.013391
2012-09-05,0.0,0.0,18.9,4.0,10.059,2887.3,1197.2,74.6,0.3,3.1,-0.3,0.315,-0.221,0.0,0.0,0.0,0.0,0.0,0.0,0.0,0.0,0.0,0.255,0.0,16.6,23.6,26920.0,0.01346
2012-09-06,0.0,0.0,16.4,2.3,7.108,2819.9,1793.2,63.5,0.8,3.3,-0.8,0.309,-0.257,0.0,0.0,0.0,0.0,0.0,0.0,0.0,0.0,0.0,0.254,0.0,11.1,22.3,34927.0,0.0174635
2012-09-07,0.0,0.0,17.9,1.5,7.079,2943.8,1726.5,58.4,0.7,3.1,-0.7,0.302,-0.279,0.0,0.0,0.0,0.0,0.0,0.0,0.0,0.0,0.0,0.253,0.0,10.8,25.1,36029.0,0.0180145
2012-09-08,0.0,0.0,20.0,1.7,6.86,3031.9,1810.8,51.0,0.8,3.7,-0.8,0.294,-0.266,0.0,0.0,0.0,0.0,0.0,0.0,0.0,0.0,0.0,0.252,0.0,12.6,28.1,35647.0,0.0178235
2012-09-09,0.0,0.4,21.9,1.6,7.626,3043.1,1843.5,50.0,0.7,3.9,-0.3,0.287,-0.252,0.0,0.0,0.0,0.0,0.0,0.0,0.0,0.0,0.0,0.251,0.0,13.0,30.8,32348.0,0.016174
2012-09-10,0.0,2.9,21.0,2.1,11.587,3289.6,859.0,75.5,0.4,2.1,2.5,0.293,-0.241,0.0,0.0,0.0,0.0,0.0,0.0,0.0,0.0,0.0,0.25,0.0,16.7,24.3,27476.0,0.013738
2012-09-11,0.0,8.7,16.6,2.3,9.816,3197.4,373.5,82.8,1.1,1.4,7.6,0.365,-0.189,0.0,0.2,0.0,0.0,0.0,0.0,0.0,0.0,0.0,0.254,0.0,16.0,17.8,22631.0,0.011315500000000001
2012-09-12,0.0,6.6,14.6,2.7,7.735,2865.9,672.6,75.4,1.3,1.9,5.3,0.404,-0.122,0.0,0.3,0.0,0.0,0.0,0.0,0.0,0.0,0.0,0.264,0.0,12.8,17.6,15593.0,0.0077965000000000005
2012-09-13,0.0,0.0,14.7,3.2,7.743,2919.6,1511.8,75.8,2.5,2.6,-2.5,0.414,-0.06,0.0,0.0,0.0,0.0,0.0,0.0,0.0,0.0,0.0,0.271,0.0,12.4,18.3,27139.0,0.0135695
2012-09-14,0.0,0.0,14.7,2.8,8.008,3060.7,621.3,76.8,0.7,1.6,-0.7,0.402,-0.011,0.0,0.0,0.0,0.0,0.0,0.0,0.0,0.0,0.0,0.268,0.0,10.6,17.1,31610.0,0.015805
2012-09-15,0.0,0.0,16.5,1.1,8.045,3126.9,1352.5,70.8,1.7,2.3,-1.7,0.389,0.016,0.0,0.0,0.0,0.0,0.0,0.0,0.0,0.0,0.0,0.267,0.0,13.1,21.6,29854.0,0.014927
2012-09-16,0.0,0.0,17.3,1.1,8.3,2986.5,1560.7,70.2,1.4,2.5,-1.4,0.374,0.026,0.0,0.0,0.0,0.0,0.0,0.0,0.0,0.0,0.0,0.264,0.0,10.9,24.3,34280.0,0.01714
2012-09-17,0.0,0.0,16.7,1.2,9.388,3201.4,1135.0,79.8,0.7,1.8,-0.7,0.366,0.039,0.0,0.0,0.0,0.0,0.0,0.0,0.0,0.0,0.0,0.263,0.0,13.5,19.4,28636.0,0.014317999999999999
2012-09-18,0.0,0.0,16.0,3.0,7.907,2841.3,829.9,71.1,0.7,2.3,-0.7,0.359,0.056,0.0,0.0,0.0,0.0,0.0,0.0,0.0,0.0,0.0,0.262,0.0,14.2,20.2,16418.0,0.008209
2012-09-19,0.0,0.0,12.9,2.7,5.523,2575.0,1637.0,61.4,1.1,2.7,-1.1,0.349,0.069,0.0,0.0,0.0,0.0,0.0,0.0,0.0,0.0,0.0,0.261,0.0,9.3,17.4,32143.0,0.0160715
2012-09-20,0.0,0.0,12.6,1.1,5.198,2643.0,1134.3,59.1,0.7,1.9,-0.7,0.341,0.073,0.0,0.0,0.0,0.0,0.0,0.0,0.0,0.0,0.0,0.259,0.0,6.6,18.6,33140.0,0.01657
2012-09-21,0.0,5.3,12.0,1.2,6.414,2890.9,771.1,74.3,0.4,1.5,4.9,0.348,0.047,0.0,0.2,0.0,0.0,0.0,0.0,0.0,0.0,0.0,0.258,0.0,8.4,16.9,22468.0,0.011234000000000001
2012-09-22,0.0,0.0,13.4,2.1,6.907,2791.6,1000.3,74.3,1.2,1.9,-1.2,0.376,0.008,0.0,0.0,0.0,0.0,0.0,0.0,0.0,0.0,0.0,0.265,0.0,8.2,18.4,23754.0,0.011877
2012-09-23,0.0,4.6,16.9,2.8,9.307,3142.4,547.7,76.1,0.4,1.7,4.2,0.379,-0.029,0.0,0.2,0.0,0.0,0.0,0.0,0.0,0.0,0.0,0.263,0.0,11.4,21.2,19304.0,0.009651999999999999
2012-09-24,0.0,6.6,17.0,5.9,9.631,3088.2,601.3,80.0,1.7,2.0,4.9,0.443,-0.016,0.0,0.4,0.0,0.0,0.0,0.0,0.0,0.0,0.0,0.268,0.0,16.7,17.7,19674.0,0.009837
2012-09-25,0.0,0.0,14.4,5.0,8.043,2678.1,742.3,79.2,1.0,1.9,-1.0,0.447,0.021,0.0,0.0,0.0,0.0,0.0,0.0,0.0,0.0,0.0,0.275,0.0,13.2,16.5,16119.0,0.0080595
2012-09-26,0.0,12.5,13.7,4.5,8.039,2959.6,1053.4,82.8,1.8,1.8,10.7,0.465,0.075,0.0,1.0,0.0,0.0,0.0,0.0,0.0,0.0,0.0,0.273,0.0,12.8,15.9,11624.0,0.005812
2012-09-27,0.0,1.5,13.8,2.9,8.193,3052.9,901.6,84.1,2.0,1.7,-0.5,0.533,0.164,0.2,0.1,0.0,0.0,0.0,0.0,0.0,0.0,0.0,0.287,0.0,12.9,17.1,22710.0,0.011355
2012-09-28,0.0,0.0,12.9,1.8,7.266,2952.2,1238.2,79.5,2.4,1.7,-2.4,0.512,0.238,0.1,0.0,0.0,0.0,0.0,0.0,0.0,0.0,0.0,0.286,0.0,9.2,17.5,24640.0,0.01232
2012-09-29,0.0,0.0,12.8,2.4,6.786,2930.7,1141.9,75.5,2.4,2.0,-2.4,0.49,0.307,0.1,0.0,0.0,0.0,0.0,0.0,0.0,0.0,0.0,0.282,0.0,10.3,17.8,15069.0,0.0075345
2012-09-30,0.0,0.0,11.2,0.6,5.751,2941.9,1378.7,71.9,2.3,1.5,-2.3,0.465,0.367,0.0,0.0,0.0,0.0,0.0,0.0,0.0,0.0,0.0,0.279,0.0,5.3,17.6,22816.0,0.011408
2012-10-01,0.0,0.7,13.6,2.2,7.098,2836.0,1158.1,74.9,1.4,2.0,-0.7,0.449,0.411,0.0,0.0,0.0,0.0,0.0,0.0,0.0,0.0,0.0,0.275,0.0,7.1,20.1,25522.0,0.012761
2012-10-02,0.0,0.0,16.1,3.5,8.01,2694.6,807.4,71.6,0.8,2.2,-0.8,0.446,0.446,0.0,0.0,0.0,0.0,0.0,0.0,0.0,0.0,0.0,0.274,0.0,14.0,19.6,27011.0,0.0135055
2012-10-03,0.0,11.5,15.3,4.0,8.966,2904.9,311.7,83.4,0.2,1.4,11.3,0.465,0.483,0.0,0.9,0.0,0.0,0.0,0.0,0.0,0.0,0.0,0.273,0.0,14.1,17.2,22206.0,0.011103
2012-10-04,0.0,3.1,15.0,3.6,8.354,2989.3,871.8,79.5,1.8,1.8,1.3,0.549,0.522,0.2,0.3,0.0,0.0,0.0,0.0,0.0,0.0,0.0,0.288,0.0,14.0,16.6,20453.0,0.0102265
2012-10-05,0.0,0.0,18.1,4.3,10.266,3163.5,822.4,80.0,1.4,2.2,-1.4,0.542,0.541,0.2,0.0,0.0,0.0,0.0,0.0,0.0,0.0,0.0,0.289,0.0,14.5,22.5,26631.0,0.0133155
2012-10-06,0.0,10.3,15.8,2.9,9.69,3314.8,325.5,87.1,1.0,1.1,9.3,0.566,0.559,0.3,1.1,0.0,0.0,0.0,0.0,0.0,0.0,0.0,0.287,0.0,14.2,18.3,17925.0,0.0089625
2012-10-07,0.0,0.6,13.6,2.5,7.18,2902.3,688.7,74.8,1.4,1.6,-0.8,0.598,0.565,0.7,0.1,0.0,0.0,0.0,0.0,0.0,0.0,0.0,0.298,0.0,11.5,16.4,13895.0,0.0069475
2012-10-08,0.0,4.4,14.1,2.0,9.423,3324.7,214.8,92.7,0.3,0.9,4.1,0.617,0.601,1.0,0.6,0.0,0.0,0.0,0.0,0.0,0.0,0.0,0.295,0.0,11.2,17.3,15093.0,0.0075465
2012-10-09,0.0,7.3,14.9,2.2,9.724,3257.5,266.7,92.3,0.8,0.7,6.5,0.627,0.656,1.1,1.0,0.0,0.0,0.0,0.0,0.0,0.0,0.0,0.299,0.0,14.2,15.8,16607.0,0.0083035
2012-10-10,0.0,0.3,13.1,1.7,8.796,3320.8,266.5,93.9,0.7,0.7,-0.4,0.653,0.734,1.6,0.1,0.0,0.0,0.0,0.0,0.0,0.0,0.0,0.305,0.0,11.4,13.9,18473.0,0.0092365
2012-10-11,0.0,12.0,15.6,2.5,10.453,3476.2,234.9,94.9,0.6,0.7,11.4,0.687,0.846,3.0,1.9,0.0,0.0,0.0,0.0,0.0,0.0,0.0,0.303,0.0,13.7,16.9,13521.0,0.0067605
2012-10-12,0.0,0.7,12.2,3.3,8.201,2742.2,1072.6,92.8,1.7,1.0,-1.0,0.688,0.983,1.8,0.1,0.0,0.0,0.0,0.0,0.0,0.0,0.0,0.312,0.0,10.1,13.9,21379.0,0.0106895
2012-10-13,0.0,9.3,9.6,3.0,6.826,2989.1,280.2,92.1,1.0,0.6,8.3,0.719,1.141,2.7,1.5,0.0,0.0,0.0,0.0,0.0,0.0,0.0,0.308,0.0,7.9,10.8,20289.0,0.0101445
2012-10-14,0.0,7.3,8.3,2.1,6.327,3039.2,219.2,93.0,0.9,0.6,6.4,0.745,1.258,3.0,1.2,0.0,0.0,0.0,0.0,0.0,0.0,0.0,0.314,0.0,8.0,9.4,11823.0,0.0059115
2012-10-15,0.0,1.2,10.1,3.4,6.044,2668.7,1009.1,79.2,1.7,1.3,-0.5,0.723,1.362,1.2,0.2,0.0,0.0,0.0,0.0,0.0,0.0,0.0,0.317,0.0,6.2,13.6,24469.0,0.0122345
2012-10-16,0.0,0.5,11.9,3.7,6.997,2797.6,496.5,81.5,0.5,1.3,0.0,0.718,1.412,0.8,0.1,0.0,0.0,0.0,0.0,0.0,0.0,0.0,0.314,0.0,10.0,15.1,17603.0,0.0088015
2012-10-17,0.0,4.8,13.3,3.1,8.57,3190.0,207.1,90.1,0.3,0.8,4.5,0.731,1.441,1.0,0.7,0.0,0.0,0.0,0.0,0.0,0.0,0.0,0.313,0.0,9.9,15.4,11797.0,0.0058985
2012-10-18,0.0,6.4,16.2,1.6,10.027,3415.4,600.1,87.8,1.3,1.1,5.1,0.767,1.476,2.1,1.0,0.0,0.0,0.0,0.0,0.0,0.0,0.0,0.317,0.0,13.0,20.3,12677.0,0.0063385
2012-10-19,0.0,2.7,16.0,1.9,9.899,3221.3,272.5,87.6,0.3,0.9,2.4,0.755,1.494,1.1,0.4,0.0,0.0,0.0,0.0,0.0,0.0,0.0,0.319,0.0,14.0,18.1,9110.0,0.004555
2012-10-20,0.0,6.4,14.8,1.7,9.987,3414.0,196.3,95.5,0.7,0.6,5.7,0.781,1.508,1.8,1.0,0.0,0.0,0.0,0.0,0.0,0.0,0.0,0.32,0.0,14.1,15.1,9428.0,0.004714
2012-10-21,0.0,0.0,17.0,1.7,10.741,3413.4,493.7,89.4,0.9,1.1,-0.9,0.781,1.508,1.5,0.0,0.0,0.0,0.0,0.0,0.0,0.0,0.0,0.325,0.0,13.5,20.9,10728.0,0.005364
2012-10-22,0.0,0.1,18.3,1.0,10.812,3405.6,955.1,84.1,1.9,1.2,-1.8,0.756,1.506,0.7,0.0,0.0,0.0,0.0,0.0,0.0,0.0,0.0,0.321,0.0,14.1,24.0,15399.0,0.0076995
2012-10-23,0.0,0.0,16.2,2.0,9.863,3237.0,856.9,86.4,2.0,1.1,-2.0,0.734,1.484,0.4,0.0,0.0,0.0,0.0,0.0,0.0,0.0,0.0,0.318,0.0,15.6,18.7,17689.0,0.0088445
2012-10-24,0.0,0.0,10.9,2.1,7.233,3162.5,353.8,89.5,1.3,0.7,-1.3,0.717,1.462,0.2,0.0,0.0,0.0,0.0,0.0,0.0,0.0,0.0,0.315,0.0,9.7,12.7,19914.0,0.009957
2012-10-25,0.0,0.0,11.3,2.2,7.215,3270.7,885.9,87.5,1.9,1.0,-1.9,0.698,1.445,0.2,0.0,0.0,0.0,0.0,0.0,0.0,0.0,0.0,0.312,0.0,7.4,16.0,12297.0,0.0061485
2012-10-26,0.0,0.0,9.6,5.3,6.349,2946.6,300.1,84.6,1.3,1.1,-1.3,0.683,1.426,0.1,0.0,0.0,0.0,0.0,0.0,0.0,0.0,0.0,0.309,0.0,8.0,11.3,4803.0,0.0024015
2012-10-27,0.0,0.1,4.9,4.7,3.836,2297.1,845.0,72.4,1.5,1.4,-1.4,0.667,1.389,0.1,0.0,0.0,0.0,0.0,0.0,0.0,0.0,0.0,0.307,0.0,2.1,9.4,15223.0,0.0076115
2012-10-28,0.0,1.5,5.9,2.1,4.523,2568.0,814.8,79.4,0.9,0.8,0.6,0.658,1.333,0.1,0.1,0.0,0.0,0.0,0.0,0.0,0.0,0.0,0.305,0.0,1.3,8.9,19958.0,0.009979
2012-10-29,0.0,0.0,8.9,3.4,5.519,2557.2,184.7,79.2,0.0,1.2,0.0,0.664,1.28,0.1,0.0,0.0,0.0,0.0,0.0,0.0,0.0,0.0,0.306,0.0,6.4,12.2,20966.0,0.010483
2012-10-30,0.0,0.0,9.3,2.4,5.675,2649.1,388.9,78.4,0.2,1.0,-0.2,0.662,1.22,0.1,0.0,0.0,0.0,0.0,0.0,0.0,0.0,0.0,0.305,0.0,7.6,12.6,20637.0,0.0103185
2012-10-31,0.0,0.7,8.1,2.7,5.226,2724.8,802.2,78.9,1.1,0.9,-0.4,0.654,1.153,0.1,0.0,0.0,0.0,0.0,0.0,0.0,0.0,0.0,0.305,0.0,3.0,11.3,12607.0,0.0063035
2012-11-01,0.0,3.7,8.8,4.3,5.858,2714.3,455.7,83.2,0.9,0.9,2.8,0.678,1.098,0.1,0.3,0.0,0.0,0.0,0.0,0.0,0.0,0.0,0.304,0.0,8.6,10.0,14772.0,0.007386
2012-11-02,0.0,10.6,7.6,4.2,5.813,2936.3,215.6,89.8,0.5,0.7,10.1,0.717,1.069,0.2,1.1,0.0,0.0,0.0,0.0,0.0,0.0,0.0,0.308,0.0,5.7,8.8,16742.0,0.008371
2012-11-03,0.0,3.1,9.6,2.5,6.267,2905.0,513.3,85.3,0.9,0.8,2.2,0.777,1.078,0.7,0.4,0.0,0.0,0.0,0.0,0.0,0.0,0.0,0.32,0.0,8.3,12.4,10924.0,0.005462
2012-11-04,0.0,0.5,8.9,3.1,5.969,2793.7,511.7,85.1,0.9,0.9,-0.4,0.769,1.096,0.5,0.1,0.0,0.0,0.0,0.0,0.0,0.0,0.0,0.322,0.0,6.9,12.6,5474.0,0.002737
2012-11-05,0.0,5.8,8.0,2.7,5.781,2840.6,530.1,87.4,1.1,0.7,4.7,0.767,1.119,0.5,0.8,0.0,0.0,0.0,0.0,0.0,0.0,0.0,0.32,0.0,6.8,11.1,15140.0,0.00757
2012-11-06,0.0,0.0,7.5,1.9,5.339,2736.4,816.1,83.6,1.3,0.5,-1.3,0.785,1.157,0.7,0.0,0.0,0.0,0.0,0.0,0.0,0.0,0.0,0.325,0.0,4.2,10.2,16284.0,0.008142
2012-11-07,0.0,0.0,10.2,2.1,6.135,2699.1,236.8,79.6,0.0,0.8,0.0,0.776,1.189,0.5,0.0,0.0,0.0,0.0,0.0,0.0,0.0,0.0,0.322,0.0,8.0,12.0,19137.0,0.0095685
2012-11-08,0.0,0.0,8.6,1.1,5.645,2893.2,311.8,81.9,0.6,0.6,-0.6,0.768,1.206,0.4,0.0,0.0,0.0,0.0,0.0,0.0,0.0,0.0,0.321,0.0,7.9,10.8,13212.0,0.006606
2012-11-09,0.0,1.8,6.7,2.2,5.762,3049.4,563.0,93.9,0.8,0.4,1.0,0.76,1.211,0.4,0.2,0.0,0.0,0.0,0.0,0.0,0.0,0.0,0.32,0.0,3.2,11.8,9121.0,0.0045605
2012-11-10,0.0,2.9,10.8,2.9,7.429,3108.0,228.7,92.0,0.6,0.6,2.3,0.783,1.217,0.6,0.4,0.0,0.0,0.0,0.0,0.0,0.0,0.0,0.321,0.0,9.1,13.0,6426.0,0.003213
2012-11-11,0.0,0.0,7.6,1.6,5.725,2917.9,295.2,88.8,0.7,0.5,-0.7,0.774,1.225,0.5,0.0,0.0,0.0,0.0,0.0,0.0,0.0,0.0,0.323,0.0,6.9,9.7,11554.0,0.005777
2012-11-12,0.0,0.5,6.5,2.3,5.399,2931.6,143.0,90.1,0.4,0.5,0.1,0.765,1.224,0.4,0.1,0.0,0.0,0.0,0.0,0.0,0.0,0.0,0.321,0.0,5.0,7.7,14040.0,0.00702
2012-11-13,0.0,0.0,7.6,1.7,5.9,2989.6,186.3,91.3,0.5,0.5,-0.5,0.762,1.172,0.3,0.0,0.0,0.0,0.0,0.0,0.0,0.0,0.0,0.32,0.0,6.8,8.7,16785.0,0.0083925
2012-11-14,0.0,0.0,4.6,1.5,4.947,2901.9,477.6,94.2,0.8,0.2,-0.8,0.752,1.12,0.3,0.0,0.0,0.0,0.0,0.0,0.0,0.0,0.0,0.319,0.0,3.4,5.1,15709.0,0.0078545
2012-11-15,0.0,0.0,5.3,1.0,4.922,2894.3,245.4,89.5,0.6,0.4,-0.6,0.743,1.054,0.2,0.0,0.0,0.0,0.0,0.0,0.0,0.0,0.0,0.318,0.0,4.5,6.6,14803.0,0.0074015
2012-11-16,0.0,0.0,4.1,1.9,4.879,3082.0,181.3,95.9,0.5,0.3,-0.5,0.735,0.984,0.2,0.0,0.0,0.0,0.0,0.0,0.0,0.0,0.0,0.317,0.0,3.1,6.8,13213.0,0.0066065
2012-11-17,0.0,0.5,8.3,1.6,6.578,3348.5,86.1,96.6,0.2,0.4,0.3,0.731,0.933,0.2,0.0,0.0,0.0,0.0,0.0,0.0,0.0,0.0,0.315,0.0,4.8,10.2,8898.0,0.004449
2012-11-18,0.0,5.7,9.0,2.5,6.74,3154.4,81.8,94.3,0.4,0.5,5.3,0.77,0.909,0.4,0.6,0.0,0.0,0.0,0.0,0.0,0.0,0.0,0.316,0.0,9.1,9.3,8296.0,0.004148
2012-11-19,0.0,0.0,10.6,1.8,7.208,3044.7,342.9,90.9,0.4,0.4,-0.4,0.77,0.895,0.4,0.0,0.0,0.0,0.0,0.0,0.0,0.0,0.0,0.322,0.0,8.1,12.4,12410.0,0.006205
2012-11-20,0.0,0.0,9.5,2.4,6.657,3014.3,323.8,90.5,0.5,0.5,-0.5,0.762,0.872,0.3,0.0,0.0,0.0,0.0,0.0,0.0,0.0,0.0,0.32,0.0,8.4,11.7,13591.0,0.0067954999999999995
2012-11-21,0.0,0.5,8.6,3.0,6.339,2865.4,97.6,91.4,0.1,0.6,0.4,0.76,0.853,0.3,0.1,0.0,0.0,0.0,0.0,0.0,0.0,0.0,0.319,0.0,6.1,10.8,6799.0,0.0033995
2012-11-22,0.0,0.0,6.9,3.1,5.815,2956.6,162.9,94.3,0.3,0.4,-0.3,0.755,0.839,0.3,0.0,0.0,0.0,0.0,0.0,0.0,0.0,0.0,0.319,0.0,5.4,8.2,13318.0,0.006659
2012-11-23,0.0,2.8,9.4,3.6,6.433,2945.8,109.3,87.5,0.1,0.7,2.7,0.765,0.833,0.3,0.3,0.0,0.0,0.0,0.0,0.0,0.0,0.0,0.318,0.0,6.8,10.5,9188.0,0.004594
2012-11-24,0.0,0.1,10.3,2.7,6.471,2742.9,135.8,83.4,-0.1,0.9,0.2,0.771,0.839,0.4,0.0,0.0,0.0,0.0,0.0,0.0,0.0,0.0,0.321,0.0,7.8,14.2,7304.0,0.003652
2012-11-25,0.0,0.2,10.8,4.5,5.948,2424.2,582.2,74.4,0.6,1.0,-0.4,0.765,0.849,0.3,0.0,0.0,0.0,0.0,0.0,0.0,0.0,0.0,0.321,0.0,9.6,11.8,6697.0,0.0033485
2012-11-26,0.0,0.2,10.3,4.1,6.135,2699.9,311.0,79.4,0.3,1.0,-0.1,0.759,0.853,0.3,0.0,0.0,0.0,0.0,0.0,0.0,0.0,0.0,0.32,0.0,7.0,12.9,4303.0,0.0021515
2012-11-27,0.0,0.9,7.6,2.1,5.742,2921.3,131.9,88.8,0.3,0.5,0.6,0.762,0.857,0.3,0.1,0.0,0.0,0.0,0.0,0.0,0.0,0.0,0.319,0.0,7.2,8.2,5541.0,0.0027705
2012-11-28,0.0,0.6,7.1,4.7,5.455,2852.6,167.8,87.6,0.7,0.6,-0.1,0.759,0.827,0.3,0.1,0.0,0.0,0.0,0.0,0.0,0.0,0.0,0.32,0.0,6.0,8.1,3761.0,0.0018805
2012-11-29,0.0,0.1,5.6,4.7,4.829,2665.4,269.0,85.6,0.7,0.6,-0.6,0.751,0.788,0.3,0.0,0.0,0.0,0.0,0.0,0.0,0.0,0.0,0.319,0.0,5.6,6.8,9136.0,0.004568
2012-11-30,0.0,0.0,3.2,0.9,4.474,2820.0,143.6,93.9,0.3,0.3,-0.3,0.745,0.755,0.2,0.0,0.0,0.0,0.0,0.0,0.0,0.0,0.0,0.318,0.0,1.4,4.9,12904.0,0.006452
2012-12-01,0.0,1.4,3.5,1.8,4.418,2784.0,414.5,90.8,0.8,0.2,0.6,0.748,0.731,0.2,0.1,0.0,0.0,0.0,0.0,0.0,0.0,0.0,0.317,0.0,1.7,5.3,13127.0,0.0065635
2012-12-02,0.0,1.2,3.6,2.3,3.775,2491.0,639.5,77.5,1.0,0.5,0.2,0.738,0.698,0.2,0.1,0.0,0.0,0.0,0.0,0.0,0.0,0.0,0.317,0.0,2.5,5.7,8761.0,0.0043805
2012-12-03,0.0,6.9,7.2,3.3,5.634,2931.5,91.4,89.3,0.1,0.8,6.8,0.777,0.679,0.4,0.8,0.0,0.0,0.0,0.0,0.0,0.0,0.0,0.317,0.0,2.6,11.7,6518.0,0.003259
2012-12-04,0.0,1.5,5.9,4.7,4.966,2733.9,186.4,86.5,0.6,0.7,0.9,0.802,0.67,0.6,0.2,0.0,0.0,0.0,0.0,0.0,0.0,0.0,0.325,0.0,5.2,7.6,9069.0,0.0045345
2012-12-05,0.1,2.3,3.6,2.3,4.358,2772.0,153.2,89.1,0.7,0.4,1.7,0.807,0.674,0.6,0.3,0.0,0.0,0.0,0.0,0.0,0.0,0.1,0.325,0.0,3.0,4.7,8488.0,0.0042439999999999995
2012-12-06,1.4,2.2,2.7,2.9,3.745,2366.6,298.7,81.6,0.3,0.5,3.3,0.804,0.683,0.6,0.4,0.0,0.0,0.0,0.0,0.0,0.0,0.7,0.326,0.0,1.4,4.2,14435.0,0.0072175
2012-12-07,0.8,3.2,3.2,4.3,4.338,2784.5,89.1,91.0,0.2,0.5,3.8,0.847,0.717,1.5,0.7,0.1,0.7,0.001,0.005,0.005,0.1,2.1,0.328,0.0,0.4,5.9,4234.0,0.002117
2012-12-08,0.0,0.0,2.1,2.4,3.915,2641.4,184.2,88.5,0.6,0.4,-0.6,0.836,0.747,1.0,0.0,0.0,0.0,0.0,0.0,0.0,0.0,0.0,0.332,0.0,0.1,3.9,7694.0,0.003847
2012-12-09,0.0,2.4,4.9,3.6,4.729,2795.5,95.6,87.4,0.0,0.6,2.4,0.833,0.776,0.8,0.3,0.0,0.0,0.0,0.0,0.0,0.0,0.0,0.33,0.0,-0.2,6.9,11946.0,0.005973
2012-12-10,0.0,0.0,5.4,3.8,4.559,2640.9,196.4,82.0,0.3,0.6,-0.3,0.834,0.803,0.8,0.0,0.0,0.0,0.0,0.0,0.0,0.0,0.0,0.331,0.0,4.9,6.1,9412.0,0.004706
2012-12-11,0.0,0.1,1.9,2.3,3.256,2408.8,607.9,74.8,1.3,0.5,-1.2,0.819,0.814,0.6,0.0,0.0,0.0,0.0,0.0,0.0,0.0,0.0,0.33,0.0,1.2,4.0,13716.0,0.006858
2012-12-12,0.0,0.0,-0.9,1.8,2.761,2279.1,345.5,78.6,0.4,0.3,-0.4,0.808,0.84,0.4,0.0,0.0,0.0,0.0,0.0,0.0,0.0,0.0,0.324,0.003,-3.4,2.3,13611.0,0.0068055
2012-12-13,0.0,0.3,1.3,2.8,3.724,2754.3,99.5,87.2,0.0,0.5,0.3,0.804,0.841,0.4,0.0,0.0,0.0,0.0,0.0,0.0,0.0,0.0,0.317,0.009,-2.6,6.3,3570.0,0.001785
2012-12-14,0.0,13.0,8.5,5.2,6.33,3044.6,93.9,91.3,0.1,0.6,12.9,0.857,0.849,1.3,1.9,0.0,0.0,0.0,0.0,0.0,0.0,0.0,0.326,0.0,4.5,11.5,2089.0,0.0010445
2012-12-15,0.0,7.7,9.5,4.7,6.297,2919.0,328.6,85.4,0.5,0.6,7.2,0.904,0.881,3.0,1.3,0.0,0.0,0.0,0.0,0.0,0.0,0.0,0.34,0.0,8.6,10.8,9430.0,0.004715
2012-12-16,0.0,0.9,9.3,3.9,6.09,2805.1,342.1,83.9,0.3,0.7,0.6,0.911,0.922,2.5,0.1,0.0,0.0,0.0,0.0,0.0,0.0,0.0,0.344,0.0,8.6,11.2,10135.0,0.0050675
2012-12-17,0.0,6.3,8.1,3.9,5.635,2706.5,341.3,84.1,0.4,0.6,5.9,0.912,0.936,2.0,1.0,0.0,0.0,0.0,0.0,0.0,0.0,0.0,0.341,0.0,6.8,10.6,9420.0,0.00471
2012-12-18,0.0,0.5,7.9,3.0,5.541,2817.2,238.5,83.7,0.4,0.5,0.1,0.922,0.968,2.2,0.1,0.0,0.0,0.0,0.0,0.0,0.0,0.0,0.345,0.0,6.3,9.0,10371.0,0.0051855
2012-12-19,0.0,9.6,6.5,2.5,5.104,2881.1,141.9,85.7,0.3,0.6,9.3,0.918,0.994,1.8,1.6,0.0,0.0,0.0,0.0,0.0,0.0,0.0,0.342,0.0,4.5,8.3,6203.0,0.0031015
2012-12-20,0.0,4.4,7.6,3.3,6.035,3007.7,71.7,93.4,0.2,0.6,4.2,0.972,1.047,4.3,0.9,0.0,0.0,0.0,0.0,0.0,0.0,0.0,0.35,0.0,5.9,9.7,3387.0,0.0016935000000000001
2012-12-21,0.0,0.8,8.3,1.9,6.076,2939.2,174.5,89.4,0.2,0.4,0.6,0.948,1.098,1.9,0.1,0.0,0.0,0.0,0.0,0.0,0.0,0.0,0.349,0.0,7.3,9.4,4719.0,0.0023595
2012-12-22,0.0,12.7,10.1,4.2,7.105,3137.1,70.0,91.9,0.0,0.7,12.7,0.998,1.197,4.8,2.4,0.0,0.0,0.0,0.0,0.0,0.0,0.0,0.347,0.0,7.3,14.2,4643.0,0.0023215
2012-12-23,0.0,0.0,13.7,4.7,7.932,2873.9,185.2,81.8,0.1,1.0,-0.1,0.984,1.311,2.5,0.0,0.0,0.0,0.0,0.0,0.0,0.0,0.0,0.354,0.0,13.8,14.2,11879.0,0.0059395
2012-12-24,0.0,1.1,11.5,4.3,6.552,2738.1,322.8,78.0,0.4,0.9,0.7,0.963,1.367,1.5,0.2,0.0,0.0,0.0,0.0,0.0,0.0,0.0,0.351,0.0,9.5,12.6,7688.0,0.003844
2012-12-25,0.0,0.5,10.8,4.9,6.313,2775.4,269.0,78.9,0.5,1.0,0.0,0.957,1.379,1.4,0.1,0.0,0.0,0.0,0.0,0.0,0.0,0.0,0.349,0.0,10.1,12.5,5036.0,0.002518
2012-12-26,0.0,3.4,10.0,4.9,5.959,2446.3,276.2,78.0,0.0,1.0,3.4,0.948,1.381,1.2,0.5,0.0,0.0,0.0,0.0,0.0,0.0,0.0,0.347,0.0,8.5,11.1,10663.0,0.0053315
2012-12-27,0.0,1.1,9.6,5.5,5.919,2697.9,233.5,79.6,0.7,0.9,0.4,0.961,1.372,1.5,0.2,0.0,0.0,0.0,0.0,0.0,0.0,0.0,0.35,0.0,9.5,10.0,5623.0,0.0028115
2012-12-28,0.0,0.0,9.9,3.3,6.766,2938.9,95.0,89.1,-0.1,0.7,0.1,0.948,1.352,1.2,0.0,0.0,0.0,0.0,0.0,0.0,0.0,0.0,0.348,0.0,8.1,11.8,8104.0,0.004052
2012-12-29,0.0,1.2,11.0,5.1,6.226,2736.1,447.1,77.2,0.9,1.3,0.3,0.935,1.326,1.0,0.1,0.0,0.0,0.0,0.0,0.0,0.0,0.0,0.346,0.0,9.2,14.6,13559.0,0.0067795
2012-12-30,0.0,0.0,8.8,4.3,5.457,2609.6,361.1,77.9,0.3,0.8,-0.3,0.927,1.262,0.9,0.0,0.0,0.0,0.0,0.0,0.0,0.0,0.0,0.345,0.0,7.2,10.0,11321.0,0.0056605
2012-12-31,0.0,8.5,9.4,5.4,6.278,2870.9,142.1,85.7,0.3,0.9,8.2,0.935,1.225,1.1,1.3,0.0,0.0,0.0,0.0,0.0,0.0,0.0,0.343,0.0,7.8,10.8,12044.0,0.0060220000000000004
2013-01-01,0.0,1.4,7.6,3.5,5.511,2757.6,386.4,84.9,0.8,0.5,0.6,0.973,1.215,1.9,0.2,0.0,0.0,0.0,0.0,0.0,0.0,0.0,0.351,0.0,6.4,9.2,5788.0,0.002894
2013-01-02,0.0,1.2,6.9,2.0,5.318,2794.1,265.5,85.9,0.2,0.4,1.0,0.957,1.158,1.4,0.2,0.0,0.0,0.0,0.0,0.0,0.0,0.0,0.349,0.0,4.3,8.8,12784.0,0.006392
2013-01-03,0.0,0.4,9.8,2.3,7.056,3112.9,161.1,94.0,0.2,0.4,0.2,0.953,1.117,1.3,0.1,0.0,0.0,0.0,0.0,0.0,0.0,0.0,0.348,0.0,7.7,10.7,10274.0,0.005137
2013-01-04,0.0,0.0,9.8,2.2,6.795,3027.1,182.0,90.3,0.2,0.4,-0.2,0.94,1.068,1.1,0.0,0.0,0.0,0.0,0.0,0.0,0.0,0.0,0.347,0.0,9.8,9.9,6957.0,0.0034785
2013-01-05,0.0,0.1,9.0,1.5,6.334,2828.1,190.8,89.0,0.1,0.4,0.0,0.929,1.025,0.9,0.0,0.0,0.0,0.0,0.0,0.0,0.0,0.0,0.345,0.0,8.5,9.5,7348.0,0.003674
2013-01-06,0.0,0.0,8.0,0.8,5.857,2729.9,189.7,88.0,0.1,0.3,-0.1,0.92,0.984,0.8,0.0,0.0,0.0,0.0,0.0,0.0,0.0,0.0,0.344,0.0,7.9,8.2,7613.0,0.0038065
2013-01-07,0.0,0.0,7.5,1.5,5.316,2592.2,127.0,83.1,0.0,0.6,0.0,0.912,0.95,0.8,0.0,0.0,0.0,0.0,0.0,0.0,0.0,0.0,0.342,0.0,7.1,8.2,8121.0,0.0040605
2013-01-08,0.0,0.0,5.1,1.7,4.905,2838.9,185.5,90.1,0.5,0.4,-0.5,0.902,0.924,0.7,0.0,0.0,0.0,0.0,0.0,0.0,0.0,0.0,0.341,0.0,4.9,5.5,7199.0,0.0035995
2013-01-09,0.0,2.3,5.1,1.9,4.93,2749.9,130.3,90.6,0.0,0.4,2.3,0.9,0.895,0.7,0.3,0.0,0.0,0.0,0.0,0.0,0.0,0.0,0.34,0.0,3.8,6.5,6854.0,0.003427
2013-01-10,0.0,2.0,7.4,1.7,6.051,2996.0,99.1,95.0,0.1,0.4,1.9,0.918,0.882,0.9,0.3,0.0,0.0,0.0,0.0,0.0,0.0,0.0,0.341,0.0,5.8,8.7,6849.0,0.0034245
2013-01-11,0.0,0.6,5.4,2.4,4.76,2544.2,251.4,85.4,0.2,0.5,0.4,0.913,0.842,0.8,0.1,0.0,0.0,0.0,0.0,0.0,0.0,0.0,0.342,0.0,4.9,6.2,13881.0,0.0069405
2013-01-12,0.0,1.2,4.6,2.3,4.875,2891.7,107.0,92.9,0.4,0.4,0.8,0.913,0.819,0.8,0.1,0.0,0.0,0.0,0.0,0.0,0.0,0.0,0.342,0.0,2.9,5.7,9049.0,0.0045245
2013-01-13,0.0,1.1,3.1,3.1,4.263,2588.6,149.0,89.4,0.6,0.5,0.5,0.911,0.807,0.8,0.1,0.0,0.0,0.0,0.0,0.0,0.0,0.0,0.342,0.0,2.1,4.4,5058.0,0.002529
2013-01-14,0.9,4.4,0.1,3.4,2.999,2215.3,450.7,78.5,0.4,0.5,4.9,0.908,0.808,0.7,0.7,0.0,0.0,0.0,0.0,0.001,0.0,0.9,0.338,0.003,-2.2,2.1,8284.0,0.004142
2013-01-15,0.4,1.4,1.9,3.7,3.905,2707.1,122.5,90.1,0.5,0.5,1.3,0.941,0.84,1.3,0.3,0.0,0.0,0.0,0.0,0.0,0.0,0.4,0.344,0.001,1.1,2.7,8215.0,0.0041075
2013-01-16,0.0,0.0,-1.6,2.1,2.613,2175.9,651.9,77.9,1.0,0.4,-1.0,0.925,0.861,0.9,0.0,0.0,0.0,0.0,0.0,0.0,0.0,0.0,0.344,0.001,-3.0,0.9,6036.0,0.003018
2013-01-17,0.0,0.0,-3.2,1.8,2.427,2246.9,674.1,81.6,0.5,0.2,-0.5,0.911,0.887,0.6,0.0,0.0,0.0,0.0,0.0,0.0,0.0,0.0,0.331,0.012,-5.0,-1.0,12739.0,0.0063695
2013-01-18,0.8,3.4,-2.8,3.1,2.563,2313.3,263.5,83.2,0.3,0.4,3.9,0.91,0.909,0.5,0.4,0.2,0.0,0.001,0.0,0.003,0.1,0.7,0.323,0.018,-4.7,-1.9,5009.0,0.0025045
2013-01-19,0.8,3.1,-1.3,3.7,3.093,2667.6,198.4,90.1,0.5,0.3,3.4,0.928,0.948,0.5,0.6,1.0,0.9,0.006,0.006,0.006,0.6,1.5,0.323,0.021,-2.0,-0.8,2576.0,0.001288
2013-01-20,2.9,0.0,-1.7,2.7,3.066,2609.8,111.3,91.3,0.1,0.3,2.8,0.939,0.984,0.5,0.0,3.8,1.6,0.027,0.01,0.031,0.9,0.0,0.324,0.022,-3.1,1.1,4650.0,0.002325
2013-01-21,0.8,1.9,0.9,2.2,3.776,2730.7,141.8,93.5,0.0,0.3,2.7,0.951,1.037,0.6,0.7,3.9,4.5,0.025,0.031,0.031,0.9,3.5,0.324,0.021,-0.4,1.6,9374.0,0.004687
2013-01-22,0.0,0.8,1.6,2.4,4.008,2773.4,191.6,94.5,0.0,0.3,0.8,0.974,1.116,1.4,0.8,1.2,3.5,0.007,0.021,0.023,0.5,3.9,0.331,0.017,0.3,2.8,10328.0,0.005164
2013-01-23,0.0,0.0,3.2,1.0,4.357,2729.9,279.3,91.7,0.0,0.3,0.0,0.968,1.175,2.2,0.0,0.0,0.0,0.0,0.0,0.0,0.0,0.0,0.341,0.01,2.4,4.5,6952.0,0.003476
2013-01-24,0.0,0.0,0.5,2.6,3.563,2534.9,554.9,89.5,1.0,0.3,-1.0,0.945,1.22,1.4,0.0,0.0,0.0,0.0,0.0,0.0,0.0,0.0,0.348,0.0,-1.6,2.1,9964.0,0.004982
2013-01-25,0.0,0.0,-2.4,2.5,2.668,2343.7,226.7,84.0,0.3,0.4,-0.3,0.929,1.24,0.8,0.0,0.0,0.0,0.0,0.0,0.0,0.0,0.0,0.337,0.008,-3.2,-1.5,14779.0,0.0073895
2013-01-26,0.0,0.5,0.8,3.2,3.636,2654.8,178.6,89.6,-0.1,0.5,0.6,0.924,1.248,0.7,0.1,0.0,0.0,0.0,0.0,0.0,0.0,0.0,0.327,0.017,-2.6,4.9,12075.0,0.0060374999999999995
2013-01-27,0.0,3.8,5.6,4.9,4.847,2604.5,125.1,86.0,-0.2,0.8,4.0,0.938,1.234,1.2,0.6,0.0,0.0,0.0,0.0,0.0,0.0,0.0,0.337,0.006,2.8,7.5,7271.0,0.0036355
2013-01-28,0.0,1.0,7.8,4.2,5.191,2491.2,454.7,79.3,-0.1,0.9,1.1,0.939,1.222,1.2,0.1,0.0,0.0,0.0,0.0,0.0,0.0,0.0,0.346,0.0,4.8,10.3,16126.0,0.008063
2013-01-29,0.0,2.6,11.0,6.6,7.394,2998.2,120.3,90.8,0.0,0.8,2.6,0.941,1.211,1.3,0.4,0.0,0.0,0.0,0.0,0.0,0.0,0.0,0.346,0.0,9.2,12.6,10990.0,0.005495
2013-01-30,0.0,4.1,11.8,5.9,7.183,2815.1,253.5,82.5,0.5,1.2,3.6,0.965,1.203,2.0,0.7,0.0,0.0,0.0,0.0,0.0,0.0,0.0,0.347,0.0,11.0,13.7,13930.0,0.006965
2013-01-31,0.0,4.3,8.8,4.4,5.815,2547.7,238.1,83.0,-0.1,0.9,4.4,0.956,1.193,1.5,0.7,0.0,0.0,0.0,0.0,0.0,0.0,0.0,0.349,0.0,5.6,11.6,13438.0,0.006719
2013-02-01,0.0,2.4,8.3,4.3,6.159,2921.3,124.0,90.5,0.4,0.7,2.0,0.981,1.206,2.4,0.4,0.0,0.0,0.0,0.0,0.0,0.0,0.0,0.352,0.0,8.0,9.1,6534.0,0.003267
2013-02-02,0.0,1.3,4.3,5.8,4.183,2395.5,573.6,81.2,1.4,0.9,-0.1,0.965,1.194,1.5,0.2,0.0,0.0,0.0,0.0,0.0,0.0,0.0,0.351,0.0,3.1,5.9,12138.0,0.006069
2013-02-03,0.0,2.3,4.3,3.5,4.068,2482.5,285.4,78.7,0.1,1.0,2.2,0.952,1.161,1.2,0.3,0.0,0.0,0.0,0.0,0.0,0.0,0.0,0.347,0.001,1.7,8.8,16018.0,0.008009
2013-02-04,0.0,0.3,9.0,4.2,6.042,2719.2,231.3,84.9,0.1,0.9,0.2,0.955,1.124,1.3,0.0,0.0,0.0,0.0,0.0,0.0,0.0,0.0,0.349,0.0,5.3,10.4,9476.0,0.004738
2013-02-05,0.0,4.8,5.4,5.7,4.29,2242.1,176.6,77.0,0.2,1.1,4.6,0.954,1.106,1.2,0.7,0.0,0.0,0.0,0.0,0.0,0.0,0.0,0.347,0.0,3.1,6.8,10216.0,0.005108
2013-02-06,0.0,1.6,4.7,5.8,4.22,2477.7,564.8,80.4,1.1,1.1,0.5,0.972,1.1,1.7,0.3,0.0,0.0,0.0,0.0,0.0,0.0,0.0,0.351,0.0,3.1,6.7,11233.0,0.0056165
2013-02-07,0.0,0.6,3.6,3.9,3.871,2341.6,442.3,79.8,0.5,0.9,0.1,0.957,1.085,1.2,0.1,0.0,0.0,0.0,0.0,0.0,0.0,0.0,0.349,0.0,2.4,5.5,15267.0,0.0076335
2013-02-08,0.8,3.2,2.8,3.1,3.806,2435.9,558.2,82.9,0.7,0.7,3.3,0.945,1.078,1.0,0.6,0.0,0.0,0.0,0.0,0.0,0.0,1.0,0.347,0.0,1.1,5.5,12612.0,0.006306
2013-02-09,0.1,0.5,1.3,1.4,3.672,2509.1,410.2,88.3,0.5,0.4,0.1,0.962,1.066,1.3,0.1,0.0,0.2,0.0,0.001,0.001,0.0,0.3,0.349,0.0,0.8,2.1,12848.0,0.006424
2013-02-10,0.1,8.6,1.2,4.5,3.706,2545.2,160.0,89.4,0.2,0.5,8.5,0.97,1.052,1.6,1.4,0.0,0.0,0.0,0.0,0.0,0.0,0.1,0.346,0.002,-0.2,5.2,8612.0,0.004306
2013-02-11,0.0,0.8,5.8,3.0,4.866,2513.5,333.3,85.7,0.1,0.7,0.7,0.999,1.054,2.5,0.1,0.0,0.0,0.0,0.0,0.0,0.0,0.0,0.356,0.0,1.1,8.1,8675.0,0.0043375
2013-02-12,0.0,0.1,2.4,2.6,3.782,2315.5,330.4,84.2,0.3,0.6,-0.2,0.98,1.079,1.6,0.0,0.0,0.0,0.0,0.0,0.0,0.0,0.0,0.353,0.0,2.2,2.9,9592.0,0.004796
2013-02-13,0.0,0.2,0.5,2.6,2.605,2054.6,408.7,66.6,0.3,0.8,-0.1,0.965,1.122,1.1,0.0,0.0,0.0,0.0,0.0,0.0,0.0,0.0,0.343,0.007,0.0,1.4,15294.0,0.007647
2013-02-14,0.1,4.3,2.5,3.5,4.121,2749.2,230.7,89.1,0.0,0.8,4.4,0.979,1.187,1.5,0.7,0.0,0.0,0.0,0.0,0.001,0.0,0.1,0.337,0.011,-0.2,6.6,11634.0,0.005817
2013-02-15,0.0,0.0,7.1,2.2,5.083,2582.5,670.5,81.5,0.7,0.8,-0.7,0.97,1.238,1.4,0.0,0.0,0.0,0.0,0.0,0.0,0.0,0.0,0.352,0.0,4.7,9.2,18264.0,0.009132
2013-02-16,0.0,0.0,4.6,1.3,4.093,2522.6,686.9,79.7,0.6,0.8,-0.6,0.952,1.251,1.1,0.0,0.0,0.0,0.0,0.0,0.0,0.0,0.0,0.349,0.0,-0.6,10.5,24011.0,0.0120055
2013-02-17,0.0,0.0,2.9,2.7,3.959,2470.1,755.9,85.3,0.9,0.7,-0.9,0.934,1.254,0.9,0.0,0.0,0.0,0.0,0.0,0.0,0.0,0.0,0.347,0.0,0.5,5.9,23291.0,0.0116455
2013-02-18,0.0,0.0,3.8,2.1,3.725,2367.2,1203.8,76.2,1.6,1.0,-1.6,0.914,1.261,0.7,0.0,0.0,0.0,0.0,0.0,0.0,0.0,0.0,0.343,0.001,0.8,8.3,23071.0,0.0115355
2013-02-19,0.0,0.0,3.9,1.5,3.677,2495.3,1063.6,74.9,1.3,0.9,-1.3,0.893,1.253,0.6,0.0,0.0,0.0,0.0,0.0,0.0,0.0,0.0,0.341,0.0,-0.9,9.1,28215.0,0.0141075
2013-02-20,0.0,0.0,3.8,3.0,3.448,2307.1,955.6,70.1,1.3,1.2,-1.3,0.875,1.208,0.5,0.0,0.0,0.0,0.0,0.0,0.0,0.0,0.0,0.338,0.0,1.4,8.4,28450.0,0.014225
2013-02-21,0.0,0.0,0.3,4.6,2.407,1909.8,1073.6,63.0,1.2,1.3,-1.2,0.858,1.115,0.5,0.0,0.0,0.0,0.0,0.0,0.0,0.0,0.0,0.33,0.005,-1.5,3.1,25824.0,0.012912
2013-02-22,0.0,0.0,-0.6,5.6,2.232,2028.0,865.8,62.2,1.0,1.4,-1.0,0.844,1.012,0.4,0.0,0.0,0.0,0.0,0.0,0.0,0.0,0.0,0.323,0.01,-2.2,2.1,23773.0,0.0118865
2013-02-23,0.0,0.0,-2.0,5.5,2.313,2051.0,365.2,70.8,0.1,0.9,-0.1,0.835,0.925,0.4,0.0,0.0,0.0,0.0,0.0,0.0,0.0,0.0,0.32,0.011,-3.9,-1.2,12896.0,0.006448
2013-02-24,0.5,0.0,-0.2,4.8,3.171,2236.6,204.0,85.0,-0.1,0.6,0.6,0.831,0.817,0.4,0.0,0.5,0.0,0.003,0.0,0.004,0.3,0.0,0.312,0.018,-1.7,0.6,11643.0,0.0058215
2013-02-25,2.0,4.1,0.9,3.1,3.746,2536.9,277.3,92.7,0.0,0.5,6.1,0.842,0.72,0.4,0.5,1.9,0.5,0.011,0.004,0.012,0.9,4.1,0.311,0.019,0.1,1.5,11217.0,0.0056085
2013-02-26,0.0,1.2,2.6,3.6,3.779,2485.7,883.7,83.2,0.1,0.9,1.1,0.879,0.664,0.3,0.4,0.5,2.2,0.003,0.012,0.013,0.2,2.2,0.319,0.016,1.1,4.3,17708.0,0.008854
2013-02-27,0.0,0.0,2.9,3.7,4.237,2760.5,353.2,91.2,0.4,0.5,-0.4,0.885,0.626,0.4,0.0,0.0,0.0,0.0,0.0,0.0,0.0,0.0,0.334,0.005,2.4,3.9,19246.0,0.009623
2013-02-28,0.0,0.0,2.3,2.7,3.871,2601.7,403.8,86.6,0.4,0.6,-0.4,0.877,0.596,0.4,0.0,0.0,0.0,0.0,0.0,0.0,0.0,0.0,0.337,0.0,1.8,2.9,19403.0,0.0097015
2013-03-01,0.0,0.0,3.2,3.5,3.844,2681.9,557.6,80.6,0.9,0.9,-0.9,0.866,0.575,0.4,0.0,0.0,0.0,0.0,0.0,0.0,0.0,0.0,0.336,0.0,2.6,4.0,14755.0,0.0073774999999999995
2013-03-02,0.0,0.0,2.7,2.9,3.282,2557.9,441.0,71.3,0.7,1.0,-0.7,0.855,0.564,0.4,0.0,0.0,0.0,0.0,0.0,0.0,0.0,0.0,0.334,0.0,2.1,3.2,19145.0,0.0095725
2013-03-03,0.0,0.0,3.8,2.7,3.477,2267.5,1538.4,70.4,1.9,1.5,-1.9,0.837,0.548,0.4,0.0,0.0,0.0,0.0,0.0,0.0,0.0,0.0,0.332,0.0,0.5,8.0,30398.0,0.015199
2013-03-04,0.0,0.0,6.7,2.8,4.175,2548.1,1483.7,68.7,1.9,1.6,-1.9,0.815,0.515,0.3,0.0,0.0,0.0,0.0,0.0,0.0,0.0,0.0,0.33,0.0,0.4,11.3,31281.0,0.0156405
2013-03-05,0.0,0.0,10.9,3.3,4.41,2592.1,411.8,55.4,0.2,2.0,-0.2,0.805,0.48,0.3,0.0,0.0,0.0,0.0,0.0,0.0,0.0,0.0,0.327,0.0,6.3,14.4,13715.0,0.0068575
2013-03-06,0.0,0.2,12.9,1.9,5.638,2678.9,419.8,61.4,0.0,1.5,0.2,0.801,0.447,0.3,0.0,0.0,0.0,0.0,0.0,0.0,0.0,0.0,0.326,0.0,10.2,16.8,10106.0,0.005053
2013-03-07,0.0,1.3,11.7,1.9,7.418,2981.6,259.5,87.2,0.0,0.8,1.3,0.808,0.407,0.3,0.1,0.0,0.0,0.0,0.0,0.0,0.0,0.0,0.326,0.0,11.0,13.5,18506.0,0.009253
2013-03-08,0.0,3.5,11.3,2.9,7.557,3138.4,283.0,91.2,0.4,0.8,3.1,0.831,0.35,0.3,0.3,0.0,0.0,0.0,0.0,0.0,0.0,0.0,0.327,0.0,9.8,13.2,17512.0,0.008756
2013-03-09,0.0,0.0,11.6,2.2,6.606,2728.9,1219.1,79.1,1.6,1.7,-1.6,0.822,0.287,0.3,0.0,0.0,0.0,0.0,0.0,0.0,0.0,0.0,0.33,0.0,9.1,15.7,23160.0,0.01158
2013-03-10,0.9,1.8,5.7,3.1,4.924,2741.9,370.7,86.6,0.7,0.8,2.0,0.814,0.234,0.3,0.2,0.0,0.0,0.0,0.0,0.0,0.0,0.4,0.328,0.0,4.9,7.4,22008.0,0.011004
2013-03-11,6.4,1.9,1.1,4.3,3.764,2821.6,271.2,92.1,0.9,0.6,7.4,0.848,0.233,0.3,0.7,0.6,0.4,0.004,0.002,0.005,0.3,4.5,0.329,0.0,0.3,1.5,19637.0,0.009818499999999999
2013-03-12,6.2,0.5,-2.0,4.4,2.969,2542.0,266.5,91.0,0.2,0.5,6.5,0.895,0.305,0.7,0.6,4.4,2.4,0.03,0.016,0.044,1.0,4.7,0.335,0.0,-2.4,-1.1,14649.0,0.007324499999999999
2013-03-13,0.0,0.0,-1.3,2.7,2.783,2234.2,1008.8,79.4,0.1,0.9,-0.1,0.916,0.43,0.9,0.5,1.9,4.2,0.012,0.027,0.027,0.6,3.4,0.337,0.003,-7.6,2.8,14946.0,0.0074730000000000005
2013-03-14,0.6,2.3,1.7,3.2,3.146,2285.6,1242.3,74.8,1.6,1.4,1.3,0.93,0.579,1.1,0.5,0.1,0.7,0.001,0.004,0.006,0.1,2.2,0.339,0.004,-0.2,5.3,24733.0,0.012366499999999999
2013-03-15,0.0,0.0,3.3,3.8,3.112,2147.2,577.9,65.9,0.3,1.3,-0.3,0.917,0.709,0.8,0.0,0.0,0.0,0.0,0.0,0.0,0.0,0.0,0.34,0.003,-0.8,6.5,35196.0,0.017598
2013-03-16,0.0,2.6,5.4,5.0,3.788,2209.4,405.4,67.6,0.1,1.5,2.5,0.912,0.837,0.8,0.4,0.0,0.0,0.0,0.0,0.0,0.0,0.0,0.338,0.003,2.7,7.6,22205.0,0.0111025
2013-03-17,0.0,2.1,6.6,4.1,4.858,2621.1,569.1,81.0,0.6,1.5,1.5,0.93,0.964,1.1,0.3,0.0,0.0,0.0,0.0,0.0,0.0,0.0,0.344,0.0,5.6,10.2,11115.0,0.0055575
2013-03-18,0.0,1.7,4.7,3.5,4.482,2508.1,513.8,84.9,0.5,1.0,1.2,0.922,1.055,0.9,0.2,0.0,0.0,0.0,0.0,0.0,0.0,0.0,0.344,0.0,2.0,7.6,20550.0,0.010275
2013-03-19,0.0,3.5,6.3,3.4,4.802,2560.2,981.7,81.7,1.2,1.4,2.3,0.921,1.134,0.9,0.5,0.0,0.0,0.0,0.0,0.0,0.0,0.0,0.344,0.0,4.4,9.2,26047.0,0.0130235
2013-03-20,0.0,0.0,6.5,3.5,4.709,2507.9,807.4,79.3,1.1,1.4,-1.1,0.923,1.211,0.9,0.0,0.0,0.0,0.0,0.0,0.0,0.0,0.0,0.345,0.0,5.4,9.1,25919.0,0.0129595
2013-03-21,0.0,0.2,6.6,2.5,4.736,2521.0,1012.5,79.0,1.3,1.3,-1.1,0.904,1.26,0.7,0.0,0.0,0.0,0.0,0.0,0.0,0.0,0.0,0.342,0.0,2.9,9.3,29668.0,0.014834
2013-03-22,0.0,0.0,9.3,3.6,4.486,2420.9,713.8,62.8,0.7,2.1,-0.7,0.891,1.263,0.6,0.0,0.0,0.0,0.0,0.0,0.0,0.0,0.0,0.34,0.0,5.2,13.5,27948.0,0.013974
2013-03-23,0.0,0.0,8.9,2.2,4.711,2416.2,492.2,67.5,0.1,1.5,-0.1,0.882,1.244,0.5,0.0,0.0,0.0,0.0,0.0,0.0,0.0,0.0,0.338,0.0,6.7,13.2,16606.0,0.008303
2013-03-24,0.0,0.0,4.8,3.6,4.054,2512.0,543.8,76.0,1.0,1.2,-1.0,0.87,1.208,0.5,0.0,0.0,0.0,0.0,0.0,0.0,0.0,0.0,0.337,0.0,3.8,5.4,16454.0,0.008227
2013-03-25,0.0,0.0,5.6,3.8,2.98,2037.6,1120.4,53.3,1.4,2.2,-1.4,0.854,1.19,0.4,0.0,0.0,0.0,0.0,0.0,0.0,0.0,0.0,0.334,0.001,3.2,8.3,23462.0,0.011731
2013-03-26,0.0,0.0,4.6,3.3,2.865,2221.0,1468.2,55.0,2.2,2.0,-2.2,0.831,1.165,0.4,0.0,0.0,0.0,0.0,0.0,0.0,0.0,0.0,0.329,0.003,2.2,6.5,26505.0,0.0132525
2013-03-27,0.0,0.0,4.7,2.8,2.858,2194.5,1686.9,54.5,2.1,2.1,-2.1,0.807,1.123,0.3,0.0,0.0,0.0,0.0,0.0,0.0,0.0,0.0,0.328,0.001,2.1,7.0,26765.0,0.0133825
2013-03-28,0.0,0.0,4.0,2.2,3.018,2140.0,1210.9,60.4,1.3,1.6,-1.3,0.789,1.076,0.3,0.0,0.0,0.0,0.0,0.0,0.0,0.0,0.0,0.325,0.001,2.7,5.9,15449.0,0.0077245
2013-03-29,0.0,0.0,3.2,2.8,2.82,2135.4,1451.3,60.2,1.4,1.8,-1.4,0.773,1.022,0.3,0.0,0.0,0.0,0.0,0.0,0.0,0.0,0.0,0.32,0.003,-1.6,7.5,20610.0,0.010305
2013-03-30,0.0,0.0,2.8,4.6,2.89,2268.2,1115.2,62.8,1.1,1.7,-1.1,0.758,0.938,0.3,0.0,0.0,0.0,0.0,0.0,0.0,0.0,0.0,0.32,0.001,0.4,4.9,20172.0,0.010086
2013-03-31,0.0,0.0,2.7,3.1,2.976,2045.6,1593.3,66.2,1.2,1.8,-1.2,0.744,0.842,0.3,0.0,0.0,0.0,0.0,0.0,0.0,0.0,0.0,0.317,0.001,-1.5,6.9,33962.0,0.016981
2013-04-01,0.0,0.0,4.8,4.6,2.865,1917.9,2025.8,55.7,1.4,2.7,-1.4,0.729,0.742,0.3,0.0,0.0,0.0,0.0,0.0,0.0,0.0,0.0,0.313,0.004,0.0,9.9,24522.0,0.012261000000000001
2013-04-02,0.0,0.0,5.6,4.4,2.69,2087.5,2128.8,48.8,1.4,3.0,-1.4,0.713,0.64,0.2,0.0,0.0,0.0,0.0,0.0,0.0,0.0,0.0,0.312,0.002,0.5,10.3,29984.0,0.014992
2013-04-03,0.0,0.5,5.7,3.5,2.955,2251.4,1572.6,52.8,1.0,2.5,-0.5,0.7,0.544,0.2,0.0,0.0,0.0,0.0,0.0,0.0,0.0,0.0,0.312,0.0,1.5,10.0,37719.0,0.0188595
2013-04-04,0.0,0.8,5.7,5.3,3.511,2353.6,704.8,62.5,0.5,1.8,0.3,0.696,0.46,0.2,0.0,0.0,0.0,0.0,0.0,0.0,0.0,0.0,0.311,0.0,2.1,8.0,17293.0,0.0086465
2013-04-05,0.0,0.0,5.9,4.7,3.73,2270.1,977.7,65.6,0.8,2.0,-0.8,0.694,0.38,0.2,0.0,0.0,0.0,0.0,0.0,0.0,0.0,0.0,0.311,0.0,3.4,9.1,21275.0,0.0106375
2013-04-06,0.0,0.0,5.1,4.1,3.711,2178.2,871.0,68.5,0.5,1.8,-0.5,0.687,0.312,0.2,0.0,0.0,0.0,0.0,0.0,0.0,0.0,0.0,0.309,0.001,3.4,8.3,14594.0,0.007297
2013-04-07,0.0,0.0,6.8,2.8,3.446,2296.6,1460.3,58.8,1.0,2.3,-1.0,0.676,0.254,0.2,0.0,0.0,0.0,0.0,0.0,0.0,0.0,0.0,0.308,0.0,-0.2,12.0,31266.0,0.015633
2013-04-08,0.0,3.5,8.3,2.5,4.257,2273.4,485.3,62.8,0.0,1.5,3.5,0.676,0.212,0.2,0.2,0.0,0.0,0.0,0.0,0.0,0.0,0.0,0.306,0.001,5.4,10.0,22100.0,0.011049999999999999
2013-04-09,0.0,8.2,9.0,5.2,5.976,2811.9,664.6,83.7,1.1,1.4,7.1,0.756,0.26,0.2,0.6,0.0,0.0,0.0,0.0,0.0,0.0,0.0,0.311,0.0,5.8,11.1,22296.0,0.011148
2013-04-10,0.0,3.5,11.0,4.5,6.402,2729.7,1137.8,78.7,1.5,2.1,2.0,0.762,0.319,0.2,0.3,0.0,0.0,0.0,0.0,0.0,0.0,0.0,0.32,0.0,8.9,13.2,27761.0,0.0138805
2013-04-11,0.0,0.8,12.3,3.9,6.928,2643.8,1015.4,78.3,1.1,1.9,-0.3,0.773,0.393,0.2,0.1,0.0,0.0,0.0,0.0,0.0,0.0,0.0,0.322,0.0,11.2,13.6,16746.0,0.008373
2013-04-12,0.0,4.8,11.7,6.3,6.433,2618.1,1134.4,76.3,2.2,2.7,2.6,0.792,0.485,0.2,0.4,0.0,0.0,0.0,0.0,0.0,0.0,0.0,0.321,0.0,10.0,15.8,30390.0,0.015195
2013-04-13,0.0,2.3,11.3,3.5,6.676,2772.0,771.9,80.2,1.0,1.7,1.3,0.801,0.58,0.2,0.2,0.0,0.0,0.0,0.0,0.0,0.0,0.0,0.324,0.0,7.7,14.4,34939.0,0.0174695
2013-04-14,0.0,0.0,19.5,3.6,7.542,2682.2,1662.3,55.3,2.3,4.2,-2.3,0.783,0.643,0.2,0.0,0.0,0.0,0.0,0.0,0.0,0.0,0.0,0.325,0.0,13.0,24.2,43917.0,0.0219585
2013-04-15,0.0,0.0,17.2,2.1,7.197,2781.9,696.8,59.7,0.6,2.4,-0.6,0.771,0.685,0.2,0.0,0.0,0.0,0.0,0.0,0.0,0.0,0.0,0.322,0.0,15.4,20.2,34737.0,0.0173685
2013-04-16,0.0,0.0,16.1,3.2,6.554,2738.2,1206.8,58.3,1.6,3.1,-1.6,0.756,0.719,0.2,0.0,0.0,0.0,0.0,0.0,0.0,0.0,0.0,0.321,0.0,13.0,18.8,34753.0,0.0173765
2013-04-17,0.0,0.0,19.7,3.0,7.259,2705.6,1638.2,52.3,2.2,4.1,-2.2,0.734,0.756,0.2,0.0,0.0,0.0,0.0,0.0,0.0,0.0,0.0,0.318,0.0,14.4,24.1,42442.0,0.021221
2013-04-18,0.0,0.0,14.9,4.4,5.681,2458.6,1890.9,54.1,2.3,3.9,-2.3,0.71,0.784,0.2,0.0,0.0,0.0,0.0,0.0,0.0,0.0,0.0,0.315,0.0,13.3,16.9,30907.0,0.0154535
2013-04-19,0.0,3.5,10.2,3.5,5.185,2438.4,1652.5,68.0,1.6,2.4,1.9,0.701,0.778,0.2,0.2,0.0,0.0,0.0,0.0,0.0,0.0,0.0,0.311,0.0,6.4,12.9,25874.0,0.012937
2013-04-20,0.0,0.0,9.6,4.6,4.456,2346.8,2226.7,61.7,2.5,3.3,-2.5,0.7,0.766,0.2,0.0,0.0,0.0,0.0,0.0,0.0,0.0,0.0,0.313,0.0,6.0,13.3,27957.0,0.0139785
2013-04-21,0.0,0.0,10.6,2.5,4.056,2375.5,2231.7,53.0,2.0,3.4,-2.0,0.678,0.733,0.2,0.0,0.0,0.0,0.0,0.0,0.0,0.0,0.0,0.31,0.0,4.4,16.2,32032.0,0.016016
2013-04-22,0.0,0.0,10.5,1.6,4.722,2464.7,1548.0,60.4,1.0,2.3,-1.0,0.664,0.684,0.1,0.0,0.0,0.0,0.0,0.0,0.0,0.0,0.0,0.307,0.0,4.7,14.1,35339.0,0.0176695
2013-04-23,0.0,0.0,13.8,1.8,6.567,2796.6,1539.7,67.2,1.1,2.6,-1.1,0.653,0.63,0.1,0.0,0.0,0.0,0.0,0.0,0.0,0.0,0.0,0.305,0.0,10.7,18.0,35842.0,0.017921
2013-04-24,0.0,0.0,17.0,1.0,7.675,2984.2,2127.1,66.0,1.7,3.4,-1.7,0.637,0.589,0.1,0.0,0.0,0.0,0.0,0.0,0.0,0.0,0.0,0.303,0.0,10.3,23.2,45288.0,0.022644
2013-04-25,0.0,0.0,19.3,1.5,7.715,3088.7,2198.6,58.7,1.8,3.9,-1.8,0.618,0.54,0.1,0.0,0.0,0.0,0.0,0.0,0.0,0.0,0.0,0.301,0.0,12.8,25.0,37013.0,0.0185065
2013-04-26,0.0,0.8,12.6,2.8,6.722,2705.5,904.3,73.7,0.5,2.0,0.3,0.613,0.483,0.1,0.0,0.0,0.0,0.0,0.0,0.0,0.0,0.0,0.298,0.0,8.1,15.9,10068.0,0.005034
2013-04-27,0.0,0.0,9.0,4.5,4.347,2237.9,1117.3,62.4,1.0,2.5,-1.0,0.608,0.43,0.1,0.0,0.0,0.0,0.0,0.0,0.0,0.0,0.0,0.298,0.0,6.4,12.0,18633.0,0.0093165
2013-04-28,0.0,0.0,8.5,2.3,4.386,2391.1,1699.7,64.4,0.9,2.3,-0.9,0.598,0.386,0.1,0.0,0.0,0.0,0.0,0.0,0.0,0.0,0.0,0.297,0.0,3.6,11.4,21131.0,0.0105655
2013-04-29,0.0,0.0,10.0,2.4,4.547,2578.7,1821.3,61.8,1.1,2.9,-1.1,0.587,0.328,0.1,0.0,0.0,0.0,0.0,0.0,0.0,0.0,0.0,0.295,0.0,4.8,15.1,21770.0,0.010885
2013-04-30,0.0,3.7,9.9,3.9,5.006,2491.1,755.5,66.6,0.3,2.3,3.4,0.59,0.253,0.1,0.2,0.0,0.0,0.0,0.0,0.0,0.0,0.0,0.294,0.0,7.8,13.4,18331.0,0.0091655
2013-05-01,0.0,7.6,11.6,2.9,7.136,3014.2,544.6,84.1,0.5,1.3,7.1,0.629,0.2,0.1,0.5,0.0,0.0,0.0,0.0,0.0,0.0,0.0,0.298,0.0,8.9,14.6,28342.0,0.014171
2013-05-02,0.0,0.0,13.9,2.1,7.693,2892.6,2077.7,79.4,3.0,3.2,-3.0,0.655,0.168,0.1,0.0,0.0,0.0,0.0,0.0,0.0,0.0,0.0,0.307,0.0,11.1,18.2,28905.0,0.0144525
2013-05-03,0.0,0.0,13.3,3.9,6.501,2601.7,1651.7,69.7,1.7,2.9,-1.7,0.634,0.134,0.1,0.0,0.0,0.0,0.0,0.0,0.0,0.0,0.0,0.303,0.0,8.6,16.8,30497.0,0.0152485
2013-05-04,0.0,0.0,12.9,2.9,6.159,2467.0,1664.6,67.2,1.3,2.8,-1.3,0.62,0.109,0.1,0.0,0.0,0.0,0.0,0.0,0.0,0.0,0.0,0.3,0.0,8.5,15.9,40701.0,0.0203505
2013-05-05,0.0,0.0,15.1,1.3,6.783,2530.7,1962.2,64.2,1.5,3.2,-1.5,0.606,0.095,0.1,0.0,0.0,0.0,0.0,0.0,0.0,0.0,0.0,0.299,0.0,12.1,18.7,40097.0,0.0200485
2013-05-06,0.0,2.9,13.4,1.5,7.524,2840.9,1593.8,78.6,0.9,2.6,2.0,0.601,0.083,0.1,0.1,0.0,0.0,0.0,0.0,0.0,0.0,0.0,0.296,0.0,10.0,18.4,43960.0,0.02198
2013-05-07,0.0,0.4,16.8,0.8,7.913,2897.4,1723.0,68.3,2.0,3.0,-1.6,0.604,0.077,0.1,0.0,0.0,0.0,0.0,0.0,0.0,0.0,0.0,0.299,0.0,11.9,21.8,31918.0,0.015959
2013-05-08,0.0,2.9,16.5,3.0,9.072,3028.0,1195.3,77.4,1.7,2.6,1.2,0.613,0.078,0.1,0.1,0.0,0.0,0.0,0.0,0.0,0.0,0.0,0.296,0.0,13.2,20.2,31217.0,0.015608499999999999
2013-05-09,0.0,0.0,14.2,3.4,6.126,2518.7,1856.9,61.6,1.9,3.5,-1.9,0.597,0.081,0.1,0.0,0.0,0.0,0.0,0.0,0.0,0.0,0.0,0.298,0.0,11.9,16.3,26726.0,0.013363
2013-05-10,0.0,0.1,12.5,3.8,6.232,2725.4,913.2,69.3,0.7,2.3,-0.6,0.587,0.089,0.1,0.0,0.0,0.0,0.0,0.0,0.0,0.0,0.0,0.295,0.0,10.3,14.3,34259.0,0.0171295
2013-05-11,0.0,0.2,13.5,4.3,5.929,2652.4,1513.3,63.7,1.6,3.5,-1.4,0.576,0.045,0.1,0.0,0.0,0.0,0.0,0.0,0.0,0.0,0.0,0.294,0.0,10.7,18.2,36123.0,0.0180615
2013-05-12,0.0,0.2,12.6,4.1,5.464,2405.2,1832.3,61.6,1.2,3.5,-1.0,0.563,-0.039,0.1,0.0,0.0,0.0,0.0,0.0,0.0,0.0,0.0,0.292,0.0,8.9,15.0,34319.0,0.0171595
2013-05-13,0.0,0.0,14.2,4.1,6.737,2576.8,928.0,67.4,0.5,2.5,-0.5,0.557,-0.111,0.1,0.0,0.0,0.0,0.0,0.0,0.0,0.0,0.0,0.29,0.0,12.4,16.2,34903.0,0.0174515
2013-05-14,0.0,1.5,13.3,4.0,5.928,2412.0,1284.1,62.6,0.8,2.9,0.7,0.552,-0.177,0.1,0.1,0.0,0.0,0.0,0.0,0.0,0.0,0.0,0.29,0.0,11.1,15.6,36760.0,0.01838
2013-05-15,0.0,0.4,12.7,3.7,5.967,2532.7,1351.5,66.6,1.2,2.9,-0.8,0.552,-0.224,0.1,0.0,0.0,0.0,0.0,0.0,0.0,0.0,0.0,0.29,0.0,9.1,15.3,21335.0,0.0106675
2013-05-16,0.0,1.9,11.2,1.8,6.851,2907.1,1237.8,83.2,1.2,2.0,0.7,0.555,-0.24,0.1,0.1,0.0,0.0,0.0,0.0,0.0,0.0,0.0,0.289,0.0,10.0,13.0,25447.0,0.0127235
2013-05-17,0.0,0.0,12.5,2.6,6.459,2781.1,1345.3,73.4,1.3,2.6,-1.3,0.548,-0.259,0.1,0.0,0.0,0.0,0.0,0.0,0.0,0.0,0.0,0.29,0.0,9.0,16.6,33541.0,0.0167705
2013-05-18,0.0,3.1,12.3,2.8,6.647,2664.0,1475.3,75.8,0.9,2.7,2.2,0.541,-0.278,0.1,0.1,0.0,0.0,0.0,0.0,0.0,0.0,0.0,0.288,0.0,8.5,16.4,21860.0,0.01093
2013-05-19,0.0,24.6,12.5,1.8,7.419,2980.1,949.5,83.5,1.7,1.9,22.9,0.635,-0.195,0.1,2.2,0.0,0.0,0.0,0.0,0.0,0.0,0.0,0.291,0.0,10.5,16.0,25742.0,0.012871
2013-05-20,0.0,25.5,11.1,2.8,7.747,3220.6,627.3,94.2,1.7,1.1,23.8,0.828,0.051,4.8,4.6,0.0,0.0,0.0,0.0,0.0,0.0,0.0,0.32,0.0,10.5,12.0,27731.0,0.0138655
2013-05-21,0.0,1.0,11.3,3.4,7.677,3122.9,961.0,92.7,2.0,1.5,-1.0,0.869,0.285,4.2,0.2,0.0,0.0,0.0,0.0,0.0,0.0,0.0,0.34,0.0,10.8,12.0,19969.0,0.0099845
2013-05-22,0.0,0.7,12.3,3.4,6.392,2575.7,1905.1,72.9,3.3,3.1,-2.6,0.823,0.455,0.8,0.1,0.0,0.0,0.0,0.0,0.0,0.0,0.0,0.333,0.0,9.5,15.1,29767.0,0.014883500000000001
2013-05-23,0.0,2.1,9.3,4.0,5.196,2554.0,1902.4,71.5,4.2,3.0,-2.1,0.796,0.629,0.3,0.2,0.0,0.0,0.0,0.0,0.0,0.0,0.0,0.328,0.0,8.1,12.5,32086.0,0.016042999999999998
2013-05-24,0.0,6.1,7.0,1.9,5.393,2969.5,954.6,87.0,2.3,1.4,3.8,0.799,0.861,0.3,0.7,0.0,0.0,0.0,0.0,0.0,0.0,0.0,0.324,0.0,4.0,8.4,31855.0,0.0159275
2013-05-25,0.0,1.0,10.1,4.0,5.516,2539.9,1858.9,73.6,3.4,2.9,-2.4,0.8,1.11,0.3,0.1,0.0,0.0,0.0,0.0,0.0,0.0,0.0,0.328,0.0,6.9,13.4,36552.0,0.018276
2013-05-26,0.0,0.0,12.0,3.7,5.471,2418.8,1214.4,64.4,1.4,2.9,-1.4,0.779,1.322,0.2,0.0,0.0,0.0,0.0,0.0,0.0,0.0,0.0,0.324,0.0,8.4,16.0,44008.0,0.022004
2013-05-27,0.0,0.8,14.9,2.3,5.834,2670.1,2366.2,57.0,4.0,4.2,-3.2,0.746,1.495,0.2,0.1,0.0,0.0,0.0,0.0,0.0,0.0,0.0,0.322,0.0,7.7,20.5,45650.0,0.022825
2013-05-28,0.0,3.5,12.7,2.6,7.18,2867.0,1000.7,78.7,1.8,2.1,1.7,0.753,1.619,0.1,0.3,0.0,0.0,0.0,0.0,0.0,0.0,0.0,0.317,0.0,11.1,15.0,23570.0,0.011785
2013-05-29,0.0,8.4,12.4,2.1,6.195,2524.9,2276.2,70.5,3.1,3.4,5.3,0.74,1.645,0.1,0.8,0.0,0.0,0.0,0.0,0.0,0.0,0.0,0.318,0.0,9.5,15.5,31101.0,0.0155505
2013-05-30,0.0,13.3,12.0,2.7,7.966,3257.0,792.3,91.5,1.9,1.4,11.4,0.849,1.594,0.9,1.7,0.0,0.0,0.0,0.0,0.0,0.0,0.0,0.325,0.0,9.9,13.9,24900.0,0.01245
2013-05-31,0.0,0.0,14.1,4.5,8.375,2728.6,625.4,84.1,0.5,1.7,-0.5,0.871,1.571,1.2,0.0,0.0,0.0,0.0,0.0,0.0,0.0,0.0,0.337,0.0,11.4,17.0,27598.0,0.013799
2013-06-01,0.0,0.0,16.4,4.6,8.173,2850.0,1756.1,71.8,3.4,3.8,-3.4,0.838,1.573,0.5,0.0,0.0,0.0,0.0,0.0,0.0,0.0,0.0,0.335,0.0,13.0,20.7,34775.0,0.0173875
2013-06-02,0.0,0.0,14.3,4.6,6.206,2469.3,2386.2,62.8,4.5,4.3,-4.5,0.794,1.583,0.3,0.0,0.0,0.0,0.0,0.0,0.0,0.0,0.0,0.329,0.0,10.7,18.2,41167.0,0.0205835
2013-06-03,0.0,0.0,12.5,4.6,6.298,2530.5,2112.3,70.8,3.1,3.4,-3.1,0.758,1.559,0.2,0.0,0.0,0.0,0.0,0.0,0.0,0.0,0.0,0.322,0.0,8.4,15.7,48200.0,0.0241
2013-06-04,0.0,0.0,14.2,3.8,6.619,2521.4,2815.4,67.0,2.9,4.4,-2.9,0.727,1.51,0.2,0.0,0.0,0.0,0.0,0.0,0.0,0.0,0.0,0.318,0.0,10.1,18.4,47170.0,0.023585000000000002
2013-06-05,0.0,0.1,18.6,2.9,8.196,2884.7,2559.1,63.7,2.7,5.1,-2.6,0.7,1.461,0.2,0.0,0.0,0.0,0.0,0.0,0.0,0.0,0.0,0.314,0.0,12.3,25.1,47829.0,0.023914499999999998
2013-06-06,0.0,0.3,21.6,2.8,9.81,2988.9,2429.5,62.6,2.4,5.2,-2.1,0.677,1.395,0.2,0.0,0.0,0.0,0.0,0.0,0.0,0.0,0.0,0.31,0.0,14.9,27.2,47139.0,0.0235695
2013-06-07,0.0,0.0,23.2,3.5,8.718,2902.7,2676.1,51.0,2.5,6.5,-2.5,0.651,1.346,0.2,0.0,0.0,0.0,0.0,0.0,0.0,0.0,0.0,0.306,0.0,19.4,28.6,44683.0,0.0223415
2013-06-08,0.0,3.8,20.4,4.6,9.858,2790.3,2236.3,66.8,1.7,4.9,2.1,0.637,1.313,0.1,0.2,0.0,0.0,0.0,0.0,0.0,0.0,0.0,0.303,0.0,15.2,25.6,23740.0,0.01187
2013-06-09,0.0,1.4,13.7,3.1,8.445,3136.3,703.9,86.8,1.1,1.7,0.3,0.665,1.237,0.1,0.1,0.0,0.0,0.0,0.0,0.0,0.0,0.0,0.305,0.0,11.2,14.7,23953.0,0.0119765
2013-06-10,0.0,0.0,16.0,1.7,8.339,2925.8,1279.7,74.5,1.5,2.6,-1.5,0.652,1.103,0.1,0.0,0.0,0.0,0.0,0.0,0.0,0.0,0.0,0.305,0.0,12.3,19.7,29017.0,0.0145085
2013-06-11,0.0,0.0,17.7,2.5,9.576,2975.6,882.2,76.4,0.7,2.3,-0.7,0.642,0.995,0.1,0.0,0.0,0.0,0.0,0.0,0.0,0.0,0.0,0.303,0.0,14.4,19.3,35228.0,0.017614
2013-06-12,0.0,0.1,19.4,3.4,11.152,3068.0,1098.9,79.6,0.8,2.7,-0.7,0.633,0.91,0.1,0.0,0.0,0.0,0.0,0.0,0.0,0.0,0.0,0.302,0.0,17.0,21.4,39708.0,0.019854
2013-06-13,0.0,6.7,16.0,3.2,9.309,3071.6,1016.3,82.0,2.0,2.2,4.7,0.662,0.865,0.1,0.4,0.0,0.0,0.0,0.0,0.0,0.0,0.0,0.301,0.0,14.5,17.4,28842.0,0.014421
2013-06-14,0.0,0.0,16.3,2.4,7.876,2733.8,1893.6,69.2,2.3,3.6,-2.3,0.655,0.842,0.1,0.0,0.0,0.0,0.0,0.0,0.0,0.0,0.0,0.307,0.0,13.1,19.4,43091.0,0.0215455
2013-06-15,0.0,0.0,17.0,4.2,7.403,2560.9,1736.2,62.6,1.8,4.0,-1.8,0.635,0.844,0.1,0.0,0.0,0.0,0.0,0.0,0.0,0.0,0.0,0.303,0.0,13.9,20.4,38729.0,0.0193645
2013-06-16,0.0,0.3,18.8,1.9,7.966,2691.1,1832.6,60.0,1.6,3.8,-1.3,0.619,0.84,0.1,0.0,0.0,0.0,0.0,0.0,0.0,0.0,0.0,0.301,0.0,12.7,23.2,46175.0,0.0230875
2013-06-17,0.0,21.4,19.7,2.4,11.564,3327.4,1390.3,80.2,2.8,3.0,18.6,0.732,0.903,0.2,1.9,0.0,0.0,0.0,0.0,0.0,0.0,0.0,0.298,0.0,15.8,23.0,35585.0,0.0177925
2013-06-18,0.0,2.8,23.9,1.3,12.412,3110.0,1535.0,68.9,2.1,3.7,0.7,0.765,0.961,0.3,0.3,0.0,0.0,0.0,0.0,0.0,0.0,0.0,0.322,0.0,19.0,30.1,28456.0,0.014228
2013-06-19,0.0,22.7,20.3,3.7,12.602,3477.9,1222.8,85.1,3.1,3.1,19.6,0.823,1.04,1.2,3.6,0.0,0.0,0.0,0.0,0.0,0.0,0.0,0.322,0.0,16.4,26.4,26106.0,0.013053
2013-06-20,0.0,10.3,19.0,2.7,12.042,3330.5,936.6,88.5,2.1,2.2,8.2,0.92,1.172,5.8,2.0,0.0,0.0,0.0,0.0,0.0,0.0,0.0,0.343,0.0,17.4,22.2,27895.0,0.0139475
2013-06-21,0.0,0.2,17.4,4.1,9.962,3045.1,1452.0,80.9,3.1,2.8,-2.9,0.894,1.266,1.8,0.0,0.0,0.0,0.0,0.0,0.0,0.0,0.0,0.344,0.0,14.9,19.8,30094.0,0.015047
2013-06-22,0.0,0.0,16.7,5.6,8.999,2926.4,939.5,76.2,2.2,2.5,-2.2,0.86,1.32,0.6,0.0,0.0,0.0,0.0,0.0,0.0,0.0,0.0,0.337,0.0,15.5,18.1,35667.0,0.0178335
2013-06-23,0.0,3.7,15.0,5.1,8.039,3001.5,1135.5,76.2,3.0,2.7,0.7,0.843,1.368,0.4,0.4,0.0,0.0,0.0,0.0,0.0,0.0,0.0,0.333,0.0,14.0,17.0,34889.0,0.017444499999999998
2013-06-24,0.0,0.0,14.2,3.9,6.913,2752.0,1742.6,69.6,3.5,3.2,-3.5,0.824,1.444,0.4,0.0,0.0,0.0,0.0,0.0,0.0,0.0,0.0,0.333,0.0,12.8,16.2,35019.0,0.0175095
2013-06-25,0.0,0.0,14.6,2.9,6.523,2817.4,1438.1,64.9,2.7,3.1,-2.7,0.793,1.538,0.3,0.0,0.0,0.0,0.0,0.0,0.0,0.0,0.0,0.327,0.0,10.4,18.0,40179.0,0.0200895
2013-06-26,0.0,0.1,16.4,2.3,6.8,2522.2,2290.0,59.5,3.0,4.3,-2.9,0.76,1.624,0.2,0.0,0.0,0.0,0.0,0.0,0.0,0.0,0.0,0.323,0.0,12.4,20.5,46101.0,0.0230505
2013-06-27,0.0,2.4,16.3,2.2,7.663,2774.9,1843.1,67.6,2.5,3.3,-0.1,0.742,1.653,0.2,0.2,0.0,0.0,0.0,0.0,0.0,0.0,0.0,0.318,0.0,11.8,18.9,40755.0,0.0203775
2013-06-28,0.0,0.1,15.6,1.9,9.064,2987.4,847.4,82.3,0.9,1.8,-0.8,0.742,1.68,0.2,0.0,0.0,0.0,0.0,0.0,0.0,0.0,0.0,0.318,0.0,12.5,17.6,28023.0,0.0140115
2013-06-29,0.0,0.0,17.2,3.5,8.726,2908.6,1338.7,72.3,1.9,3.0,-1.9,0.726,1.69,0.2,0.0,0.0,0.0,0.0,0.0,0.0,0.0,0.0,0.316,0.0,14.7,20.2,27106.0,0.013552999999999999
2013-06-30,0.0,0.2,19.2,1.1,9.051,3002.1,2409.7,66.0,2.2,4.2,-2.0,0.702,1.67,0.2,0.0,0.0,0.0,0.0,0.0,0.0,0.0,0.0,0.313,0.0,13.1,24.0,44271.0,0.0221355
2013-07-01,0.0,0.0,19.7,1.5,10.35,2898.8,1825.5,72.9,1.4,3.5,-1.4,0.686,1.666,0.2,0.0,0.0,0.0,0.0,0.0,0.0,0.0,0.0,0.31,0.0,16.8,22.8,45306.0,0.022653
2013-07-02,0.0,1.2,20.9,2.6,10.389,2989.3,1456.0,68.5,1.3,3.8,-0.1,0.673,1.653,0.2,0.1,0.0,0.0,0.0,0.0,0.0,0.0,0.0,0.308,0.0,16.3,26.7,37935.0,0.018967499999999998
2013-07-03,0.0,0.7,17.0,3.5,9.809,3180.8,892.2,81.5,1.2,2.0,-0.5,0.675,1.593,0.2,0.0,0.0,0.0,0.0,0.0,0.0,0.0,0.0,0.308,0.0,14.2,19.7,19910.0,0.009955
2013-07-04,0.0,0.0,18.2,2.1,9.922,3225.6,976.1,76.4,1.0,2.4,-1.0,0.664,1.495,0.2,0.0,0.0,0.0,0.0,0.0,0.0,0.0,0.0,0.307,0.0,14.5,21.2,36730.0,0.018365
2013-07-05,0.0,0.0,19.8,2.3,10.364,3184.1,2211.2,73.3,1.9,4.2,-1.9,0.647,1.424,0.2,0.0,0.0,0.0,0.0,0.0,0.0,0.0,0.0,0.305,0.0,16.5,23.4,45611.0,0.0228055
2013-07-06,0.0,0.0,22.3,2.3,11.182,3102.4,2130.8,68.7,1.6,4.7,-1.6,0.629,1.379,0.2,0.0,0.0,0.0,0.0,0.0,0.0,0.0,0.0,0.302,0.0,15.8,28.5,49965.0,0.0249825
2013-07-07,0.0,0.0,24.1,3.8,11.222,3102.3,2642.9,61.9,2.0,6.3,-2.0,0.609,1.319,0.1,0.0,0.0,0.0,0.0,0.0,0.0,0.0,0.0,0.3,0.0,19.6,29.6,48188.0,0.024094
2013-07-08,0.0,0.0,23.8,4.6,10.716,2990.0,3208.3,59.9,2.0,7.3,-2.0,0.588,1.225,0.1,0.0,0.0,0.0,0.0,0.0,0.0,0.0,0.0,0.297,0.0,18.6,29.4,47331.0,0.0236655
2013-07-09,0.0,0.0,23.6,4.2,11.033,2965.6,2723.8,62.2,1.6,6.4,-1.6,0.571,1.11,0.1,0.0,0.0,0.0,0.0,0.0,0.0,0.0,0.0,0.294,0.0,19.3,28.7,44694.0,0.022347
2013-07-10,0.0,0.0,21.8,4.6,10.305,2917.2,2889.2,64.5,1.6,6.0,-1.6,0.554,0.985,0.1,0.0,0.0,0.0,0.0,0.0,0.0,0.0,0.0,0.291,0.0,15.9,27.5,42815.0,0.0214075
2013-07-11,0.0,0.0,17.7,5.0,8.422,2756.9,3052.6,67.4,1.3,5.0,-1.3,0.54,0.87,0.1,0.0,0.0,0.0,0.0,0.0,0.0,0.0,0.0,0.289,0.0,12.1,21.5,46094.0,0.023047
2013-07-12,0.0,0.0,18.9,3.8,8.815,2813.9,3041.2,66.5,1.5,5.7,-1.5,0.525,0.793,0.1,0.0,0.0,0.0,0.0,0.0,0.0,0.0,0.0,0.287,0.0,13.9,24.3,48586.0,0.024293
2013-07-13,0.0,0.0,18.6,3.5,9.356,2949.1,2606.7,71.1,1.0,4.6,-1.0,0.513,0.717,0.1,0.0,0.0,0.0,0.0,0.0,0.0,0.0,0.0,0.284,0.0,13.6,22.9,45984.0,0.022992
2013-07-14,0.0,0.0,22.5,2.6,10.433,2977.9,2630.6,63.1,1.4,5.5,-1.4,0.499,0.649,0.1,0.0,0.0,0.0,0.0,0.0,0.0,0.0,0.0,0.283,0.0,16.9,27.6,44093.0,0.0220465
2013-07-15,0.0,0.0,24.5,1.4,11.36,2992.3,2156.5,60.7,1.1,4.7,-1.1,0.487,0.596,0.1,0.0,0.0,0.0,0.0,0.0,0.0,0.0,0.0,0.281,0.0,20.2,29.7,46859.0,0.0234295
2013-07-16,0.0,0.0,23.9,2.4,10.274,2831.0,1663.4,57.0,0.9,4.3,-0.9,0.477,0.557,0.1,0.0,0.0,0.0,0.0,0.0,0.0,0.0,0.0,0.279,0.0,19.5,27.5,42676.0,0.021338
2013-07-17,0.0,0.0,24.8,3.4,10.696,2821.1,2045.8,56.5,1.1,5.7,-1.1,0.466,0.521,0.1,0.0,0.0,0.0,0.0,0.0,0.0,0.0,0.0,0.278,0.0,20.9,30.4,38434.0,0.019217
2013-07-18,0.0,0.0,24.6,4.4,11.423,2864.6,2158.0,61.3,1.1,6.1,-1.1,0.454,0.483,0.1,0.0,0.0,0.0,0.0,0.0,0.0,0.0,0.0,0.276,0.0,19.5,30.1,36707.0,0.018353500000000002
2013-07-19,0.0,0.0,25.3,4.6,11.252,2955.0,2398.0,58.0,1.3,6.6,-1.3,0.443,0.445,0.1,0.0,0.0,0.0,0.0,0.0,0.0,0.0,0.0,0.274,0.0,19.9,31.2,40310.0,0.020155
2013-07-20,0.0,0.0,25.2,3.9,11.207,3023.7,3095.6,57.1,1.3,7.3,-1.3,0.429,0.411,0.1,0.0,0.0,0.0,0.0,0.0,0.0,0.0,0.0,0.272,0.0,20.2,30.7,44492.0,0.022246
2013-07-21,0.0,0.0,27.4,2.1,11.18,3074.6,2517.7,51.8,1.3,6.1,-1.3,0.416,0.378,0.1,0.0,0.0,0.0,0.0,0.0,0.0,0.0,0.0,0.271,0.0,19.5,34.0,45080.0,0.02254
2013-07-22,0.0,0.0,28.2,1.7,11.812,3068.6,1817.7,50.9,0.8,4.9,-0.8,0.407,0.34,0.0,0.0,0.0,0.0,0.0,0.0,0.0,0.0,0.0,0.269,0.0,23.7,33.5,43261.0,0.0216305
2013-07-23,0.0,9.0,25.4,2.3,13.851,3288.6,963.6,68.3,1.7,2.9,7.3,0.434,0.316,0.0,0.2,0.0,0.0,0.0,0.0,0.0,0.0,0.0,0.267,0.0,23.4,27.5,37425.0,0.0187125
2013-07-24,0.0,1.1,23.7,1.5,12.801,3297.4,1809.8,71.3,2.8,4.0,-1.7,0.461,0.313,0.0,0.0,0.0,0.0,0.0,0.0,0.0,0.0,0.0,0.277,0.0,19.6,27.6,39499.0,0.0197495
2013-07-25,0.0,5.2,25.8,2.0,11.505,3154.3,1982.4,57.1,2.1,4.8,3.1,0.446,0.306,0.0,0.2,0.0,0.0,0.0,0.0,0.0,0.0,0.0,0.275,0.0,21.7,29.9,42224.0,0.021112
2013-07-26,0.0,19.9,25.0,1.8,14.115,3494.5,1218.5,72.1,2.9,3.0,17.0,0.554,0.39,0.1,1.5,0.0,0.0,0.0,0.0,0.0,0.0,0.0,0.279,0.0,19.0,29.4,40305.0,0.0201525
2013-07-27,0.0,0.0,24.3,2.8,13.208,3378.9,1754.1,71.9,3.8,4.6,-3.8,0.606,0.514,0.2,0.0,0.0,0.0,0.0,0.0,0.0,0.0,0.0,0.301,0.0,18.9,30.9,37716.0,0.018858
2013-07-28,0.0,2.1,21.9,2.8,10.89,3012.0,1650.3,67.3,3.3,3.9,-1.2,0.576,0.603,0.1,0.2,0.0,0.0,0.0,0.0,0.0,0.0,0.0,0.295,0.0,18.0,26.5,31628.0,0.015814
2013-07-29,0.0,2.9,20.2,2.0,10.614,3171.6,1705.4,73.5,3.6,3.7,-0.7,0.565,0.707,0.1,0.2,0.0,0.0,0.0,0.0,0.0,0.0,0.0,0.293,0.0,17.4,24.7,35121.0,0.0175605
2013-07-30,0.0,0.0,20.7,4.7,10.721,3153.3,1387.9,71.4,2.7,3.8,-2.7,0.551,0.812,0.1,0.0,0.0,0.0,0.0,0.0,0.0,0.0,0.0,0.292,0.0,17.0,23.5,38639.0,0.0193195
2013-07-31,0.0,0.0,23.0,2.8,12.472,3201.2,1221.5,71.7,1.7,3.4,-1.7,0.532,0.907,0.0,0.0,0.0,0.0,0.0,0.0,0.0,0.0,0.0,0.288,0.0,19.3,28.1,44589.0,0.0222945
2013-08-01,0.0,0.0,27.5,3.1,12.397,3361.0,2821.2,56.8,3.0,6.8,-3.0,0.505,0.965,0.0,0.0,0.0,0.0,0.0,0.0,0.0,0.0,0.0,0.285,0.0,20.5,33.9,47695.0,0.0238475
2013-08-02,0.0,0.4,27.2,3.8,11.955,3215.4,1731.4,54.6,2.0,5.9,-1.6,0.484,1.004,0.0,0.0,0.0,0.0,0.0,0.0,0.0,0.0,0.0,0.281,0.0,22.6,32.7,43324.0,0.021662
2013-08-03,0.0,0.0,22.0,3.0,9.115,2849.2,1956.0,56.4,1.7,4.5,-1.7,0.469,1.029,0.0,0.0,0.0,0.0,0.0,0.0,0.0,0.0,0.0,0.279,0.0,18.8,25.2,38271.0,0.0191355
2013-08-04,0.0,0.0,22.0,1.8,8.049,2797.7,2023.4,50.8,1.6,4.4,-1.6,0.453,1.046,0.0,0.0,0.0,0.0,0.0,0.0,0.0,0.0,0.0,0.276,0.0,17.4,26.8,44166.0,0.022083
2013-08-05,0.0,0.3,23.4,2.8,9.79,3006.6,1629.0,55.4,1.1,4.5,-0.8,0.442,1.023,0.0,0.0,0.0,0.0,0.0,0.0,0.0,0.0,0.0,0.274,0.0,16.1,29.3,39763.0,0.0198815
2013-08-06,0.0,13.2,21.3,1.4,9.847,2994.5,1267.7,63.2,1.1,2.9,12.1,0.45,0.981,0.0,0.7,0.0,0.0,0.0,0.0,0.0,0.0,0.0,0.273,0.0,17.7,23.9,32546.0,0.016273
2013-08-07,0.0,11.0,18.3,2.2,11.509,3327.0,493.0,87.9,1.3,1.3,9.7,0.624,1.018,0.4,1.1,0.0,0.0,0.0,0.0,0.0,0.0,0.0,0.289,0.0,17.5,19.3,20131.0,0.0100655
2013-08-08,0.0,0.0,19.1,2.1,9.313,3024.7,1666.7,69.2,3.4,3.4,-3.4,0.606,1.038,0.2,0.0,0.0,0.0,0.0,0.0,0.0,0.0,0.0,0.3,0.0,15.1,23.2,30531.0,0.0152655
2013-08-09,0.0,0.0,20.1,2.8,9.259,3001.6,1564.9,64.4,3.2,3.7,-3.2,0.573,1.04,0.1,0.0,0.0,0.0,0.0,0.0,0.0,0.0,0.0,0.295,0.0,15.7,24.2,38720.0,0.01936
2013-08-10,0.0,0.0,18.1,2.4,8.008,2849.0,1830.4,62.9,3.2,3.6,-3.2,0.541,1.016,0.1,0.0,0.0,0.0,0.0,0.0,0.0,0.0,0.0,0.291,0.0,14.7,21.6,42886.0,0.021443
2013-08-11,0.0,0.0,19.0,1.3,8.455,3063.2,1155.3,62.1,1.8,2.7,-1.8,0.519,0.971,0.0,0.0,0.0,0.0,0.0,0.0,0.0,0.0,0.0,0.286,0.0,14.0,23.0,43501.0,0.0217505
2013-08-12,0.0,0.0,18.7,2.7,9.039,2860.3,1299.8,67.7,1.6,3.0,-1.6,0.503,0.946,0.0,0.0,0.0,0.0,0.0,0.0,0.0,0.0,0.0,0.284,0.0,17.4,21.1,42131.0,0.0210655
2013-08-13,0.0,0.0,17.0,2.3,7.401,2670.3,1839.6,62.4,1.7,3.5,-1.7,0.485,0.926,0.0,0.0,0.0,0.0,0.0,0.0,0.0,0.0,0.0,0.281,0.0,13.9,20.3,39407.0,0.0197035
2013-08-14,0.0,0.0,18.5,1.1,8.053,2906.4,2067.5,62.1,1.7,3.5,-1.7,0.469,0.908,0.0,0.0,0.0,0.0,0.0,0.0,0.0,0.0,0.0,0.279,0.0,13.2,23.4,45896.0,0.022948
2013-08-15,0.0,0.0,21.1,1.3,8.991,3023.4,1791.2,60.0,1.5,3.6,-1.5,0.454,0.899,0.0,0.0,0.0,0.0,0.0,0.0,0.0,0.0,0.0,0.276,0.0,15.1,26.7,45506.0,0.022753
2013-08-16,0.0,0.0,22.1,2.1,8.868,3026.0,2014.2,55.6,1.6,4.6,-1.6,0.438,0.913,0.0,0.0,0.0,0.0,0.0,0.0,0.0,0.0,0.0,0.274,0.0,16.8,28.6,40063.0,0.0200315
2013-08-17,0.0,0.1,22.3,2.9,10.642,2969.9,1514.5,64.4,0.8,3.7,-0.7,0.429,0.815,0.0,0.0,0.0,0.0,0.0,0.0,0.0,0.0,0.0,0.272,0.0,18.1,25.8,40155.0,0.020077499999999998
2013-08-18,0.0,1.7,21.1,4.0,11.902,3166.9,867.1,76.7,0.4,2.4,1.3,0.428,0.707,0.0,0.1,0.0,0.0,0.0,0.0,0.0,0.0,0.0,0.271,0.0,20.5,22.5,35917.0,0.0179585
2013-08-19,0.0,0.0,18.7,3.2,9.267,2989.1,2048.1,70.1,1.8,3.7,-1.8,0.425,0.623,0.0,0.0,0.0,0.0,0.0,0.0,0.0,0.0,0.0,0.272,0.0,16.5,21.3,31682.0,0.015841
2013-08-20,0.0,0.0,18.8,1.3,7.845,2983.4,2256.0,60.0,1.6,3.8,-1.6,0.41,0.555,0.0,0.0,0.0,0.0,0.0,0.0,0.0,0.0,0.0,0.27,0.0,13.3,23.6,46477.0,0.0232385
2013-08-21,0.0,0.0,20.4,2.0,8.072,2917.4,2248.0,55.7,1.3,4.2,-1.3,0.396,0.49,0.0,0.0,0.0,0.0,0.0,0.0,0.0,0.0,0.0,0.268,0.0,14.3,24.7,46038.0,0.023019
2013-08-22,0.0,0.0,22.2,3.1,8.735,2809.6,1537.1,53.9,0.9,4.3,-0.9,0.387,0.437,0.0,0.0,0.0,0.0,0.0,0.0,0.0,0.0,0.0,0.266,0.0,17.5,26.4,41725.0,0.0208625
2013-08-23,0.0,0.0,23.2,2.0,9.062,2917.2,1898.5,52.8,1.0,4.2,-1.0,0.377,0.401,0.0,0.0,0.0,0.0,0.0,0.0,0.0,0.0,0.0,0.265,0.0,16.2,28.1,36706.0,0.018353
2013-08-24,0.0,13.6,19.3,3.7,10.107,2946.0,1239.6,72.8,1.4,3.1,12.2,0.395,0.383,0.0,0.6,0.0,0.0,0.0,0.0,0.0,0.0,0.0,0.263,0.0,18.7,21.1,24226.0,0.012113
2013-08-25,0.0,8.2,13.7,2.6,9.149,3331.3,476.1,94.2,1.5,1.0,6.7,0.53,0.433,0.1,0.6,0.0,0.0,0.0,0.0,0.0,0.0,0.0,0.279,0.0,12.5,15.0,26793.0,0.0133965
2013-08-26,0.0,0.1,17.9,3.0,9.785,3022.1,1635.2,77.8,2.8,2.9,-2.7,0.525,0.489,0.1,0.0,0.0,0.0,0.0,0.0,0.0,0.0,0.0,0.288,0.0,12.4,21.9,31373.0,0.0156865
2013-08-27,0.0,2.3,19.0,3.0,9.948,2978.2,1267.4,73.3,2.2,2.8,0.1,0.509,0.558,0.1,0.2,0.0,0.0,0.0,0.0,0.0,0.0,0.0,0.284,0.0,15.9,21.7,30778.0,0.015389
2013-08-28,0.0,0.0,19.1,2.3,9.096,3032.6,1934.2,67.9,3.3,3.6,-3.3,0.493,0.631,0.0,0.0,0.0,0.0,0.0,0.0,0.0,0.0,0.0,0.284,0.0,15.4,22.6,36357.0,0.0181785
2013-08-29,0.0,0.0,18.7,1.8,8.869,2904.7,1546.5,67.9,2.1,3.0,-2.1,0.469,0.696,0.0,0.0,0.0,0.0,0.0,0.0,0.0,0.0,0.0,0.279,0.0,14.5,23.1,38717.0,0.0193585
2013-08-30,0.0,0.0,18.8,1.4,8.821,2998.3,1679.6,66.7,1.8,3.0,-1.8,0.45,0.755,0.0,0.0,0.0,0.0,0.0,0.0,0.0,0.0,0.0,0.276,0.0,13.5,23.2,39713.0,0.0198565
2013-08-31,0.0,0.0,19.0,2.9,9.89,3010.1,1225.9,72.3,1.1,2.7,-1.1,0.439,0.8,0.0,0.0,0.0,0.0,0.0,0.0,0.0,0.0,0.0,0.274,0.0,16.9,21.8,35511.0,0.0177555
2013-09-01,0.0,0.0,16.1,2.6,6.725,2607.2,1229.0,59.9,1.2,2.8,-1.2,0.426,0.842,0.0,0.0,0.0,0.0,0.0,0.0,0.0,0.0,0.0,0.272,0.0,11.6,19.1,42010.0,0.021005
2013-09-02,0.0,0.0,17.6,2.2,8.387,2893.1,1807.1,67.5,1.2,3.1,-1.2,0.414,0.878,0.0,0.0,0.0,0.0,0.0,0.0,0.0,0.0,0.0,0.27,0.0,12.6,22.0,44411.0,0.0222055
2013-09-03,0.0,0.0,19.9,1.2,9.302,3164.7,2068.5,66.4,1.5,3.3,-1.5,0.401,0.904,0.0,0.0,0.0,0.0,0.0,0.0,0.0,0.0,0.0,0.268,0.0,13.4,25.0,45097.0,0.0225485
2013-09-04,0.0,0.0,23.0,1.8,10.815,3361.5,2232.8,63.7,1.5,4.2,-1.5,0.387,0.791,0.0,0.0,0.0,0.0,0.0,0.0,0.0,0.0,0.0,0.266,0.0,16.5,29.2,44447.0,0.0222235
2013-09-05,0.0,0.0,24.2,1.9,10.596,3339.6,2207.4,58.9,1.4,4.4,-1.4,0.373,0.692,0.0,0.0,0.0,0.0,0.0,0.0,0.0,0.0,0.0,0.264,0.0,16.7,31.0,42684.0,0.021342
2013-09-06,0.0,4.8,19.2,1.4,10.55,3228.5,1100.9,76.3,1.4,2.2,3.4,0.382,0.619,0.0,0.1,0.0,0.0,0.0,0.0,0.0,0.0,0.0,0.262,0.0,17.6,21.1,28922.0,0.014461
2013-09-07,0.0,0.0,17.0,2.1,6.916,2788.4,1491.0,58.8,1.9,2.9,-1.9,0.386,0.56,0.0,0.0,0.0,0.0,0.0,0.0,0.0,0.0,0.0,0.267,0.0,13.1,20.1,20011.0,0.0100055
2013-09-08,0.0,0.0,16.8,2.2,6.421,2665.2,1137.7,55.1,1.0,2.8,-1.0,0.374,0.476,0.0,0.0,0.0,0.0,0.0,0.0,0.0,0.0,0.0,0.264,0.0,12.7,20.6,24329.0,0.0121645
2013-09-09,0.0,22.2,14.4,3.2,8.608,3135.3,428.0,83.7,1.0,1.5,21.2,0.502,0.488,0.1,1.5,0.0,0.0,0.0,0.0,0.0,0.0,0.0,0.263,0.0,12.4,17.0,31600.0,0.0158
2013-09-10,0.0,1.1,14.8,3.7,7.722,2825.8,1239.7,74.3,2.8,2.5,-1.7,0.549,0.524,0.2,0.1,0.0,0.0,0.0,0.0,0.0,0.0,0.0,0.29,0.0,12.9,17.3,30577.0,0.0152885
2013-09-11,0.0,0.4,14.2,3.5,7.908,2765.0,584.9,78.5,0.9,1.6,-0.5,0.535,0.559,0.1,0.0,0.0,0.0,0.0,0.0,0.0,0.0,0.0,0.288,0.0,13.5,15.6,28658.0,0.014329
2013-09-12,0.0,0.7,14.7,1.2,8.913,3086.4,533.1,85.7,0.8,1.2,-0.1,0.533,0.608,0.1,0.1,0.0,0.0,0.0,0.0,0.0,0.0,0.0,0.287,0.0,12.9,16.7,23620.0,0.01181
2013-09-13,0.0,2.4,16.3,1.9,10.946,3352.9,379.4,94.6,0.5,0.9,1.9,0.545,0.678,0.1,0.2,0.0,0.0,0.0,0.0,0.0,0.0,0.0,0.286,0.0,13.4,19.0,26963.0,0.0134815
2013-09-14,0.0,10.0,14.6,3.3,9.643,3283.3,283.9,93.3,1.2,0.9,8.8,0.593,0.789,0.6,1.1,0.0,0.0,0.0,0.0,0.0,0.0,0.0,0.288,0.0,13.9,14.8,23223.0,0.0116115
2013-09-15,0.0,1.4,14.8,3.5,7.849,2964.1,1007.6,76.3,2.0,2.2,-0.6,0.603,0.92,0.6,0.2,0.0,0.0,0.0,0.0,0.0,0.0,0.0,0.298,0.0,11.4,17.2,24282.0,0.012141
2013-09-16,0.0,3.2,12.8,3.4,7.394,2838.9,1055.5,80.3,2.2,1.9,1.0,0.609,1.078,0.6,0.4,0.0,0.0,0.0,0.0,0.0,0.0,0.0,0.296,0.0,11.2,14.9,21509.0,0.0107545
2013-09-17,0.0,3.2,13.3,5.0,7.947,2932.5,469.5,82.8,0.8,1.7,2.4,0.605,1.24,0.4,0.4,0.0,0.0,0.0,0.0,0.0,0.0,0.0,0.297,0.0,9.7,16.5,23320.0,0.01166
2013-09-18,0.0,2.8,15.8,4.0,8.857,3076.6,610.7,79.8,1.4,1.8,1.4,0.617,1.399,0.5,0.3,0.0,0.0,0.0,0.0,0.0,0.0,0.0,0.299,0.0,15.1,17.8,23332.0,0.011666
2013-09-19,0.0,0.0,14.3,2.9,7.53,2905.5,610.9,74.7,0.8,1.7,-0.8,0.616,1.449,0.5,0.0,0.0,0.0,0.0,0.0,0.0,0.0,0.0,0.3,0.0,11.3,15.9,27038.0,0.013519
2013-09-20,0.0,0.0,16.1,1.8,8.136,3045.3,1342.1,72.2,2.8,2.2,-2.8,0.593,1.43,0.2,0.0,0.0,0.0,0.0,0.0,0.0,0.0,0.0,0.298,0.0,14.9,19.0,29748.0,0.014874
2013-09-21,0.0,0.0,15.8,0.6,8.514,2990.0,1016.8,77.0,1.4,1.6,-1.4,0.572,1.4,0.1,0.0,0.0,0.0,0.0,0.0,0.0,0.0,0.0,0.294,0.0,10.6,20.4,36333.0,0.0181665
2013-09-22,0.0,0.0,17.8,1.2,10.267,3364.0,319.7,81.3,0.4,1.1,-0.4,0.565,1.388,0.1,0.0,0.0,0.0,0.0,0.0,0.0,0.0,0.0,0.291,0.0,14.6,19.8,36952.0,0.018476
2013-09-23,0.0,0.0,18.4,2.0,9.605,3181.2,1623.0,73.6,3.0,2.5,-3.0,0.543,1.377,0.1,0.0,0.0,0.0,0.0,0.0,0.0,0.0,0.0,0.291,0.0,14.6,21.9,40492.0,0.020246
2013-09-24,0.0,0.0,17.3,1.2,9.454,3122.4,1723.3,77.6,2.4,2.3,-2.4,0.516,1.331,0.0,0.0,0.0,0.0,0.0,0.0,0.0,0.0,0.0,0.286,0.0,11.9,22.4,38662.0,0.019331
2013-09-25,0.0,0.2,18.6,0.8,9.993,3116.6,716.7,76.1,0.7,1.5,-0.5,0.505,1.276,0.0,0.0,0.0,0.0,0.0,0.0,0.0,0.0,0.0,0.283,0.0,12.6,24.3,30327.0,0.0151635
2013-09-26,0.0,0.0,18.3,1.9,10.14,3198.1,832.9,78.3,1.2,1.8,-1.2,0.496,1.217,0.0,0.0,0.0,0.0,0.0,0.0,0.0,0.0,0.0,0.282,0.0,15.8,21.5,26928.0,0.013464
2013-09-27,0.0,0.2,18.1,2.4,9.524,2972.5,1122.0,74.6,1.3,2.2,-1.1,0.483,1.145,0.0,0.0,0.0,0.0,0.0,0.0,0.0,0.0,0.0,0.28,0.0,14.0,21.9,28784.0,0.014392
2013-09-28,0.0,1.4,18.2,2.5,10.516,3036.9,558.1,81.1,0.4,1.5,1.0,0.481,1.05,0.0,0.1,0.0,0.0,0.0,0.0,0.0,0.0,0.0,0.279,0.0,16.4,20.7,17460.0,0.00873
2013-09-29,0.0,2.9,17.5,1.5,11.231,3399.4,494.7,90.5,0.6,1.1,2.3,0.497,0.954,0.0,0.2,0.0,0.0,0.0,0.0,0.0,0.0,0.0,0.28,0.0,15.5,19.4,17585.0,0.0087925
2013-09-30,0.0,0.0,16.8,1.6,10.424,3260.5,409.5,87.6,0.5,1.0,-0.5,0.507,0.884,0.0,0.0,0.0,0.0,0.0,0.0,0.0,0.0,0.0,0.283,0.0,15.0,18.0,22683.0,0.0113415
2013-10-01,0.0,0.0,16.7,2.1,9.784,3225.6,499.7,83.1,0.7,1.2,-0.7,0.501,0.81,0.0,0.0,0.0,0.0,0.0,0.0,0.0,0.0,0.0,0.282,0.0,15.8,18.5,23802.0,0.011901
2013-10-02,0.0,0.0,17.7,1.4,10.423,3301.7,712.0,82.9,0.8,1.4,-0.8,0.493,0.737,0.0,0.0,0.0,0.0,0.0,0.0,0.0,0.0,0.0,0.281,0.0,14.0,21.8,28757.0,0.0143785
2013-10-03,0.0,8.1,18.8,2.6,11.112,3230.8,488.9,81.8,0.5,1.4,7.6,0.504,0.682,0.0,0.6,0.0,0.0,0.0,0.0,0.0,0.0,0.0,0.28,0.0,14.6,21.8,17777.0,0.0088885
2013-10-04,0.0,0.0,18.6,3.0,11.234,3326.7,755.8,84.8,1.5,1.6,-1.5,0.547,0.662,0.1,0.0,0.0,0.0,0.0,0.0,0.0,0.0,0.0,0.29,0.0,17.1,20.8,11150.0,0.005575
2013-10-05,0.0,0.0,16.6,2.9,9.651,3038.2,554.0,82.4,0.8,1.5,-0.8,0.537,0.632,0.1,0.0,0.0,0.0,0.0,0.0,0.0,0.0,0.0,0.288,0.0,15.8,18.5,23215.0,0.0116075
2013-10-06,0.0,0.0,16.1,1.2,8.945,3148.7,723.1,79.6,1.2,1.3,-1.2,0.526,0.599,0.0,0.0,0.0,0.0,0.0,0.0,0.0,0.0,0.0,0.287,0.0,14.0,19.3,23245.0,0.011622500000000001
2013-10-07,0.0,0.0,15.5,1.3,8.192,3059.7,1196.9,75.6,1.9,1.6,-1.9,0.509,0.578,0.0,0.0,0.0,0.0,0.0,0.0,0.0,0.0,0.0,0.285,0.0,12.5,19.6,27805.0,0.0139025
2013-10-08,0.0,0.0,16.1,1.7,8.643,3112.3,522.7,76.1,0.7,1.3,-0.7,0.499,0.557,0.0,0.0,0.0,0.0,0.0,0.0,0.0,0.0,0.0,0.282,0.0,13.4,18.5,22278.0,0.011139
2013-10-09,0.0,3.4,15.0,2.5,9.092,3019.6,225.6,86.0,0.4,1.0,3.0,0.518,0.534,0.0,0.2,0.0,0.0,0.0,0.0,0.0,0.0,0.0,0.281,0.0,14.3,16.4,20421.0,0.0102105
2013-10-10,0.0,1.5,10.0,4.6,6.09,2544.3,381.4,79.7,0.7,1.2,0.8,0.523,0.502,0.0,0.1,0.0,0.0,0.0,0.0,0.0,0.0,0.0,0.285,0.0,8.1,10.5,19096.0,0.009548
2013-10-11,0.0,0.4,9.5,2.6,6.26,2716.6,329.2,85.1,0.4,0.9,0.0,0.531,0.48,0.0,0.0,0.0,0.0,0.0,0.0,0.0,0.0,0.0,0.286,0.0,8.8,10.5,22871.0,0.0114355
2013-10-12,0.0,0.0,8.9,2.1,5.765,2575.0,318.3,81.7,0.1,1.0,-0.1,0.53,0.476,0.0,0.0,0.0,0.0,0.0,0.0,0.0,0.0,0.0,0.286,0.0,8.0,11.6,18909.0,0.0094545
2013-10-13,0.0,0.0,9.7,3.9,5.775,2579.3,792.2,78.0,1.0,1.4,-1.0,0.521,0.47,0.0,0.0,0.0,0.0,0.0,0.0,0.0,0.0,0.0,0.286,0.0,6.6,12.1,24562.0,0.012281
2013-10-14,0.0,0.3,11.8,3.6,7.109,2614.9,341.4,82.8,0.0,1.2,0.3,0.52,0.446,0.0,0.0,0.0,0.0,0.0,0.0,0.0,0.0,0.0,0.284,0.0,9.3,15.3,18551.0,0.0092755
2013-10-15,0.0,0.0,12.3,2.1,7.218,2927.0,645.8,82.0,0.7,1.2,-0.7,0.517,0.428,0.0,0.0,0.0,0.0,0.0,0.0,0.0,0.0,0.0,0.285,0.0,10.9,15.7,9192.0,0.004596
2013-10-16,0.0,5.8,11.5,2.4,7.82,3213.1,255.7,92.2,0.5,0.7,5.3,0.551,0.441,0.1,0.4,0.0,0.0,0.0,0.0,0.0,0.0,0.0,0.284,0.0,8.5,14.8,18034.0,0.009017
2013-10-17,0.0,0.1,14.1,3.4,8.426,3054.3,590.0,84.8,0.9,1.3,-0.8,0.555,0.472,0.1,0.0,0.0,0.0,0.0,0.0,0.0,0.0,0.0,0.29,0.0,11.3,17.6,26504.0,0.013252
2013-10-18,0.0,0.0,12.0,2.5,8.136,3179.6,230.7,93.3,0.2,0.7,-0.2,0.551,0.511,0.1,0.0,0.0,0.0,0.0,0.0,0.0,0.0,0.0,0.289,0.0,9.8,13.7,24556.0,0.012277999999999999
2013-10-19,0.0,1.3,15.1,3.1,9.484,3159.1,464.0,88.3,0.3,1.0,1.0,0.55,0.541,0.1,0.1,0.0,0.0,0.0,0.0,0.0,0.0,0.0,0.289,0.0,10.8,18.2,16534.0,0.008267
2013-10-20,0.0,7.2,15.5,3.5,9.833,3279.1,273.8,90.0,0.5,0.9,6.7,0.582,0.569,0.1,0.7,0.0,0.0,0.0,0.0,0.0,0.0,0.0,0.29,0.0,14.5,17.8,16395.0,0.0081975
2013-10-21,0.0,0.1,16.6,3.1,9.744,3085.9,609.2,83.3,0.8,1.4,-0.7,0.609,0.597,0.2,0.0,0.0,0.0,0.0,0.0,0.0,0.0,0.0,0.298,0.0,13.3,19.1,18982.0,0.009491
2013-10-22,0.0,0.5,17.9,4.2,9.66,2954.6,573.0,76.8,0.8,2.1,-0.3,0.603,0.622,0.2,0.0,0.0,0.0,0.0,0.0,0.0,0.0,0.0,0.297,0.0,14.5,22.4,13909.0,0.0069545
2013-10-23,0.0,0.2,17.3,4.3,9.162,2928.7,731.9,75.2,1.3,1.8,-1.1,0.591,0.64,0.1,0.0,0.0,0.0,0.0,0.0,0.0,0.0,0.0,0.296,0.0,16.8,20.1,19358.0,0.009679
2013-10-24,0.0,0.7,14.5,2.3,8.988,3116.3,227.6,87.9,0.3,0.8,0.4,0.586,0.649,0.1,0.1,0.0,0.0,0.0,0.0,0.0,0.0,0.0,0.294,0.0,12.8,15.8,21813.0,0.0109065
2013-10-25,0.0,1.8,16.5,2.8,10.436,3117.2,314.5,89.4,0.0,0.9,1.8,0.599,0.665,0.2,0.2,0.0,0.0,0.0,0.0,0.0,0.0,0.0,0.295,0.0,14.6,19.2,14227.0,0.0071135
2013-10-26,0.0,1.5,17.4,3.9,10.708,3189.2,462.6,86.8,0.8,1.2,0.7,0.604,0.671,0.2,0.1,0.0,0.0,0.0,0.0,0.0,0.0,0.0,0.297,0.0,16.2,20.2,20955.0,0.010477499999999999
2013-10-27,0.0,9.3,15.6,6.9,8.602,2945.8,506.7,78.3,1.9,1.9,7.4,0.614,0.678,0.2,1.0,0.0,0.0,0.0,0.0,0.0,0.0,0.0,0.297,0.0,15.1,16.7,16677.0,0.0083385
2013-10-28,0.0,0.3,14.5,6.9,7.658,2919.7,432.1,74.6,1.5,2.1,-1.2,0.657,0.7,0.6,0.0,0.0,0.0,0.0,0.0,0.0,0.0,0.0,0.306,0.0,13.6,17.1,17819.0,0.0089095
2013-10-29,0.0,0.5,10.6,3.6,5.918,2524.3,889.9,75.3,1.6,1.4,-1.1,0.639,0.712,0.3,0.0,0.0,0.0,0.0,0.0,0.0,0.0,0.0,0.304,0.0,9.1,14.4,18147.0,0.0090735
2013-10-30,0.0,0.0,9.3,2.2,5.727,2776.0,918.6,79.4,1.7,1.0,-1.7,0.624,0.716,0.2,0.0,0.0,0.0,0.0,0.0,0.0,0.0,0.0,0.301,0.0,6.1,13.7,25656.0,0.012827999999999999
2013-10-31,0.0,0.3,10.6,3.4,6.01,2631.7,770.8,76.5,1.1,1.1,-0.8,0.609,0.704,0.1,0.0,0.0,0.0,0.0,0.0,0.0,0.0,0.0,0.299,0.0,5.4,14.2,22880.0,0.01144
2013-11-01,0.0,14.4,10.0,4.0,7.1,3106.1,120.4,93.3,0.5,0.9,13.9,0.666,0.728,0.6,1.8,0.0,0.0,0.0,0.0,0.0,0.0,0.0,0.297,0.0,9.1,14.8,12193.0,0.0060965
2013-11-02,0.0,3.0,13.9,4.8,8.624,2987.4,156.8,87.2,0.1,0.9,2.9,0.729,0.789,2.1,0.5,0.0,0.0,0.0,0.0,0.0,0.0,0.0,0.314,0.0,9.3,15.5,12173.0,0.0060865
2013-11-03,0.0,10.0,10.9,5.6,6.153,2611.3,717.4,76.5,1.5,1.3,8.5,0.729,0.848,1.7,1.5,0.0,0.0,0.0,0.0,0.0,0.0,0.0,0.314,0.0,8.9,12.8,18008.0,0.009004
2013-11-04,0.0,0.7,10.2,4.5,6.462,2715.5,460.3,82.6,1.1,1.0,-0.4,0.758,0.92,2.3,0.1,0.0,0.0,0.0,0.0,0.0,0.0,0.0,0.321,0.0,8.6,12.4,7126.0,0.003563
2013-11-05,0.0,6.4,9.2,3.9,6.384,2881.6,129.4,87.7,0.1,0.8,6.3,0.764,0.988,1.9,1.0,0.0,0.0,0.0,0.0,0.0,0.0,0.0,0.318,0.0,5.4,12.8,7542.0,0.003771
2013-11-06,0.0,0.4,14.7,4.8,8.817,2895.9,206.5,85.1,-0.2,1.1,0.6,0.772,1.05,1.8,0.1,0.0,0.0,0.0,0.0,0.0,0.0,0.0,0.322,0.0,12.0,16.5,12945.0,0.0064725
2013-11-07,0.0,6.6,15.1,4.4,9.31,3099.0,147.0,87.6,0.2,1.0,6.4,0.777,1.084,1.7,1.0,0.0,0.0,0.0,0.0,0.0,0.0,0.0,0.32,0.0,14.1,17.3,16063.0,0.0080315
2013-11-08,0.0,1.9,11.8,3.7,7.886,3008.1,129.6,91.6,0.4,0.7,1.5,0.799,1.134,2.2,0.3,0.0,0.0,0.0,0.0,0.0,0.0,0.0,0.326,0.0,12.1,12.7,6988.0,0.003494
2013-11-09,0.0,18.6,8.8,4.1,6.047,2548.6,368.2,86.3,0.4,0.8,18.2,0.805,1.186,2.9,3.6,0.0,0.0,0.0,0.0,0.0,0.0,0.0,0.324,0.0,6.4,10.4,17604.0,0.008802
2013-11-10,0.0,0.5,7.8,3.8,5.335,2719.3,542.5,81.3,1.5,0.8,-1.0,0.868,1.27,4.8,0.1,0.0,0.0,0.0,0.0,0.0,0.0,0.0,0.341,0.0,7.2,9.7,10198.0,0.005099
2013-11-11,0.0,0.0,7.3,3.0,4.864,2713.7,494.2,77.4,0.8,0.8,-0.8,0.836,1.326,1.3,0.0,0.0,0.0,0.0,0.0,0.0,0.0,0.0,0.332,0.0,2.5,10.4,18979.0,0.0094895
2013-11-12,0.0,2.9,9.3,2.1,6.522,3058.8,115.9,89.2,0.2,0.7,2.7,0.836,1.367,1.2,0.4,0.0,0.0,0.0,0.0,0.0,0.0,0.0,0.329,0.0,8.2,10.4,14889.0,0.0074445
2013-11-13,0.0,0.1,7.6,2.8,5.474,2748.0,735.6,84.5,1.7,0.6,-1.6,0.823,1.383,0.9,0.0,0.0,0.0,0.0,0.0,0.0,0.0,0.0,0.331,0.0,6.4,10.8,14410.0,0.007205
2013-11-14,0.0,5.4,6.9,3.2,5.357,2717.4,101.8,86.6,0.1,0.7,5.3,0.845,1.398,1.2,0.8,0.0,0.0,0.0,0.0,0.0,0.0,0.0,0.327,0.0,4.1,9.6,14317.0,0.0071585
2013-11-15,0.0,0.0,7.6,5.6,5.176,2623.5,382.6,80.4,1.0,1.0,-1.0,0.835,1.394,0.9,0.0,0.0,0.0,0.0,0.0,0.0,0.0,0.0,0.332,0.0,6.4,9.8,9250.0,0.004625
2013-11-16,0.0,0.0,3.6,2.9,4.341,2843.3,252.8,88.8,0.8,0.4,-0.8,0.819,1.391,0.6,0.0,0.0,0.0,0.0,0.0,0.0,0.0,0.0,0.329,0.0,2.7,4.1,12942.0,0.006471
2013-11-17,0.0,0.0,5.4,1.6,4.682,2860.0,218.4,84.3,0.4,0.5,-0.4,0.808,1.399,0.5,0.0,0.0,0.0,0.0,0.0,0.0,0.0,0.0,0.327,0.0,3.5,6.2,6347.0,0.0031735
2013-11-18,0.0,0.0,5.3,0.9,4.656,2746.5,191.2,84.3,0.3,0.4,-0.3,0.799,1.39,0.5,0.0,0.0,0.0,0.0,0.0,0.0,0.0,0.0,0.326,0.0,5.2,6.1,4930.0,0.002465
2013-11-19,0.0,0.2,5.5,4.1,4.298,2406.2,385.7,77.1,0.6,0.9,-0.4,0.792,1.376,0.4,0.0,0.0,0.0,0.0,0.0,0.0,0.0,0.0,0.325,0.0,3.9,6.9,6426.0,0.003213
2013-11-20,0.0,7.7,3.8,4.3,3.974,2453.5,225.2,80.2,0.3,0.9,7.4,0.801,1.334,0.4,1.0,0.0,0.0,0.0,0.0,0.0,0.0,0.0,0.324,0.0,2.6,5.7,11938.0,0.005969
2013-11-21,0.0,0.5,3.3,3.0,4.283,2516.8,145.6,89.6,0.1,0.5,0.4,0.842,1.334,0.9,0.1,0.0,0.0,0.0,0.0,0.0,0.0,0.0,0.332,0.0,3.0,4.1,8506.0,0.004253
2013-11-22,0.0,0.0,4.3,5.4,4.109,2273.7,391.4,80.0,0.3,0.7,-0.3,0.833,1.324,0.8,0.0,0.0,0.0,0.0,0.0,0.0,0.0,0.0,0.331,0.0,2.5,5.4,7842.0,0.003921
2013-11-23,0.0,0.0,5.9,5.0,4.537,2594.4,132.2,78.9,0.2,0.9,-0.2,0.825,1.315,0.6,0.0,0.0,0.0,0.0,0.0,0.0,0.0,0.0,0.33,0.0,5.3,6.6,6903.0,0.0034514999999999997
2013-11-24,0.0,0.1,5.8,4.3,4.655,2340.8,175.0,81.0,-0.1,0.8,0.2,0.819,1.29,0.6,0.0,0.0,0.0,0.0,0.0,0.0,0.0,0.0,0.328,0.0,2.6,7.9,8213.0,0.0041065
2013-11-25,0.0,0.0,6.3,3.9,4.51,2409.9,439.3,76.6,0.4,0.7,-0.4,0.813,1.272,0.5,0.0,0.0,0.0,0.0,0.0,0.0,0.0,0.0,0.328,0.0,5.4,7.1,15739.0,0.0078695
2013-11-26,0.0,0.0,5.9,3.6,4.775,2729.9,195.3,83.1,0.2,0.7,-0.2,0.806,1.253,0.5,0.0,0.0,0.0,0.0,0.0,0.0,0.0,0.0,0.327,0.0,4.2,7.0,16216.0,0.008108
2013-11-27,0.0,0.0,5.7,2.0,4.55,2675.1,209.0,80.2,0.2,0.6,-0.2,0.8,1.229,0.4,0.0,0.0,0.0,0.0,0.0,0.0,0.0,0.0,0.326,0.0,5.5,7.2,17415.0,0.0087075
2013-11-28,0.0,0.0,5.3,1.3,4.457,2689.8,94.2,80.0,0.0,0.6,0.0,0.795,1.207,0.4,0.0,0.0,0.0,0.0,0.0,0.0,0.0,0.0,0.325,0.0,2.7,7.7,17004.0,0.008502000000000001
2013-11-29,0.0,0.5,8.4,2.5,5.979,2765.8,189.4,87.8,0.0,0.5,0.5,0.795,1.185,0.4,0.1,0.0,0.0,0.0,0.0,0.0,0.0,0.0,0.324,0.0,6.6,9.7,12060.0,0.00603
2013-11-30,0.0,0.0,7.1,3.6,5.16,2518.0,175.9,82.7,0.0,0.7,0.0,0.792,1.155,0.4,0.0,0.0,0.0,0.0,0.0,0.0,0.0,0.0,0.324,0.0,5.3,8.3,9422.0,0.004711
2013-12-01,0.0,0.0,6.2,3.1,5.125,2823.4,178.9,87.1,0.2,0.5,-0.2,0.787,1.096,0.4,0.0,0.0,0.0,0.0,0.0,0.0,0.0,0.0,0.324,0.0,4.9,7.9,16966.0,0.008483000000000001
2013-12-02,0.0,0.0,6.2,3.5,4.619,2857.2,144.9,79.0,0.6,0.9,-0.6,0.78,1.04,0.3,0.0,0.0,0.0,0.0,0.0,0.0,0.0,0.0,0.323,0.0,5.2,8.4,11995.0,0.0059975
2013-12-03,0.0,0.2,3.8,0.8,4.197,2714.5,445.3,84.7,0.8,0.2,-0.6,0.771,0.967,0.3,0.0,0.0,0.0,0.0,0.0,0.0,0.0,0.0,0.322,0.0,1.6,7.0,18635.0,0.0093175
2013-12-04,0.0,0.2,6.2,1.7,4.831,2911.5,110.8,81.8,0.1,0.6,0.1,0.766,0.89,0.3,0.0,0.0,0.0,0.0,0.0,0.0,0.0,0.0,0.321,0.0,1.0,8.2,15665.0,0.0078325
2013-12-05,0.0,0.2,7.5,4.0,4.996,2576.7,356.3,77.9,0.4,0.8,-0.2,0.762,0.822,0.3,0.0,0.0,0.0,0.0,0.0,0.0,0.0,0.0,0.32,0.0,6.2,8.5,11761.0,0.0058805
2013-12-06,0.0,0.0,6.8,3.0,4.1,2356.7,480.7,66.9,0.5,0.8,-0.5,0.756,0.762,0.2,0.0,0.0,0.0,0.0,0.0,0.0,0.0,0.0,0.32,0.0,5.6,8.1,13692.0,0.006846
2013-12-07,0.0,0.2,7.3,2.2,5.055,2458.9,296.1,79.9,0.0,0.5,0.2,0.753,0.701,0.2,0.0,0.0,0.0,0.0,0.0,0.0,0.0,0.0,0.318,0.0,5.7,8.4,17253.0,0.0086265
2013-12-08,0.0,0.0,6.9,1.9,4.662,2551.0,451.9,76.1,0.4,0.5,-0.4,0.749,0.643,0.2,0.0,0.0,0.0,0.0,0.0,0.0,0.0,0.0,0.318,0.0,6.6,10.2,19878.0,0.009939
2013-12-09,0.0,0.0,3.3,1.2,4.002,2691.4,439.1,83.7,0.6,0.3,-0.6,0.742,0.574,0.2,0.0,0.0,0.0,0.0,0.0,0.0,0.0,0.0,0.317,0.0,0.8,7.6,21127.0,0.0105635
2013-12-10,0.0,0.0,2.7,1.4,3.867,2773.4,555.9,84.5,0.9,0.2,-0.9,0.732,0.493,0.2,0.0,0.0,0.0,0.0,0.0,0.0,0.0,0.0,0.316,0.0,-0.4,6.6,21079.0,0.0105395
2013-12-11,0.0,0.0,1.6,1.1,3.458,2660.3,606.1,81.9,0.9,0.2,-0.9,0.721,0.405,0.2,0.0,0.0,0.0,0.0,0.0,0.0,0.0,0.0,0.315,0.0,-1.4,5.4,18390.0,0.009195
2013-12-12,0.0,0.0,0.9,1.9,3.498,2682.6,362.7,87.0,0.4,0.3,-0.4,0.713,0.323,0.2,0.0,0.0,0.0,0.0,0.0,0.0,0.0,0.0,0.313,0.0,-1.9,4.1,13008.0,0.006504
2013-12-13,0.0,3.2,3.0,2.0,4.308,2833.3,276.0,90.4,0.2,0.3,3.0,0.717,0.247,0.2,0.3,0.0,0.0,0.0,0.0,0.0,0.0,0.0,0.312,0.0,-0.7,6.8,11575.0,0.0057875
2013-12-14,0.0,0.0,7.0,3.7,5.265,2635.8,440.6,84.9,0.3,0.5,-0.3,0.733,0.193,0.2,0.0,0.0,0.0,0.0,0.0,0.0,0.0,0.0,0.316,0.0,5.1,9.6,13731.0,0.0068655
2013-12-15,0.0,0.0,7.1,4.1,4.641,2459.6,294.6,74.5,0.2,0.9,-0.2,0.729,0.143,0.2,0.0,0.0,0.0,0.0,0.0,0.0,0.0,0.0,0.315,0.0,6.1,9.0,18241.0,0.0091205
2013-12-16,0.0,0.0,7.3,2.9,4.396,2438.3,523.0,69.7,0.3,1.0,-0.3,0.725,0.09,0.2,0.0,0.0,0.0,0.0,0.0,0.0,0.0,0.0,0.315,0.0,4.1,10.8,19038.0,0.009519
2013-12-17,0.0,0.0,7.9,3.2,4.77,2498.5,370.1,72.2,0.0,0.9,0.0,0.722,0.036,0.2,0.0,0.0,0.0,0.0,0.0,0.0,0.0,0.0,0.314,0.0,4.2,10.4,14723.0,0.0073615
2013-12-18,0.0,4.9,9.2,4.1,6.057,2902.5,240.4,84.0,0.5,0.7,4.4,0.738,-0.001,0.2,0.4,0.0,0.0,0.0,0.0,0.0,0.0,0.0,0.314,0.0,7.9,10.2,11633.0,0.0058165000000000005
2013-12-19,0.0,1.0,8.0,3.4,5.67,2747.7,229.3,85.0,0.2,0.6,0.8,0.762,-0.019,0.2,0.1,0.0,0.0,0.0,0.0,0.0,0.0,0.0,0.319,0.0,6.6,9.1,5068.0,0.002534
2013-12-20,0.0,0.0,6.2,2.7,4.652,2426.4,451.6,79.7,0.3,0.6,-0.3,0.759,-0.029,0.2,0.0,0.0,0.0,0.0,0.0,0.0,0.0,0.0,0.32,0.0,4.3,9.0,12162.0,0.006081
2013-12-21,0.0,0.6,6.1,5.2,4.431,2510.5,205.5,76.2,0.2,0.9,0.4,0.755,-0.029,0.2,0.1,0.0,0.0,0.0,0.0,0.0,0.0,0.0,0.319,0.0,4.8,8.3,9923.0,0.0049615
2013-12-22,0.0,1.9,8.9,5.3,6.238,2838.8,64.7,88.3,-0.1,0.7,2.0,0.77,-0.014,0.3,0.2,0.0,0.0,0.0,0.0,0.0,0.0,0.0,0.319,0.0,5.8,10.1,8694.0,0.004347
2013-12-23,0.0,2.0,10.3,6.8,6.098,2608.2,129.5,79.0,0.4,1.5,1.6,0.775,0.0,0.3,0.2,0.0,0.0,0.0,0.0,0.0,0.0,0.0,0.321,0.0,7.9,12.2,12963.0,0.006481499999999999
2013-12-24,0.0,12.0,10.2,7.5,6.49,3009.0,78.0,84.5,0.8,1.4,11.2,0.844,0.041,1.4,1.7,0.0,0.0,0.0,0.0,0.0,0.0,0.0,0.323,0.0,9.4,10.7,3223.0,0.0016115
2013-12-25,0.0,2.9,7.7,3.7,5.624,2617.7,130.9,86.1,0.0,0.7,2.9,0.863,0.096,1.6,0.4,0.0,0.0,0.0,0.0,0.0,0.0,0.0,0.334,0.0,7.2,8.5,7832.0,0.003916
2013-12-26,0.0,0.7,6.8,3.2,4.984,2419.5,442.8,81.6,0.3,0.5,0.4,0.861,0.155,1.3,0.1,0.0,0.0,0.0,0.0,0.0,0.0,0.0,0.335,0.0,6.0,8.6,11726.0,0.005863
2013-12-27,0.0,10.9,10.2,7.2,6.782,3040.8,132.8,86.8,0.4,0.8,10.5,0.908,0.235,3.3,1.8,0.0,0.0,0.0,0.0,0.0,0.0,0.0,0.334,0.0,5.1,12.5,13039.0,0.0065195
2013-12-28,0.0,0.6,8.1,3.2,5.712,2638.8,98.4,85.1,0.0,0.7,0.6,0.903,0.303,2.1,0.1,0.0,0.0,0.0,0.0,0.0,0.0,0.0,0.341,0.0,6.6,9.5,4934.0,0.002467
2013-12-29,0.0,0.0,6.1,3.0,4.759,2463.7,515.7,82.0,0.6,0.5,-0.6,0.885,0.35,1.2,0.0,0.0,0.0,0.0,0.0,0.0,0.0,0.0,0.339,0.0,5.6,8.3,14023.0,0.0070115
2013-12-30,0.0,2.0,5.4,3.9,4.815,2556.2,266.3,86.5,0.2,0.5,1.8,0.875,0.397,0.9,0.3,0.0,0.0,0.0,0.0,0.0,0.0,0.0,0.337,0.0,2.9,6.9,13818.0,0.006909
2013-12-31,0.0,2.0,7.0,4.7,4.988,2760.0,135.8,80.4,0.4,1.1,1.6,0.889,0.451,1.2,0.3,0.0,0.0,0.0,0.0,0.0,0.0,0.0,0.337,0.0,6.0,7.9,12862.0,0.006431
2014-01-01,0.0,4.6,8.9,6.0,6.012,2703.4,128.4,84.8,0.2,0.9,4.4,0.891,0.569,1.2,0.7,0.0,0.0,0.0,0.0,0.0,0.0,0.0,0.338,0.0,7.0,11.0,9552.0,0.004776
2014-01-02,0.0,0.3,10.4,4.7,6.34,2818.9,362.8,81.4,0.4,0.9,-0.1,0.901,0.62,1.4,0.0,0.0,0.0,0.0,0.0,0.0,0.0,0.0,0.341,0.0,9.7,11.2,9743.0,0.0048715
2014-01-03,0.0,0.0,11.1,6.4,6.338,2578.3,238.5,77.3,0.3,1.4,-0.3,0.887,0.621,1.0,0.0,0.0,0.0,0.0,0.0,0.0,0.0,0.0,0.339,0.0,9.7,13.7,6515.0,0.0032575
2014-01-04,0.0,2.6,9.3,4.3,5.708,2325.9,366.9,78.7,0.1,0.8,2.5,0.883,0.611,0.9,0.4,0.0,0.0,0.0,0.0,0.0,0.0,0.0,0.337,0.0,7.8,11.8,5741.0,0.0028705
2014-01-05,0.0,0.0,7.6,4.5,5.408,2624.4,255.3,83.2,0.0,0.8,0.0,0.889,0.61,1.0,0.0,0.0,0.0,0.0,0.0,0.0,0.0,0.0,0.339,0.0,5.2,11.8,11531.0,0.0057655
2014-01-06,0.0,0.3,11.9,6.1,7.1,2871.4,213.4,82.2,0.3,1.0,0.0,0.881,0.585,0.8,0.0,0.0,0.0,0.0,0.0,0.0,0.0,0.0,0.338,0.0,8.8,13.0,11223.0,0.0056115
2014-01-07,0.0,0.0,11.6,4.3,6.666,2615.7,205.6,78.9,-0.1,1.1,0.1,0.873,0.559,0.7,0.0,0.0,0.0,0.0,0.0,0.0,0.0,0.0,0.337,0.0,9.9,13.5,10714.0,0.005357
2014-01-08,0.0,0.6,11.6,3.7,7.059,2684.4,292.1,83.6,-0.1,0.7,0.7,0.871,0.55,0.7,0.1,0.0,0.0,0.0,0.0,0.0,0.0,0.0,0.336,0.0,9.3,12.8,11962.0,0.005981
2014-01-09,0.0,0.5,10.3,4.7,6.168,2681.6,98.1,79.4,0.2,1.1,0.3,0.869,0.542,0.7,0.1,0.0,0.0,0.0,0.0,0.0,0.0,0.0,0.336,0.0,9.6,11.5,9154.0,0.004577
2014-01-10,0.0,1.8,6.2,2.1,5.265,2803.4,190.4,90.0,0.3,0.4,1.5,0.863,0.527,0.6,0.2,0.0,0.0,0.0,0.0,0.0,0.0,0.0,0.335,0.0,5.1,6.6,15381.0,0.0076905
2014-01-11,0.0,0.0,6.3,1.0,5.572,2939.0,178.2,93.8,0.4,0.3,-0.4,0.867,0.514,0.7,0.0,0.0,0.0,0.0,0.0,0.0,0.0,0.0,0.336,0.0,5.9,8.1,7125.0,0.0035625
2014-01-12,0.0,0.0,5.0,2.7,5.182,2943.1,161.5,95.5,0.2,0.4,-0.2,0.857,0.492,0.6,0.0,0.0,0.0,0.0,0.0,0.0,0.0,0.0,0.334,0.0,2.8,7.5,13702.0,0.006851
2014-01-13,0.0,2.7,8.0,3.0,5.767,2679.0,307.1,86.8,0.2,0.5,2.5,0.853,0.482,0.5,0.3,0.0,0.0,0.0,0.0,0.0,0.0,0.0,0.333,0.0,6.9,10.0,6802.0,0.003401
2014-01-14,0.0,2.0,5.9,3.4,4.718,2557.0,366.8,82.0,0.5,0.6,1.5,0.867,0.485,0.6,0.3,0.0,0.0,0.0,0.0,0.0,0.0,0.0,0.335,0.0,5.6,7.3,12933.0,0.0064665
2014-01-15,0.0,4.6,6.3,4.8,5.591,2876.3,85.3,93.7,0.0,0.6,4.6,0.895,0.497,1.1,0.7,0.0,0.0,0.0,0.0,0.0,0.0,0.0,0.336,0.0,3.9,8.8,9254.0,0.004627
2014-01-16,0.0,3.1,8.6,5.3,6.089,2647.5,243.4,87.8,0.2,0.7,2.9,0.915,0.525,1.6,0.5,0.0,0.0,0.0,0.0,0.0,0.0,0.0,0.34,0.0,8.3,8.9,7294.0,0.003647
2014-01-17,0.0,0.0,8.4,5.2,5.139,2365.4,421.7,75.2,0.4,1.1,-0.4,0.902,0.557,1.1,0.0,0.0,0.0,0.0,0.0,0.0,0.0,0.0,0.341,0.0,6.5,10.9,18845.0,0.0094225
2014-01-18,0.0,2.9,7.4,3.4,4.791,2345.5,205.5,75.0,-0.1,1.0,3.0,0.895,0.581,0.9,0.4,0.0,0.0,0.0,0.0,0.0,0.0,0.0,0.339,0.0,4.4,9.0,8519.0,0.0042595
2014-01-19,0.0,0.0,7.6,1.6,5.444,2552.1,226.1,84.3,-0.1,0.5,0.1,0.906,0.615,1.1,0.0,0.0,0.0,0.0,0.0,0.0,0.0,0.0,0.342,0.0,7.0,9.0,7634.0,0.003817
2014-01-20,0.0,1.0,6.3,2.5,4.876,2357.4,113.4,82.6,-0.1,0.7,1.1,0.899,0.654,1.0,0.1,0.0,0.0,0.0,0.0,0.0,0.0,0.0,0.34,0.0,6.0,7.1,10068.0,0.005034
2014-01-21,0.0,0.0,3.3,2.4,4.32,2643.6,161.5,90.3,0.2,0.4,-0.2,0.895,0.693,0.9,0.0,0.0,0.0,0.0,0.0,0.0,0.0,0.0,0.34,0.0,2.6,3.7,16537.0,0.0082685
2014-01-22,0.0,3.2,3.5,2.9,4.284,2481.9,289.5,88.2,0.1,0.5,3.1,0.893,0.738,0.9,0.5,0.0,0.0,0.0,0.0,0.0,0.0,0.0,0.338,0.0,1.5,6.1,11768.0,0.0058839999999999995
2014-01-23,0.0,1.9,6.8,3.4,5.265,2686.6,266.8,85.9,0.1,0.6,1.8,0.915,0.801,1.3,0.3,0.0,0.0,0.0,0.0,0.0,0.0,0.0,0.341,0.0,4.5,8.7,12087.0,0.0060435
2014-01-24,0.0,1.9,6.1,2.2,4.772,2553.7,406.4,82.0,0.4,0.5,1.5,0.905,0.844,1.0,0.3,0.0,0.0,0.0,0.0,0.0,0.0,0.0,0.342,0.0,5.2,7.2,9215.0,0.0046075
2014-01-25,0.0,1.0,6.0,3.5,4.71,2656.3,150.8,81.6,0.1,1.0,0.9,0.914,0.879,1.2,0.1,0.0,0.0,0.0,0.0,0.0,0.0,0.0,0.342,0.0,3.6,8.0,12763.0,0.0063815
2014-01-26,0.0,7.7,7.2,4.5,5.256,2671.6,190.9,83.2,0.2,1.1,7.5,0.934,0.898,1.8,1.2,0.0,0.0,0.0,0.0,0.0,0.0,0.0,0.341,0.0,4.7,9.9,11033.0,0.0055165
2014-01-27,0.0,0.6,5.1,5.0,4.298,2217.8,367.5,79.0,0.3,0.8,0.3,0.944,0.911,1.8,0.1,0.0,0.0,0.0,0.0,0.0,0.0,0.0,0.348,0.0,4.1,6.4,15644.0,0.007822
2014-01-28,0.0,5.0,5.3,4.5,4.723,2456.6,82.6,85.3,-0.1,0.7,5.1,0.94,0.931,1.5,0.8,0.0,0.0,0.0,0.0,0.0,0.0,0.0,0.345,0.0,3.1,6.7,13452.0,0.006726
2014-01-29,0.0,1.1,4.5,2.5,4.748,2727.6,127.5,90.9,0.1,0.5,1.0,0.958,0.969,2.1,0.2,0.0,0.0,0.0,0.0,0.0,0.0,0.0,0.349,0.0,3.8,5.4,9752.0,0.004876
2014-01-30,0.0,0.1,5.9,1.8,5.18,2663.1,175.2,90.2,0.1,0.5,0.0,0.945,0.995,1.5,0.0,0.0,0.0,0.0,0.0,0.0,0.0,0.0,0.347,0.0,4.9,7.0,9246.0,0.004623
2014-01-31,0.0,9.3,5.7,4.0,4.938,2737.3,530.2,87.0,0.8,0.6,8.5,0.939,1.026,1.3,1.5,0.0,0.0,0.0,0.0,0.0,0.0,0.0,0.345,0.0,2.4,8.2,15950.0,0.007975
2014-02-01,0.0,6.0,7.0,4.3,5.182,2637.6,397.1,83.4,0.6,0.8,5.4,1.006,1.128,4.2,1.2,0.0,0.0,0.0,0.0,0.0,0.0,0.0,0.353,0.0,6.3,8.4,8433.0,0.0042165
2014-02-02,0.0,0.0,5.3,2.6,4.444,2425.7,944.3,80.5,1.2,0.6,-1.2,0.975,1.172,1.8,0.0,0.0,0.0,0.0,0.0,0.0,0.0,0.0,0.353,0.0,2.3,8.9,17466.0,0.008733
2014-02-03,0.0,0.0,5.3,3.2,4.236,2334.9,819.1,77.3,1.0,0.7,-1.0,0.951,1.177,1.1,0.0,0.0,0.0,0.0,0.0,0.0,0.0,0.0,0.349,0.0,1.6,8.0,19624.0,0.009812
2014-02-04,0.0,2.5,7.1,4.9,4.515,2309.7,515.2,72.6,0.5,1.3,2.0,0.951,1.151,1.1,0.4,0.0,0.0,0.0,0.0,0.0,0.0,0.0,0.346,0.0,4.7,8.6,21574.0,0.010787
2014-02-05,0.0,1.1,8.2,6.5,4.996,2427.6,454.1,74.1,0.7,1.5,0.4,0.943,1.111,1.0,0.1,0.0,0.0,0.0,0.0,0.0,0.0,0.0,0.347,0.0,6.9,9.9,10598.0,0.005299
2014-02-06,0.0,2.9,8.5,5.0,5.406,2789.2,211.7,79.0,0.5,1.5,2.4,0.951,1.08,1.1,0.4,0.0,0.0,0.0,0.0,0.0,0.0,0.0,0.346,0.0,6.2,13.5,19392.0,0.009696
2014-02-07,0.0,1.2,10.0,6.7,5.124,2571.6,605.9,67.0,1.6,1.7,-0.4,0.937,1.048,0.9,0.1,0.0,0.0,0.0,0.0,0.0,0.0,0.0,0.347,0.0,8.6,10.6,17482.0,0.008741
2014-02-08,0.0,3.0,7.4,6.3,5.034,2462.1,349.2,78.3,0.6,1.1,2.4,0.948,1.026,1.1,0.4,0.0,0.0,0.0,0.0,0.0,0.0,0.0,0.345,0.0,5.7,9.3,8613.0,0.0043064999999999996
2014-02-09,0.0,0.0,6.8,5.7,4.299,2145.8,540.2,70.5,0.5,1.5,-0.5,0.935,1.008,0.9,0.0,0.0,0.0,0.0,0.0,0.0,0.0,0.0,0.346,0.0,4.8,8.6,18613.0,0.0093065
2014-02-10,0.0,0.0,6.9,2.4,4.445,2175.4,527.9,72.2,0.1,0.9,-0.1,0.925,0.97,0.8,0.0,0.0,0.0,0.0,0.0,0.0,0.0,0.0,0.344,0.001,4.8,8.3,9101.0,0.0045505
2014-02-11,0.0,0.7,6.1,4.5,4.55,2374.7,428.2,78.4,0.2,1.1,0.5,0.919,0.887,0.8,0.1,0.0,0.0,0.0,0.0,0.0,0.0,0.0,0.342,0.001,4.2,8.0,17429.0,0.0087145
2014-02-12,0.0,3.8,6.4,5.6,4.609,2398.4,533.9,77.6,0.6,1.3,3.2,0.914,0.853,0.7,0.5,0.0,0.0,0.0,0.0,0.0,0.0,0.0,0.343,0.0,2.9,9.3,26424.0,0.013212
2014-02-13,0.0,6.0,6.6,3.8,4.961,2654.8,260.1,81.8,0.4,0.9,5.6,0.967,0.888,1.7,0.9,0.0,0.0,0.0,0.0,0.0,0.0,0.0,0.345,0.0,5.8,8.6,13566.0,0.006783
2014-02-14,0.0,1.5,7.9,5.0,5.564,2615.7,132.6,83.8,-0.1,1.2,1.6,0.967,0.929,1.6,0.2,0.0,0.0,0.0,0.0,0.0,0.0,0.0,0.349,0.0,4.0,12.2,13572.0,0.006786
2014-02-15,0.0,0.6,9.8,5.5,5.326,2231.7,445.4,71.0,0.2,1.7,0.4,0.956,0.964,1.3,0.1,0.0,0.0,0.0,0.0,0.0,0.0,0.0,0.349,0.0,8.3,11.6,10001.0,0.0050005
2014-02-16,0.0,0.0,8.2,3.7,5.159,2504.5,896.9,76.6,1.1,1.2,-1.1,0.941,0.979,1.0,0.0,0.0,0.0,0.0,0.0,0.0,0.0,0.0,0.348,0.0,5.5,10.8,16188.0,0.008094
2014-02-17,0.0,0.0,7.3,2.3,5.1,2497.6,402.4,80.9,0.2,0.8,-0.2,0.927,0.992,0.9,0.0,0.0,0.0,0.0,0.0,0.0,0.0,0.0,0.345,0.0,4.7,9.2,33222.0,0.016611
2014-02-18,0.0,0.1,7.5,2.5,4.964,2456.2,392.6,77.2,0.0,0.9,0.1,0.919,0.998,0.8,0.0,0.0,0.0,0.0,0.0,0.0,0.0,0.0,0.343,0.0,5.2,9.0,14446.0,0.007223
2014-02-19,0.0,0.4,9.6,2.4,5.83,2479.5,511.3,78.9,0.1,0.9,0.3,0.912,1.034,0.7,0.0,0.0,0.0,0.0,0.0,0.0,0.0,0.0,0.342,0.0,7.3,11.6,17541.0,0.0087705
2014-02-20,0.0,4.1,10.0,4.2,6.757,2889.7,134.4,88.8,0.0,0.9,4.1,0.934,1.097,1.0,0.6,0.0,0.0,0.0,0.0,0.0,0.0,0.0,0.342,0.0,8.7,11.3,19667.0,0.0098335
2014-02-21,0.0,1.7,8.2,3.8,4.86,2397.8,761.6,72.5,1.1,1.4,0.6,0.927,1.162,0.9,0.2,0.0,0.0,0.0,0.0,0.0,0.0,0.0,0.345,0.0,7.2,10.3,19323.0,0.0096615
2014-02-22,0.0,3.5,6.7,2.1,5.171,2773.7,327.3,84.9,0.3,0.7,3.2,0.949,1.238,1.3,0.5,0.0,0.0,0.0,0.0,0.0,0.0,0.0,0.345,0.0,5.2,8.8,25488.0,0.012744
2014-02-23,0.0,0.0,8.9,3.1,5.385,2504.3,702.6,77.4,0.6,1.2,-0.6,0.935,1.256,1.0,0.0,0.0,0.0,0.0,0.0,0.0,0.0,0.0,0.347,0.0,5.5,12.7,34637.0,0.0173185
2014-02-24,0.0,0.0,10.1,3.1,5.099,2468.9,981.8,67.1,1.1,1.6,-1.1,0.917,1.251,0.8,0.0,0.0,0.0,0.0,0.0,0.0,0.0,0.0,0.344,0.0,5.4,13.5,35400.0,0.0177
2014-02-25,0.0,2.3,10.2,4.6,5.623,2491.7,533.3,73.2,0.6,1.5,1.7,0.914,1.247,0.8,0.3,0.0,0.0,0.0,0.0,0.0,0.0,0.0,0.341,0.0,9.7,12.5,14296.0,0.007148
2014-02-26,0.0,0.0,7.6,2.1,4.957,2466.6,510.6,77.1,0.2,0.9,-0.2,0.911,1.233,0.8,0.0,0.0,0.0,0.0,0.0,0.0,0.0,0.0,0.342,0.0,5.2,9.3,19110.0,0.009555
2014-02-27,0.0,10.8,6.2,3.7,5.111,2698.5,268.7,86.8,0.5,0.7,10.3,0.941,1.253,1.2,1.6,0.0,0.0,0.0,0.0,0.0,0.0,0.0,0.341,0.0,5.0,7.5,16876.0,0.008438
2014-02-28,0.0,2.3,6.7,2.5,5.116,2659.9,509.6,84.5,0.6,0.9,1.7,0.975,1.304,2.1,0.4,0.0,0.0,0.0,0.0,0.0,0.0,0.0,0.352,0.0,5.6,9.0,14193.0,0.0070965
2014-03-01,0.0,0.8,5.9,1.8,4.675,2586.6,560.1,81.2,0.8,0.9,0.0,0.965,1.335,1.6,0.1,0.0,0.0,0.0,0.0,0.0,0.0,0.0,0.35,0.0,5.4,7.7,23844.0,0.011922
2014-03-02,0.0,4.3,6.2,3.4,4.306,2561.3,903.2,74.1,1.4,1.4,2.9,0.949,1.34,1.1,0.6,0.0,0.0,0.0,0.0,0.0,0.0,0.0,0.348,0.0,0.7,10.3,31610.0,0.015805
2014-03-03,0.0,2.3,6.8,4.0,4.893,2568.6,415.8,80.0,0.5,1.2,1.8,0.963,1.366,1.4,0.3,0.0,0.0,0.0,0.0,0.0,0.0,0.0,0.35,0.0,5.7,9.0,17453.0,0.0087265
2014-03-04,0.0,0.0,7.3,1.4,4.769,2503.4,981.7,75.7,1.3,1.1,-1.3,0.951,1.362,1.2,0.0,0.0,0.0,0.0,0.0,0.0,0.0,0.0,0.35,0.0,4.7,9.6,24926.0,0.012463
2014-03-05,0.0,0.0,7.4,1.1,4.417,2546.2,1196.6,70.4,1.9,1.2,-1.9,0.926,1.354,0.8,0.0,0.0,0.0,0.0,0.0,0.0,0.0,0.0,0.346,0.0,3.0,11.3,37093.0,0.0185465
2014-03-06,0.0,0.0,7.9,1.1,4.011,2653.4,1363.2,62.6,2.2,1.4,-2.2,0.897,1.359,0.6,0.0,0.0,0.0,0.0,0.0,0.0,0.0,0.0,0.342,0.0,1.3,13.7,41682.0,0.020841
2014-03-07,0.0,0.0,9.8,1.1,4.636,2536.8,1015.3,63.5,1.2,1.4,-1.2,0.878,1.353,0.5,0.0,0.0,0.0,0.0,0.0,0.0,0.0,0.0,0.338,0.0,4.2,14.7,40605.0,0.0203025
2014-03-08,0.0,0.0,11.0,2.3,4.741,2711.0,1500.3,60.0,2.5,2.0,-2.5,0.851,1.31,0.5,0.0,0.0,0.0,0.0,0.0,0.0,0.0,0.0,0.336,0.0,2.8,16.1,43582.0,0.021791
2014-03-09,0.0,0.0,13.4,2.1,4.783,2606.4,1673.1,51.7,2.7,2.6,-2.7,0.823,1.19,0.4,0.0,0.0,0.0,0.0,0.0,0.0,0.0,0.0,0.332,0.0,7.4,19.2,44344.0,0.022172
2014-03-10,0.0,0.0,12.0,2.8,5.46,2887.6,1597.8,64.0,2.2,2.5,-2.2,0.795,0.991,0.4,0.0,0.0,0.0,0.0,0.0,0.0,0.0,0.0,0.327,0.0,4.6,18.4,41826.0,0.020913
2014-03-11,0.0,0.0,11.0,4.2,5.994,2763.1,1553.8,74.4,1.5,2.1,-1.5,0.774,0.803,0.4,0.0,0.0,0.0,0.0,0.0,0.0,0.0,0.0,0.323,0.0,8.3,14.4,35436.0,0.017718
2014-03-12,0.0,0.0,11.9,1.8,5.086,2705.7,1672.8,60.7,1.8,2.1,-1.8,0.755,0.626,0.3,0.0,0.0,0.0,0.0,0.0,0.0,0.0,0.0,0.321,0.0,7.5,16.2,40298.0,0.020149
2014-03-13,0.0,0.0,12.1,1.1,5.205,2829.0,1657.2,61.0,1.6,1.9,-1.6,0.736,0.459,0.3,0.0,0.0,0.0,0.0,0.0,0.0,0.0,0.0,0.318,0.0,5.0,17.6,41695.0,0.0208475
2014-03-14,0.0,0.0,12.4,1.7,6.055,2925.7,1617.8,69.3,1.3,2.0,-1.3,0.72,0.313,0.3,0.0,0.0,0.0,0.0,0.0,0.0,0.0,0.0,0.315,0.0,6.3,16.9,41026.0,0.020513
2014-03-15,0.0,0.0,11.3,3.9,5.779,2653.0,894.3,70.3,0.6,1.9,-0.6,0.709,0.195,0.3,0.0,0.0,0.0,0.0,0.0,0.0,0.0,0.0,0.313,0.0,8.0,14.2,24841.0,0.0124205
2014-03-16,0.0,0.0,12.6,2.2,6.208,2703.1,1714.2,69.5,1.2,2.2,-1.2,0.697,0.099,0.2,0.0,0.0,0.0,0.0,0.0,0.0,0.0,0.0,0.312,0.0,7.4,16.6,39393.0,0.0196965
2014-03-17,0.0,0.0,9.6,1.7,6.126,2717.1,371.9,82.6,0.1,0.9,-0.1,0.691,0.013,0.2,0.0,0.0,0.0,0.0,0.0,0.0,0.0,0.0,0.31,0.0,8.0,10.9,40387.0,0.0201935
2014-03-18,0.0,0.0,10.9,2.4,5.909,2516.0,812.2,73.6,0.5,1.5,-0.5,0.686,-0.052,0.2,0.0,0.0,0.0,0.0,0.0,0.0,0.0,0.0,0.309,0.0,8.7,12.8,24407.0,0.0122035
2014-03-19,0.0,0.0,11.6,1.8,5.893,2656.1,1154.4,69.9,0.8,1.8,-0.8,0.677,-0.102,0.2,0.0,0.0,0.0,0.0,0.0,0.0,0.0,0.0,0.308,0.0,8.5,14.5,41217.0,0.0206085
2014-03-20,0.0,0.0,13.7,3.7,5.849,2609.0,1633.9,62.5,1.3,2.9,-1.3,0.664,-0.136,0.2,0.0,0.0,0.0,0.0,0.0,0.0,0.0,0.0,0.307,0.0,6.6,18.6,42008.0,0.021004000000000002
2014-03-21,0.0,0.4,11.5,4.6,5.279,2382.9,982.0,63.2,0.7,2.2,-0.3,0.657,-0.167,0.2,0.0,0.0,0.0,0.0,0.0,0.0,0.0,0.0,0.305,0.0,9.7,13.1,23020.0,0.01151
2014-03-22,0.0,1.4,9.0,4.4,4.912,2344.7,910.0,69.0,0.9,1.8,0.5,0.659,-0.2,0.2,0.1,0.0,0.0,0.0,0.0,0.0,0.0,0.0,0.304,0.0,8.1,10.8,15386.0,0.007693
2014-03-23,0.0,0.5,7.1,3.7,4.108,2187.9,1235.1,66.8,0.8,2.2,-0.3,0.652,-0.234,0.2,0.0,0.0,0.0,0.0,0.0,0.0,0.0,0.0,0.304,0.0,4.0,11.3,32682.0,0.016341
2014-03-24,0.0,0.3,6.9,1.8,3.804,2389.6,1498.3,63.3,1.1,1.8,-0.8,0.644,-0.27,0.1,0.0,0.0,0.0,0.0,0.0,0.0,0.0,0.0,0.304,0.0,2.3,10.2,31851.0,0.015925500000000002
2014-03-25,0.0,2.3,6.3,2.9,4.738,2715.5,385.6,79.9,0.5,1.2,1.8,0.657,-0.295,0.1,0.1,0.0,0.0,0.0,0.0,0.0,0.0,0.0,0.302,0.0,5.8,7.1,24457.0,0.0122285
2014-03-26,0.0,0.0,6.7,3.6,3.84,2209.5,1269.8,64.7,1.1,2.3,-1.1,0.65,-0.322,0.1,0.0,0.0,0.0,0.0,0.0,0.0,0.0,0.0,0.305,0.0,3.0,11.4,29744.0,0.014872
2014-03-27,0.0,0.0,7.4,1.6,3.74,2246.8,1280.2,60.8,0.9,1.8,-0.9,0.64,-0.357,0.1,0.0,0.0,0.0,0.0,0.0,0.0,0.0,0.0,0.303,0.0,1.7,11.9,36401.0,0.0182005
2014-03-28,0.0,0.0,10.0,2.8,3.896,2280.0,1341.7,52.6,0.9,2.5,-0.9,0.63,-0.397,0.1,0.0,0.0,0.0,0.0,0.0,0.0,0.0,0.0,0.301,0.0,3.6,14.4,41786.0,0.020893
2014-03-29,0.0,0.0,13.8,2.7,4.514,2370.6,1351.1,47.8,0.9,3.0,-0.9,0.62,-0.432,0.1,0.0,0.0,0.0,0.0,0.0,0.0,0.0,0.0,0.3,0.0,6.8,18.6,35811.0,0.0179055
2014-03-30,0.0,0.0,14.4,1.3,5.262,2559.4,511.2,52.3,0.0,1.8,0.0,0.616,-0.462,0.1,0.0,0.0,0.0,0.0,0.0,0.0,0.0,0.0,0.299,0.0,8.9,18.8,23627.0,0.0118135
2014-03-31,0.0,0.0,14.2,1.4,6.301,2598.0,1168.4,63.6,0.6,2.1,-0.6,0.611,-0.483,0.1,0.0,0.0,0.0,0.0,0.0,0.0,0.0,0.0,0.298,0.0,9.6,18.5,37083.0,0.0185415
2014-04-01,0.0,0.0,15.2,1.5,6.441,2625.8,1300.9,61.7,0.8,2.4,-0.8,0.603,-0.503,0.1,0.0,0.0,0.0,0.0,0.0,0.0,0.0,0.0,0.297,0.0,9.2,20.4,38720.0,0.01936
2014-04-02,0.0,0.0,15.3,2.0,6.491,2586.8,972.2,61.3,0.4,2.3,-0.4,0.597,-0.526,0.1,0.0,0.0,0.0,0.0,0.0,0.0,0.0,0.0,0.296,0.0,9.9,19.5,30709.0,0.0153545
2014-04-03,0.0,0.0,15.6,2.2,7.129,2722.4,813.6,64.6,0.3,2.0,-0.3,0.592,-0.555,0.1,0.0,0.0,0.0,0.0,0.0,0.0,0.0,0.0,0.295,0.0,13.5,18.0,11652.0,0.0058260000000000004
2014-04-04,0.0,0.0,12.8,2.4,6.969,2616.1,529.3,75.8,0.1,1.5,-0.1,0.59,-0.597,0.1,0.0,0.0,0.0,0.0,0.0,0.0,0.0,0.0,0.295,0.0,12.5,13.8,22432.0,0.011216
2014-04-05,0.0,0.0,14.1,1.9,6.473,2776.1,1484.2,66.6,1.0,2.6,-1.0,0.582,-0.634,0.1,0.0,0.0,0.0,0.0,0.0,0.0,0.0,0.0,0.295,0.0,8.5,18.3,35063.0,0.0175315
2014-04-06,0.0,0.0,15.6,2.8,8.782,2805.7,476.4,79.7,0.0,1.5,0.0,0.578,-0.661,0.1,0.0,0.0,0.0,0.0,0.0,0.0,0.0,0.0,0.293,0.0,13.6,17.6,38340.0,0.01917
2014-04-07,0.0,1.1,16.1,3.4,8.247,2816.4,872.8,73.5,0.7,2.4,0.4,0.582,-0.689,0.1,0.0,0.0,0.0,0.0,0.0,0.0,0.0,0.0,0.293,0.0,12.8,20.6,41553.0,0.0207765
2014-04-08,0.0,0.0,11.0,3.8,5.162,2386.9,1753.4,64.2,1.1,2.8,-1.1,0.573,-0.708,0.1,0.0,0.0,0.0,0.0,0.0,0.0,0.0,0.0,0.293,0.0,8.7,13.1,32243.0,0.0161215
2014-04-09,0.0,0.0,11.4,1.6,5.126,2576.2,1549.8,63.3,0.9,2.3,-0.9,0.563,-0.724,0.1,0.0,0.0,0.0,0.0,0.0,0.0,0.0,0.0,0.292,0.0,6.3,15.1,52569.0,0.0262845
2014-04-10,0.0,0.0,13.4,1.5,5.587,2661.2,2183.0,60.3,1.2,3.1,-1.2,0.551,-0.725,0.1,0.0,0.0,0.0,0.0,0.0,0.0,0.0,0.0,0.29,0.0,7.3,18.3,52503.0,0.0262515
2014-04-11,0.0,0.0,12.8,3.4,5.977,2531.7,1585.9,66.2,0.6,2.8,-0.6,0.543,-0.725,0.1,0.0,0.0,0.0,0.0,0.0,0.0,0.0,0.0,0.288,0.0,8.8,16.6,41396.0,0.020698
2014-04-12,0.0,0.0,12.7,2.3,5.615,2541.3,1432.4,63.1,0.7,2.5,-0.7,0.536,-0.72,0.1,0.0,0.0,0.0,0.0,0.0,0.0,0.0,0.0,0.287,0.0,8.0,15.9,44150.0,0.022075
2014-04-13,0.0,0.0,11.7,2.2,5.847,2777.0,744.1,68.7,0.3,1.7,-0.3,0.532,-0.706,0.1,0.0,0.0,0.0,0.0,0.0,0.0,0.0,0.0,0.286,0.0,8.9,14.1,44056.0,0.022028
2014-04-14,0.0,0.0,11.5,3.9,4.997,2473.3,1868.6,60.6,1.0,3.1,-1.0,0.523,-0.697,0.1,0.0,0.0,0.0,0.0,0.0,0.0,0.0,0.0,0.286,0.0,8.0,15.3,51539.0,0.0257695
2014-04-15,0.0,0.0,9.6,4.1,4.156,2297.7,2340.6,57.3,0.9,3.3,-0.9,0.514,-0.685,0.1,0.0,0.0,0.0,0.0,0.0,0.0,0.0,0.0,0.284,0.0,5.5,12.6,54843.0,0.0274215
2014-04-16,0.0,0.0,10.9,3.0,3.834,2385.6,2407.7,49.3,1.1,3.5,-1.1,0.503,-0.674,0.1,0.0,0.0,0.0,0.0,0.0,0.0,0.0,0.0,0.283,0.0,4.9,15.0,54634.0,0.027317
2014-04-17,0.0,0.0,14.0,2.3,4.162,2378.9,2062.0,43.4,0.9,3.6,-0.9,0.493,-0.684,0.1,0.0,0.0,0.0,0.0,0.0,0.0,0.0,0.0,0.281,0.0,6.5,19.1,54645.0,0.0273225
2014-04-18,0.0,0.0,11.7,5.3,4.706,2519.1,1773.5,55.9,0.7,3.6,-0.7,0.486,-0.704,0.1,0.0,0.0,0.0,0.0,0.0,0.0,0.0,0.0,0.28,0.0,11.1,14.1,35910.0,0.017955
2014-04-19,0.0,0.0,10.1,3.7,4.795,2445.6,1742.6,63.7,0.5,2.8,-0.5,0.48,-0.731,0.1,0.0,0.0,0.0,0.0,0.0,0.0,0.0,0.0,0.279,0.0,5.7,13.4,42882.0,0.021441
2014-04-20,0.0,0.0,13.6,2.0,5.039,2498.1,1370.1,53.4,0.6,2.8,-0.6,0.474,-0.749,0.1,0.0,0.0,0.0,0.0,0.0,0.0,0.0,0.0,0.278,0.0,10.0,16.9,22716.0,0.011358
2014-04-21,0.0,0.1,13.4,1.3,6.161,2568.7,650.9,64.9,0.1,1.7,0.0,0.472,-0.758,0.1,0.0,0.0,0.0,0.0,0.0,0.0,0.0,0.0,0.277,0.0,11.5,16.2,28901.0,0.0144505
2014-04-22,0.0,3.7,14.2,2.0,7.049,2666.5,1399.9,71.6,0.7,2.8,3.0,0.475,-0.757,0.0,0.1,0.0,0.0,0.0,0.0,0.0,0.0,0.0,0.277,0.0,11.7,19.6,30660.0,0.01533
2014-04-23,0.0,0.0,14.6,1.5,7.089,2784.4,1391.7,70.7,1.4,2.5,-1.4,0.489,-0.74,0.0,0.0,0.0,0.0,0.0,0.0,0.0,0.0,0.0,0.281,0.0,9.8,18.5,44025.0,0.0220125
2014-04-24,0.0,8.7,15.7,2.2,7.859,2751.8,1403.8,71.2,0.9,2.7,7.8,0.491,-0.723,0.0,0.3,0.0,0.0,0.0,0.0,0.0,0.0,0.0,0.279,0.0,12.6,18.5,37801.0,0.0189005
2014-04-25,0.0,2.7,13.6,2.0,8.348,3061.8,586.0,86.6,1.1,1.3,1.6,0.57,-0.636,0.0,0.1,0.0,0.0,0.0,0.0,0.0,0.0,0.0,0.29,0.0,13.1,14.7,29579.0,0.0147895
2014-04-26,0.0,5.3,10.4,3.2,7.065,2892.5,664.3,90.2,1.2,1.2,4.1,0.598,-0.529,0.0,0.3,0.0,0.0,0.0,0.0,0.0,0.0,0.0,0.292,0.0,9.6,11.7,33833.0,0.0169165
2014-04-27,0.0,2.0,11.3,3.8,6.774,2623.8,1177.1,81.8,1.6,2.1,0.4,0.603,-0.422,0.1,0.1,0.0,0.0,0.0,0.0,0.0,0.0,0.0,0.297,0.0,8.1,14.5,36358.0,0.018179
2014-04-28,0.0,0.8,12.1,2.8,7.089,2788.3,898.5,81.6,1.2,1.8,-0.4,0.607,-0.318,0.1,0.1,0.0,0.0,0.0,0.0,0.0,0.0,0.0,0.297,0.0,9.6,14.5,34742.0,0.017371
2014-04-29,0.0,12.2,11.2,2.0,7.177,2914.9,1139.9,87.3,1.4,1.8,10.8,0.622,-0.211,0.1,1.1,0.0,0.0,0.0,0.0,0.0,0.0,0.0,0.297,0.0,8.7,14.4,32711.0,0.0163555
2014-04-30,0.0,0.0,14.1,2.4,7.759,2901.0,1916.1,78.7,3.3,3.0,-3.3,0.673,-0.107,0.1,0.0,0.0,0.0,0.0,0.0,0.0,0.0,0.0,0.31,0.0,10.3,17.7,37551.0,0.0187755
2014-05-01,0.0,15.8,12.2,1.9,8.044,3165.8,801.6,91.4,1.9,1.4,13.9,0.726,0.01,0.6,1.9,0.0,0.0,0.0,0.0,0.0,0.0,0.0,0.306,0.0,11.2,13.6,32889.0,0.0164445
2014-05-02,0.0,1.1,12.2,4.6,7.198,2833.3,866.8,81.3,1.9,1.9,-0.8,0.765,0.143,1.1,0.2,0.0,0.0,0.0,0.0,0.0,0.0,0.0,0.322,0.0,10.5,15.3,28340.0,0.01417
2014-05-03,0.0,0.0,10.7,4.5,4.911,2377.9,2170.9,62.9,4.2,3.5,-4.2,0.724,0.255,0.3,0.0,0.0,0.0,0.0,0.0,0.0,0.0,0.0,0.319,0.0,6.9,14.3,42585.0,0.0212925
2014-05-04,0.0,0.0,12.4,2.1,5.003,2338.6,2110.8,58.0,3.3,3.4,-3.3,0.688,0.359,0.1,0.0,0.0,0.0,0.0,0.0,0.0,0.0,0.0,0.312,0.0,6.8,16.8,58899.0,0.0294495
2014-05-05,0.0,0.2,16.3,2.3,5.943,2544.2,2131.5,53.4,3.4,4.0,-3.2,0.655,0.413,0.1,0.0,0.0,0.0,0.0,0.0,0.0,0.0,0.0,0.308,0.0,10.7,20.8,57696.0,0.028848
2014-05-06,0.0,1.3,16.3,4.3,8.272,2882.6,900.7,72.0,1.4,2.6,-0.1,0.646,0.445,0.1,0.1,0.0,0.0,0.0,0.0,0.0,0.0,0.0,0.303,0.0,13.8,19.9,30933.0,0.0154665
2014-05-07,0.0,1.9,14.2,3.5,7.501,2737.1,998.6,74.7,1.5,2.3,0.4,0.649,0.489,0.1,0.1,0.0,0.0,0.0,0.0,0.0,0.0,0.0,0.303,0.0,12.3,16.7,36419.0,0.0182095
2014-05-08,0.0,4.4,13.7,3.9,7.778,3013.1,567.7,79.6,1.0,1.7,3.4,0.658,0.538,0.1,0.3,0.0,0.0,0.0,0.0,0.0,0.0,0.0,0.303,0.0,12.0,15.0,41173.0,0.0205865
2014-05-09,0.0,0.0,16.0,3.5,7.554,2573.4,1651.2,67.9,2.5,3.3,-2.5,0.658,0.592,0.1,0.0,0.0,0.0,0.0,0.0,0.0,0.0,0.0,0.307,0.0,14.0,18.0,40475.0,0.0202375
2014-05-10,0.0,4.3,13.3,4.0,7.906,2836.1,605.0,83.0,1.0,1.6,3.3,0.672,0.651,0.1,0.3,0.0,0.0,0.0,0.0,0.0,0.0,0.0,0.304,0.0,12.1,14.5,34836.0,0.017418
2014-05-11,0.0,3.2,12.2,4.6,6.501,2540.5,1514.2,73.8,2.8,2.7,0.4,0.683,0.699,0.1,0.3,0.0,0.0,0.0,0.0,0.0,0.0,0.0,0.308,0.0,10.5,14.1,39726.0,0.019863
2014-05-12,0.0,7.8,11.1,3.3,6.449,2606.6,1452.5,78.6,2.4,2.3,5.4,0.719,0.702,0.2,0.8,0.0,0.0,0.0,0.0,0.0,0.0,0.0,0.308,0.0,9.6,13.2,38584.0,0.019292
2014-05-13,0.0,3.3,10.6,2.8,6.417,2716.8,1459.8,80.9,2.5,2.3,0.8,0.731,0.702,0.2,0.4,0.0,0.0,0.0,0.0,0.0,0.0,0.0,0.314,0.0,8.5,13.6,46434.0,0.023217
2014-05-14,0.0,0.0,12.9,3.3,6.253,2698.2,1762.4,69.6,3.2,3.1,-3.2,0.705,0.715,0.1,0.0,0.0,0.0,0.0,0.0,0.0,0.0,0.0,0.315,0.0,8.4,16.9,51078.0,0.025539
2014-05-15,0.0,0.0,12.5,3.7,5.306,2406.4,2633.7,60.2,3.7,4.1,-3.7,0.668,0.722,0.1,0.0,0.0,0.0,0.0,0.0,0.0,0.0,0.0,0.31,0.0,8.8,15.8,58492.0,0.029245999999999998
2014-05-16,0.0,0.0,14.5,3.8,5.889,2477.0,2598.8,58.6,2.8,4.4,-2.8,0.637,0.707,0.1,0.0,0.0,0.0,0.0,0.0,0.0,0.0,0.0,0.305,0.0,9.5,18.5,60882.0,0.030441
2014-05-17,0.0,0.0,16.7,3.3,6.496,2610.9,2823.3,56.1,2.5,5.0,-2.5,0.611,0.683,0.1,0.0,0.0,0.0,0.0,0.0,0.0,0.0,0.0,0.301,0.0,12.0,20.5,59888.0,0.029944000000000002
2014-05-18,0.0,0.0,18.6,1.5,7.435,2779.5,2549.5,57.2,2.2,4.5,-2.2,0.589,0.64,0.1,0.0,0.0,0.0,0.0,0.0,0.0,0.0,0.0,0.297,0.0,14.0,23.4,57845.0,0.0289225
2014-05-19,0.0,0.0,20.1,3.8,7.732,2789.7,2642.9,54.3,2.1,5.6,-2.1,0.568,0.576,0.1,0.0,0.0,0.0,0.0,0.0,0.0,0.0,0.0,0.294,0.0,14.0,24.7,42662.0,0.021331
2014-05-20,0.0,5.0,16.1,2.5,9.021,2889.6,1150.3,79.4,1.3,2.5,3.7,0.573,0.52,0.1,0.2,0.0,0.0,0.0,0.0,0.0,0.0,0.0,0.291,0.0,14.3,18.3,35906.0,0.017953
2014-05-21,0.0,21.1,14.7,2.3,9.666,3307.4,595.4,92.6,1.5,1.3,19.6,0.722,0.529,0.5,2.0,0.0,0.0,0.0,0.0,0.0,0.0,0.0,0.295,0.0,13.4,17.1,28949.0,0.0144745
2014-05-22,0.0,2.8,15.5,4.1,8.483,2777.7,1626.5,78.4,3.3,3.2,-0.5,0.75,0.526,0.6,0.3,0.0,0.0,0.0,0.0,0.0,0.0,0.0,0.32,0.0,12.0,19.6,35706.0,0.017853
2014-05-23,0.0,4.2,14.3,3.9,7.909,2902.2,1176.2,78.9,2.6,2.6,1.6,0.746,0.525,0.4,0.5,0.0,0.0,0.0,0.0,0.0,0.0,0.0,0.318,0.0,11.4,17.3,40381.0,0.0201905
2014-05-24,0.0,2.6,13.0,4.4,7.581,2876.0,1129.6,82.2,2.5,2.3,0.1,0.752,0.581,0.4,0.3,0.0,0.0,0.0,0.0,0.0,0.0,0.0,0.319,0.0,9.7,15.6,48602.0,0.024301
2014-05-25,0.0,3.1,15.8,1.4,7.998,2853.3,1220.8,73.5,1.7,2.5,1.4,0.74,0.669,0.3,0.4,0.0,0.0,0.0,0.0,0.0,0.0,0.0,0.318,0.0,10.9,19.3,38567.0,0.0192835
2014-05-26,0.0,1.9,14.8,1.9,9.02,3159.7,807.9,86.6,1.6,1.7,0.3,0.756,0.79,0.4,0.2,0.0,0.0,0.0,0.0,0.0,0.0,0.0,0.319,0.0,13.9,15.8,30485.0,0.0152425
2014-05-27,0.0,0.0,14.1,3.2,8.422,2917.5,582.2,84.6,0.8,1.5,-0.8,0.746,0.92,0.3,0.0,0.0,0.0,0.0,0.0,0.0,0.0,0.0,0.319,0.0,13.0,15.1,39422.0,0.019711
2014-05-28,0.0,0.9,13.6,2.5,7.951,2923.4,1100.2,82.7,2.0,2.2,-1.1,0.731,1.048,0.2,0.1,0.0,0.0,0.0,0.0,0.0,0.0,0.0,0.317,0.0,12.6,16.5,43618.0,0.021809
2014-05-29,0.0,0.0,15.3,1.5,7.882,2925.6,1815.5,74.0,3.1,3.0,-3.1,0.706,1.162,0.1,0.0,0.0,0.0,0.0,0.0,0.0,0.0,0.0,0.315,0.0,11.6,17.6,41718.0,0.020859
2014-05-30,0.0,0.0,17.1,2.0,8.605,2890.3,2023.7,71.5,3.1,3.6,-3.1,0.675,1.218,0.1,0.0,0.0,0.0,0.0,0.0,0.0,0.0,0.0,0.31,0.0,14.2,19.7,44187.0,0.0220935
2014-05-31,0.0,0.0,16.3,3.4,7.219,2621.8,2304.2,63.7,2.9,4.2,-2.9,0.645,1.175,0.1,0.0,0.0,0.0,0.0,0.0,0.0,0.0,0.0,0.306,0.0,13.1,19.3,49236.0,0.024618
2014-06-01,0.0,0.0,15.1,2.1,7.179,2592.2,1851.5,67.6,1.7,3.3,-1.7,0.625,1.11,0.1,0.0,0.0,0.0,0.0,0.0,0.0,0.0,0.0,0.302,0.0,12.4,17.4,50073.0,0.0250365
2014-06-02,0.0,0.0,16.7,1.5,8.026,2718.6,1790.9,69.2,1.6,3.3,-1.6,0.609,1.057,0.1,0.0,0.0,0.0,0.0,0.0,0.0,0.0,0.0,0.299,0.0,13.0,20.0,45807.0,0.0229035
2014-06-03,0.0,8.2,17.4,1.9,8.948,2794.4,1270.0,73.0,1.4,2.7,6.8,0.61,1.0,0.1,0.5,0.0,0.0,0.0,0.0,0.0,0.0,0.0,0.297,0.0,14.1,19.7,42752.0,0.021376
2014-06-04,0.0,10.5,14.3,2.5,8.532,3050.1,787.4,83.7,1.8,1.8,8.7,0.729,0.996,0.2,1.0,0.0,0.0,0.0,0.0,0.0,0.0,0.0,0.305,0.0,13.5,15.9,31206.0,0.015603
2014-06-05,0.0,0.0,15.6,2.3,6.359,2468.4,2165.4,59.2,3.5,4.0,-3.5,0.712,0.967,0.2,0.0,0.0,0.0,0.0,0.0,0.0,0.0,0.0,0.316,0.0,10.4,20.2,60068.0,0.030034
2014-06-06,0.0,0.0,21.5,2.0,8.913,2781.9,2610.2,56.4,3.9,5.1,-3.9,0.673,0.915,0.1,0.0,0.0,0.0,0.0,0.0,0.0,0.0,0.0,0.311,0.0,13.9,26.6,54415.0,0.0272075
2014-06-07,0.0,2.9,23.2,1.8,11.774,3034.0,1785.6,66.7,2.5,4.0,0.4,0.652,0.858,0.1,0.2,0.0,0.0,0.0,0.0,0.0,0.0,0.0,0.305,0.0,20.6,26.6,54105.0,0.0270525
2014-06-08,0.0,15.6,22.0,1.3,12.538,3408.2,1499.3,77.1,3.2,3.3,12.4,0.71,0.852,0.1,1.5,0.0,0.0,0.0,0.0,0.0,0.0,0.0,0.305,0.0,17.4,26.1,57010.0,0.028505
2014-06-09,0.0,18.2,22.0,1.7,13.181,3516.2,1123.5,81.1,2.5,2.8,15.7,0.801,0.919,1.3,2.8,0.0,0.0,0.0,0.0,0.0,0.0,0.0,0.32,0.0,17.8,25.7,49283.0,0.0246415
2014-06-10,0.0,12.6,18.5,1.4,12.018,3507.0,686.5,90.8,1.8,1.6,10.8,0.905,1.06,6.9,2.6,0.0,0.0,0.0,0.0,0.0,0.0,0.0,0.337,0.0,17.4,20.5,47396.0,0.023698
2014-06-11,0.0,0.0,20.7,2.8,9.563,2947.1,2061.6,64.2,4.3,4.4,-4.3,0.857,1.195,1.2,0.0,0.0,0.0,0.0,0.0,0.0,0.0,0.0,0.339,0.0,17.1,24.0,53872.0,0.026935999999999998
2014-06-12,0.0,0.0,20.7,3.6,8.721,2739.2,2811.4,58.3,5.5,5.7,-5.5,0.798,1.279,0.3,0.0,0.0,0.0,0.0,0.0,0.0,0.0,0.0,0.331,0.0,17.2,24.4,55764.0,0.027882
2014-06-13,0.0,0.0,20.3,3.8,9.107,2674.3,2711.4,62.1,4.2,5.5,-4.2,0.751,1.323,0.2,0.0,0.0,0.0,0.0,0.0,0.0,0.0,0.0,0.323,0.0,17.2,24.0,55423.0,0.0277115
2014-06-14,0.0,0.0,17.8,4.8,8.659,2725.3,1535.1,68.4,2.4,3.8,-2.4,0.723,1.328,0.1,0.0,0.0,0.0,0.0,0.0,0.0,0.0,0.0,0.317,0.0,16.5,19.8,52010.0,0.026005
2014-06-15,0.0,0.0,16.2,5.1,7.694,2662.1,2286.1,68.1,2.4,4.2,-2.4,0.698,1.348,0.1,0.0,0.0,0.0,0.0,0.0,0.0,0.0,0.0,0.313,0.0,13.3,19.1,44490.0,0.022245
2014-06-16,0.0,0.0,15.9,5.2,7.815,2686.9,1988.7,70.0,1.7,4.1,-1.7,0.678,1.361,0.1,0.0,0.0,0.0,0.0,0.0,0.0,0.0,0.0,0.31,0.0,13.2,19.6,51860.0,0.02593
2014-06-17,0.0,0.0,16.0,4.8,7.938,2824.4,1333.9,71.0,1.3,3.3,-1.3,0.663,1.363,0.1,0.0,0.0,0.0,0.0,0.0,0.0,0.0,0.0,0.307,0.0,13.7,18.2,46829.0,0.0234145
2014-06-18,0.0,0.0,17.7,4.5,8.455,2772.9,2294.6,68.2,1.8,4.6,-1.8,0.646,1.335,0.1,0.0,0.0,0.0,0.0,0.0,0.0,0.0,0.0,0.305,0.0,13.6,21.6,46025.0,0.023012499999999998
2014-06-19,0.0,0.0,17.8,3.0,8.787,2753.2,2023.7,70.4,1.4,4.0,-1.4,0.63,1.277,0.1,0.0,0.0,0.0,0.0,0.0,0.0,0.0,0.0,0.302,0.0,13.7,22.4,58571.0,0.0292855
2014-06-20,0.0,0.0,17.4,3.3,7.769,2634.8,1845.4,63.8,1.4,3.9,-1.4,0.616,1.16,0.1,0.0,0.0,0.0,0.0,0.0,0.0,0.0,0.0,0.3,0.0,15.0,19.9,58916.0,0.029458
2014-06-21,0.0,0.0,19.1,2.6,7.494,2697.2,2939.0,55.8,1.9,5.5,-1.9,0.598,1.04,0.1,0.0,0.0,0.0,0.0,0.0,0.0,0.0,0.0,0.298,0.0,14.4,23.3,59086.0,0.029543
2014-06-22,0.0,0.0,20.8,3.2,7.985,2716.8,2477.2,53.1,1.6,5.5,-1.6,0.581,0.976,0.1,0.0,0.0,0.0,0.0,0.0,0.0,0.0,0.0,0.295,0.0,16.4,24.9,53268.0,0.026633999999999998
2014-06-23,0.0,0.0,20.1,3.5,7.714,2674.0,2234.3,53.4,1.4,5.2,-1.4,0.566,0.947,0.1,0.0,0.0,0.0,0.0,0.0,0.0,0.0,0.0,0.293,0.0,17.2,23.5,43045.0,0.0215225
2014-06-24,0.0,0.0,20.8,2.4,8.469,2834.4,2591.6,56.7,1.6,5.3,-1.6,0.55,0.914,0.1,0.0,0.0,0.0,0.0,0.0,0.0,0.0,0.0,0.291,0.0,16.6,25.0,51238.0,0.025619
2014-06-25,0.0,0.0,18.6,2.8,7.922,2774.3,2149.2,60.6,1.1,4.4,-1.1,0.538,0.907,0.1,0.0,0.0,0.0,0.0,0.0,0.0,0.0,0.0,0.288,0.0,15.7,21.7,49515.0,0.024757499999999998
2014-06-26,0.0,0.3,19.3,1.8,7.766,2816.3,2112.8,56.5,1.3,4.3,-1.0,0.525,0.872,0.1,0.0,0.0,0.0,0.0,0.0,0.0,0.0,0.0,0.287,0.0,15.6,23.8,48085.0,0.0240425
2014-06-27,0.0,0.0,19.8,2.5,10.193,2828.7,1770.5,71.7,0.8,3.8,-0.8,0.518,0.816,0.1,0.0,0.0,0.0,0.0,0.0,0.0,0.0,0.0,0.285,0.0,17.3,23.1,52170.0,0.026085
2014-06-28,0.0,10.5,16.4,1.5,9.412,2894.8,535.6,81.8,0.4,1.5,10.1,0.539,0.771,0.1,0.5,0.0,0.0,0.0,0.0,0.0,0.0,0.0,0.284,0.0,15.0,18.4,37495.0,0.0187475
2014-06-29,0.0,5.9,16.0,2.6,8.972,3083.3,1237.0,80.1,2.6,2.5,3.3,0.636,0.787,0.1,0.4,0.0,0.0,0.0,0.0,0.0,0.0,0.0,0.297,0.0,13.8,18.8,39995.0,0.0199975
2014-06-30,0.0,0.0,17.4,0.8,8.33,2893.5,1637.5,68.9,2.3,3.0,-2.3,0.617,0.809,0.1,0.0,0.0,0.0,0.0,0.0,0.0,0.0,0.0,0.301,0.0,13.4,21.3,49693.0,0.0248465
2014-07-01,0.0,0.0,18.9,2.9,8.103,2786.9,1817.7,60.4,2.3,4.0,-2.3,0.596,0.828,0.1,0.0,0.0,0.0,0.0,0.0,0.0,0.0,0.0,0.298,0.0,15.5,21.9,45097.0,0.0225485
2014-07-02,0.0,0.0,20.1,2.4,7.765,2682.4,2852.4,54.2,2.4,5.5,-2.4,0.571,0.836,0.1,0.0,0.0,0.0,0.0,0.0,0.0,0.0,0.0,0.295,0.0,14.6,24.8,48884.0,0.024442
2014-07-03,0.0,0.0,23.7,1.6,8.832,2903.2,2651.3,50.0,2.2,5.5,-2.2,0.549,0.841,0.1,0.0,0.0,0.0,0.0,0.0,0.0,0.0,0.0,0.291,0.0,17.5,28.8,52290.0,0.026145
2014-07-04,0.0,2.4,21.8,2.8,10.998,2997.1,887.8,67.8,0.3,2.9,2.1,0.543,0.845,0.1,0.1,0.0,0.0,0.0,0.0,0.0,0.0,0.0,0.288,0.0,20.5,24.2,31851.0,0.0159255
2014-07-05,0.0,0.9,20.5,4.5,11.688,3171.0,934.0,78.2,1.4,2.8,-0.5,0.559,0.848,0.1,0.0,0.0,0.0,0.0,0.0,0.0,0.0,0.0,0.29,0.0,17.6,23.8,40126.0,0.020063
2014-07-06,0.0,7.6,17.7,2.9,10.497,3135.9,1074.8,83.3,2.2,2.3,5.4,0.592,0.853,0.1,0.4,0.0,0.0,0.0,0.0,0.0,0.0,0.0,0.29,0.0,17.4,19.0,37443.0,0.0187215
2014-07-07,0.0,3.1,16.9,1.2,9.089,2947.2,1546.9,77.1,2.2,3.0,0.9,0.593,0.858,0.1,0.2,0.0,0.0,0.0,0.0,0.0,0.0,0.0,0.297,0.0,13.8,20.9,32813.0,0.0164065
2014-07-08,0.0,13.1,15.7,2.0,9.14,3044.8,1108.2,82.5,2.3,2.3,10.8,0.687,0.889,0.2,1.2,0.0,0.0,0.0,0.0,0.0,0.0,0.0,0.297,0.0,14.8,18.2,41991.0,0.0209955
2014-07-09,0.0,16.0,14.8,3.3,9.123,3177.8,712.7,87.5,2.0,1.7,14.0,0.74,0.897,0.9,2.1,0.0,0.0,0.0,0.0,0.0,0.0,0.0,0.311,0.0,13.6,16.9,40548.0,0.020274
2014-07-10,0.0,15.5,15.0,4.9,9.732,3371.6,510.5,91.9,1.6,1.2,13.9,0.83,0.966,4.7,2.8,0.0,0.0,0.0,0.0,0.0,0.0,0.0,0.326,0.0,13.8,15.7,33901.0,0.0169505
2014-07-11,0.0,3.9,16.2,3.1,10.058,3278.5,1072.2,88.0,2.3,2.0,1.6,0.852,1.065,3.8,0.7,0.0,0.0,0.0,0.0,0.0,0.0,0.0,0.335,0.0,14.9,17.7,39174.0,0.019587
2014-07-12,0.0,0.7,19.1,1.3,10.501,3113.7,1149.9,77.0,1.8,2.4,-1.1,0.819,1.198,1.1,0.1,0.0,0.0,0.0,0.0,0.0,0.0,0.0,0.331,0.0,15.5,22.1,37626.0,0.018813
2014-07-13,0.0,9.8,18.0,2.9,11.273,3364.8,689.7,87.6,1.8,1.7,8.0,0.856,1.351,2.2,1.5,0.0,0.0,0.0,0.0,0.0,0.0,0.0,0.327,0.0,17.4,19.4,33240.0,0.01662
2014-07-14,0.0,0.0,18.4,2.2,9.759,2928.7,1200.3,74.8,1.7,2.9,-1.7,0.839,1.466,1.2,0.0,0.0,0.0,0.0,0.0,0.0,0.0,0.0,0.333,0.0,14.6,23.5,50957.0,0.0254785
2014-07-15,0.0,0.0,20.6,1.4,10.352,3030.5,1168.9,69.3,1.4,2.7,-1.4,0.814,1.528,0.6,0.0,0.0,0.0,0.0,0.0,0.0,0.0,0.0,0.33,0.0,15.8,24.7,56039.0,0.0280195
2014-07-16,0.0,0.0,24.0,1.0,12.007,3136.6,2221.5,65.6,3.9,4.5,-3.9,0.78,1.574,0.4,0.0,0.0,0.0,0.0,0.0,0.0,0.0,0.0,0.327,0.0,19.7,29.4,59178.0,0.029589
2014-07-17,0.0,0.0,25.9,2.3,12.222,3108.2,2531.4,60.2,4.4,5.7,-4.4,0.736,1.673,0.2,0.0,0.0,0.0,0.0,0.0,0.0,0.0,0.0,0.321,0.0,19.6,31.1,59620.0,0.02981
2014-07-18,0.0,0.0,28.3,2.3,12.999,2984.3,2038.7,54.7,2.8,5.4,-2.8,0.703,1.72,0.2,0.0,0.0,0.0,0.0,0.0,0.0,0.0,0.0,0.314,0.0,22.9,33.0,51395.0,0.025697499999999998
2014-07-19,0.0,2.7,25.4,1.7,13.515,3159.4,1167.1,67.0,1.9,3.2,0.8,0.698,1.717,0.2,0.2,0.0,0.0,0.0,0.0,0.0,0.0,0.0,0.31,0.0,23.1,28.3,40129.0,0.0200645
2014-07-20,0.0,9.9,20.8,2.2,12.095,3269.6,1469.4,79.2,3.1,3.1,6.8,0.756,1.693,0.2,0.9,0.0,0.0,0.0,0.0,0.0,0.0,0.0,0.311,0.0,18.2,24.0,29679.0,0.0148395
2014-07-21,0.0,0.0,20.5,4.0,11.942,3148.3,1058.4,79.6,1.9,2.7,-1.9,0.741,1.657,0.2,0.0,0.0,0.0,0.0,0.0,0.0,0.0,0.0,0.319,0.0,17.3,23.9,41245.0,0.0206225
2014-07-22,0.0,0.0,20.0,3.9,11.761,3086.2,818.3,80.7,1.0,2.4,-1.0,0.725,1.628,0.2,0.0,0.0,0.0,0.0,0.0,0.0,0.0,0.0,0.316,0.0,17.9,23.2,43128.0,0.021564
2014-07-23,0.0,0.0,23.4,2.4,12.575,3205.9,1868.8,71.0,2.7,4.1,-2.7,0.702,1.61,0.2,0.0,0.0,0.0,0.0,0.0,0.0,0.0,0.0,0.314,0.0,18.2,28.2,49932.0,0.024966
2014-07-24,0.0,0.0,24.6,2.3,11.128,3074.6,2515.3,59.0,2.9,5.5,-2.9,0.672,1.624,0.2,0.0,0.0,0.0,0.0,0.0,0.0,0.0,0.0,0.31,0.0,19.8,29.9,50319.0,0.0251595
2014-07-25,0.0,0.0,23.3,2.2,9.923,2898.1,2357.6,56.9,2.3,5.1,-2.3,0.647,1.621,0.2,0.0,0.0,0.0,0.0,0.0,0.0,0.0,0.0,0.306,0.0,19.1,27.4,37563.0,0.0187815
2014-07-26,0.0,0.0,21.4,2.7,10.757,2979.5,2456.4,68.2,1.8,4.7,-1.8,0.627,1.595,0.2,0.0,0.0,0.0,0.0,0.0,0.0,0.0,0.0,0.302,0.0,18.6,23.6,49855.0,0.024927500000000002
2014-07-27,0.0,9.4,22.9,1.8,11.224,3117.8,1508.3,65.8,1.7,3.7,7.7,0.626,1.569,0.1,0.6,0.0,0.0,0.0,0.0,0.0,0.0,0.0,0.299,0.0,18.8,27.3,52375.0,0.0261875
2014-07-28,0.0,0.0,20.4,2.5,10.412,2953.6,1871.2,70.7,3.2,3.8,-3.2,0.666,1.559,0.1,0.0,0.0,0.0,0.0,0.0,0.0,0.0,0.0,0.309,0.0,17.4,23.0,31514.0,0.015757
2014-07-29,0.0,2.1,18.6,3.2,10.857,3268.4,673.9,81.3,1.3,2.0,0.8,0.658,1.552,0.1,0.1,0.0,0.0,0.0,0.0,0.0,0.0,0.0,0.304,0.0,16.2,20.4,34130.0,0.017065
2014-07-30,0.0,0.0,20.6,3.0,10.178,3028.0,2344.7,68.6,2.8,4.6,-2.8,0.641,1.513,0.1,0.0,0.0,0.0,0.0,0.0,0.0,0.0,0.0,0.305,0.0,17.1,24.2,44189.0,0.0220945
2014-07-31,0.0,0.0,21.2,1.7,9.921,2852.5,2139.9,64.7,1.9,4.3,-1.9,0.618,1.473,0.1,0.0,0.0,0.0,0.0,0.0,0.0,0.0,0.0,0.301,0.0,15.9,26.3,55290.0,0.027645
2014-08-01,0.0,0.0,22.7,1.7,10.466,2902.4,2129.0,62.4,1.8,4.3,-1.8,0.6,1.439,0.1,0.0,0.0,0.0,0.0,0.0,0.0,0.0,0.0,0.298,0.0,17.1,27.3,48392.0,0.024196
2014-08-02,0.0,3.9,20.5,2.4,10.446,2984.8,1285.8,69.8,1.3,3.2,2.6,0.595,1.415,0.1,0.2,0.0,0.0,0.0,0.0,0.0,0.0,0.0,0.295,0.0,18.2,24.0,38748.0,0.019374
2014-08-03,0.0,7.0,20.4,2.0,10.63,3171.6,1616.8,72.7,2.5,3.4,4.5,0.616,1.414,0.1,0.4,0.0,0.0,0.0,0.0,0.0,0.0,0.0,0.299,0.0,16.5,24.4,46240.0,0.023119999999999998
2014-08-04,0.0,0.0,19.3,2.2,9.107,3046.2,1609.5,66.8,2.9,3.5,-2.9,0.635,1.427,0.1,0.0,0.0,0.0,0.0,0.0,0.0,0.0,0.0,0.304,0.0,16.2,22.6,42904.0,0.021452
2014-08-05,0.0,0.0,21.2,1.3,9.211,3028.4,1768.8,60.6,2.1,3.6,-2.1,0.61,1.465,0.1,0.0,0.0,0.0,0.0,0.0,0.0,0.0,0.0,0.3,0.0,16.5,25.2,54939.0,0.0274695
2014-08-06,0.0,19.2,18.8,1.8,11.676,3437.0,532.6,86.3,1.6,1.6,17.6,0.698,1.55,0.2,1.7,0.0,0.0,0.0,0.0,0.0,0.0,0.0,0.297,0.0,18.3,20.5,46204.0,0.023102
2014-08-07,0.0,13.1,19.8,0.8,12.961,3449.4,733.6,90.1,1.4,1.6,11.7,0.811,1.695,1.6,1.9,0.0,0.0,0.0,0.0,0.0,0.0,0.0,0.319,0.0,17.3,22.8,43308.0,0.021654
2014-08-08,0.0,5.1,19.8,2.4,12.797,3462.9,504.8,89.1,1.3,1.5,3.8,0.836,1.853,2.2,0.8,0.0,0.0,0.0,0.0,0.0,0.0,0.0,0.33,0.0,18.1,21.4,41628.0,0.020814
2014-08-09,0.0,0.5,19.2,2.4,10.442,2967.4,1479.5,76.1,2.6,2.9,-2.1,0.818,1.96,1.2,0.1,0.0,0.0,0.0,0.0,0.0,0.0,0.0,0.332,0.0,15.7,21.4,40553.0,0.0202765
2014-08-10,0.0,5.5,20.0,3.4,11.082,3090.9,757.5,76.1,1.6,2.5,3.9,0.833,2.043,1.3,0.8,0.0,0.0,0.0,0.0,0.0,0.0,0.0,0.327,0.0,18.0,23.2,41664.0,0.020832
2014-08-11,0.0,3.2,17.0,3.9,8.202,2830.2,1982.7,69.0,4.5,4.1,-1.3,0.8,2.072,0.6,0.4,0.0,0.0,0.0,0.0,0.0,0.0,0.0,0.329,0.0,14.9,21.3,43112.0,0.021556
2014-08-12,0.0,0.3,16.7,3.0,9.581,3081.2,1450.5,81.1,2.8,2.6,-2.5,0.786,2.105,0.4,0.0,0.0,0.0,0.0,0.0,0.0,0.0,0.0,0.326,0.0,14.2,19.0,43142.0,0.021571
2014-08-13,0.0,0.5,17.3,2.8,9.064,2966.8,1248.3,74.4,2.4,2.7,-1.9,0.764,2.128,0.3,0.0,0.0,0.0,0.0,0.0,0.0,0.0,0.0,0.322,0.0,15.1,19.5,41136.0,0.020568
2014-08-14,0.0,4.8,16.5,2.5,8.975,2967.6,1561.0,77.5,2.9,2.9,1.9,0.745,2.137,0.3,0.5,0.0,0.0,0.0,0.0,0.0,0.0,0.0,0.319,0.0,14.4,20.1,44391.0,0.0221955
2014-08-15,0.0,0.0,16.6,3.4,8.787,2905.9,1047.0,75.6,1.7,2.5,-1.7,0.754,2.141,0.3,0.0,0.0,0.0,0.0,0.0,0.0,0.0,0.0,0.32,0.0,13.9,19.3,45492.0,0.022746
2014-08-16,0.0,0.0,17.9,1.7,8.829,2939.8,1889.9,70.5,3.1,3.3,-3.1,0.725,2.145,0.2,0.0,0.0,0.0,0.0,0.0,0.0,0.0,0.0,0.318,0.0,13.7,21.3,51798.0,0.025899
2014-08-17,0.0,0.0,17.5,3.5,7.922,2808.6,1811.5,64.6,2.5,3.7,-2.5,0.697,2.145,0.2,0.0,0.0,0.0,0.0,0.0,0.0,0.0,0.0,0.313,0.0,14.7,19.5,51450.0,0.025725
2014-08-18,0.0,0.0,17.0,3.0,7.765,2654.4,1603.0,65.2,1.9,3.3,-1.9,0.675,2.142,0.2,0.0,0.0,0.0,0.0,0.0,0.0,0.0,0.0,0.309,0.0,14.9,19.5,45676.0,0.022838
2014-08-19,0.0,0.0,15.2,2.5,6.944,2728.6,1629.8,66.0,1.7,3.1,-1.7,0.656,2.14,0.2,0.0,0.0,0.0,0.0,0.0,0.0,0.0,0.0,0.306,0.0,12.8,18.7,44499.0,0.0222495
2014-08-20,0.0,0.0,14.8,1.9,6.75,2795.3,1526.4,66.2,1.5,2.8,-1.5,0.64,2.131,0.2,0.0,0.0,0.0,0.0,0.0,0.0,0.0,0.0,0.304,0.0,11.4,18.8,42542.0,0.021270999999999998
2014-08-21,0.0,0.0,15.1,1.6,6.614,2687.8,1819.3,63.6,1.4,3.0,-1.4,0.624,2.105,0.2,0.0,0.0,0.0,0.0,0.0,0.0,0.0,0.0,0.301,0.0,10.3,19.0,51833.0,0.0259165
2014-08-22,0.0,2.4,15.9,2.4,7.528,2762.1,1225.1,67.9,1.0,2.9,1.4,0.616,2.038,0.2,0.1,0.0,0.0,0.0,0.0,0.0,0.0,0.0,0.299,0.0,13.3,20.2,37289.0,0.0186445
2014-08-23,0.0,0.0,15.7,2.8,7.33,2825.4,1776.8,67.4,2.0,3.2,-2.0,0.615,1.915,0.1,0.0,0.0,0.0,0.0,0.0,0.0,0.0,0.0,0.301,0.0,13.5,18.7,42296.0,0.021148
2014-08-24,0.0,0.0,15.9,1.5,7.122,2748.6,1494.7,65.0,1.2,2.6,-1.2,0.601,1.756,0.1,0.0,0.0,0.0,0.0,0.0,0.0,0.0,0.0,0.298,0.0,10.7,19.2,48932.0,0.024466
2014-08-25,0.0,12.8,15.6,2.8,9.329,3199.6,499.6,84.9,1.2,1.5,11.6,0.673,1.655,0.1,0.8,0.0,0.0,0.0,0.0,0.0,0.0,0.0,0.296,0.0,15.0,16.6,40076.0,0.020038
2014-08-26,0.0,4.6,17.0,1.7,10.852,3292.6,627.2,90.0,1.0,1.4,3.6,0.724,1.625,0.2,0.4,0.0,0.0,0.0,0.0,0.0,0.0,0.0,0.311,0.0,14.4,19.0,27903.0,0.0139515
2014-08-27,0.0,1.2,18.3,1.9,10.997,3181.5,1297.4,84.2,2.0,2.3,-0.8,0.716,1.593,0.2,0.1,0.0,0.0,0.0,0.0,0.0,0.0,0.0,0.315,0.0,15.8,20.1,42475.0,0.0212375
2014-08-28,0.0,0.5,19.5,2.4,11.609,3117.2,675.9,82.2,0.7,1.8,-0.2,0.716,1.582,0.2,0.0,0.0,0.0,0.0,0.0,0.0,0.0,0.0,0.313,0.0,17.5,22.5,46162.0,0.023081
2014-08-29,0.0,0.0,18.9,2.0,9.397,2959.4,1319.4,70.3,2.3,2.7,-2.3,0.698,1.631,0.2,0.0,0.0,0.0,0.0,0.0,0.0,0.0,0.0,0.313,0.0,16.4,22.0,35410.0,0.017705
2014-08-30,0.0,0.0,18.0,2.2,9.554,2951.5,995.0,75.0,1.4,2.3,-1.4,0.68,1.708,0.2,0.0,0.0,0.0,0.0,0.0,0.0,0.0,0.0,0.309,0.0,14.9,21.6,41559.0,0.0207795
2014-08-31,0.0,0.0,16.9,2.8,8.626,2912.7,1755.1,73.2,2.3,3.1,-2.3,0.659,1.756,0.2,0.0,0.0,0.0,0.0,0.0,0.0,0.0,0.0,0.307,0.0,14.1,19.9,48150.0,0.024075
2014-09-01,0.0,0.0,17.4,1.0,8.686,3078.2,1369.5,71.6,1.7,2.4,-1.7,0.639,1.847,0.1,0.0,0.0,0.0,0.0,0.0,0.0,0.0,0.0,0.304,0.0,12.2,21.3,53963.0,0.0269815
2014-09-02,0.0,0.0,18.9,2.0,9.909,3143.1,1029.0,73.6,1.2,2.4,-1.2,0.625,1.972,0.1,0.0,0.0,0.0,0.0,0.0,0.0,0.0,0.0,0.301,0.0,15.5,22.1,53779.0,0.0268895
2014-09-03,0.0,0.0,18.9,2.9,9.399,3068.7,1914.0,70.2,1.8,3.5,-1.8,0.608,2.088,0.1,0.0,0.0,0.0,0.0,0.0,0.0,0.0,0.0,0.299,0.0,13.8,23.2,54026.0,0.027013
2014-09-04,0.0,0.0,18.7,2.3,10.007,3046.5,940.1,74.8,0.7,2.2,-0.7,0.597,2.094,0.1,0.0,0.0,0.0,0.0,0.0,0.0,0.0,0.0,0.297,0.0,15.5,20.8,45853.0,0.0229265
2014-09-05,0.0,0.0,20.1,1.5,10.42,3047.9,640.9,71.8,0.4,1.9,-0.4,0.592,2.112,0.1,0.0,0.0,0.0,0.0,0.0,0.0,0.0,0.0,0.295,0.0,17.8,22.4,43992.0,0.021995999999999998
2014-09-06,0.0,0.0,20.0,1.0,10.792,2971.5,1425.6,74.7,1.0,2.5,-1.0,0.582,2.117,0.1,0.0,0.0,0.0,0.0,0.0,0.0,0.0,0.0,0.295,0.0,17.6,22.6,46313.0,0.0231565
2014-09-07,0.0,0.0,20.5,0.9,10.347,3175.2,1440.5,70.5,1.3,2.6,-1.3,0.569,2.105,0.1,0.0,0.0,0.0,0.0,0.0,0.0,0.0,0.0,0.293,0.0,16.2,24.9,48875.0,0.0244375
2014-09-08,0.0,0.0,20.2,2.2,9.949,3076.4,1722.2,69.0,1.3,3.3,-1.3,0.556,2.041,0.1,0.0,0.0,0.0,0.0,0.0,0.0,0.0,0.0,0.291,0.0,15.6,24.7,37197.0,0.0185985
2014-09-09,0.0,0.0,18.2,3.2,7.929,2725.3,1693.4,62.6,1.3,3.5,-1.3,0.542,1.919,0.1,0.0,0.0,0.0,0.0,0.0,0.0,0.0,0.0,0.289,0.0,14.6,21.9,42366.0,0.021183
2014-09-10,0.0,0.0,16.5,3.5,7.682,2829.5,1932.2,67.0,1.1,3.3,-1.1,0.531,1.771,0.1,0.0,0.0,0.0,0.0,0.0,0.0,0.0,0.0,0.287,0.0,12.4,20.7,50006.0,0.025003
2014-09-11,0.0,0.0,15.9,2.8,7.738,2822.7,1531.1,69.3,0.8,2.7,-0.8,0.522,1.656,0.1,0.0,0.0,0.0,0.0,0.0,0.0,0.0,0.0,0.285,0.0,11.6,19.3,52677.0,0.0263385
2014-09-12,0.0,0.0,17.1,3.0,7.949,2917.4,2065.3,67.3,1.3,3.4,-1.3,0.51,1.555,0.1,0.0,0.0,0.0,0.0,0.0,0.0,0.0,0.0,0.284,0.0,12.3,20.9,52612.0,0.026306
2014-09-13,0.0,0.0,18.3,3.2,8.729,2996.6,1710.9,68.1,0.9,3.3,-0.9,0.5,1.421,0.1,0.0,0.0,0.0,0.0,0.0,0.0,0.0,0.0,0.282,0.0,14.0,22.8,48804.0,0.024402
2014-09-14,0.0,0.0,18.0,2.6,8.866,3013.1,1255.6,69.5,0.7,2.7,-0.7,0.492,1.288,0.1,0.0,0.0,0.0,0.0,0.0,0.0,0.0,0.0,0.281,0.0,14.9,22.0,41156.0,0.020578
2014-09-15,0.0,0.0,18.7,1.3,9.608,3048.4,1560.9,73.1,0.8,2.6,-0.8,0.483,1.149,0.1,0.0,0.0,0.0,0.0,0.0,0.0,0.0,0.0,0.28,0.0,13.2,23.7,38319.0,0.0191595
2014-09-16,0.0,0.0,20.0,1.2,9.979,3093.0,1647.4,69.9,0.9,2.7,-0.9,0.474,1.037,0.1,0.0,0.0,0.0,0.0,0.0,0.0,0.0,0.0,0.279,0.0,14.0,24.6,41630.0,0.020815
2014-09-17,0.0,0.0,21.0,1.4,10.989,3116.6,619.1,71.2,0.1,1.8,-0.1,0.471,0.95,0.1,0.0,0.0,0.0,0.0,0.0,0.0,0.0,0.0,0.277,0.0,16.6,24.3,35450.0,0.017725
2014-09-18,0.0,0.6,21.5,1.1,11.39,3222.9,1217.5,73.0,1.1,2.4,-0.5,0.467,0.877,0.1,0.0,0.0,0.0,0.0,0.0,0.0,0.0,0.0,0.277,0.0,17.5,26.9,32632.0,0.016316
2014-09-19,0.0,0.0,20.5,1.9,11.306,3223.0,1037.5,76.2,0.5,2.3,-0.5,0.46,0.805,0.1,0.0,0.0,0.0,0.0,0.0,0.0,0.0,0.0,0.276,0.0,16.1,25.4,33387.0,0.0166935
2014-09-20,0.0,5.4,19.2,0.8,10.888,3209.5,1119.6,79.7,0.7,2.0,4.7,0.462,0.737,0.1,0.2,0.0,0.0,0.0,0.0,0.0,0.0,0.0,0.275,0.0,15.9,25.5,39963.0,0.0199815
2014-09-21,0.0,1.0,16.7,2.7,10.079,3173.0,536.0,84.5,0.9,1.4,0.1,0.502,0.704,0.1,0.0,0.0,0.0,0.0,0.0,0.0,0.0,0.0,0.282,0.0,16.7,18.4,32036.0,0.016018
2014-09-22,0.0,0.0,14.0,2.6,7.071,2736.1,1125.0,72.0,1.2,2.1,-1.2,0.491,0.68,0.0,0.0,0.0,0.0,0.0,0.0,0.0,0.0,0.0,0.282,0.0,11.2,17.1,41869.0,0.0209345
2014-09-23,0.0,0.0,13.5,1.9,6.663,2770.6,1223.2,70.4,1.0,2.0,-1.0,0.481,0.655,0.0,0.0,0.0,0.0,0.0,0.0,0.0,0.0,0.0,0.28,0.0,10.8,17.0,40093.0,0.0200465
2014-09-24,0.0,0.9,13.5,1.7,7.449,2994.1,1038.1,77.7,0.7,1.7,0.2,0.475,0.635,0.0,0.0,0.0,0.0,0.0,0.0,0.0,0.0,0.0,0.278,0.0,9.5,17.4,27353.0,0.0136765
2014-09-25,0.0,0.0,14.3,1.1,7.017,2927.9,1066.7,71.1,1.1,1.7,-1.1,0.471,0.631,0.0,0.0,0.0,0.0,0.0,0.0,0.0,0.0,0.0,0.278,0.0,11.1,18.4,41709.0,0.0208545
2014-09-26,0.0,0.0,15.2,1.2,7.392,2938.4,1335.3,70.1,1.0,2.0,-1.0,0.461,0.627,0.0,0.0,0.0,0.0,0.0,0.0,0.0,0.0,0.0,0.277,0.0,9.1,20.6,49255.0,0.0246275
2014-09-27,0.0,0.0,18.0,1.5,8.883,3020.0,1488.8,70.9,0.9,2.3,-0.9,0.452,0.604,0.0,0.0,0.0,0.0,0.0,0.0,0.0,0.0,0.0,0.275,0.0,12.1,22.9,49034.0,0.024517
2014-09-28,0.0,0.8,18.2,2.1,9.018,2943.6,1135.4,70.5,0.6,2.3,0.2,0.445,0.568,0.0,0.0,0.0,0.0,0.0,0.0,0.0,0.0,0.0,0.274,0.0,12.4,23.2,37418.0,0.018709
2014-09-29,0.0,2.0,18.6,2.5,11.017,3219.9,802.9,82.8,0.7,1.6,1.3,0.458,0.546,0.0,0.1,0.0,0.0,0.0,0.0,0.0,0.0,0.0,0.274,0.0,16.4,21.3,23002.0,0.011501
2014-09-30,0.0,0.0,18.0,1.0,10.436,3273.6,1103.9,82.2,1.0,1.7,-1.0,0.455,0.525,0.0,0.0,0.0,0.0,0.0,0.0,0.0,0.0,0.0,0.276,0.0,14.4,21.9,22600.0,0.0113
2014-10-01,0.0,0.0,17.7,0.9,9.33,3129.5,1272.7,75.3,1.0,1.8,-1.0,0.446,0.464,0.0,0.0,0.0,0.0,0.0,0.0,0.0,0.0,0.0,0.275,0.0,13.2,22.3,39675.0,0.0198375
2014-10-02,0.0,0.0,18.1,1.5,9.944,3220.5,529.3,77.5,0.3,1.5,-0.3,0.441,0.415,0.0,0.0,0.0,0.0,0.0,0.0,0.0,0.0,0.0,0.273,0.0,15.4,21.8,43652.0,0.021826
2014-10-03,0.0,0.0,17.3,0.9,8.908,3135.6,1252.4,73.9,0.9,1.8,-0.9,0.433,0.356,0.0,0.0,0.0,0.0,0.0,0.0,0.0,0.0,0.0,0.273,0.0,13.3,22.8,44011.0,0.0220055
2014-10-04,0.0,0.8,16.2,2.7,8.624,3033.5,1058.5,76.2,0.7,2.2,0.1,0.428,0.291,0.0,0.0,0.0,0.0,0.0,0.0,0.0,0.0,0.0,0.271,0.0,12.0,23.2,37051.0,0.0185255
2014-10-05,0.0,0.0,12.6,3.1,6.773,2927.8,645.3,75.3,0.5,1.5,-0.5,0.428,0.231,0.0,0.0,0.0,0.0,0.0,0.0,0.0,0.0,0.0,0.271,0.0,11.6,14.3,30622.0,0.015311
2014-10-06,0.0,6.8,11.8,3.5,7.215,2921.2,579.6,83.9,0.3,1.4,6.5,0.44,0.185,0.0,0.3,0.0,0.0,0.0,0.0,0.0,0.0,0.0,0.271,0.0,8.3,15.2,25049.0,0.0125245
2014-10-07,0.0,2.0,14.1,3.6,7.954,2915.9,835.0,80.3,1.5,1.6,0.5,0.478,0.175,0.0,0.1,0.0,0.0,0.0,0.0,0.0,0.0,0.0,0.28,0.0,12.1,16.1,21473.0,0.0107365
2014-10-08,0.0,13.0,15.7,4.1,10.135,3366.3,167.2,91.0,0.4,0.8,12.6,0.573,0.22,0.1,0.9,0.0,0.0,0.0,0.0,0.0,0.0,0.0,0.28,0.0,12.4,18.4,26071.0,0.0130355
2014-10-09,0.0,1.2,16.5,3.0,9.174,2875.7,821.7,79.3,1.3,1.8,-0.1,0.596,0.27,0.1,0.1,0.0,0.0,0.0,0.0,0.0,0.0,0.0,0.296,0.0,14.7,19.6,23305.0,0.0116525
2014-10-10,0.0,5.3,14.5,1.4,8.647,3049.6,641.7,84.9,1.0,1.1,4.3,0.597,0.319,0.1,0.5,0.0,0.0,0.0,0.0,0.0,0.0,0.0,0.296,0.0,12.3,17.3,18174.0,0.009087
2014-10-11,0.0,0.1,14.6,1.9,8.529,3021.1,980.2,83.1,2.0,1.4,-1.9,0.621,0.387,0.2,0.0,0.0,0.0,0.0,0.0,0.0,0.0,0.0,0.301,0.0,13.1,18.0,30692.0,0.015346
2014-10-12,0.0,3.5,14.0,2.2,8.621,3050.0,352.2,86.8,0.2,1.0,3.3,0.623,0.472,0.2,0.4,0.0,0.0,0.0,0.0,0.0,0.0,0.0,0.298,0.0,11.4,15.8,23748.0,0.011874
2014-10-13,0.0,0.0,15.2,4.3,7.972,2748.0,831.7,74.7,1.5,1.9,-1.5,0.629,0.574,0.2,0.0,0.0,0.0,0.0,0.0,0.0,0.0,0.0,0.302,0.0,14.7,18.1,28062.0,0.014031
2014-10-14,0.0,0.0,13.1,2.0,6.657,2710.6,1130.7,71.9,1.8,1.6,-1.8,0.61,0.671,0.1,0.0,0.0,0.0,0.0,0.0,0.0,0.0,0.0,0.299,0.0,9.3,17.6,29654.0,0.014827
2014-10-15,0.0,1.2,13.8,1.7,8.692,2979.7,245.4,88.0,0.0,0.8,1.2,0.611,0.772,0.1,0.1,0.0,0.0,0.0,0.0,0.0,0.0,0.0,0.297,0.0,11.0,15.7,22352.0,0.011176
2014-10-16,0.0,6.4,16.6,3.2,10.18,3112.5,436.6,86.9,0.4,1.1,6.0,0.624,0.867,0.2,0.7,0.0,0.0,0.0,0.0,0.0,0.0,0.0,0.298,0.0,14.9,18.5,20624.0,0.010312
2014-10-17,0.0,0.0,16.0,2.5,9.689,3052.7,492.6,86.3,0.5,1.1,-0.5,0.658,0.955,0.4,0.0,0.0,0.0,0.0,0.0,0.0,0.0,0.0,0.305,0.0,14.4,18.4,34163.0,0.0170815
2014-10-18,0.0,0.0,18.1,2.4,10.415,3203.8,1111.7,81.2,1.9,1.8,-1.9,0.64,0.985,0.3,0.0,0.0,0.0,0.0,0.0,0.0,0.0,0.0,0.304,0.0,14.2,23.4,38510.0,0.019255
2014-10-19,0.0,0.0,18.2,2.0,10.737,3153.9,1035.9,83.1,1.7,1.5,-1.7,0.621,0.996,0.2,0.0,0.0,0.0,0.0,0.0,0.0,0.0,0.0,0.301,0.0,15.3,22.7,36464.0,0.018231999999999998
2014-10-20,0.0,1.0,14.8,1.4,8.966,3039.6,444.9,85.8,0.7,0.9,0.3,0.614,0.99,0.1,0.1,0.0,0.0,0.0,0.0,0.0,0.0,0.0,0.298,0.0,13.5,17.5,27802.0,0.013901
2014-10-21,0.0,2.7,12.3,4.5,7.264,2971.4,230.8,81.0,1.2,1.4,1.5,0.626,0.973,0.1,0.2,0.0,0.0,0.0,0.0,0.0,0.0,0.0,0.298,0.0,10.2,15.3,23292.0,0.011646
2014-10-22,0.0,0.1,11.0,2.8,5.531,2405.1,603.8,68.1,0.5,1.4,-0.4,0.623,0.958,0.1,0.0,0.0,0.0,0.0,0.0,0.0,0.0,0.0,0.3,0.0,8.2,13.2,34324.0,0.017162
2014-10-23,0.0,0.1,12.7,2.1,6.425,2951.3,161.9,70.6,0.2,1.2,-0.1,0.62,0.936,0.1,0.0,0.0,0.0,0.0,0.0,0.0,0.0,0.0,0.299,0.0,11.3,14.1,31106.0,0.015552999999999999
2014-10-24,0.0,0.4,13.3,2.1,7.149,2876.4,315.3,75.6,0.2,1.1,0.2,0.619,0.919,0.1,0.0,0.0,0.0,0.0,0.0,0.0,0.0,0.0,0.299,0.0,12.4,15.0,32833.0,0.0164165
2014-10-25,0.0,0.3,13.6,0.7,8.592,3248.5,268.6,88.5,0.4,0.6,-0.1,0.619,0.903,0.1,0.0,0.0,0.0,0.0,0.0,0.0,0.0,0.0,0.299,0.0,12.8,15.2,26201.0,0.0131005
2014-10-26,0.0,0.0,13.5,1.0,8.643,3212.2,394.3,90.1,0.7,0.7,-0.7,0.614,0.882,0.1,0.0,0.0,0.0,0.0,0.0,0.0,0.0,0.0,0.299,0.0,12.1,16.3,32208.0,0.016104
2014-10-27,0.0,0.1,12.5,1.1,8.006,3088.1,830.0,88.9,1.2,0.7,-1.1,0.603,0.838,0.1,0.0,0.0,0.0,0.0,0.0,0.0,0.0,0.0,0.298,0.0,10.0,16.2,30078.0,0.015039
2014-10-28,0.0,0.0,10.4,2.4,7.359,3212.3,150.3,93.9,0.3,0.5,-0.3,0.597,0.786,0.1,0.0,0.0,0.0,0.0,0.0,0.0,0.0,0.0,0.296,0.0,9.9,11.0,29050.0,0.014525
2014-10-29,0.0,0.0,13.0,1.3,8.387,3142.6,357.3,90.5,0.3,0.6,-0.3,0.593,0.736,0.1,0.0,0.0,0.0,0.0,0.0,0.0,0.0,0.0,0.295,0.0,10.8,14.7,31267.0,0.015633499999999998
2014-10-30,0.0,0.0,15.3,1.6,8.511,3116.2,279.3,79.9,0.2,1.0,-0.2,0.59,0.703,0.1,0.0,0.0,0.0,0.0,0.0,0.0,0.0,0.0,0.295,0.0,11.6,19.2,32544.0,0.016272
2014-10-31,0.0,0.0,16.2,2.0,8.346,2946.9,709.7,73.7,0.7,1.3,-0.7,0.584,0.665,0.1,0.0,0.0,0.0,0.0,0.0,0.0,0.0,0.0,0.295,0.0,13.4,20.7,34042.0,0.017020999999999998
2014-11-01,0.0,0.0,15.7,1.6,8.9,3027.9,926.6,80.7,1.2,1.0,-1.2,0.572,0.617,0.1,0.0,0.0,0.0,0.0,0.0,0.0,0.0,0.0,0.293,0.0,10.6,20.2,31221.0,0.0156105
2014-11-02,0.0,2.0,15.3,4.2,9.074,3056.8,477.1,84.2,0.9,1.1,1.1,0.579,0.561,0.1,0.1,0.0,0.0,0.0,0.0,0.0,0.0,0.0,0.292,0.0,13.2,16.8,20786.0,0.010393
2014-11-03,0.0,14.1,12.9,4.1,7.713,2843.6,148.0,83.6,0.4,1.1,13.7,0.616,0.525,0.1,1.4,0.0,0.0,0.0,0.0,0.0,0.0,0.0,0.293,0.0,11.3,15.5,12810.0,0.006405
2014-11-04,0.0,0.0,9.7,2.1,6.549,2763.4,463.8,88.1,0.7,0.6,-0.7,0.688,0.543,0.6,0.0,0.0,0.0,0.0,0.0,0.0,0.0,0.0,0.31,0.0,8.8,10.9,10141.0,0.0050705
2014-11-05,0.0,0.0,8.9,2.6,5.458,2549.3,736.0,77.6,1.1,0.8,-1.1,0.673,0.549,0.3,0.0,0.0,0.0,0.0,0.0,0.0,0.0,0.0,0.308,0.0,6.5,11.8,16792.0,0.008396
2014-11-06,0.0,0.6,8.9,2.9,5.461,2526.4,762.6,77.8,1.1,0.8,-0.5,0.661,0.556,0.2,0.1,0.0,0.0,0.0,0.0,0.0,0.0,0.0,0.306,0.0,5.2,12.7,27145.0,0.0135725
2014-11-07,0.0,1.9,10.6,5.1,6.344,2803.4,395.7,79.9,0.7,1.2,1.2,0.669,0.567,0.3,0.2,0.0,0.0,0.0,0.0,0.0,0.0,0.0,0.305,0.0,8.2,13.6,20954.0,0.010477
2014-11-08,0.0,0.0,11.5,3.5,6.804,2561.3,388.6,80.8,0.0,0.9,0.0,0.666,0.582,0.2,0.0,0.0,0.0,0.0,0.0,0.0,0.0,0.0,0.306,0.0,8.8,13.8,25532.0,0.012766
2014-11-09,0.0,0.0,10.9,2.1,6.66,2632.4,222.6,82.2,0.1,0.7,-0.1,0.664,0.591,0.2,0.0,0.0,0.0,0.0,0.0,0.0,0.0,0.0,0.306,0.0,9.8,12.6,10385.0,0.0051925
2014-11-10,0.0,0.0,8.3,2.4,6.042,2859.0,295.7,88.9,0.4,0.5,-0.4,0.659,0.59,0.2,0.0,0.0,0.0,0.0,0.0,0.0,0.0,0.0,0.305,0.0,5.9,10.0,23086.0,0.011543000000000001
2014-11-11,0.0,0.1,11.2,2.9,6.28,2633.2,539.4,76.9,0.4,0.9,-0.3,0.654,0.598,0.2,0.0,0.0,0.0,0.0,0.0,0.0,0.0,0.0,0.304,0.0,6.3,15.3,14456.0,0.007228
2014-11-12,0.0,0.0,11.1,2.6,6.511,2608.0,549.9,79.5,0.4,0.8,-0.4,0.65,0.603,0.2,0.0,0.0,0.0,0.0,0.0,0.0,0.0,0.0,0.304,0.0,10.5,13.8,17969.0,0.0089845
2014-11-13,0.0,0.0,10.8,3.5,6.49,2734.0,291.2,81.4,0.1,0.9,-0.1,0.645,0.573,0.1,0.0,0.0,0.0,0.0,0.0,0.0,0.0,0.0,0.303,0.0,7.2,13.4,24008.0,0.012004
2014-11-14,0.0,14.0,10.2,2.8,6.919,3040.9,108.1,89.1,0.1,0.7,13.9,0.687,0.534,0.4,1.7,0.0,0.0,0.0,0.0,0.0,0.0,0.0,0.303,0.0,8.9,11.2,8125.0,0.0040625
2014-11-15,0.0,0.5,10.8,2.7,7.324,2932.5,202.1,91.0,0.2,0.6,0.3,0.752,0.535,1.6,0.1,0.0,0.0,0.0,0.0,0.0,0.0,0.0,0.319,0.0,10.4,11.9,13883.0,0.0069415
2014-11-16,0.0,8.8,9.8,2.2,6.759,2966.5,113.6,90.1,0.2,0.6,8.6,0.77,0.553,2.1,1.4,0.0,0.0,0.0,0.0,0.0,0.0,0.0,0.317,0.0,9.4,10.9,13818.0,0.006909
2014-11-17,0.0,2.9,9.3,1.9,6.573,2880.0,186.4,90.6,0.1,0.5,2.8,0.789,0.583,2.3,0.5,0.0,0.0,0.0,0.0,0.0,0.0,0.0,0.324,0.0,8.6,10.7,11405.0,0.0057025
2014-11-18,0.0,0.8,9.0,1.3,6.52,2763.1,161.3,91.6,0.1,0.5,0.7,0.787,0.612,1.7,0.1,0.0,0.0,0.0,0.0,0.0,0.0,0.0,0.324,0.0,8.5,10.3,18135.0,0.0090675
2014-11-19,0.0,0.0,7.1,1.4,5.968,2986.8,191.5,95.8,0.4,0.4,-0.4,0.776,0.643,1.0,0.0,0.0,0.0,0.0,0.0,0.0,0.0,0.0,0.323,0.0,5.9,7.9,24331.0,0.0121655
2014-11-20,0.0,0.3,8.8,2.3,6.141,2764.1,364.0,87.6,0.4,0.4,-0.1,0.765,0.688,0.7,0.0,0.0,0.0,0.0,0.0,0.0,0.0,0.0,0.321,0.0,7.5,9.7,20538.0,0.010269
2014-11-21,0.0,0.0,9.9,1.3,6.581,2969.2,286.5,86.8,0.4,0.5,-0.4,0.758,0.741,0.6,0.0,0.0,0.0,0.0,0.0,0.0,0.0,0.0,0.32,0.0,8.4,11.6,21852.0,0.010926
2014-11-22,0.0,0.0,11.2,1.7,7.352,3037.6,346.1,89.0,0.3,0.5,-0.3,0.75,0.798,0.5,0.0,0.0,0.0,0.0,0.0,0.0,0.0,0.0,0.319,0.0,8.3,13.9,15518.0,0.007759
2014-11-23,0.0,0.1,12.2,1.9,7.696,3036.9,348.1,87.6,0.3,0.5,-0.2,0.743,0.856,0.4,0.0,0.0,0.0,0.0,0.0,0.0,0.0,0.0,0.318,0.0,9.1,15.3,13113.0,0.0065565
2014-11-24,0.0,0.4,10.7,3.7,6.604,2866.0,133.7,82.6,0.2,0.8,0.2,0.741,0.887,0.4,0.0,0.0,0.0,0.0,0.0,0.0,0.0,0.0,0.317,0.0,10.2,11.4,8519.0,0.0042595
2014-11-25,0.0,5.1,10.2,2.1,6.603,2855.3,181.9,85.7,0.1,0.6,5.0,0.748,0.879,0.4,0.6,0.0,0.0,0.0,0.0,0.0,0.0,0.0,0.316,0.0,9.0,11.1,5447.0,0.0027235
2014-11-26,0.0,0.2,11.3,1.1,7.852,3174.9,132.4,94.6,0.2,0.4,0.0,0.774,0.869,0.7,0.0,0.0,0.0,0.0,0.0,0.0,0.0,0.0,0.322,0.0,10.0,12.9,6574.0,0.003287
2014-11-27,0.0,0.0,10.9,1.8,7.692,3189.1,113.1,94.9,0.3,0.4,-0.3,0.766,0.834,0.6,0.0,0.0,0.0,0.0,0.0,0.0,0.0,0.0,0.321,0.0,9.3,12.0,11858.0,0.005929
2014-11-28,0.0,0.1,11.5,3.1,6.522,2862.7,200.4,77.8,0.3,0.9,-0.2,0.759,0.792,0.5,0.0,0.0,0.0,0.0,0.0,0.0,0.0,0.0,0.32,0.0,9.5,14.6,13441.0,0.0067205
2014-11-29,0.0,0.0,7.4,2.2,5.034,2804.8,471.2,79.1,1.2,0.5,-1.2,0.748,0.747,0.4,0.0,0.0,0.0,0.0,0.0,0.0,0.0,0.0,0.319,0.0,5.8,10.2,7489.0,0.0037445
2014-11-30,0.0,0.2,5.1,1.7,5.04,3213.8,180.3,92.7,0.9,0.4,-0.7,0.734,0.704,0.3,0.0,0.0,0.0,0.0,0.0,0.0,0.0,0.0,0.317,0.0,3.6,7.9,7816.0,0.003908
2014-12-01,0.0,0.1,4.1,4.1,4.531,3023.4,84.5,89.2,1.0,0.5,-0.9,0.725,0.666,0.2,0.0,0.0,0.0,0.0,0.0,0.0,0.0,0.0,0.315,0.0,3.4,4.0,4821.0,0.0024105
2014-12-02,0.1,0.4,3.4,3.7,4.255,2741.7,83.5,88.0,0.3,0.5,0.2,0.718,0.622,0.2,0.0,0.0,0.0,0.0,0.0,0.0,0.0,0.1,0.314,0.0,2.4,4.0,6783.0,0.0033915
2014-12-03,0.0,0.0,3.0,3.5,4.161,2680.2,170.3,88.6,0.4,0.4,-0.4,0.716,0.578,0.2,0.0,0.0,0.0,0.0,0.0,0.0,0.0,0.0,0.314,0.0,2.4,3.5,7193.0,0.0035965
2014-12-04,0.0,0.4,4.2,2.2,4.375,2425.8,227.3,85.8,0.0,0.4,0.4,0.714,0.531,0.2,0.0,0.0,0.0,0.0,0.0,0.0,0.0,0.0,0.313,0.0,2.5,5.2,7200.0,0.0036
2014-12-05,0.0,0.0,5.3,1.8,4.689,2428.2,135.9,85.3,-0.1,0.5,0.1,0.715,0.486,0.2,0.0,0.0,0.0,0.0,0.0,0.0,0.0,0.0,0.313,0.0,4.7,5.7,7670.0,0.003835
2014-12-06,0.0,0.0,5.6,3.0,4.634,2522.9,518.2,82.5,0.6,0.5,-0.6,0.71,0.423,0.2,0.0,0.0,0.0,0.0,0.0,0.0,0.0,0.0,0.313,0.0,4.6,7.8,9584.0,0.004792
2014-12-07,0.0,1.6,4.0,2.3,4.41,2656.0,124.4,87.1,0.0,0.5,1.6,0.714,0.363,0.2,0.2,0.0,0.0,0.0,0.0,0.0,0.0,0.0,0.312,0.0,0.0,6.1,15470.0,0.0077350000000000006
2014-12-08,0.0,1.3,4.9,2.2,4.685,2649.3,94.8,87.5,0.1,0.5,1.2,0.727,0.312,0.2,0.1,0.0,0.0,0.0,0.0,0.0,0.0,0.0,0.314,0.0,3.5,6.3,9951.0,0.0049755
2014-12-09,0.0,0.9,4.5,1.9,4.195,2360.4,466.0,80.5,0.3,0.4,0.6,0.726,0.263,0.2,0.1,0.0,0.0,0.0,0.0,0.0,0.0,0.0,0.315,0.0,1.9,6.6,19449.0,0.0097245
2014-12-10,0.0,0.5,7.6,3.6,5.657,2648.3,139.0,87.0,-0.2,0.6,0.7,0.734,0.224,0.2,0.1,0.0,0.0,0.0,0.0,0.0,0.0,0.0,0.315,0.0,4.9,10.2,8932.0,0.004466
2014-12-11,0.0,0.5,8.3,5.1,5.428,2427.4,157.1,80.0,-0.2,1.0,0.7,0.737,0.189,0.3,0.1,0.0,0.0,0.0,0.0,0.0,0.0,0.0,0.316,0.0,6.8,9.4,12558.0,0.006279
2014-12-12,0.0,21.0,9.4,4.7,6.468,2932.2,86.3,88.6,0.3,0.7,20.7,0.812,0.213,2.0,3.2,0.0,0.0,0.0,0.0,0.0,0.0,0.0,0.316,0.0,8.9,10.2,11818.0,0.005909
2014-12-13,0.0,6.8,4.7,2.7,4.953,2912.2,73.5,93.4,0.6,0.4,6.2,0.895,0.299,5.5,1.4,0.0,0.0,0.0,0.0,0.0,0.0,0.0,0.338,0.0,3.4,5.4,6660.0,0.00333
2014-12-14,0.0,0.0,2.5,1.6,4.344,2783.5,293.9,95.8,0.6,0.1,-0.6,0.868,0.379,1.7,0.0,0.0,0.0,0.0,0.0,0.0,0.0,0.0,0.337,0.0,2.1,3.0,7655.0,0.0038275
2014-12-15,0.0,2.3,4.5,3.0,4.861,2848.6,73.0,92.4,0.1,0.4,2.2,0.86,0.454,1.2,0.3,0.0,0.0,0.0,0.0,0.0,0.0,0.0,0.334,0.0,1.6,6.6,10670.0,0.0053349999999999995
2014-12-16,0.0,5.9,7.8,1.7,5.48,2615.2,379.5,84.0,0.3,0.3,5.6,0.867,0.535,1.3,0.9,0.0,0.0,0.0,0.0,0.0,0.0,0.0,0.335,0.0,5.6,9.5,9717.0,0.0048585
2014-12-17,0.0,5.4,10.1,3.8,7.14,3051.2,73.7,92.2,-0.2,0.8,5.6,0.912,0.65,3.0,0.9,0.0,0.0,0.0,0.0,0.0,0.0,0.0,0.34,0.0,6.8,12.7,3847.0,0.0019235
2014-12-18,0.0,0.2,13.1,4.4,8.076,3035.1,98.0,86.2,0.0,0.8,0.2,0.904,0.753,2.0,0.0,0.0,0.0,0.0,0.0,0.0,0.0,0.0,0.342,0.0,12.0,14.8,7696.0,0.003848
2014-12-19,0.0,4.7,11.2,4.3,6.657,2703.3,69.0,80.4,0.1,1.1,4.6,0.913,0.856,2.1,0.8,0.0,0.0,0.0,0.0,0.0,0.0,0.0,0.339,0.0,9.7,12.5,10674.0,0.005337
2014-12-20,0.0,0.3,8.7,3.2,5.051,2499.8,233.7,73.0,0.1,0.8,0.2,0.905,0.933,1.5,0.0,0.0,0.0,0.0,0.0,0.0,0.0,0.0,0.342,0.0,8.2,10.3,11383.0,0.0056915
2014-12-21,0.0,0.0,8.3,3.3,5.294,2720.9,100.6,78.1,0.1,0.8,-0.1,0.893,1.003,1.1,0.0,0.0,0.0,0.0,0.0,0.0,0.0,0.0,0.34,0.0,6.6,9.2,18859.0,0.0094295
2014-12-22,0.0,0.0,9.7,4.5,6.271,2775.5,199.3,83.7,0.0,0.8,0.0,0.883,1.011,0.9,0.0,0.0,0.0,0.0,0.0,0.0,0.0,0.0,0.338,0.0,8.7,10.6,20365.0,0.0101825
2014-12-23,0.0,0.0,8.7,3.4,6.208,2993.3,71.4,88.6,0.2,0.7,-0.2,0.874,0.964,0.8,0.0,0.0,0.0,0.0,0.0,0.0,0.0,0.0,0.337,0.0,8.1,9.3,16686.0,0.008343
2014-12-24,0.0,1.1,9.2,3.9,6.106,2855.6,82.7,84.7,0.1,0.8,1.0,0.873,0.931,0.8,0.1,0.0,0.0,0.0,0.0,0.0,0.0,0.0,0.335,0.0,7.2,11.2,12282.0,0.006141
2014-12-25,0.0,0.2,7.0,1.8,5.005,2420.4,299.9,80.6,0.1,0.4,0.1,0.867,0.899,0.7,0.0,0.0,0.0,0.0,0.0,0.0,0.0,0.0,0.336,0.0,7.1,8.4,13071.0,0.0065355
2014-12-26,0.0,10.2,4.8,2.6,4.676,2695.3,153.2,87.6,0.3,0.5,9.9,0.885,0.872,1.1,1.5,0.0,0.0,0.0,0.0,0.0,0.0,0.0,0.335,0.0,3.5,6.9,14251.0,0.0071255
2014-12-27,0.0,1.0,5.5,7.0,4.44,2544.2,80.0,79.1,0.8,1.1,0.2,0.925,0.829,1.9,0.1,0.0,0.0,0.0,0.0,0.0,0.0,0.0,0.345,0.0,5.0,6.8,3890.0,0.0019450000000000001
2014-12-28,0.0,0.0,-0.2,5.1,2.645,1881.9,517.9,70.3,0.9,0.7,-0.9,0.904,0.786,1.0,0.0,0.0,0.0,0.0,0.0,0.0,0.0,0.0,0.341,0.001,-1.1,0.5,14762.0,0.007381
2014-12-29,0.0,0.2,1.8,2.4,3.418,2317.9,501.6,77.6,0.1,0.4,0.1,0.893,0.733,0.8,0.0,0.0,0.0,0.0,0.0,0.0,0.0,0.0,0.327,0.013,-2.8,4.7,22861.0,0.0114305
2014-12-30,0.0,0.0,4.6,1.4,4.056,2599.9,401.6,77.5,0.3,0.3,-0.3,0.885,0.69,0.8,0.0,0.0,0.0,0.0,0.0,0.0,0.0,0.0,0.337,0.002,2.4,6.2,19266.0,0.009633
2014-12-31,0.0,0.0,4.0,0.7,3.767,2656.6,376.2,75.1,0.7,0.2,-0.7,0.874,0.645,0.7,0.0,0.0,0.0,0.0,0.0,0.0,0.0,0.0,0.337,0.0,3.9,6.2,21531.0,0.0107655
2015-01-01,0.0,0.4,2.3,1.6,3.339,2383.9,445.3,75.3,0.3,0.4,0.1,0.862,0.665,0.6,0.0,0.0,0.0,0.0,0.0,0.0,0.0,0.0,0.335,0.0,-2.1,5.5,22741.0,0.0113705
2015-01-02,0.0,0.1,5.7,2.0,4.918,2782.9,156.3,85.5,0.1,0.6,0.0,0.86,0.625,0.5,0.0,0.0,0.0,0.0,0.0,0.0,0.0,0.0,0.334,0.0,3.7,9.0,16595.0,0.008297500000000001
2015-01-03,0.0,5.3,7.9,3.9,6.209,2941.3,94.2,92.0,-0.1,0.6,5.4,0.885,0.606,0.8,0.7,0.0,0.0,0.0,0.0,0.0,0.0,0.0,0.334,0.0,0.8,13.1,11721.0,0.0058605
2015-01-04,0.0,0.0,4.7,1.7,4.312,2595.0,136.4,81.2,0.3,0.6,-0.3,0.889,0.598,0.9,0.0,0.0,0.0,0.0,0.0,0.0,0.0,0.0,0.339,0.0,3.6,6.6,13852.0,0.006926
2015-01-05,0.0,0.0,0.9,1.3,3.828,2772.7,225.7,94.6,0.6,0.2,-0.6,0.877,0.573,0.7,0.0,0.0,0.0,0.0,0.0,0.0,0.0,0.0,0.338,0.0,-0.5,2.6,19573.0,0.0097865
2015-01-06,0.0,0.0,2.0,1.9,4.128,2778.0,146.4,93.8,0.3,0.3,-0.3,0.867,0.528,0.6,0.0,0.0,0.0,0.0,0.0,0.0,0.0,0.0,0.336,0.0,-0.6,4.5,15519.0,0.0077595
2015-01-07,0.0,0.1,3.2,1.9,4.598,2881.1,262.4,95.9,0.2,0.2,-0.1,0.859,0.494,0.5,0.0,0.0,0.0,0.0,0.0,0.0,0.0,0.0,0.335,0.0,0.0,8.7,18262.0,0.009131
2015-01-08,0.0,4.4,9.0,4.7,6.244,2960.5,97.9,87.7,0.2,0.7,4.2,0.872,0.48,0.6,0.6,0.0,0.0,0.0,0.0,0.0,0.0,0.0,0.334,0.0,5.3,10.5,16591.0,0.0082955
2015-01-09,0.0,0.0,12.0,5.3,7.511,3087.5,82.2,85.6,-0.1,1.0,0.1,0.882,0.474,0.8,0.0,0.0,0.0,0.0,0.0,0.0,0.0,0.0,0.338,0.0,8.1,14.9,13266.0,0.006633
2015-01-10,0.0,2.1,12.3,5.1,6.987,2924.3,162.5,78.0,0.5,1.3,1.6,0.881,0.48,0.7,0.3,0.0,0.0,0.0,0.0,0.0,0.0,0.0,0.337,0.0,10.6,14.0,12529.0,0.0062645
2015-01-11,0.0,0.0,7.4,3.6,4.475,2228.0,543.0,70.6,0.4,0.9,-0.4,0.878,0.492,0.7,0.0,0.0,0.0,0.0,0.0,0.0,0.0,0.0,0.338,0.0,5.9,8.9,23391.0,0.0116955
2015-01-12,0.0,0.0,8.1,5.0,5.228,2394.9,55.1,78.0,-0.2,1.1,0.2,0.871,0.506,0.6,0.0,0.0,0.0,0.0,0.0,0.0,0.0,0.0,0.336,0.0,6.5,9.3,25652.0,0.012826
2015-01-13,0.0,1.7,9.2,5.5,5.928,2746.5,129.3,82.1,0.3,1.0,1.4,0.873,0.511,0.7,0.2,0.0,0.0,0.0,0.0,0.0,0.0,0.0,0.335,0.0,8.0,10.8,17663.0,0.0088315
2015-01-14,0.0,1.1,7.3,4.8,5.088,2666.7,137.6,80.2,0.2,1.0,0.9,0.874,0.516,0.7,0.1,0.0,0.0,0.0,0.0,0.0,0.0,0.0,0.336,0.0,6.1,10.5,18390.0,0.009195
2015-01-15,0.0,1.9,9.6,6.7,5.711,2623.0,92.4,77.0,0.5,1.5,1.4,0.879,0.526,0.7,0.2,0.0,0.0,0.0,0.0,0.0,0.0,0.0,0.336,0.0,7.3,10.7,11438.0,0.005719
2015-01-16,0.0,2.5,6.7,2.4,5.093,2650.4,328.3,83.7,0.3,0.5,2.2,0.883,0.543,0.8,0.3,0.0,0.0,0.0,0.0,0.0,0.0,0.0,0.337,0.0,6.5,7.5,6537.0,0.0032685
2015-01-17,0.0,0.0,4.2,1.8,4.269,2540.8,602.8,83.7,0.9,0.3,-0.9,0.88,0.569,0.7,0.0,0.0,0.0,0.0,0.0,0.0,0.0,0.0,0.339,0.0,3.3,6.1,19734.0,0.009867
2015-01-18,0.0,0.1,3.9,2.8,3.979,2354.9,346.6,80.0,0.3,0.5,-0.2,0.869,0.57,0.6,0.0,0.0,0.0,0.0,0.0,0.0,0.0,0.0,0.336,0.0,2.1,5.1,18418.0,0.009209
2015-01-19,0.0,0.0,2.8,2.5,3.878,2421.3,114.6,84.0,0.0,0.5,0.0,0.864,0.556,0.6,0.0,0.0,0.0,0.0,0.0,0.0,0.0,0.0,0.334,0.002,2.1,3.5,8492.0,0.004246
2015-01-20,0.0,0.0,1.2,1.6,3.49,2457.4,436.0,84.4,0.6,0.3,-0.6,0.855,0.538,0.5,0.0,0.0,0.0,0.0,0.0,0.0,0.0,0.0,0.333,0.001,0.0,2.4,12488.0,0.006244
2015-01-21,0.0,0.0,1.6,2.3,3.425,2230.0,282.7,80.4,0.1,0.5,-0.1,0.849,0.524,0.4,0.0,0.0,0.0,0.0,0.0,0.0,0.0,0.0,0.329,0.004,0.0,3.4,13429.0,0.0067145
2015-01-22,0.0,0.0,0.2,2.8,3.266,2557.9,490.0,85.0,0.5,0.3,-0.5,0.841,0.504,0.4,0.0,0.0,0.0,0.0,0.0,0.0,0.0,0.0,0.327,0.005,-2.0,1.4,16294.0,0.008147
2015-01-23,0.4,1.6,0.6,2.1,3.182,2345.2,618.4,80.9,0.7,0.3,1.3,0.833,0.47,0.4,0.2,0.0,0.0,0.0,0.0,0.0,0.0,0.2,0.33,0.001,-0.2,2.1,17894.0,0.008947
2015-01-24,0.3,1.3,3.3,3.4,3.925,2514.2,491.8,82.2,0.6,0.5,1.0,0.85,0.452,0.4,0.2,0.0,0.3,0.0,0.002,0.002,0.0,0.7,0.33,0.002,-0.7,6.6,15396.0,0.007698
2015-01-25,0.0,0.1,4.2,1.1,4.014,2634.4,263.2,79.0,0.1,0.5,0.0,0.844,0.429,0.4,0.0,0.0,0.0,0.0,0.0,0.0,0.0,0.0,0.332,0.0,-0.1,6.6,24780.0,0.01239
2015-01-26,0.0,0.9,7.4,2.8,5.511,2678.1,197.8,85.8,-0.1,0.7,1.0,0.847,0.399,0.4,0.1,0.0,0.0,0.0,0.0,0.0,0.0,0.0,0.332,0.0,5.8,9.6,8729.0,0.0043645
2015-01-27,0.0,0.0,5.8,2.0,4.634,2556.0,279.8,81.0,0.1,0.6,-0.1,0.844,0.359,0.4,0.0,0.0,0.0,0.0,0.0,0.0,0.0,0.0,0.332,0.0,4.6,6.6,13084.0,0.006542
2015-01-28,0.0,1.1,6.3,4.6,4.893,2685.7,185.0,82.4,0.4,0.9,0.7,0.845,0.329,0.4,0.1,0.0,0.0,0.0,0.0,0.0,0.0,0.0,0.331,0.0,5.9,7.1,15393.0,0.0076965
2015-01-29,0.2,5.3,4.8,4.6,4.462,2635.8,153.5,83.5,0.5,0.9,5.0,0.864,0.326,0.6,0.7,0.0,0.0,0.0,0.0,0.0,0.0,0.2,0.331,0.0,4.9,5.9,6042.0,0.0030210000000000002
2015-01-30,0.8,3.5,2.3,2.7,3.938,2627.2,116.6,88.0,0.2,0.5,4.1,0.899,0.355,1.1,0.6,0.0,0.0,0.0,0.0,0.001,0.0,1.1,0.337,0.0,1.9,3.2,16126.0,0.008063
2015-01-31,0.4,2.5,3.1,3.4,4.055,2645.8,215.3,86.0,0.5,0.7,2.4,0.902,0.393,1.1,0.4,0.0,0.0,0.0,0.0,0.0,0.0,0.4,0.34,0.0,2.0,5.2,17550.0,0.008775
2015-02-01,0.5,2.8,3.6,4.1,4.034,2385.1,162.1,82.4,0.0,0.7,3.3,0.911,0.45,1.3,0.5,0.0,0.0,0.0,0.0,0.0,0.0,0.5,0.341,0.0,2.4,4.2,18791.0,0.0093955
2015-02-02,0.2,1.0,2.2,1.8,3.392,2255.4,492.4,76.2,0.5,0.6,0.7,0.922,0.505,1.5,0.2,0.0,0.2,0.0,0.001,0.001,0.0,0.5,0.343,0.0,1.2,4.0,21057.0,0.0105285
2015-02-03,0.0,0.0,0.9,1.7,2.879,2064.1,416.2,71.4,0.1,0.7,-0.1,0.91,0.518,0.9,0.0,0.0,0.0,0.0,0.0,0.0,0.0,0.0,0.334,0.008,0.0,2.7,12191.0,0.0060955
2015-02-04,0.0,0.0,1.7,3.9,3.18,2214.9,599.3,74.7,0.3,0.9,-0.3,0.899,0.526,0.8,0.0,0.0,0.0,0.0,0.0,0.0,0.0,0.0,0.33,0.011,-0.1,3.6,13244.0,0.006622
2015-02-05,0.0,0.0,1.2,5.2,2.905,2105.9,842.9,70.1,1.1,1.0,-1.1,0.885,0.535,0.6,0.0,0.0,0.0,0.0,0.0,0.0,0.0,0.0,0.331,0.008,-0.3,3.6,17702.0,0.008851
2015-02-06,0.0,0.0,0.1,6.3,2.491,2002.4,814.4,65.3,0.9,1.1,-0.9,0.87,0.543,0.5,0.0,0.0,0.0,0.0,0.0,0.0,0.0,0.0,0.327,0.01,-1.4,1.1,13682.0,0.006841
2015-02-07,0.0,0.1,1.6,4.2,2.738,2076.0,932.6,63.8,0.7,1.1,-0.6,0.858,0.54,0.4,0.0,0.0,0.0,0.0,0.0,0.0,0.0,0.0,0.32,0.014,-1.7,4.7,29571.0,0.0147855
2015-02-08,0.0,0.0,4.6,4.3,4.009,2496.6,443.1,76.2,0.3,1.0,-0.3,0.851,0.523,0.4,0.0,0.0,0.0,0.0,0.0,0.0,0.0,0.0,0.328,0.006,2.5,6.9,26879.0,0.0134395
2015-02-09,0.0,0.0,2.4,1.5,3.924,2771.4,265.1,87.3,0.3,0.5,-0.3,0.844,0.479,0.4,0.0,0.0,0.0,0.0,0.0,0.0,0.0,0.0,0.332,0.001,-0.1,4.5,36471.0,0.0182355
2015-02-10,0.0,0.0,4.3,2.7,4.077,2751.8,305.2,79.6,0.4,0.7,-0.4,0.837,0.425,0.4,0.0,0.0,0.0,0.0,0.0,0.0,0.0,0.0,0.331,0.0,2.1,5.8,33975.0,0.0169875
2015-02-11,0.0,0.0,4.5,1.9,3.995,2479.6,994.3,76.7,1.3,0.7,-1.3,0.824,0.369,0.3,0.0,0.0,0.0,0.0,0.0,0.0,0.0,0.0,0.33,0.0,2.7,7.5,38334.0,0.019167
2015-02-12,0.0,0.0,1.8,0.9,3.719,2673.1,874.3,86.2,1.2,0.5,-1.2,0.81,0.304,0.3,0.0,0.0,0.0,0.0,0.0,0.0,0.0,0.0,0.328,0.0,-1.7,5.5,29835.0,0.0149175
2015-02-13,0.0,3.0,6.6,4.4,4.945,2700.8,589.9,81.5,0.6,1.1,2.4,0.805,0.238,0.3,0.3,0.0,0.0,0.0,0.0,0.0,0.0,0.0,0.326,0.0,0.6,10.8,24962.0,0.012481
2015-02-14,0.0,3.3,6.5,2.9,5.359,2850.5,128.4,89.7,0.2,0.6,3.1,0.837,0.197,0.3,0.4,0.0,0.0,0.0,0.0,0.0,0.0,0.0,0.329,0.0,6.0,6.6,14881.0,0.0074405
2015-02-15,0.0,0.0,6.8,1.7,5.229,2637.1,342.7,85.4,0.2,0.6,-0.2,0.842,0.171,0.4,0.0,0.0,0.0,0.0,0.0,0.0,0.0,0.0,0.332,0.0,5.5,8.1,16258.0,0.008129
2015-02-16,0.0,0.3,5.4,1.6,4.703,2638.5,454.0,84.7,0.4,0.7,-0.1,0.836,0.143,0.4,0.0,0.0,0.0,0.0,0.0,0.0,0.0,0.0,0.331,0.0,2.3,8.8,26641.0,0.013320499999999999
2015-02-17,0.0,0.0,5.8,3.0,4.918,2652.7,345.4,85.9,0.4,0.7,-0.4,0.831,0.125,0.3,0.0,0.0,0.0,0.0,0.0,0.0,0.0,0.0,0.33,0.0,4.8,6.6,19731.0,0.0098655
2015-02-18,0.0,0.0,2.9,0.9,4.186,2848.8,427.9,89.6,0.7,0.5,-0.7,0.822,0.113,0.3,0.0,0.0,0.0,0.0,0.0,0.0,0.0,0.0,0.329,0.0,0.9,4.4,29513.0,0.0147565
2015-02-19,0.0,1.0,4.9,3.2,4.031,2468.1,947.2,75.6,1.3,1.0,-0.3,0.807,0.103,0.3,0.1,0.0,0.0,0.0,0.0,0.0,0.0,0.0,0.328,0.0,2.1,6.9,38687.0,0.0193435
2015-02-20,0.0,9.4,6.6,5.6,5.214,2917.6,199.9,86.4,0.8,1.0,8.6,0.858,0.137,0.5,1.1,0.0,0.0,0.0,0.0,0.0,0.0,0.0,0.327,0.0,5.5,7.8,28970.0,0.014485
2015-02-21,0.0,2.2,3.5,2.1,4.321,2686.1,221.0,88.9,0.6,0.6,1.6,0.886,0.208,0.7,0.3,0.0,0.0,0.0,0.0,0.0,0.0,0.0,0.337,0.0,2.9,4.1,18385.0,0.009192500000000001
2015-02-22,0.0,8.8,4.3,2.9,3.891,2516.8,910.1,76.2,1.3,1.2,7.5,0.886,0.298,0.7,1.3,0.0,0.0,0.0,0.0,0.0,0.0,0.0,0.338,0.0,-0.3,8.4,36803.0,0.0184015
2015-02-23,0.0,1.9,7.0,4.7,4.883,2613.3,498.2,78.5,0.8,1.4,1.1,0.936,0.443,1.9,0.3,0.0,0.0,0.0,0.0,0.0,0.0,0.0,0.345,0.0,4.4,11.1,20995.0,0.0104975
2015-02-24,0.0,0.7,4.9,4.1,4.247,2388.2,431.5,78.9,0.4,1.0,0.3,0.922,0.551,1.2,0.1,0.0,0.0,0.0,0.0,0.0,0.0,0.0,0.344,0.0,3.1,7.4,32297.0,0.0161485
2015-02-25,0.0,2.3,6.3,2.1,5.3,2794.5,165.6,88.6,0.0,0.7,2.3,0.917,0.647,1.1,0.3,0.0,0.0,0.0,0.0,0.0,0.0,0.0,0.342,0.0,4.1,7.9,23334.0,0.011667
2015-02-26,0.0,5.1,9.1,2.8,6.531,2996.3,251.5,91.0,0.4,0.8,4.7,0.939,0.759,1.6,0.8,0.0,0.0,0.0,0.0,0.0,0.0,0.0,0.344,0.0,7.6,10.6,18273.0,0.0091365
2015-02-27,0.0,0.0,5.2,3.5,3.627,2326.4,984.0,66.5,1.8,1.5,-1.8,0.928,0.861,1.2,0.0,0.0,0.0,0.0,0.0,0.0,0.0,0.0,0.347,0.0,4.2,8.3,30054.0,0.015027
2015-02-28,0.0,3.4,5.9,3.8,4.204,2532.4,565.5,72.3,0.5,1.4,2.9,0.918,0.955,0.9,0.5,0.0,0.0,0.0,0.0,0.0,0.0,0.0,0.342,0.001,1.2,10.5,31092.0,0.015546
2015-03-01,0.0,2.1,10.3,4.6,6.029,2891.3,571.6,78.3,0.9,1.5,1.2,0.929,1.068,1.1,0.3,0.0,0.0,0.0,0.0,0.0,0.0,0.0,0.345,0.0,7.6,11.7,14551.0,0.0072755
2015-03-02,0.0,1.7,7.2,4.3,4.542,2423.6,879.6,71.1,1.8,1.4,-0.1,0.926,1.137,1.0,0.3,0.0,0.0,0.0,0.0,0.0,0.0,0.0,0.345,0.0,5.6,8.1,24774.0,0.012387
2015-03-03,0.0,1.2,6.3,3.4,4.225,2296.4,565.2,71.3,0.4,1.4,0.8,0.913,1.161,0.8,0.2,0.0,0.0,0.0,0.0,0.0,0.0,0.0,0.342,0.001,4.1,10.1,30634.0,0.015317
2015-03-04,0.0,0.5,4.9,3.2,4.174,2410.3,946.7,77.8,1.4,1.1,-0.9,0.907,1.18,0.7,0.1,0.0,0.0,0.0,0.0,0.0,0.0,0.0,0.342,0.0,2.7,6.2,31712.0,0.015856
2015-03-05,0.0,0.0,6.0,1.8,3.979,2456.7,1460.2,69.6,2.3,1.4,-2.3,0.882,1.133,0.6,0.0,0.0,0.0,0.0,0.0,0.0,0.0,0.0,0.34,0.0,2.2,10.0,51949.0,0.0259745
2015-03-06,0.0,0.0,5.5,0.8,3.821,2534.2,1143.3,69.2,1.7,1.1,-1.7,0.859,1.094,0.5,0.0,0.0,0.0,0.0,0.0,0.0,0.0,0.0,0.336,0.0,-0.2,10.7,54036.0,0.027018
2015-03-07,0.0,0.0,7.3,1.8,4.144,2618.8,998.6,66.5,1.5,1.5,-1.5,0.84,1.034,0.4,0.0,0.0,0.0,0.0,0.0,0.0,0.0,0.0,0.333,0.0,1.1,12.5,46780.0,0.02339
2015-03-08,0.0,0.0,9.9,1.3,4.86,2795.2,1146.1,65.5,1.5,1.7,-1.5,0.822,0.912,0.4,0.0,0.0,0.0,0.0,0.0,0.0,0.0,0.0,0.33,0.0,1.0,17.2,48782.0,0.024391
2015-03-09,0.0,0.1,9.7,1.5,6.148,2745.6,658.5,82.7,0.6,1.0,-0.5,0.81,0.778,0.3,0.0,0.0,0.0,0.0,0.0,0.0,0.0,0.0,0.328,0.0,7.9,11.6,37362.0,0.018681
2015-03-10,0.0,0.0,10.1,1.8,6.372,2841.6,370.3,82.7,0.3,1.0,-0.3,0.804,0.656,0.3,0.0,0.0,0.0,0.0,0.0,0.0,0.0,0.0,0.326,0.0,9.6,11.6,37963.0,0.0189815
2015-03-11,0.0,0.0,9.0,1.9,4.431,2394.1,962.3,63.0,1.1,1.6,-1.1,0.793,0.535,0.3,0.0,0.0,0.0,0.0,0.0,0.0,0.0,0.0,0.326,0.0,4.8,13.2,42785.0,0.021392500000000002
2015-03-12,0.0,0.0,9.1,2.2,3.261,2202.9,1377.0,46.2,1.8,2.2,-1.8,0.774,0.423,0.3,0.0,0.0,0.0,0.0,0.0,0.0,0.0,0.0,0.323,0.0,3.9,13.3,46587.0,0.0232935
2015-03-13,0.0,0.0,7.5,2.0,3.442,2119.5,669.5,54.0,0.3,1.6,-0.3,0.765,0.34,0.3,0.0,0.0,0.0,0.0,0.0,0.0,0.0,0.0,0.32,0.001,4.4,11.5,30245.0,0.0151225
2015-03-14,0.0,0.0,6.2,3.3,3.752,2257.0,800.0,64.1,0.7,1.6,-0.7,0.757,0.272,0.3,0.0,0.0,0.0,0.0,0.0,0.0,0.0,0.0,0.319,0.001,3.8,8.0,28121.0,0.0140605
2015-03-15,0.0,0.0,6.1,2.6,4.521,2396.3,573.7,77.8,0.3,1.1,-0.3,0.75,0.224,0.2,0.0,0.0,0.0,0.0,0.0,0.0,0.0,0.0,0.319,0.0,5.1,7.4,23369.0,0.0116845
2015-03-16,0.0,0.0,7.6,1.8,4.349,2359.8,1398.9,68.1,1.3,1.6,-1.3,0.739,0.193,0.2,0.0,0.0,0.0,0.0,0.0,0.0,0.0,0.0,0.318,0.0,2.4,10.9,31286.0,0.015643
2015-03-17,0.0,0.0,10.5,1.1,4.569,2637.6,1455.1,59.6,1.4,1.8,-1.4,0.723,0.165,0.2,0.0,0.0,0.0,0.0,0.0,0.0,0.0,0.0,0.316,0.0,2.4,16.4,43006.0,0.021503
2015-03-18,0.0,0.0,10.4,3.2,5.328,2736.3,880.8,68.0,0.7,1.9,-0.7,0.713,0.142,0.2,0.0,0.0,0.0,0.0,0.0,0.0,0.0,0.0,0.313,0.0,6.6,14.6,38539.0,0.0192695
2015-03-19,0.0,0.0,6.7,4.3,4.652,2657.8,662.8,76.4,0.3,1.3,-0.3,0.706,0.12,0.2,0.0,0.0,0.0,0.0,0.0,0.0,0.0,0.0,0.312,0.0,5.9,7.4,39257.0,0.0196285
2015-03-20,0.0,0.0,7.4,2.8,5.094,2735.5,1425.7,79.6,0.8,1.6,-0.8,0.697,0.106,0.2,0.0,0.0,0.0,0.0,0.0,0.0,0.0,0.0,0.311,0.0,6.2,9.3,21794.0,0.010897
2015-03-21,0.0,0.0,6.2,3.4,4.695,2587.3,717.3,80.2,0.3,1.2,-0.3,0.691,0.099,0.2,0.0,0.0,0.0,0.0,0.0,0.0,0.0,0.0,0.31,0.0,3.4,8.6,15591.0,0.0077955
2015-03-22,0.0,0.0,6.9,4.2,4.314,2410.9,1265.1,70.3,0.9,1.9,-0.9,0.682,0.081,0.2,0.0,0.0,0.0,0.0,0.0,0.0,0.0,0.0,0.309,0.0,5.7,9.8,23416.0,0.011708
2015-03-23,0.0,0.0,7.2,1.3,4.063,2412.4,1575.1,66.0,1.1,1.8,-1.1,0.671,0.036,0.2,0.0,0.0,0.0,0.0,0.0,0.0,0.0,0.0,0.308,0.0,0.9,12.6,41808.0,0.020904
2015-03-24,0.0,10.5,6.1,2.1,4.299,2486.2,369.8,74.4,0.3,1.1,10.2,0.692,-0.004,0.2,0.7,0.0,0.0,0.0,0.0,0.0,0.0,0.0,0.306,0.0,5.0,8.4,20681.0,0.0103405
2015-03-25,0.0,1.4,6.1,2.9,4.407,2591.7,962.3,76.3,1.8,1.5,-0.4,0.756,0.001,0.2,0.1,0.0,0.0,0.0,0.0,0.0,0.0,0.0,0.319,0.0,4.2,9.4,29180.0,0.01459
2015-03-26,0.0,1.6,5.3,3.4,4.695,2708.6,492.8,83.6,0.8,1.0,0.8,0.755,0.008,0.2,0.1,0.0,0.0,0.0,0.0,0.0,0.0,0.0,0.318,0.0,0.4,8.1,36553.0,0.0182765
2015-03-27,0.0,0.5,8.2,2.3,4.584,2443.6,911.5,68.9,0.9,1.7,-0.4,0.75,0.017,0.2,0.0,0.0,0.0,0.0,0.0,0.0,0.0,0.0,0.319,0.0,4.7,11.5,44797.0,0.0223985
2015-03-28,0.0,0.5,11.2,3.6,7.108,2951.7,445.4,85.4,0.2,1.1,0.3,0.752,0.033,0.2,0.0,0.0,0.0,0.0,0.0,0.0,0.0,0.0,0.318,0.0,7.4,13.9,28621.0,0.0143105
2015-03-29,0.0,8.1,11.8,7.1,7.484,3054.1,325.6,86.9,1.1,1.3,7.0,0.776,0.077,0.2,0.7,0.0,0.0,0.0,0.0,0.0,0.0,0.0,0.318,0.0,10.0,13.5,23184.0,0.011592
2015-03-30,0.0,0.5,11.4,5.4,5.981,2626.3,1104.6,72.0,2.0,2.5,-1.5,0.795,0.141,0.2,0.0,0.0,0.0,0.0,0.0,0.0,0.0,0.0,0.327,0.0,9.4,13.5,28655.0,0.0143275
2015-03-31,0.0,0.4,11.0,7.4,5.404,2620.0,1351.8,65.6,3.1,2.8,-2.7,0.775,0.209,0.2,0.0,0.0,0.0,0.0,0.0,0.0,0.0,0.0,0.324,0.0,9.4,12.4,37358.0,0.018679
2015-04-01,0.0,0.0,8.5,5.1,4.029,2237.7,1533.7,59.3,2.2,2.8,-2.2,0.749,0.282,0.2,0.0,0.0,0.0,0.0,0.0,0.0,0.0,0.0,0.32,0.0,5.8,10.7,49560.0,0.02478
2015-04-02,0.0,1.8,8.6,3.4,5.853,2742.3,511.1,84.6,0.6,1.2,1.2,0.749,0.375,0.2,0.1,0.0,0.0,0.0,0.0,0.0,0.0,0.0,0.317,0.0,8.1,9.0,40880.0,0.02044
2015-04-03,0.0,8.5,8.9,2.0,6.407,3026.6,350.2,90.6,0.7,0.9,7.8,0.783,0.495,0.2,0.8,0.0,0.0,0.0,0.0,0.0,0.0,0.0,0.318,0.0,8.0,10.3,36629.0,0.0183145
2015-04-04,0.0,0.1,8.1,3.8,5.705,2621.6,582.7,84.5,1.0,1.1,-0.9,0.811,0.599,0.2,0.0,0.0,0.0,0.0,0.0,0.0,0.0,0.0,0.328,0.0,6.5,10.4,29288.0,0.014644
2015-04-05,0.0,0.0,6.7,3.6,3.901,2332.1,1669.2,65.3,2.7,2.3,-2.7,0.787,0.684,0.2,0.0,0.0,0.0,0.0,0.0,0.0,0.0,0.0,0.326,0.0,2.6,10.0,61994.0,0.030997
2015-04-06,0.0,0.0,8.4,2.7,4.43,2491.0,1871.0,66.0,2.6,2.6,-2.6,0.759,0.717,0.2,0.0,0.0,0.0,0.0,0.0,0.0,0.0,0.0,0.322,0.0,2.1,13.6,64984.0,0.032492
2015-04-07,0.0,0.0,10.2,1.9,4.09,2413.4,2113.9,54.9,2.5,2.9,-2.5,0.733,0.73,0.2,0.0,0.0,0.0,0.0,0.0,0.0,0.0,0.0,0.318,0.0,5.3,15.1,67087.0,0.033543500000000004
2015-04-08,0.0,0.0,11.0,1.6,4.53,2615.4,1872.2,57.5,2.0,2.7,-2.0,0.711,0.705,0.2,0.0,0.0,0.0,0.0,0.0,0.0,0.0,0.0,0.314,0.0,4.3,16.7,67773.0,0.0338865
2015-04-09,0.0,0.0,12.7,1.3,4.5,2731.8,1875.3,52.3,2.0,2.9,-2.0,0.69,0.658,0.2,0.0,0.0,0.0,0.0,0.0,0.0,0.0,0.0,0.311,0.0,4.4,20.1,64875.0,0.0324375
2015-04-10,0.0,0.0,13.6,2.7,5.453,2686.9,1761.0,57.0,1.5,3.4,-1.5,0.673,0.597,0.2,0.0,0.0,0.0,0.0,0.0,0.0,0.0,0.0,0.308,0.0,6.2,20.2,53652.0,0.026826
2015-04-11,0.0,0.7,11.9,3.4,6.588,2614.6,752.1,76.2,0.3,1.7,0.4,0.667,0.558,0.2,0.0,0.0,0.0,0.0,0.0,0.0,0.0,0.0,0.306,0.0,11.2,13.8,41589.0,0.0207945
2015-04-12,0.0,0.0,12.6,1.6,6.554,2857.3,1543.7,73.5,1.4,2.3,-1.4,0.66,0.526,0.1,0.0,0.0,0.0,0.0,0.0,0.0,0.0,0.0,0.306,0.0,6.7,18.0,65093.0,0.0325465
2015-04-13,0.0,0.0,14.7,1.0,6.589,2855.9,1955.7,64.5,1.6,2.9,-1.6,0.644,0.471,0.1,0.0,0.0,0.0,0.0,0.0,0.0,0.0,0.0,0.304,0.0,8.7,19.7,65978.0,0.032989
2015-04-14,0.0,0.0,17.2,1.3,6.854,2992.2,1877.6,59.3,1.6,3.3,-1.6,0.627,0.387,0.1,0.0,0.0,0.0,0.0,0.0,0.0,0.0,0.0,0.302,0.0,10.1,23.5,66809.0,0.033404500000000004
2015-04-15,0.0,0.0,17.8,1.4,6.706,2907.4,1763.5,54.8,1.4,3.3,-1.4,0.612,0.305,0.1,0.0,0.0,0.0,0.0,0.0,0.0,0.0,0.0,0.299,0.0,12.2,24.1,59904.0,0.029952
2015-04-16,0.0,0.0,16.6,1.6,6.289,2835.7,1328.0,54.9,0.9,2.9,-0.9,0.601,0.235,0.1,0.0,0.0,0.0,0.0,0.0,0.0,0.0,0.0,0.297,0.0,10.2,22.7,32861.0,0.0164305
2015-04-17,0.0,0.0,14.3,2.0,6.37,2631.8,1383.8,62.6,0.7,2.7,-0.7,0.593,0.189,0.1,0.0,0.0,0.0,0.0,0.0,0.0,0.0,0.0,0.296,0.0,12.9,18.2,28741.0,0.0143705
2015-04-18,0.0,0.0,12.1,5.0,4.027,2210.1,2017.9,47.1,1.4,4.1,-1.4,0.58,0.146,0.1,0.0,0.0,0.0,0.0,0.0,0.0,0.0,0.0,0.295,0.0,8.1,15.3,51246.0,0.025623
2015-04-19,0.0,0.0,12.2,4.2,4.185,2282.4,2574.5,48.5,1.3,4.5,-1.3,0.567,0.103,0.1,0.0,0.0,0.0,0.0,0.0,0.0,0.0,0.0,0.293,0.0,7.0,16.7,40489.0,0.0202445
2015-04-20,0.0,0.0,14.6,3.3,4.801,2423.7,2360.4,48.9,1.2,4.5,-1.2,0.554,0.064,0.1,0.0,0.0,0.0,0.0,0.0,0.0,0.0,0.0,0.291,0.0,7.8,20.7,55096.0,0.027548
2015-04-21,0.0,0.0,15.5,3.6,5.865,2595.4,2368.9,55.4,1.1,4.4,-1.1,0.542,0.022,0.1,0.0,0.0,0.0,0.0,0.0,0.0,0.0,0.0,0.289,0.0,8.5,21.3,70376.0,0.035188
2015-04-22,0.0,0.0,14.5,3.9,5.683,2468.4,2679.4,56.8,1.2,4.7,-1.2,0.529,-0.026,0.1,0.0,0.0,0.0,0.0,0.0,0.0,0.0,0.0,0.287,0.0,9.0,19.9,55933.0,0.027966500000000002
2015-04-23,0.0,0.0,14.7,2.2,5.33,2618.5,2507.8,54.0,1.3,4.1,-1.3,0.517,-0.073,0.1,0.0,0.0,0.0,0.0,0.0,0.0,0.0,0.0,0.285,0.0,8.9,20.4,52207.0,0.0261035
2015-04-24,0.0,1.1,14.2,2.3,7.229,2857.5,1484.3,70.8,0.5,2.7,0.6,0.51,-0.125,0.1,0.0,0.0,0.0,0.0,0.0,0.0,0.0,0.0,0.283,0.0,8.8,19.2,57045.0,0.0285225
2015-04-25,0.0,2.3,15.2,2.9,8.133,2817.9,783.7,76.1,0.6,2.1,1.7,0.526,-0.165,0.1,0.1,0.0,0.0,0.0,0.0,0.0,0.0,0.0,0.284,0.0,12.3,17.8,36468.0,0.018234
2015-04-26,0.0,7.8,13.7,1.7,8.408,3189.9,884.8,86.2,1.5,1.7,6.3,0.55,-0.189,0.1,0.3,0.0,0.0,0.0,0.0,0.0,0.0,0.0,0.286,0.0,12.5,16.1,30966.0,0.015483
2015-04-27,0.0,0.0,11.5,5.2,5.564,2461.7,1383.1,67.0,2.3,2.8,-2.3,0.572,-0.195,0.1,0.0,0.0,0.0,0.0,0.0,0.0,0.0,0.0,0.294,0.0,9.4,13.6,27692.0,0.013846
2015-04-28,0.0,0.0,9.7,2.5,4.276,2263.3,2002.5,58.7,1.7,3.0,-1.7,0.553,-0.204,0.1,0.0,0.0,0.0,0.0,0.0,0.0,0.0,0.0,0.291,0.0,6.7,12.6,56001.0,0.0280005
2015-04-29,0.0,3.0,10.7,3.0,5.093,2471.8,1414.9,65.3,1.1,2.6,1.9,0.545,-0.213,0.1,0.1,0.0,0.0,0.0,0.0,0.0,0.0,0.0,0.289,0.0,6.2,14.5,56978.0,0.028489
2015-04-30,0.0,25.5,9.7,2.2,6.915,3160.5,451.0,92.4,1.4,1.0,24.1,0.678,-0.156,0.2,2.4,0.0,0.0,0.0,0.0,0.0,0.0,0.0,0.291,0.0,9.0,10.6,48479.0,0.0242395
2015-05-01,0.0,2.4,9.4,3.3,6.741,3067.6,565.1,92.2,1.3,1.0,1.1,0.773,-0.049,1.1,0.3,0.0,0.0,0.0,0.0,0.0,0.0,0.0,0.321,0.0,8.2,10.6,18807.0,0.0094035
2015-05-02,0.0,4.8,11.5,2.2,7.829,3174.9,429.7,92.6,0.7,1.0,4.1,0.773,0.06,0.9,0.7,0.0,0.0,0.0,0.0,0.0,0.0,0.0,0.321,0.0,8.8,13.7,36969.0,0.0184845
2015-05-03,0.0,5.6,15.7,3.7,9.42,3005.2,434.8,85.4,0.4,1.6,5.2,0.817,0.208,2.4,0.9,0.0,0.0,0.0,0.0,0.0,0.0,0.0,0.324,0.0,12.5,19.2,35618.0,0.017809
2015-05-04,0.0,7.0,15.8,3.1,8.85,3003.1,1701.9,79.4,3.2,3.0,3.8,0.808,0.37,1.3,1.0,0.0,0.0,0.0,0.0,0.0,0.0,0.0,0.327,0.0,12.5,18.4,34798.0,0.017399
2015-05-05,0.0,0.9,16.4,5.1,7.963,2749.3,1903.9,68.4,4.4,3.8,-3.5,0.799,0.545,0.9,0.1,0.0,0.0,0.0,0.0,0.0,0.0,0.0,0.329,0.0,16.5,17.8,42981.0,0.0214905
2015-05-06,0.0,1.2,12.8,5.3,6.08,2585.1,1591.8,66.8,3.4,3.3,-2.2,0.767,0.682,0.3,0.1,0.0,0.0,0.0,0.0,0.0,0.0,0.0,0.323,0.0,10.3,16.1,58766.0,0.029383
2015-05-07,0.0,0.0,13.2,2.2,5.655,2527.8,1785.0,61.5,2.9,3.1,-2.9,0.736,0.811,0.2,0.0,0.0,0.0,0.0,0.0,0.0,0.0,0.0,0.319,0.0,9.0,16.3,63501.0,0.0317505
2015-05-08,0.0,0.0,15.7,2.3,7.293,2662.6,557.0,65.4,0.1,2.0,-0.1,0.727,0.956,0.1,0.0,0.0,0.0,0.0,0.0,0.0,0.0,0.0,0.315,0.0,12.3,19.7,42840.0,0.02142
2015-05-09,0.0,0.0,17.0,4.0,7.428,2585.4,2136.2,63.0,3.5,4.3,-3.5,0.702,1.101,0.1,0.0,0.0,0.0,0.0,0.0,0.0,0.0,0.0,0.315,0.0,14.1,19.6,54777.0,0.0273885
2015-05-10,0.0,0.0,17.8,1.8,8.386,2917.2,2148.2,67.3,2.8,3.8,-2.8,0.671,1.154,0.1,0.0,0.0,0.0,0.0,0.0,0.0,0.0,0.0,0.309,0.0,13.4,21.9,69288.0,0.034644
2015-05-11,0.0,0.0,20.8,1.4,9.732,2910.2,1881.0,64.9,2.1,3.8,-2.1,0.648,1.138,0.1,0.0,0.0,0.0,0.0,0.0,0.0,0.0,0.0,0.305,0.0,14.4,25.9,64922.0,0.032461
2015-05-12,0.0,0.0,17.5,2.3,7.951,2809.3,1813.6,64.1,1.9,3.6,-1.9,0.629,1.079,0.1,0.0,0.0,0.0,0.0,0.0,0.0,0.0,0.0,0.302,0.0,15.8,20.6,61389.0,0.0306945
2015-05-13,0.0,0.6,16.5,1.7,6.938,2866.9,1362.0,59.3,1.3,3.0,-0.7,0.614,0.968,0.1,0.0,0.0,0.0,0.0,0.0,0.0,0.0,0.0,0.3,0.0,12.3,20.3,56687.0,0.0283435
2015-05-14,0.0,6.2,14.0,2.5,7.508,2708.1,1095.3,75.8,1.1,2.3,5.1,0.62,0.831,0.1,0.4,0.0,0.0,0.0,0.0,0.0,0.0,0.0,0.298,0.0,13.0,16.9,42262.0,0.021131
2015-05-15,0.0,0.0,11.8,3.4,6.888,2835.0,1203.7,80.4,1.7,2.1,-1.7,0.646,0.697,0.1,0.0,0.0,0.0,0.0,0.0,0.0,0.0,0.0,0.305,0.0,10.1,14.5,44830.0,0.022415
2015-05-16,0.0,0.0,12.8,2.7,7.215,2914.0,1122.6,78.6,1.1,2.2,-1.1,0.634,0.575,0.1,0.0,0.0,0.0,0.0,0.0,0.0,0.0,0.0,0.302,0.0,9.1,16.7,47640.0,0.02382
2015-05-17,0.0,0.0,14.2,1.7,6.355,2595.4,2378.5,64.0,2.2,3.7,-2.2,0.614,0.482,0.1,0.0,0.0,0.0,0.0,0.0,0.0,0.0,0.0,0.301,0.0,9.9,18.4,65333.0,0.0326665
2015-05-18,0.0,2.1,14.4,4.0,6.669,2771.2,1937.4,66.7,2.0,4.1,0.1,0.6,0.397,0.1,0.1,0.0,0.0,0.0,0.0,0.0,0.0,0.0,0.297,0.0,10.9,20.5,66909.0,0.0334545
2015-05-19,0.0,2.1,10.9,4.8,5.371,2532.7,2264.9,67.3,2.2,3.7,-0.1,0.595,0.332,0.1,0.1,0.0,0.0,0.0,0.0,0.0,0.0,0.0,0.297,0.0,8.8,15.0,41113.0,0.0205565
2015-05-20,0.0,0.9,10.8,3.4,5.422,2577.8,1710.9,68.5,2.2,2.9,-1.3,0.596,0.297,0.1,0.0,0.0,0.0,0.0,0.0,0.0,0.0,0.0,0.297,0.0,7.8,13.3,57676.0,0.028838
2015-05-21,0.0,0.0,13.3,2.2,5.921,2599.9,2284.8,63.6,1.8,3.7,-1.8,0.578,0.227,0.1,0.0,0.0,0.0,0.0,0.0,0.0,0.0,0.0,0.295,0.0,9.5,17.2,63817.0,0.0319085
2015-05-22,0.0,0.0,14.7,1.8,6.513,2768.5,2257.0,64.0,1.6,3.8,-1.6,0.561,0.152,0.1,0.0,0.0,0.0,0.0,0.0,0.0,0.0,0.0,0.292,0.0,10.1,18.5,66728.0,0.033364
2015-05-23,0.0,0.0,16.3,2.7,7.973,2910.7,1788.5,70.0,1.1,3.6,-1.1,0.548,0.089,0.1,0.0,0.0,0.0,0.0,0.0,0.0,0.0,0.0,0.29,0.0,13.0,20.1,51179.0,0.0255895
2015-05-24,0.0,0.4,16.7,2.5,7.279,2648.9,2321.2,62.3,1.5,4.3,-1.1,0.534,0.037,0.1,0.0,0.0,0.0,0.0,0.0,0.0,0.0,0.0,0.288,0.0,13.0,20.2,54791.0,0.0273955
2015-05-25,0.0,0.0,15.9,3.4,7.499,2810.0,1752.5,67.3,1.2,3.6,-1.2,0.525,-0.023,0.1,0.0,0.0,0.0,0.0,0.0,0.0,0.0,0.0,0.286,0.0,14.2,19.6,47617.0,0.0238085
2015-05-26,0.0,0.0,14.9,3.0,6.475,2609.4,2253.9,61.9,1.3,4.0,-1.3,0.512,-0.083,0.1,0.0,0.0,0.0,0.0,0.0,0.0,0.0,0.0,0.285,0.0,13.0,17.0,52284.0,0.026142
2015-05-27,0.0,0.0,16.5,1.7,6.737,2660.0,2156.3,59.2,1.3,3.8,-1.3,0.499,-0.145,0.1,0.0,0.0,0.0,0.0,0.0,0.0,0.0,0.0,0.283,0.0,12.5,19.6,71800.0,0.0359
2015-05-28,0.0,0.0,15.8,2.9,7.117,2603.9,1118.5,64.1,0.4,2.8,-0.4,0.493,-0.197,0.1,0.0,0.0,0.0,0.0,0.0,0.0,0.0,0.0,0.281,0.0,14.1,17.3,69051.0,0.0345255
2015-05-29,0.0,1.4,15.3,3.4,6.656,2705.9,1670.8,62.4,1.1,3.6,0.3,0.487,-0.241,0.0,0.0,0.0,0.0,0.0,0.0,0.0,0.0,0.0,0.28,0.0,13.2,18.0,59795.0,0.0298975
2015-05-30,0.0,0.0,15.2,2.5,6.076,2509.1,2029.2,58.1,1.5,3.7,-1.5,0.482,-0.27,0.0,0.0,0.0,0.0,0.0,0.0,0.0,0.0,0.0,0.281,0.0,11.7,17.9,56749.0,0.0283745
2015-05-31,0.0,4.3,15.2,4.6,8.726,3041.0,906.0,80.8,1.1,2.5,3.2,0.496,-0.268,0.0,0.1,0.0,0.0,0.0,0.0,0.0,0.0,0.0,0.278,0.0,14.6,16.6,56216.0,0.028108
2015-06-01,0.0,0.0,14.4,3.2,5.981,2550.6,1821.3,60.0,1.8,3.6,-1.8,0.494,-0.269,0.0,0.0,0.0,0.0,0.0,0.0,0.0,0.0,0.0,0.283,0.0,10.9,17.2,50897.0,0.0254485
2015-06-02,0.0,0.0,18.2,5.7,8.269,3007.7,1258.5,63.4,1.0,3.9,-1.0,0.483,-0.299,0.0,0.0,0.0,0.0,0.0,0.0,0.0,0.0,0.0,0.28,0.0,13.9,22.4,63629.0,0.0318145
2015-06-03,0.0,0.0,17.6,2.6,7.5,2881.0,1688.5,60.6,1.3,3.7,-1.3,0.47,-0.336,0.0,0.0,0.0,0.0,0.0,0.0,0.0,0.0,0.0,0.278,0.0,14.7,20.3,66144.0,0.033072
2015-06-04,0.0,0.0,20.8,2.0,8.378,2890.8,2970.5,55.0,1.9,5.7,-1.9,0.453,-0.364,0.0,0.0,0.0,0.0,0.0,0.0,0.0,0.0,0.0,0.277,0.0,14.1,26.8,72114.0,0.036057
2015-06-05,0.0,0.4,23.5,2.5,10.68,3129.8,2487.8,59.5,1.6,6.1,-1.2,0.438,-0.385,0.0,0.0,0.0,0.0,0.0,0.0,0.0,0.0,0.0,0.274,0.0,20.3,32.5,69047.0,0.0345235
2015-06-06,0.0,0.0,17.7,3.9,6.622,2743.2,3119.4,53.6,1.9,5.6,-1.9,0.423,-0.408,0.0,0.0,0.0,0.0,0.0,0.0,0.0,0.0,0.0,0.272,0.0,14.4,20.9,67193.0,0.0335965
2015-06-07,0.0,0.0,16.9,4.1,6.232,2507.9,2561.9,52.8,1.1,5.1,-1.1,0.41,-0.437,0.0,0.0,0.0,0.0,0.0,0.0,0.0,0.0,0.0,0.269,0.0,12.2,21.0,66920.0,0.033460000000000004
2015-06-08,0.0,0.0,15.6,5.9,6.014,2577.6,3084.7,55.5,1.2,5.6,-1.2,0.399,-0.481,0.0,0.0,0.0,0.0,0.0,0.0,0.0,0.0,0.0,0.268,0.0,11.5,19.4,67246.0,0.033623
2015-06-09,0.0,0.0,15.3,6.2,5.856,2628.7,2551.6,55.1,0.9,5.1,-0.9,0.389,-0.535,0.0,0.0,0.0,0.0,0.0,0.0,0.0,0.0,0.0,0.266,0.0,11.0,18.9,59289.0,0.0296445
2015-06-10,0.0,0.0,18.1,4.7,7.076,2694.4,2073.4,54.4,0.8,4.9,-0.8,0.381,-0.605,0.0,0.0,0.0,0.0,0.0,0.0,0.0,0.0,0.0,0.265,0.0,12.0,21.8,41029.0,0.0205145
2015-06-11,0.0,0.2,23.4,2.3,11.16,3019.9,2248.5,62.2,1.0,5.0,-0.8,0.372,-0.689,0.0,0.0,0.0,0.0,0.0,0.0,0.0,0.0,0.0,0.264,0.0,17.6,27.7,55657.0,0.0278285
2015-06-12,0.0,0.0,22.4,3.8,10.743,2939.6,1761.7,64.2,1.0,4.8,-1.0,0.364,-0.784,0.0,0.0,0.0,0.0,0.0,0.0,0.0,0.0,0.0,0.263,0.0,21.2,27.0,37608.0,0.018804
2015-06-13,0.0,0.0,20.9,2.9,8.591,2621.7,2410.3,57.0,1.0,5.2,-1.0,0.354,-0.865,0.0,0.0,0.0,0.0,0.0,0.0,0.0,0.0,0.0,0.261,0.0,17.3,24.5,53557.0,0.0267785
2015-06-14,0.0,0.0,19.1,3.8,8.174,2906.4,1053.3,59.9,0.4,3.7,-0.4,0.348,-0.947,0.0,0.0,0.0,0.0,0.0,0.0,0.0,0.0,0.0,0.26,0.0,15.6,22.8,44849.0,0.0224245
2015-06-15,0.0,0.0,17.6,4.0,8.478,2869.3,1480.8,68.2,0.5,3.5,-0.5,0.344,-1.024,0.0,0.0,0.0,0.0,0.0,0.0,0.0,0.0,0.0,0.259,0.0,15.4,20.7,46413.0,0.0232065
2015-06-16,0.0,0.0,16.8,3.9,6.42,2730.2,2194.1,55.2,1.0,4.6,-1.0,0.336,-1.06,0.0,0.0,0.0,0.0,0.0,0.0,0.0,0.0,0.0,0.258,0.0,12.8,20.4,44143.0,0.0220715
2015-06-17,0.0,0.0,19.4,2.6,8.009,2833.8,2199.8,57.4,0.8,4.6,-0.8,0.327,-1.075,0.0,0.0,0.0,0.0,0.0,0.0,0.0,0.0,0.0,0.257,0.0,14.3,23.5,73390.0,0.036695
2015-06-18,0.0,0.0,17.8,3.6,9.902,2997.4,1043.6,78.3,0.2,2.6,-0.2,0.323,-1.068,0.0,0.0,0.0,0.0,0.0,0.0,0.0,0.0,0.0,0.256,0.0,17.1,19.2,56095.0,0.0280475
2015-06-19,0.0,0.0,17.1,3.1,7.377,2721.4,2424.2,62.2,0.8,4.6,-0.8,0.316,-1.083,0.0,0.0,0.0,0.0,0.0,0.0,0.0,0.0,0.0,0.255,0.0,14.3,20.9,63326.0,0.031663
2015-06-20,0.0,0.0,17.8,2.5,8.165,2903.6,1654.2,65.0,0.5,3.5,-0.5,0.311,-1.131,0.0,0.0,0.0,0.0,0.0,0.0,0.0,0.0,0.0,0.254,0.0,13.4,21.0,69263.0,0.0346315
2015-06-21,0.0,0.0,18.5,3.6,9.02,2732.9,1649.3,68.3,0.4,3.7,-0.4,0.307,-1.158,0.0,0.0,0.0,0.0,0.0,0.0,0.0,0.0,0.0,0.254,0.0,16.9,20.8,66681.0,0.0333405
2015-06-22,0.0,4.9,15.0,3.9,7.846,2746.5,1006.7,74.7,0.5,2.7,4.4,0.314,-1.167,0.0,0.1,0.0,0.0,0.0,0.0,0.0,0.0,0.0,0.253,0.0,13.9,18.0,63404.0,0.031702
2015-06-23,0.0,0.0,15.3,3.5,7.334,2903.2,2193.5,69.4,2.0,4.0,-2.0,0.331,-1.167,0.0,0.0,0.0,0.0,0.0,0.0,0.0,0.0,0.0,0.259,0.0,11.9,18.6,65879.0,0.0329395
2015-06-24,0.0,0.0,18.9,0.8,7.781,2833.6,2301.2,59.5,1.3,4.0,-1.3,0.317,-1.139,0.0,0.0,0.0,0.0,0.0,0.0,0.0,0.0,0.0,0.256,0.0,12.1,23.8,76763.0,0.0383815
2015-06-25,0.0,0.0,22.7,1.1,8.695,2794.9,1929.8,52.3,1.0,4.1,-1.0,0.307,-1.156,0.0,0.0,0.0,0.0,0.0,0.0,0.0,0.0,0.0,0.254,0.0,17.6,27.8,74121.0,0.0370605
2015-06-26,0.0,0.0,24.1,1.9,9.392,2918.9,2029.2,51.9,1.0,5.0,-1.0,0.297,-1.162,0.0,0.0,0.0,0.0,0.0,0.0,0.0,0.0,0.0,0.253,0.0,18.5,29.7,71513.0,0.0357565
2015-06-27,0.0,0.0,21.2,2.8,8.004,2737.5,2796.9,52.3,1.0,5.8,-1.0,0.287,-1.142,0.0,0.0,0.0,0.0,0.0,0.0,0.0,0.0,0.0,0.251,0.0,18.8,24.1,63561.0,0.0317805
2015-06-28,0.0,0.0,23.7,2.1,7.923,2765.0,2667.6,45.0,0.9,5.9,-0.9,0.278,-1.122,0.0,0.0,0.0,0.0,0.0,0.0,0.0,0.0,0.0,0.25,0.0,17.3,29.9,75338.0,0.037669
2015-06-29,0.0,0.0,23.3,2.1,8.662,2787.1,2726.0,49.9,0.7,5.9,-0.7,0.271,-1.126,0.0,0.0,0.0,0.0,0.0,0.0,0.0,0.0,0.0,0.249,0.0,17.9,29.5,72792.0,0.036396
2015-06-30,0.0,0.0,26.3,2.4,8.965,3165.4,3267.6,44.4,1.1,7.4,-1.1,0.261,-1.156,0.0,0.0,0.0,0.0,0.0,0.0,0.0,0.0,0.0,0.248,0.0,19.5,32.3,72747.0,0.0363735
2015-07-01,0.0,0.0,31.1,2.6,11.777,3318.3,2777.4,42.5,0.6,7.5,-0.6,0.253,-1.203,0.0,0.0,0.0,0.0,0.0,0.0,0.0,0.0,0.0,0.246,0.0,22.9,36.8,68728.0,0.034364
2015-07-02,0.0,0.0,26.2,2.5,12.703,3093.6,2535.1,60.4,0.4,5.8,-0.4,0.249,-1.267,0.0,0.0,0.0,0.0,0.0,0.0,0.0,0.0,0.0,0.245,0.0,22.2,30.3,58142.0,0.029071
2015-07-03,0.0,0.0,27.8,2.7,13.023,3110.0,2679.5,57.2,0.4,6.7,-0.4,0.244,-1.306,0.0,0.0,0.0,0.0,0.0,0.0,0.0,0.0,0.0,0.244,0.0,19.8,34.9,65696.0,0.032848
2015-07-04,0.0,0.3,28.0,1.8,12.946,3142.2,2002.4,55.3,0.8,5.0,-0.5,0.24,-1.325,0.0,0.0,0.0,0.0,0.0,0.0,0.0,0.0,0.0,0.244,0.0,26.1,31.1,66783.0,0.0333915
2015-07-05,0.0,0.6,21.3,3.1,9.376,2973.3,1374.6,59.8,0.3,4.0,0.3,0.237,-1.332,0.0,0.0,0.0,0.0,0.0,0.0,0.0,0.0,0.0,0.243,0.0,20.2,23.9,62160.0,0.03108
2015-07-06,0.0,0.0,24.1,1.3,9.082,3108.3,3017.1,51.3,1.2,5.9,-1.2,0.232,-1.317,0.0,0.0,0.0,0.0,0.0,0.0,0.0,0.0,0.0,0.243,0.0,16.3,31.0,71032.0,0.035516
2015-07-07,0.0,0.5,21.7,3.2,9.59,3119.3,1452.9,60.2,0.4,4.1,0.1,0.229,-1.343,0.0,0.0,0.0,0.0,0.0,0.0,0.0,0.0,0.0,0.242,0.0,18.6,25.9,60350.0,0.030175
2015-07-08,0.0,0.0,17.6,5.0,7.877,2815.4,1912.4,63.3,0.4,4.3,-0.4,0.227,-1.374,0.0,0.0,0.0,0.0,0.0,0.0,0.0,0.0,0.0,0.242,0.0,16.5,19.0,55072.0,0.027536
2015-07-09,0.0,0.0,18.4,3.5,6.947,2724.6,2539.6,53.9,0.7,5.2,-0.7,0.221,-1.408,0.0,0.0,0.0,0.0,0.0,0.0,0.0,0.0,0.0,0.241,0.0,15.8,22.0,70601.0,0.0353005
2015-07-10,0.0,0.0,21.7,2.3,6.413,2907.9,3232.1,42.1,0.8,6.5,-0.8,0.213,-1.434,0.0,0.0,0.0,0.0,0.0,0.0,0.0,0.0,0.0,0.24,0.0,14.3,28.1,74661.0,0.0373305
2015-07-11,0.0,0.0,22.1,2.9,7.737,2887.1,2878.9,46.5,0.3,6.2,-0.3,0.209,-1.451,0.0,0.0,0.0,0.0,0.0,0.0,0.0,0.0,0.0,0.239,0.0,18.5,27.4,63160.0,0.03158
2015-07-12,0.0,0.0,20.2,2.5,8.337,2903.6,1565.5,57.3,0.2,4.0,-0.2,0.206,-1.464,0.0,0.0,0.0,0.0,0.0,0.0,0.0,0.0,0.0,0.239,0.0,17.1,23.8,64151.0,0.0320755
2015-07-13,0.0,0.0,22.0,3.2,9.848,3141.6,1818.0,60.0,0.3,4.5,-0.3,0.204,-1.466,0.0,0.0,0.0,0.0,0.0,0.0,0.0,0.0,0.0,0.238,0.0,19.5,24.4,63383.0,0.0316915
2015-07-14,0.0,0.0,22.3,2.7,10.441,3104.9,1943.9,62.9,0.3,4.5,-0.3,0.201,-1.457,0.0,0.0,0.0,0.0,0.0,0.0,0.0,0.0,0.0,0.238,0.0,19.4,25.3,64907.0,0.0324535
2015-07-15,0.0,0.0,25.2,1.8,11.541,3177.8,2245.8,58.9,0.5,5.0,-0.5,0.197,-1.431,0.0,0.0,0.0,0.0,0.0,0.0,0.0,0.0,0.0,0.238,0.0,19.9,30.4,67317.0,0.0336585
2015-07-16,0.0,0.0,28.1,2.7,11.14,3209.9,2812.4,50.5,0.7,7.0,-0.7,0.191,-1.444,0.0,0.0,0.0,0.0,0.0,0.0,0.0,0.0,0.0,0.237,0.0,20.4,34.7,64111.0,0.0320555
2015-07-17,0.0,0.0,24.0,3.8,11.668,3035.4,2654.5,63.2,0.2,5.9,-0.2,0.187,-1.493,0.0,0.0,0.0,0.0,0.0,0.0,0.0,0.0,0.0,0.236,0.0,20.2,28.4,61778.0,0.030889
2015-07-18,0.0,7.8,22.8,1.4,10.218,2958.3,1980.1,60.7,0.7,4.3,7.1,0.197,-1.53,0.0,0.1,0.0,0.0,0.0,0.0,0.0,0.0,0.0,0.236,0.0,19.1,28.4,55173.0,0.0275865
2015-07-19,0.0,1.7,21.3,3.0,11.988,3268.4,1489.6,76.4,2.4,3.3,-0.7,0.246,-1.491,0.0,0.0,0.0,0.0,0.0,0.0,0.0,0.0,0.0,0.245,0.0,16.1,24.2,52169.0,0.0260845
2015-07-20,0.0,0.0,23.5,3.2,12.909,3270.5,790.2,72.0,0.9,2.8,-0.9,0.242,-1.433,0.0,0.0,0.0,0.0,0.0,0.0,0.0,0.0,0.0,0.244,0.0,20.6,26.6,56231.0,0.0281155
2015-07-21,0.0,0.1,25.1,2.4,13.157,3155.4,1930.9,66.8,1.3,4.6,-1.2,0.231,-1.408,0.0,0.0,0.0,0.0,0.0,0.0,0.0,0.0,0.0,0.243,0.0,21.5,29.8,60390.0,0.030195
2015-07-22,0.0,0.0,22.5,3.2,8.753,3066.9,1794.6,52.3,1.1,4.8,-1.1,0.22,-1.363,0.0,0.0,0.0,0.0,0.0,0.0,0.0,0.0,0.0,0.242,0.0,20.4,26.0,46491.0,0.0232455
2015-07-23,0.0,0.0,20.5,2.4,8.015,2799.9,1963.6,54.5,0.7,4.3,-0.7,0.213,-1.321,0.0,0.0,0.0,0.0,0.0,0.0,0.0,0.0,0.0,0.24,0.0,16.9,23.4,64758.0,0.032379
2015-07-24,0.0,0.8,22.0,3.6,9.158,2970.7,1170.0,56.1,0.5,4.3,0.3,0.209,-1.285,0.0,0.0,0.0,0.0,0.0,0.0,0.0,0.0,0.0,0.239,0.0,17.5,27.3,53309.0,0.0266545
2015-07-25,0.0,0.0,17.5,4.2,7.345,2851.9,1957.2,59.5,1.1,4.2,-1.1,0.206,-1.238,0.0,0.0,0.0,0.0,0.0,0.0,0.0,0.0,0.0,0.24,0.0,15.8,19.4,57472.0,0.028736
2015-07-26,0.0,7.0,16.4,4.0,8.275,3023.6,815.6,70.5,1.3,2.6,5.7,0.222,-1.234,0.0,0.1,0.0,0.0,0.0,0.0,0.0,0.0,0.0,0.238,0.0,13.0,19.3,51117.0,0.0255585
2015-07-27,0.0,0.0,18.9,5.6,8.8,2962.2,1612.1,65.6,2.2,3.9,-2.2,0.241,-1.207,0.0,0.0,0.0,0.0,0.0,0.0,0.0,0.0,0.0,0.246,0.0,15.8,21.2,50979.0,0.0254895
2015-07-28,0.0,0.5,15.6,4.1,7.441,2634.8,2131.4,68.2,1.0,3.9,-0.5,0.23,-1.167,0.0,0.0,0.0,0.0,0.0,0.0,0.0,0.0,0.0,0.243,0.0,14.1,17.7,53837.0,0.0269185
2015-07-29,0.0,0.0,17.2,3.3,6.981,2681.3,2376.6,59.1,1.3,4.5,-1.3,0.221,-1.175,0.0,0.0,0.0,0.0,0.0,0.0,0.0,0.0,0.0,0.242,0.0,13.6,20.9,45789.0,0.0228945
2015-07-30,0.0,0.0,17.0,2.7,6.438,2685.8,2410.8,55.1,0.9,4.5,-0.9,0.212,-1.209,0.0,0.0,0.0,0.0,0.0,0.0,0.0,0.0,0.0,0.24,0.0,14.0,20.5,51708.0,0.025854000000000002
2015-07-31,0.0,0.0,18.0,2.3,6.733,2650.2,1962.1,54.2,0.5,4.0,-0.5,0.206,-1.254,0.0,0.0,0.0,0.0,0.0,0.0,0.0,0.0,0.0,0.239,0.0,12.9,21.9,50355.0,0.0251775
2015-08-01,0.0,0.0,20.0,2.2,6.901,2629.4,2151.4,49.1,0.7,4.6,-0.7,0.199,-1.268,0.0,0.0,0.0,0.0,0.0,0.0,0.0,0.0,0.0,0.238,0.0,14.8,24.5,52249.0,0.0261245
2015-08-02,0.0,0.0,22.6,2.2,7.393,2800.8,2373.3,45.2,0.6,5.4,-0.6,0.193,-1.29,0.0,0.0,0.0,0.0,0.0,0.0,0.0,0.0,0.0,0.237,0.0,15.0,28.9,72962.0,0.036481
2015-08-03,0.0,1.3,26.4,2.3,8.916,3031.5,2115.8,43.7,0.6,5.7,0.7,0.189,-1.309,0.0,0.0,0.0,0.0,0.0,0.0,0.0,0.0,0.0,0.236,0.0,19.3,32.5,66864.0,0.033431999999999996
2015-08-04,0.0,0.0,20.7,3.2,9.073,2989.9,1663.6,60.7,0.9,4.0,-0.9,0.191,-1.312,0.0,0.0,0.0,0.0,0.0,0.0,0.0,0.0,0.0,0.237,0.0,17.6,23.5,46226.0,0.023113
2015-08-05,0.0,0.0,23.7,2.6,9.556,2831.4,2017.8,53.5,0.5,5.2,-0.5,0.185,-1.305,0.0,0.0,0.0,0.0,0.0,0.0,0.0,0.0,0.0,0.236,0.0,16.4,30.6,67690.0,0.033845
2015-08-06,0.0,0.0,24.1,2.2,10.049,2923.3,2116.8,55.3,0.5,5.0,-0.5,0.18,-1.32,0.0,0.0,0.0,0.0,0.0,0.0,0.0,0.0,0.0,0.235,0.0,19.7,29.5,64703.0,0.0323515
2015-08-07,0.0,1.1,22.5,2.6,9.475,3060.0,1865.9,56.2,0.4,4.5,0.7,0.179,-1.361,0.0,0.0,0.0,0.0,0.0,0.0,0.0,0.0,0.0,0.235,0.0,16.8,27.1,57858.0,0.028929
2015-08-08,0.0,0.2,22.7,2.9,9.238,3048.4,1291.3,54.9,0.8,3.7,-0.6,0.18,-1.377,0.0,0.0,0.0,0.0,0.0,0.0,0.0,0.0,0.0,0.235,0.0,18.2,26.2,30649.0,0.0153245
2015-08-09,0.0,0.8,22.2,2.7,9.958,3109.7,516.2,60.8,0.3,2.6,0.5,0.184,-1.376,0.0,0.0,0.0,0.0,0.0,0.0,0.0,0.0,0.0,0.235,0.0,19.3,25.0,39309.0,0.019654500000000002
2015-08-10,0.0,0.0,22.6,2.0,10.193,2885.8,1920.1,59.7,0.7,4.2,-0.7,0.179,-1.39,0.0,0.0,0.0,0.0,0.0,0.0,0.0,0.0,0.0,0.235,0.0,17.1,27.7,54678.0,0.027339
2015-08-11,0.0,0.0,24.2,3.2,11.684,2882.7,992.3,63.3,0.2,3.5,-0.2,0.176,-1.375,0.0,0.0,0.0,0.0,0.0,0.0,0.0,0.0,0.0,0.234,0.0,19.9,27.7,59136.0,0.029568
2015-08-12,0.0,0.3,26.4,2.7,12.654,3165.7,1594.9,60.2,0.8,4.4,-0.5,0.172,-1.394,0.0,0.0,0.0,0.0,0.0,0.0,0.0,0.0,0.0,0.234,0.0,20.5,31.1,61869.0,0.0309345
2015-08-13,0.0,4.5,23.5,2.1,12.728,3259.8,1145.2,71.9,0.4,3.1,4.1,0.179,-1.435,0.0,0.0,0.0,0.0,0.0,0.0,0.0,0.0,0.0,0.233,0.0,21.6,28.2,36592.0,0.018296
2015-08-14,0.0,12.5,19.6,3.1,11.759,3358.7,529.9,83.4,1.4,2.0,11.1,0.232,-1.433,0.0,0.1,0.0,0.0,0.0,0.0,0.0,0.0,0.0,0.239,0.0,18.0,22.9,34633.0,0.0173165
2015-08-15,0.0,0.1,17.5,3.5,9.3,2915.0,830.3,75.6,1.4,2.3,-1.3,0.304,-1.355,0.0,0.3,0.0,0.0,0.0,0.0,0.0,0.0,0.0,0.254,0.0,15.5,19.2,45848.0,0.022924
2015-08-16,0.0,0.0,17.3,2.0,8.038,2826.0,1585.1,66.6,2.2,3.1,-2.2,0.284,-1.321,0.0,0.0,0.0,0.0,0.0,0.0,0.0,0.0,0.0,0.252,0.0,13.6,20.1,57507.0,0.0287535
2015-08-17,0.0,0.0,18.0,2.8,7.484,2659.9,1302.7,59.3,1.5,3.4,-1.5,0.268,-1.257,0.0,0.0,0.0,0.0,0.0,0.0,0.0,0.0,0.0,0.249,0.0,15.6,21.2,54690.0,0.027345
2015-08-18,0.0,0.0,17.3,1.0,7.796,2713.6,1121.6,64.8,1.0,2.3,-1.0,0.257,-1.18,0.0,0.0,0.0,0.0,0.0,0.0,0.0,0.0,0.0,0.247,0.0,14.3,20.4,54299.0,0.0271495
2015-08-19,0.0,0.8,19.6,1.6,8.321,2787.3,1240.1,60.7,1.1,3.0,-0.3,0.247,-1.13,0.0,0.0,0.0,0.0,0.0,0.0,0.0,0.0,0.0,0.246,0.0,14.2,24.1,62502.0,0.031251
2015-08-20,0.0,6.9,19.6,1.2,11.674,3245.9,544.0,82.4,0.6,1.5,6.3,0.303,-1.012,0.0,0.3,0.0,0.0,0.0,0.0,0.0,0.0,0.0,0.245,0.0,17.1,22.4,62274.0,0.031136999999999998
2015-08-21,0.0,0.0,22.6,1.7,11.241,3202.7,1868.2,68.2,2.7,3.8,-2.7,0.29,-0.896,0.0,0.0,0.0,0.0,0.0,0.0,0.0,0.0,0.0,0.253,0.0,16.5,27.5,67716.0,0.033858
2015-08-22,0.0,0.0,24.0,2.8,9.533,3105.9,2280.2,53.5,2.4,5.2,-2.4,0.264,-0.798,0.0,0.0,0.0,0.0,0.0,0.0,0.0,0.0,0.0,0.25,0.0,18.1,29.4,56248.0,0.028124
2015-08-23,0.0,5.1,20.3,2.1,9.938,2970.5,852.4,67.0,1.3,2.4,3.8,0.27,-0.697,0.0,0.1,0.0,0.0,0.0,0.0,0.0,0.0,0.0,0.246,0.0,18.2,22.3,32642.0,0.016321
2015-08-24,0.0,10.6,16.4,6.1,9.525,3197.1,593.4,81.7,2.4,1.9,8.2,0.361,-0.569,0.0,0.8,0.0,0.0,0.0,0.0,0.0,0.0,0.0,0.251,0.0,15.7,18.5,39038.0,0.019518999999999998
2015-08-25,0.0,0.5,16.9,4.9,9.079,2891.1,1201.9,75.9,2.1,2.8,-1.6,0.351,-0.52,0.1,0.0,0.0,0.0,0.0,0.0,0.0,0.0,0.0,0.262,0.0,12.1,20.1,59409.0,0.029704500000000002
2015-08-26,0.0,4.8,22.1,4.6,10.939,3078.1,1229.1,68.0,2.3,4.0,2.5,0.338,-0.468,0.0,0.0,0.0,0.0,0.0,0.0,0.0,0.0,0.0,0.259,0.0,15.8,27.3,61410.0,0.030705
2015-08-27,0.0,21.8,15.1,2.3,9.831,3381.3,437.2,92.2,1.6,1.1,20.2,0.458,-0.315,0.4,2.2,0.0,0.0,0.0,0.0,0.0,0.0,0.0,0.262,0.0,14.4,14.9,46305.0,0.0231525
2015-08-28,0.0,0.0,17.8,1.0,9.854,3244.0,1367.1,79.0,2.9,2.4,-2.9,0.498,-0.133,2.3,0.6,0.0,0.0,0.0,0.0,0.0,0.0,0.0,0.285,0.0,14.4,20.7,54201.0,0.0271005
2015-08-29,0.0,0.0,22.8,1.7,13.011,3376.2,1970.0,75.3,3.7,3.7,-3.7,0.456,0.023,0.6,0.0,0.0,0.0,0.0,0.0,0.0,0.0,0.0,0.279,0.0,15.9,28.6,62140.0,0.03107
2015-08-30,0.0,0.0,25.6,1.9,13.413,3362.4,1610.5,67.9,3.1,3.9,-3.1,0.421,0.121,0.2,0.0,0.0,0.0,0.0,0.0,0.0,0.0,0.0,0.273,0.0,20.7,31.4,61371.0,0.0306855
2015-08-31,0.0,1.9,22.3,2.3,12.528,3278.5,824.0,75.1,1.6,2.5,0.3,0.409,0.222,0.1,0.1,0.0,0.0,0.0,0.0,0.0,0.0,0.0,0.269,0.0,20.3,26.0,43156.0,0.021578
2015-09-01,0.0,0.1,17.8,3.9,9.487,3044.2,1387.1,75.1,3.0,2.8,-2.9,0.395,0.34,0.1,0.1,0.0,0.0,0.0,0.0,0.0,0.0,0.0,0.269,0.0,16.6,20.1,42909.0,0.0214545
2015-09-02,0.0,0.1,15.7,2.0,7.669,2852.6,1643.2,70.7,2.7,2.9,-2.6,0.367,0.424,0.0,0.0,0.0,0.0,0.0,0.0,0.0,0.0,0.0,0.265,0.0,11.7,20.3,52535.0,0.0262675
2015-09-03,0.0,0.0,14.9,2.5,6.835,2764.4,1617.5,66.4,2.0,2.8,-2.0,0.346,0.415,0.0,0.0,0.0,0.0,0.0,0.0,0.0,0.0,0.0,0.261,0.0,10.6,18.7,43787.0,0.0218935
2015-09-04,0.0,0.0,14.4,2.5,6.912,2737.2,1039.1,68.2,1.2,2.3,-1.2,0.332,0.383,0.0,0.0,0.0,0.0,0.0,0.0,0.0,0.0,0.0,0.258,0.0,11.8,16.8,45453.0,0.0227265
2015-09-05,0.0,0.8,15.0,2.3,7.476,2849.9,1021.7,71.1,1.4,2.3,-0.6,0.326,0.386,0.0,0.0,0.0,0.0,0.0,0.0,0.0,0.0,0.0,0.256,0.0,13.2,17.5,47646.0,0.023823
2015-09-06,0.0,0.0,13.6,2.9,6.27,2712.2,1686.9,65.9,1.5,2.8,-1.5,0.312,0.276,0.0,0.0,0.0,0.0,0.0,0.0,0.0,0.0,0.0,0.256,0.0,10.8,16.3,57721.0,0.0288605
2015-09-07,0.0,0.0,14.5,2.5,7.337,2901.2,1622.0,72.4,1.2,2.7,-1.2,0.301,0.116,0.0,0.0,0.0,0.0,0.0,0.0,0.0,0.0,0.0,0.254,0.0,9.0,19.6,64009.0,0.0320045
2015-09-08,0.0,0.0,15.2,3.0,7.921,2981.2,1005.8,74.9,0.8,2.3,-0.8,0.293,0.011,0.0,0.0,0.0,0.0,0.0,0.0,0.0,0.0,0.0,0.252,0.0,12.7,18.5,59583.0,0.029791500000000002
2015-09-09,0.0,0.0,16.4,3.1,7.569,2886.3,2090.8,67.4,1.4,3.5,-1.4,0.281,-0.065,0.0,0.0,0.0,0.0,0.0,0.0,0.0,0.0,0.0,0.251,0.0,10.5,22.0,62037.0,0.0310185
2015-09-10,0.0,0.0,16.5,2.7,6.658,2771.3,1840.5,59.2,1.2,3.5,-1.2,0.269,-0.142,0.0,0.0,0.0,0.0,0.0,0.0,0.0,0.0,0.0,0.249,0.0,10.4,22.4,52153.0,0.0260765
2015-09-11,0.0,0.0,17.3,1.5,6.685,2909.6,1501.1,56.2,0.9,2.7,-0.9,0.26,-0.227,0.0,0.0,0.0,0.0,0.0,0.0,0.0,0.0,0.0,0.247,0.0,10.0,22.0,51078.0,0.025539
2015-09-12,0.0,27.4,16.4,2.0,9.893,3303.6,454.2,85.5,1.3,1.4,26.1,0.422,-0.177,0.2,1.9,0.0,0.0,0.0,0.0,0.0,0.0,0.0,0.246,0.0,16.3,17.2,26347.0,0.0131735
2015-09-13,0.0,4.0,15.3,2.3,10.009,3304.3,388.5,92.9,0.9,1.0,3.1,0.491,-0.072,0.7,0.2,0.0,0.0,0.0,0.0,0.0,0.0,0.0,0.28,0.0,13.0,17.1,26014.0,0.013007
2015-09-14,0.0,4.0,15.5,4.5,8.191,2917.6,976.1,74.8,2.7,2.6,1.3,0.503,0.038,0.8,0.5,0.0,0.0,0.0,0.0,0.0,0.0,0.0,0.282,0.0,14.5,18.4,41536.0,0.020768
2015-09-15,0.0,9.9,15.0,4.5,7.809,3030.5,966.4,74.4,2.1,2.4,7.8,0.504,0.132,0.5,0.5,0.0,0.0,0.0,0.0,0.0,0.0,0.0,0.282,0.0,12.5,17.7,28471.0,0.0142355
2015-09-16,0.0,9.8,16.3,4.6,9.918,3229.3,358.7,85.9,1.1,1.3,8.7,0.591,0.269,3.5,2.3,0.0,0.0,0.0,0.0,0.0,0.0,0.0,0.29,0.0,13.8,17.1,30317.0,0.0151585
2015-09-17,0.0,1.6,15.8,3.1,8.704,2902.4,1074.0,78.3,2.0,2.1,-0.4,0.578,0.403,2.1,0.4,0.0,0.0,0.0,0.0,0.0,0.0,0.0,0.295,0.0,14.9,17.9,33776.0,0.016888
2015-09-18,0.0,7.0,14.1,3.2,8.4,3043.9,895.3,84.6,1.9,1.8,5.1,0.573,0.55,1.0,0.6,0.0,0.0,0.0,0.0,0.0,0.0,0.0,0.292,0.0,11.1,17.4,47588.0,0.023794
2015-09-19,0.0,0.0,15.0,2.1,8.506,3028.4,1141.8,80.7,2.4,1.9,-2.4,0.579,0.715,1.3,0.4,0.0,0.0,0.0,0.0,0.0,0.0,0.0,0.296,0.0,13.0,18.2,43797.0,0.021898499999999998
2015-09-20,0.0,0.0,12.9,1.3,6.967,2989.7,1264.1,76.8,2.7,1.9,-2.7,0.547,0.868,0.4,0.0,0.0,0.0,0.0,0.0,0.0,0.0,0.0,0.291,0.0,8.6,18.2,57285.0,0.0286425
2015-09-21,0.0,1.4,14.1,2.1,7.43,2991.2,1042.6,75.8,1.8,1.9,-0.4,0.526,1.006,0.2,0.0,0.0,0.0,0.0,0.0,0.0,0.0,0.0,0.287,0.0,7.6,18.8,56415.0,0.0282075
2015-09-22,0.0,4.3,13.3,4.1,7.664,2934.5,1017.0,81.1,2.3,1.9,2.0,0.525,1.057,0.1,0.3,0.0,0.0,0.0,0.0,0.0,0.0,0.0,0.286,0.0,12.6,15.0,30769.0,0.0153845
2015-09-23,0.0,0.0,13.4,2.7,7.248,2923.0,1161.2,76.9,2.2,2.0,-2.2,0.528,1.074,0.1,0.2,0.0,0.0,0.0,0.0,0.0,0.0,0.0,0.288,0.0,10.1,17.0,46211.0,0.0231055
2015-09-24,0.0,2.3,13.6,2.8,8.412,3094.3,517.1,86.7,0.8,1.2,1.5,0.521,1.086,0.1,0.1,0.0,0.0,0.0,0.0,0.0,0.0,0.0,0.285,0.0,10.3,15.9,49512.0,0.024756
2015-09-25,0.0,0.0,14.2,2.1,7.968,2943.2,1155.8,80.1,2.1,1.8,-2.1,0.518,1.105,0.1,0.1,0.0,0.0,0.0,0.0,0.0,0.0,0.0,0.286,0.0,11.5,17.0,47389.0,0.0236945
2015-09-26,0.0,0.0,13.4,3.3,6.787,2701.7,1045.5,72.4,1.7,2.1,-1.7,0.499,1.06,0.1,0.0,0.0,0.0,0.0,0.0,0.0,0.0,0.0,0.283,0.0,9.5,16.9,53105.0,0.0265525
2015-09-27,0.0,0.0,14.2,4.1,6.716,2670.5,1598.6,67.9,2.5,2.7,-2.5,0.477,0.997,0.0,0.0,0.0,0.0,0.0,0.0,0.0,0.0,0.0,0.281,0.0,9.3,18.9,53989.0,0.0269945
2015-09-28,0.0,0.0,13.9,4.4,6.164,2609.3,1604.9,63.8,2.2,3.1,-2.2,0.454,0.905,0.0,0.0,0.0,0.0,0.0,0.0,0.0,0.0,0.0,0.277,0.0,9.6,18.5,54714.0,0.027357
2015-09-29,0.0,0.0,13.9,4.6,5.842,2524.3,1713.6,60.4,1.8,3.2,-1.8,0.436,0.787,0.0,0.0,0.0,0.0,0.0,0.0,0.0,0.0,0.0,0.274,0.0,9.6,18.2,49159.0,0.0245795
2015-09-30,0.0,0.0,13.2,4.0,5.864,2575.2,1728.1,62.8,1.5,2.7,-1.5,0.42,0.682,0.0,0.0,0.0,0.0,0.0,0.0,0.0,0.0,0.0,0.271,0.0,9.1,16.7,50974.0,0.025487
2015-10-01,0.0,0.0,12.0,3.8,5.264,2569.5,1704.8,61.4,1.4,2.7,-1.4,0.406,0.572,0.0,0.0,0.0,0.0,0.0,0.0,0.0,0.0,0.0,0.269,0.0,7.4,16.0,53419.0,0.0267095
2015-10-02,0.0,0.0,13.0,2.3,6.153,2806.1,1485.1,67.3,1.1,2.2,-1.1,0.395,0.463,0.0,0.0,0.0,0.0,0.0,0.0,0.0,0.0,0.0,0.267,0.0,7.6,18.8,37772.0,0.018886
2015-10-03,0.0,0.0,13.8,1.0,6.75,2862.1,1292.1,70.5,1.0,1.7,-1.0,0.385,0.338,0.0,0.0,0.0,0.0,0.0,0.0,0.0,0.0,0.0,0.266,0.0,9.4,19.8,27092.0,0.013546
2015-10-04,0.0,0.0,12.1,2.5,7.383,2987.7,804.2,83.9,0.2,1.2,-0.2,0.381,0.214,0.0,0.0,0.0,0.0,0.0,0.0,0.0,0.0,0.0,0.264,0.0,7.8,14.9,27900.0,0.01395
2015-10-05,0.0,16.3,15.2,2.5,9.861,3299.4,203.3,91.4,0.2,0.8,16.1,0.441,0.14,0.0,0.5,0.0,0.0,0.0,0.0,0.0,0.0,0.0,0.264,0.0,13.4,16.5,24006.0,0.012003
2015-10-06,0.0,6.7,16.7,3.7,10.349,3219.9,471.3,87.5,1.0,1.2,5.7,0.566,0.148,0.2,1.2,0.0,0.0,0.0,0.0,0.0,0.0,0.0,0.285,0.0,15.7,18.2,29013.0,0.0145065
2015-10-07,0.0,0.0,14.1,3.9,7.527,2796.0,561.8,75.6,1.1,1.7,-1.1,0.56,0.17,0.3,0.0,0.0,0.0,0.0,0.0,0.0,0.0,0.0,0.292,0.0,13.3,16.0,36606.0,0.018303
2015-10-08,0.0,0.0,12.8,1.8,6.731,2597.9,702.5,74.1,0.8,1.4,-0.8,0.551,0.198,0.2,0.0,0.0,0.0,0.0,0.0,0.0,0.0,0.0,0.29,0.0,11.5,16.2,38389.0,0.0191945
2015-10-09,0.0,0.0,11.0,2.1,6.334,2830.1,1170.7,79.0,2.1,1.5,-2.1,0.532,0.223,0.1,0.0,0.0,0.0,0.0,0.0,0.0,0.0,0.0,0.288,0.0,7.3,15.8,48400.0,0.0242
2015-10-10,0.0,0.0,12.8,3.0,7.383,2863.1,1081.3,81.4,1.7,1.6,-1.7,0.514,0.244,0.1,0.0,0.0,0.0,0.0,0.0,0.0,0.0,0.0,0.285,0.0,8.5,17.4,45900.0,0.022949999999999998
2015-10-11,0.0,0.0,11.5,3.4,6.966,2845.1,850.8,83.3,1.2,1.3,-1.2,0.501,0.265,0.0,0.0,0.0,0.0,0.0,0.0,0.0,0.0,0.0,0.283,0.0,7.8,14.4,42411.0,0.0212055
2015-10-12,0.0,0.0,10.7,2.9,6.379,2736.2,647.5,80.0,0.8,1.3,-0.8,0.492,0.299,0.0,0.0,0.0,0.0,0.0,0.0,0.0,0.0,0.0,0.281,0.0,8.6,13.3,22796.0,0.011398
2015-10-13,0.0,0.0,8.7,4.0,4.978,2683.9,1019.4,71.7,1.9,1.6,-1.9,0.476,0.338,0.0,0.0,0.0,0.0,0.0,0.0,0.0,0.0,0.0,0.28,0.0,7.6,11.3,24670.0,0.012335
2015-10-14,0.0,1.9,6.6,2.8,4.602,2572.1,278.3,75.9,0.4,1.0,1.5,0.469,0.382,0.0,0.0,0.0,0.0,0.0,0.0,0.0,0.0,0.0,0.277,0.0,3.4,9.8,38847.0,0.0194235
2015-10-15,0.0,2.3,5.7,4.1,4.572,2613.0,227.7,80.6,0.3,1.0,2.0,0.483,0.4,0.0,0.1,0.0,0.0,0.0,0.0,0.0,0.0,0.0,0.279,0.0,4.7,6.9,31128.0,0.015564
2015-10-16,0.0,0.6,6.9,1.6,5.778,3010.5,415.9,93.5,0.5,0.6,0.1,0.502,0.363,0.0,0.2,0.0,0.0,0.0,0.0,0.0,0.0,0.0,0.282,0.0,4.6,8.2,38321.0,0.0191605
2015-10-17,0.0,0.4,10.8,1.7,6.968,2997.8,476.7,87.2,0.5,0.9,-0.1,0.501,0.338,0.0,0.0,0.0,0.0,0.0,0.0,0.0,0.0,0.0,0.282,0.0,7.6,13.5,35514.0,0.017757
2015-10-18,0.0,0.0,9.1,2.1,6.126,2740.3,367.5,85.7,0.3,0.8,-0.3,0.498,0.323,0.0,0.0,0.0,0.0,0.0,0.0,0.0,0.0,0.0,0.281,0.0,8.9,10.2,17112.0,0.008556
2015-10-19,0.0,0.0,9.6,1.9,6.433,3009.7,440.7,86.8,0.5,0.8,-0.5,0.493,0.318,0.0,0.0,0.0,0.0,0.0,0.0,0.0,0.0,0.0,0.281,0.0,5.6,11.8,35690.0,0.017845
2015-10-20,0.0,0.2,10.9,1.8,6.953,3004.7,508.6,86.1,0.6,0.8,-0.4,0.489,0.305,0.0,0.0,0.0,0.0,0.0,0.0,0.0,0.0,0.0,0.28,0.0,9.1,13.4,33291.0,0.0166455
2015-10-21,0.0,2.8,10.6,1.8,6.467,2888.8,614.7,82.0,0.7,1.0,2.1,0.487,0.289,0.0,0.1,0.0,0.0,0.0,0.0,0.0,0.0,0.0,0.28,0.0,6.6,13.4,30312.0,0.015156
2015-10-22,0.0,0.4,12.8,2.3,8.004,3192.4,249.9,87.6,0.4,0.8,0.0,0.506,0.284,0.0,0.2,0.0,0.0,0.0,0.0,0.0,0.0,0.0,0.282,0.0,10.8,14.1,18236.0,0.009118
2015-10-23,0.0,0.0,12.4,1.4,6.268,3136.9,176.0,70.7,0.4,1.0,-0.4,0.503,0.282,0.0,0.0,0.0,0.0,0.0,0.0,0.0,0.0,0.0,0.282,0.0,11.1,13.7,32161.0,0.0160805
2015-10-24,0.0,0.0,12.5,2.2,7.262,2832.4,693.2,80.7,0.7,1.0,-0.7,0.496,0.271,0.0,0.0,0.0,0.0,0.0,0.0,0.0,0.0,0.0,0.282,0.0,8.8,14.2,23880.0,0.01194
2015-10-25,0.0,0.0,11.6,2.2,6.841,3058.3,289.5,81.1,0.5,0.9,-0.5,0.491,0.248,0.0,0.0,0.0,0.0,0.0,0.0,0.0,0.0,0.0,0.281,0.0,10.9,13.1,29779.0,0.0148895
2015-10-26,0.0,0.0,10.7,2.0,7.396,3226.5,437.9,92.6,0.4,0.6,-0.4,0.486,0.213,0.0,0.0,0.0,0.0,0.0,0.0,0.0,0.0,0.0,0.28,0.0,9.0,12.2,32597.0,0.0162985
2015-10-27,0.0,9.2,14.7,2.3,7.984,2934.0,469.3,77.6,0.2,1.3,9.0,0.494,0.178,0.0,0.0,0.0,0.0,0.0,0.0,0.0,0.0,0.0,0.279,0.0,9.5,19.3,16433.0,0.0082165
2015-10-28,0.0,0.1,12.1,1.7,7.86,3145.6,219.6,89.1,0.6,0.7,-0.5,0.561,0.169,0.1,0.8,0.0,0.0,0.0,0.0,0.0,0.0,0.0,0.291,0.0,9.9,14.1,19796.0,0.009898
2015-10-29,0.0,0.0,11.7,2.8,7.509,3059.2,225.8,88.4,0.3,0.7,-0.3,0.556,0.155,0.1,0.0,0.0,0.0,0.0,0.0,0.0,0.0,0.0,0.29,0.0,8.7,13.3,32076.0,0.016038
2015-10-30,0.0,0.0,11.9,2.5,7.095,2812.4,676.0,82.5,0.8,1.0,-0.8,0.548,0.147,0.1,0.0,0.0,0.0,0.0,0.0,0.0,0.0,0.0,0.289,0.0,8.5,15.3,40060.0,0.02003
2015-10-31,0.0,0.1,11.9,2.1,7.266,3005.9,748.0,84.5,1.3,0.9,-1.2,0.537,0.14,0.1,0.0,0.0,0.0,0.0,0.0,0.0,0.0,0.0,0.288,0.0,8.7,15.2,43273.0,0.0216365
2015-11-01,0.0,0.2,11.6,1.2,7.059,3123.1,982.1,83.9,1.7,0.7,-1.5,0.522,0.117,0.1,0.0,0.0,0.0,0.0,0.0,0.0,0.0,0.0,0.286,0.0,6.5,17.1,43128.0,0.021564
2015-11-02,0.0,0.3,8.3,2.5,6.423,3123.7,478.5,94.4,0.6,0.5,-0.3,0.516,0.086,0.0,0.0,0.0,0.0,0.0,0.0,0.0,0.0,0.0,0.284,0.0,6.7,10.3,31477.0,0.0157385
2015-11-03,0.0,0.3,12.8,3.0,7.542,2839.7,427.7,82.1,0.2,1.0,0.1,0.513,0.062,0.0,0.0,0.0,0.0,0.0,0.0,0.0,0.0,0.0,0.284,0.0,8.3,15.9,16446.0,0.008223
2015-11-04,0.0,1.5,14.5,3.0,8.654,2904.6,332.6,84.2,0.0,0.9,1.5,0.519,0.05,0.0,0.1,0.0,0.0,0.0,0.0,0.0,0.0,0.0,0.284,0.0,13.2,15.8,24373.0,0.0121865
2015-11-05,0.0,0.4,15.6,3.4,8.905,3021.5,392.8,81.3,0.3,1.2,0.1,0.527,0.038,0.0,0.0,0.0,0.0,0.0,0.0,0.0,0.0,0.0,0.285,0.0,12.9,18.3,29635.0,0.0148175
2015-11-06,0.0,1.3,17.1,3.3,10.623,3362.0,184.0,87.6,0.1,0.9,1.2,0.534,0.03,0.1,0.1,0.0,0.0,0.0,0.0,0.0,0.0,0.0,0.286,0.0,15.2,18.3,29509.0,0.0147545
2015-11-07,0.0,0.0,17.3,2.8,10.896,3159.9,452.7,88.6,0.4,0.8,-0.4,0.536,-0.014,0.1,0.0,0.0,0.0,0.0,0.0,0.0,0.0,0.0,0.287,0.0,15.8,18.8,36796.0,0.018398
2015-11-08,0.0,0.0,16.7,2.6,10.076,3010.2,431.5,85.5,0.2,0.8,-0.2,0.532,-0.052,0.1,0.0,0.0,0.0,0.0,0.0,0.0,0.0,0.0,0.287,0.0,14.0,19.0,34879.0,0.0174395
2015-11-09,0.0,0.0,15.1,3.3,8.039,2803.5,673.6,75.7,1.0,1.3,-1.0,0.525,-0.091,0.1,0.0,0.0,0.0,0.0,0.0,0.0,0.0,0.0,0.286,0.0,13.8,17.1,28508.0,0.014254
2015-11-10,0.0,0.0,11.9,3.2,7.485,3111.6,182.1,86.6,0.4,0.8,-0.4,0.519,-0.133,0.0,0.0,0.0,0.0,0.0,0.0,0.0,0.0,0.0,0.285,0.0,11.3,13.9,29146.0,0.014573
2015-11-11,0.0,0.2,12.2,2.3,8.098,3114.1,393.5,91.3,0.3,0.5,-0.1,0.516,-0.176,0.0,0.0,0.0,0.0,0.0,0.0,0.0,0.0,0.0,0.284,0.0,9.3,14.2,28392.0,0.014196
2015-11-12,0.0,0.0,13.0,2.3,8.253,3095.2,196.0,88.8,0.1,0.7,-0.1,0.514,-0.216,0.0,0.0,0.0,0.0,0.0,0.0,0.0,0.0,0.0,0.284,0.0,10.3,14.1,25941.0,0.0129705
2015-11-13,0.0,0.4,13.0,4.3,7.24,2557.5,484.1,77.5,0.4,1.2,0.0,0.515,-0.248,0.0,0.0,0.0,0.0,0.0,0.0,0.0,0.0,0.0,0.284,0.0,12.2,15.4,16597.0,0.0082985
2015-11-14,0.0,0.0,10.7,4.0,5.897,2466.7,299.9,73.7,0.0,1.3,0.0,0.513,-0.282,0.0,0.0,0.0,0.0,0.0,0.0,0.0,0.0,0.0,0.283,0.0,7.9,13.3,28761.0,0.0143805
2015-11-15,0.0,0.0,14.3,3.8,7.581,2753.4,571.1,75.4,0.5,1.3,-0.5,0.51,-0.317,0.0,0.0,0.0,0.0,0.0,0.0,0.0,0.0,0.0,0.283,0.0,11.8,17.4,32368.0,0.016184
2015-11-16,0.0,1.7,14.0,4.9,7.797,2947.2,138.8,78.3,0.0,1.3,1.7,0.509,-0.356,0.0,0.0,0.0,0.0,0.0,0.0,0.0,0.0,0.0,0.283,0.0,12.6,15.3,21651.0,0.0108255
2015-11-17,0.0,1.4,15.7,5.3,9.399,2961.9,108.9,84.9,-0.1,1.3,1.5,0.534,-0.377,0.0,0.2,0.0,0.0,0.0,0.0,0.0,0.0,0.0,0.285,0.0,14.2,16.7,20007.0,0.0100035
2015-11-18,0.0,0.0,14.1,4.3,7.523,2524.5,314.5,75.5,-0.1,1.4,0.1,0.535,-0.397,0.1,0.0,0.0,0.0,0.0,0.0,0.0,0.0,0.0,0.287,0.0,12.1,15.0,24263.0,0.0121315
2015-11-19,0.0,15.0,14.7,5.2,8.669,2861.4,108.9,83.3,-0.1,1.2,15.1,0.561,-0.401,0.1,0.1,0.0,0.0,0.0,0.0,0.0,0.0,0.0,0.287,0.0,12.9,16.3,17361.0,0.0086805
2015-11-20,0.0,12.6,10.1,2.8,6.99,3073.9,105.0,90.5,0.9,0.6,11.7,0.712,-0.318,3.6,3.5,0.0,0.0,0.0,0.0,0.0,0.0,0.0,0.305,0.0,9.2,11.0,11512.0,0.005756
2015-11-21,0.0,6.9,5.9,5.6,4.532,2574.1,200.7,78.7,1.0,1.1,5.9,0.733,-0.218,3.8,1.4,0.0,0.0,0.0,0.0,0.0,0.0,0.0,0.313,0.0,4.9,7.1,19130.0,0.009565
2015-11-22,0.0,0.0,4.6,3.5,3.655,2135.7,568.0,69.9,0.7,0.8,-0.7,0.713,-0.126,1.7,0.0,0.0,0.0,0.0,0.0,0.0,0.0,0.0,0.314,0.0,2.6,6.5,27839.0,0.0139195
2015-11-23,0.0,0.0,3.1,1.7,3.672,2391.5,556.2,78.0,0.7,0.4,-0.7,0.697,-0.047,0.9,0.0,0.0,0.0,0.0,0.0,0.0,0.0,0.0,0.311,0.0,1.7,5.7,24471.0,0.0122355
2015-11-24,0.0,8.5,4.3,3.9,4.61,2777.1,99.9,88.3,0.3,0.6,8.2,0.722,0.044,1.0,1.0,0.0,0.0,0.0,0.0,0.0,0.0,0.0,0.309,0.0,1.6,7.8,20013.0,0.0100065
2015-11-25,0.0,2.5,7.8,4.0,5.51,2745.3,197.1,84.0,0.3,0.7,2.2,0.751,0.156,2.1,0.7,0.0,0.0,0.0,0.0,0.0,0.0,0.0,0.318,0.0,6.2,9.1,10698.0,0.0053490000000000005
2015-11-26,0.0,0.1,5.7,1.8,4.599,2599.3,582.2,81.1,0.9,0.4,-0.8,0.734,0.262,1.2,0.0,0.0,0.0,0.0,0.0,0.0,0.0,0.0,0.317,0.0,4.0,9.3,17470.0,0.008735
2015-11-27,0.0,0.6,3.8,2.6,4.696,2912.3,157.6,94.1,0.4,0.3,0.2,0.722,0.348,0.7,0.1,0.0,0.0,0.0,0.0,0.0,0.0,0.0,0.315,0.0,0.7,6.8,23217.0,0.0116085
2015-11-28,0.0,0.6,7.5,4.6,4.765,2502.3,603.9,74.7,0.9,0.9,-0.3,0.714,0.435,0.5,0.0,0.0,0.0,0.0,0.0,0.0,0.0,0.0,0.314,0.0,5.6,10.6,25799.0,0.0128995
2015-11-29,0.0,0.0,11.7,5.6,5.941,2468.0,298.7,70.3,0.1,1.4,-0.1,0.711,0.51,0.4,0.1,0.0,0.0,0.0,0.0,0.0,0.0,0.0,0.313,0.0,7.9,13.2,16246.0,0.008123
2015-11-30,0.0,0.0,11.8,5.2,6.366,2712.9,223.8,74.1,0.1,1.4,-0.1,0.706,0.489,0.4,0.0,0.0,0.0,0.0,0.0,0.0,0.0,0.0,0.312,0.0,11.0,12.3,23115.0,0.0115575
2015-12-01,0.0,0.0,12.5,4.1,6.185,2670.3,181.3,69.0,0.1,1.5,-0.1,0.702,0.458,0.3,0.0,0.0,0.0,0.0,0.0,0.0,0.0,0.0,0.311,0.0,12.1,13.4,22563.0,0.0112815
2015-12-02,0.0,0.0,10.7,2.2,5.129,2490.5,147.4,64.4,0.0,1.1,0.0,0.698,0.427,0.3,0.0,0.0,0.0,0.0,0.0,0.0,0.0,0.0,0.311,0.0,10.0,12.2,24908.0,0.012454
2015-12-03,0.0,1.0,9.0,3.3,5.066,2629.9,397.9,71.1,0.4,0.9,0.6,0.694,0.401,0.3,0.0,0.0,0.0,0.0,0.0,0.0,0.0,0.0,0.31,0.0,7.1,11.1,20971.0,0.0104855
2015-12-04,0.0,0.0,9.1,2.8,5.315,2624.8,490.1,74.3,0.7,0.8,-0.7,0.694,0.357,0.3,0.1,0.0,0.0,0.0,0.0,0.0,0.0,0.0,0.311,0.0,7.1,11.4,16627.0,0.0083135
2015-12-05,0.0,0.0,6.0,3.9,4.844,2653.1,313.8,83.6,0.3,0.6,-0.3,0.687,0.295,0.2,0.0,0.0,0.0,0.0,0.0,0.0,0.0,0.0,0.309,0.0,2.1,9.2,18344.0,0.009172
2015-12-06,0.0,0.0,9.6,3.7,6.186,2935.4,301.8,83.5,0.4,0.7,-0.4,0.682,0.24,0.2,0.0,0.0,0.0,0.0,0.0,0.0,0.0,0.0,0.309,0.0,6.6,11.5,18881.0,0.009440500000000001
2015-12-07,0.0,0.0,10.5,2.8,6.079,2838.9,304.8,77.7,0.2,0.8,-0.2,0.677,0.184,0.2,0.0,0.0,0.0,0.0,0.0,0.0,0.0,0.0,0.308,0.0,8.0,13.4,24398.0,0.012199
2015-12-08,0.0,8.5,9.3,3.2,6.146,2860.8,315.7,84.6,0.4,0.6,8.1,0.709,0.147,0.2,1.0,0.0,0.0,0.0,0.0,0.0,0.0,0.0,0.307,0.0,7.3,11.2,15270.0,0.007635
2015-12-09,0.0,0.0,7.1,2.4,5.258,2731.7,581.0,84.2,1.1,0.4,-1.1,0.732,0.122,0.6,0.0,0.0,0.0,0.0,0.0,0.0,0.0,0.0,0.317,0.0,5.3,10.5,26222.0,0.013111
2015-12-10,0.0,0.0,3.4,3.0,4.366,2705.0,119.9,90.4,0.5,0.4,-0.5,0.721,0.093,0.4,0.0,0.0,0.0,0.0,0.0,0.0,0.0,0.0,0.314,0.0,3.2,4.1,25290.0,0.012645
2015-12-11,0.0,0.2,7.1,4.5,5.598,2588.1,170.1,88.3,-0.3,0.6,0.5,0.716,0.059,0.3,0.0,0.0,0.0,0.0,0.0,0.0,0.0,0.0,0.313,0.0,1.7,10.4,19912.0,0.009956
2015-12-12,0.0,0.0,10.3,3.8,6.782,2703.7,114.2,87.5,-0.2,0.7,0.2,0.717,0.03,0.3,0.0,0.0,0.0,0.0,0.0,0.0,0.0,0.0,0.313,0.0,9.8,11.6,24706.0,0.012353
2015-12-13,0.0,0.0,6.5,2.4,5.573,2889.8,135.1,93.0,0.3,0.4,-0.3,0.713,-0.001,0.3,0.0,0.0,0.0,0.0,0.0,0.0,0.0,0.0,0.313,0.0,5.9,6.9,19636.0,0.009818
2015-12-14,0.0,0.0,5.7,2.8,5.202,2908.4,171.9,91.9,0.3,0.4,-0.3,0.707,-0.02,0.3,0.0,0.0,0.0,0.0,0.0,0.0,0.0,0.0,0.312,0.0,4.5,8.2,19721.0,0.0098605
2015-12-15,0.0,9.6,9.8,3.4,6.664,2981.0,107.0,88.0,0.0,0.6,9.6,0.735,-0.015,0.3,0.9,0.0,0.0,0.0,0.0,0.0,0.0,0.0,0.311,0.0,6.5,12.1,11705.0,0.0058525
2015-12-16,0.0,0.0,13.2,4.1,8.25,2998.8,101.2,87.6,-0.2,0.8,0.2,0.775,0.015,1.2,0.3,0.0,0.0,0.0,0.0,0.0,0.0,0.0,0.322,0.0,11.0,14.6,14852.0,0.0074259999999999994
2015-12-17,0.0,0.6,13.7,3.0,7.851,2802.7,400.5,81.0,0.1,0.7,0.5,0.767,0.042,0.9,0.0,0.0,0.0,0.0,0.0,0.0,0.0,0.0,0.321,0.0,11.4,15.9,17188.0,0.008594
2015-12-18,0.0,0.0,12.7,2.3,8.102,3030.2,132.3,89.0,0.0,0.5,0.0,0.763,0.049,0.8,0.1,0.0,0.0,0.0,0.0,0.0,0.0,0.0,0.32,0.0,12.4,13.2,15404.0,0.007702
2015-12-19,0.0,0.0,12.0,3.0,6.968,2725.1,386.5,80.7,0.2,0.6,-0.2,0.755,0.034,0.6,0.0,0.0,0.0,0.0,0.0,0.0,0.0,0.0,0.319,0.0,9.1,14.2,20155.0,0.0100775
2015-12-20,0.0,0.1,12.3,3.9,6.891,2559.5,186.9,77.4,-0.1,1.1,0.2,0.75,0.025,0.5,0.0,0.0,0.0,0.0,0.0,0.0,0.0,0.0,0.318,0.0,11.0,13.4,12302.0,0.006151
2015-12-21,0.0,0.8,11.7,5.1,6.75,2854.5,319.2,79.2,0.5,1.0,0.3,0.746,0.021,0.5,0.1,0.0,0.0,0.0,0.0,0.0,0.0,0.0,0.318,0.0,10.2,12.6,18621.0,0.0093105
2015-12-22,0.0,0.4,12.9,5.6,6.636,2931.1,303.4,72.2,0.7,1.4,-0.3,0.741,0.014,0.4,0.0,0.0,0.0,0.0,0.0,0.0,0.0,0.0,0.318,0.0,11.9,15.0,20451.0,0.0102255
2015-12-23,0.0,0.0,11.4,3.6,6.641,2854.3,319.9,80.0,0.4,0.8,-0.4,0.736,0.005,0.3,0.0,0.0,0.0,0.0,0.0,0.0,0.0,0.0,0.317,0.0,10.1,13.5,15931.0,0.0079655
2015-12-24,0.0,2.8,11.0,4.6,6.584,2653.4,288.0,80.9,0.2,0.7,2.6,0.734,-0.007,0.3,0.0,0.0,0.0,0.0,0.0,0.0,0.0,0.0,0.316,0.0,9.1,12.2,16377.0,0.0081885
2015-12-25,0.0,0.0,11.6,3.6,6.84,2716.7,136.0,81.1,-0.1,0.8,0.1,0.75,-0.026,0.4,0.3,0.0,0.0,0.0,0.0,0.0,0.0,0.0,0.318,0.0,9.3,13.2,22796.0,0.011398
2015-12-26,0.0,0.0,10.4,3.6,6.32,2607.2,473.6,80.7,0.4,0.7,-0.4,0.744,-0.062,0.4,0.0,0.0,0.0,0.0,0.0,0.0,0.0,0.0,0.318,0.0,9.0,12.8,25187.0,0.0125935
2015-12-27,0.0,0.0,9.4,3.2,5.872,2679.6,446.0,80.7,0.5,0.7,-0.5,0.738,-0.097,0.3,0.0,0.0,0.0,0.0,0.0,0.0,0.0,0.0,0.317,0.0,8.0,12.4,21041.0,0.0105205
2015-12-28,0.0,0.7,8.5,3.3,5.273,2550.3,428.6,77.1,0.3,0.7,0.4,0.731,-0.129,0.3,0.0,0.0,0.0,0.0,0.0,0.0,0.0,0.0,0.316,0.0,5.7,10.6,16543.0,0.0082715
2015-12-29,0.0,0.2,9.4,3.2,5.936,2777.9,289.4,81.4,0.3,0.7,-0.1,0.732,-0.158,0.3,0.1,0.0,0.0,0.0,0.0,0.0,0.0,0.0,0.316,0.0,8.8,11.4,15722.0,0.007861
2015-12-30,0.0,1.5,8.8,4.3,5.371,2827.6,222.0,76.8,0.4,1.0,1.1,0.733,-0.184,0.3,0.1,0.0,0.0,0.0,0.0,0.0,0.0,0.0,0.315,0.0,6.2,10.8,24219.0,0.0121095
2015-12-31,0.0,0.0,9.4,3.4,5.329,2514.3,541.6,73.2,0.5,0.9,-0.5,0.731,-0.209,0.3,0.0,0.0,0.0,0.0,0.0,0.0,0.0,0.0,0.316,0.0,8.4,11.5,11739.0,0.0058695
2016-01-01,0.0,1.8,6.7,3.3,5.457,2820.9,93.6,89.5,0.2,0.6,1.6,0.737,-0.146,0.3,0.2,0.0,0.0,0.0,0.0,0.0,0.0,0.0,0.315,0.0,4.7,8.7,15248.0,0.007624
2016-01-02,0.0,1.1,8.9,4.7,5.726,2740.5,180.7,80.9,0.3,1.0,0.8,0.74,-0.16,0.3,0.1,0.0,0.0,0.0,0.0,0.0,0.0,0.0,0.316,0.0,7.3,10.9,11203.0,0.0056015
2016-01-03,0.0,9.7,7.2,5.0,5.418,2809.8,99.1,85.9,0.5,0.8,9.2,0.788,-0.151,0.7,1.3,0.0,0.0,0.0,0.0,0.0,0.0,0.0,0.317,0.0,6.2,7.9,7947.0,0.0039735
2016-01-04,0.0,0.3,7.5,4.3,5.201,2418.2,486.5,81.3,0.4,0.7,-0.1,0.801,-0.141,1.2,0.0,0.0,0.0,0.0,0.0,0.0,0.0,0.0,0.327,0.0,6.4,9.2,11005.0,0.0055025
2016-01-05,0.0,1.0,7.4,4.4,5.285,2423.1,85.5,83.1,-0.2,0.8,1.2,0.795,-0.133,0.9,0.1,0.0,0.0,0.0,0.0,0.0,0.0,0.0,0.325,0.0,6.0,8.7,12455.0,0.0062275
2016-01-06,0.0,2.0,8.0,3.2,5.464,2543.7,249.9,82.2,0.1,0.7,1.9,0.798,-0.121,0.9,0.1,0.0,0.0,0.0,0.0,0.0,0.0,0.0,0.325,0.0,7.1,9.6,13195.0,0.0065975
2016-01-07,0.0,4.5,8.4,5.8,5.256,2629.6,300.0,77.0,0.7,1.2,3.8,0.827,-0.088,1.4,0.9,0.0,0.0,0.0,0.0,0.0,0.0,0.0,0.326,0.0,6.9,11.7,10073.0,0.0050365
2016-01-08,0.0,0.0,5.7,2.3,4.876,2630.4,402.4,85.7,0.5,0.3,-0.5,0.815,-0.056,1.1,0.0,0.0,0.0,0.0,0.0,0.0,0.0,0.0,0.328,0.0,3.1,7.3,12431.0,0.0062155
2016-01-09,0.0,3.6,8.3,4.8,5.621,2607.1,223.1,83.2,0.1,0.8,3.5,0.815,-0.022,0.9,0.2,0.0,0.0,0.0,0.0,0.0,0.0,0.0,0.327,0.0,5.1,10.7,12614.0,0.006307
2016-01-10,0.0,6.2,6.1,4.2,5.115,2821.9,127.7,87.5,0.4,0.6,5.8,0.838,0.03,1.2,0.6,0.0,0.0,0.0,0.0,0.0,0.0,0.0,0.33,0.0,4.9,7.9,10771.0,0.0053855
2016-01-11,0.0,0.8,7.2,5.0,5.197,2549.4,121.7,82.8,0.1,0.8,0.7,0.857,0.086,1.9,0.8,0.0,0.0,0.0,0.0,0.0,0.0,0.0,0.335,0.0,5.1,7.9,14711.0,0.0073555
2016-01-12,0.0,0.9,6.8,5.9,4.508,2256.4,310.3,73.7,0.4,1.1,0.5,0.845,0.141,1.3,0.1,0.0,0.0,0.0,0.0,0.0,0.0,0.0,0.333,0.0,6.3,8.3,18248.0,0.009124
2016-01-13,0.0,0.0,5.1,4.0,4.047,2293.2,291.0,74.6,0.1,0.8,-0.1,0.837,0.17,1.0,0.1,0.0,0.0,0.0,0.0,0.0,0.0,0.0,0.332,0.0,4.8,6.2,23657.0,0.0118285
2016-01-14,0.0,2.6,4.9,4.2,4.098,2347.5,396.8,76.2,0.6,0.9,2.0,0.843,0.198,1.0,0.4,0.0,0.0,0.0,0.0,0.0,0.0,0.0,0.33,0.0,3.5,6.9,12369.0,0.0061845
2016-01-15,0.0,0.0,3.4,4.3,3.394,1962.3,634.2,70.2,0.5,0.9,-0.5,0.833,0.22,0.8,0.0,0.0,0.0,0.0,0.0,0.0,0.0,0.0,0.328,0.003,2.5,5.2,24456.0,0.012228
2016-01-16,0.0,0.0,2.8,2.8,3.474,2277.8,288.1,75.2,0.1,0.6,-0.1,0.825,0.232,0.6,0.0,0.0,0.0,0.0,0.0,0.0,0.0,0.0,0.325,0.004,0.5,4.9,26094.0,0.013047
2016-01-17,0.0,0.0,2.7,1.9,3.289,2243.1,173.5,71.9,0.0,0.7,0.0,0.82,0.222,0.5,0.0,0.0,0.0,0.0,0.0,0.0,0.0,0.0,0.324,0.004,2.1,4.5,26304.0,0.013152
2016-01-18,0.0,0.0,-0.7,3.0,2.468,1960.1,305.4,69.1,0.2,0.7,-0.2,0.814,0.215,0.4,0.0,0.0,0.0,0.0,0.0,0.0,0.0,0.0,0.317,0.011,-0.9,0.4,7924.0,0.003962
2016-01-19,0.0,0.0,-1.1,1.4,2.58,2101.8,215.3,74.0,0.0,0.4,0.0,0.81,0.205,0.3,0.0,0.0,0.0,0.0,0.0,0.0,0.0,0.0,0.307,0.02,-3.0,0.4,13373.0,0.0066865
2016-01-20,0.0,0.0,-2.5,1.1,2.569,2405.4,564.2,81.7,0.4,0.2,-0.4,0.805,0.178,0.2,0.0,0.0,0.0,0.0,0.0,0.0,0.0,0.0,0.301,0.025,-4.3,-1.1,21069.0,0.0105345
2016-01-21,0.0,0.0,-0.2,2.5,2.959,2380.9,682.4,79.9,0.3,0.3,-0.3,0.799,0.135,0.2,0.0,0.0,0.0,0.0,0.0,0.0,0.0,0.0,0.301,0.025,-3.9,2.6,29289.0,0.0146445
2016-01-22,0.0,3.8,3.3,3.1,4.159,2762.0,158.1,84.4,-0.2,0.6,4.0,0.81,0.1,0.3,0.4,0.0,0.0,0.0,0.0,0.0,0.0,0.0,0.306,0.019,-0.7,7.1,14358.0,0.0071790000000000005
2016-01-23,0.0,0.7,6.9,2.7,5.631,2859.7,205.9,91.3,0.0,0.5,0.7,0.826,0.087,0.6,0.1,0.0,0.0,0.0,0.0,0.0,0.0,0.0,0.327,0.003,5.9,7.1,21813.0,0.0109065
2016-01-24,0.0,0.0,8.3,2.1,6.145,3008.1,144.3,90.0,0.0,0.5,0.0,0.825,0.068,0.6,0.1,0.0,0.0,0.0,0.0,0.0,0.0,0.0,0.329,0.0,6.2,10.9,31570.0,0.015785
2016-01-25,0.0,0.1,9.3,3.5,5.503,2759.9,757.9,76.1,1.0,1.0,-0.9,0.813,0.052,0.5,0.0,0.0,0.0,0.0,0.0,0.0,0.0,0.0,0.329,0.0,5.6,12.3,28981.0,0.0144905
2016-01-26,0.0,0.9,10.1,4.4,6.312,2971.3,148.6,82.4,0.2,1.0,0.7,0.812,0.042,0.5,0.1,0.0,0.0,0.0,0.0,0.0,0.0,0.0,0.327,0.0,8.9,10.8,22432.0,0.011216
2016-01-27,0.0,1.6,11.1,5.6,6.386,2733.3,83.7,77.9,0.0,1.3,1.6,0.81,0.027,0.4,0.1,0.0,0.0,0.0,0.0,0.0,0.0,0.0,0.327,0.0,10.3,11.8,17421.0,0.0087105
2016-01-28,0.0,0.0,7.9,2.0,5.188,2582.4,302.1,78.2,0.2,0.8,-0.2,0.816,0.022,0.5,0.1,0.0,0.0,0.0,0.0,0.0,0.0,0.0,0.328,0.0,6.7,9.5,15183.0,0.0075915
2016-01-29,0.0,0.0,7.3,4.9,5.09,2520.9,172.2,79.6,-0.1,1.0,0.1,0.81,0.016,0.5,0.0,0.0,0.0,0.0,0.0,0.0,0.0,0.0,0.327,0.0,3.7,9.4,22059.0,0.011029500000000001
2016-01-30,0.0,9.3,8.2,5.4,5.699,2769.7,118.6,84.4,0.4,0.9,8.9,0.859,0.051,1.0,1.3,0.0,0.0,0.0,0.0,0.0,0.0,0.0,0.327,0.0,7.1,9.2,19044.0,0.009522
2016-01-31,0.0,0.5,10.7,4.4,7.004,2812.1,125.4,87.1,-0.3,0.9,0.8,0.868,0.101,1.4,0.1,0.0,0.0,0.0,0.0,0.0,0.0,0.0,0.336,0.0,7.1,13.3,10044.0,0.0050219999999999996
2016-02-01,0.0,0.0,12.1,4.7,6.58,2535.5,225.4,75.1,-0.2,1.4,0.2,0.859,0.132,1.1,0.0,0.0,0.0,0.0,0.0,0.0,0.0,0.0,0.335,0.0,11.6,12.8,18764.0,0.009382
2016-02-02,0.0,1.6,10.1,4.5,6.412,2663.7,111.3,83.1,0.0,1.0,1.6,0.861,0.15,1.0,0.2,0.0,0.0,0.0,0.0,0.0,0.0,0.0,0.334,0.0,8.5,11.7,15717.0,0.0078585
2016-02-03,0.0,1.7,6.5,4.3,4.454,2310.3,603.8,74.3,0.8,1.1,0.9,0.855,0.163,0.8,0.1,0.0,0.0,0.0,0.0,0.0,0.0,0.0,0.334,0.0,5.7,8.0,30598.0,0.015299
2016-02-04,0.0,0.1,8.1,4.6,5.773,2720.9,289.1,85.0,0.1,0.9,0.0,0.854,0.185,0.8,0.1,0.0,0.0,0.0,0.0,0.0,0.0,0.0,0.334,0.0,4.9,10.6,26506.0,0.013253000000000001
2016-02-05,0.0,0.0,9.8,3.6,6.504,2806.3,192.8,86.4,0.1,0.8,-0.1,0.847,0.207,0.7,0.0,0.0,0.0,0.0,0.0,0.0,0.0,0.0,0.333,0.0,9.6,10.8,35207.0,0.0176035
2016-02-06,0.0,3.2,10.5,5.4,5.902,2604.7,322.2,75.6,0.3,1.5,2.9,0.844,0.231,0.6,0.1,0.0,0.0,0.0,0.0,0.0,0.0,0.0,0.332,0.0,7.5,12.9,33913.0,0.0169565
2016-02-07,0.0,0.3,9.3,5.6,5.147,2612.4,676.4,71.0,1.4,1.6,-1.1,0.849,0.252,0.7,0.3,0.0,0.0,0.0,0.0,0.0,0.0,0.0,0.334,0.0,7.6,11.9,23177.0,0.0115885
2016-02-08,0.0,8.8,9.8,7.4,5.441,2659.6,489.4,71.9,1.5,1.8,7.3,0.861,0.286,0.7,0.5,0.0,0.0,0.0,0.0,0.0,0.0,0.0,0.332,0.0,8.0,11.8,23707.0,0.0118535
2016-02-09,0.0,6.3,6.8,5.7,5.147,2710.9,172.5,83.1,0.7,0.9,5.6,0.92,0.324,2.2,1.8,0.0,0.0,0.0,0.0,0.0,0.0,0.0,0.339,0.0,4.4,9.7,8215.0,0.0041075
2016-02-10,0.0,0.8,5.6,5.3,3.982,2172.3,610.7,71.2,0.8,1.3,0.0,0.903,0.338,1.5,0.0,0.0,0.0,0.0,0.0,0.0,0.0,0.0,0.342,0.0,3.1,7.9,22616.0,0.011308
2016-02-11,0.0,0.5,5.6,2.8,4.235,2321.1,629.9,75.4,0.6,1.0,-0.1,0.892,0.36,1.1,0.1,0.0,0.0,0.0,0.0,0.0,0.0,0.0,0.34,0.0,3.7,8.4,23091.0,0.0115455
2016-02-12,0.0,3.4,3.9,3.3,4.385,2744.7,170.7,87.5,0.5,0.6,2.9,0.894,0.391,1.0,0.3,0.0,0.0,0.0,0.0,0.0,0.0,0.0,0.338,0.0,2.6,4.6,14177.0,0.0070885
2016-02-13,0.0,10.0,6.9,3.7,5.443,2765.1,159.2,87.9,0.0,0.7,10.0,0.944,0.461,2.3,1.4,0.0,0.0,0.0,0.0,0.0,0.0,0.0,0.34,0.0,4.0,9.2,22747.0,0.0113735
2016-02-14,0.0,1.3,6.0,3.1,4.588,2394.1,272.4,79.3,0.1,0.9,1.2,0.952,0.54,2.7,0.7,0.0,0.0,0.0,0.0,0.0,0.0,0.0,0.348,0.0,5.2,8.1,23745.0,0.0118725
2016-02-15,0.0,0.0,4.1,5.8,3.563,2204.3,708.2,70.8,1.3,1.5,-1.3,0.927,0.607,1.5,0.0,0.0,0.0,0.0,0.0,0.0,0.0,0.0,0.345,0.001,3.3,5.9,29584.0,0.014792
2016-02-16,0.0,0.0,2.1,2.9,2.999,2276.2,1097.6,68.6,1.7,0.9,-1.7,0.902,0.662,0.9,0.0,0.0,0.0,0.0,0.0,0.0,0.0,0.0,0.342,0.0,0.1,4.6,40973.0,0.0204865
2016-02-17,0.0,0.0,0.6,1.2,2.911,2283.3,696.7,74.1,0.8,0.6,-0.8,0.884,0.704,0.6,0.0,0.0,0.0,0.0,0.0,0.0,0.0,0.0,0.337,0.002,-1.8,3.6,39918.0,0.019959
2016-02-18,0.0,0.8,2.1,2.7,3.589,2346.6,214.3,80.9,0.0,0.7,0.8,0.88,0.745,0.5,0.1,0.0,0.0,0.0,0.0,0.0,0.0,0.0,0.331,0.006,-1.3,4.7,22709.0,0.0113545
2016-02-19,0.0,1.2,5.6,2.8,3.937,2405.8,874.6,70.1,0.8,1.1,0.4,0.874,0.751,0.5,0.0,0.0,0.0,0.0,0.0,0.0,0.0,0.0,0.333,0.004,2.0,8.1,43301.0,0.0216505
2016-02-20,0.0,0.1,10.4,4.9,6.606,2711.3,178.5,83.9,-0.3,1.0,0.4,0.877,0.772,0.5,0.2,0.0,0.0,0.0,0.0,0.0,0.0,0.0,0.337,0.0,6.9,12.5,33005.0,0.0165025
2016-02-21,0.0,0.0,11.8,4.5,6.7,2764.3,291.6,78.1,0.2,1.3,-0.2,0.873,0.802,0.5,0.0,0.0,0.0,0.0,0.0,0.0,0.0,0.0,0.337,0.0,11.0,12.9,39027.0,0.0195135
2016-02-22,0.0,6.4,10.6,4.6,6.199,2936.1,241.1,78.6,0.6,1.2,5.8,0.877,0.822,0.5,0.3,0.0,0.0,0.0,0.0,0.0,0.0,0.0,0.336,0.0,9.9,12.0,15170.0,0.007585
2016-02-23,0.0,0.8,6.5,2.6,4.479,2579.3,699.4,75.0,1.3,1.0,-0.5,0.906,0.826,0.9,0.6,0.0,0.0,0.0,0.0,0.0,0.0,0.0,0.342,0.0,5.0,8.0,25214.0,0.012607
2016-02-24,0.0,0.5,4.1,2.0,3.895,2410.6,406.1,77.2,0.3,0.8,0.2,0.897,0.808,0.8,0.1,0.0,0.0,0.0,0.0,0.0,0.0,0.0,0.34,0.0,0.9,7.2,30781.0,0.0153905
2016-02-25,0.0,0.0,3.6,1.9,3.529,2277.0,945.0,72.9,1.2,0.9,-1.2,0.881,0.792,0.6,0.0,0.0,0.0,0.0,0.0,0.0,0.0,0.0,0.339,0.0,0.9,6.4,30342.0,0.015171
2016-02-26,0.0,0.0,3.8,2.6,3.066,2056.1,759.7,63.2,0.6,1.2,-0.6,0.869,0.773,0.5,0.0,0.0,0.0,0.0,0.0,0.0,0.0,0.0,0.335,0.002,-0.3,7.7,45143.0,0.0225715
2016-02-27,0.0,0.0,4.0,4.4,3.028,2000.9,1010.6,60.3,0.9,1.5,-0.9,0.857,0.752,0.5,0.0,0.0,0.0,0.0,0.0,0.0,0.0,0.0,0.329,0.006,0.6,6.4,19976.0,0.009988
2016-02-28,0.0,0.0,3.4,5.7,2.898,1980.7,991.8,60.5,1.3,1.6,-1.3,0.841,0.715,0.4,0.0,0.0,0.0,0.0,0.0,0.0,0.0,0.0,0.33,0.003,0.2,5.4,27591.0,0.0137955
2016-02-29,0.0,0.0,4.0,5.0,3.061,2060.2,1304.6,61.5,1.7,1.8,-1.7,0.822,0.667,0.4,0.0,0.0,0.0,0.0,0.0,0.0,0.0,0.0,0.326,0.004,1.2,6.9,38955.0,0.0194775
2016-03-01,0.0,3.3,5.8,3.8,4.941,2800.2,193.7,84.2,0.0,0.9,3.3,0.826,0.624,0.3,0.2,0.0,0.0,0.0,0.0,0.0,0.0,0.0,0.327,0.001,1.6,10.4,36857.0,0.0184285
2016-03-02,0.0,4.7,7.8,5.2,4.799,2505.6,854.2,72.9,1.6,1.8,3.1,0.844,0.605,0.4,0.3,0.0,0.0,0.0,0.0,0.0,0.0,0.0,0.331,0.0,5.1,10.1,27781.0,0.0138905
2016-03-03,0.0,5.0,6.1,4.3,4.203,2510.5,551.2,72.3,1.0,1.3,4.0,0.863,0.596,0.4,0.3,0.0,0.0,0.0,0.0,0.0,0.0,0.0,0.334,0.0,5.1,7.3,32034.0,0.016017
2016-03-04,1.2,8.9,6.2,2.3,4.998,2751.9,582.0,85.1,0.9,0.9,9.2,0.914,0.596,0.8,1.0,0.0,0.0,0.0,0.0,0.0,0.0,1.3,0.339,0.0,5.5,7.5,21426.0,0.010713
2016-03-05,0.3,1.9,4.1,3.3,4.161,2450.4,520.3,82.4,0.6,0.9,1.6,0.956,0.646,2.0,1.4,0.0,0.3,0.0,0.002,0.002,0.0,0.9,0.348,0.0,1.6,6.4,32126.0,0.016063
2016-03-06,0.0,0.7,5.1,3.1,3.838,2277.2,983.6,71.1,1.4,1.3,-0.7,0.934,0.702,1.4,0.0,0.0,0.0,0.0,0.0,0.0,0.0,0.0,0.346,0.001,3.2,7.0,39398.0,0.019699
2016-03-07,0.2,0.9,3.7,4.2,3.929,2519.0,416.5,79.6,0.9,1.0,0.2,0.925,0.762,1.0,0.2,0.0,0.0,0.0,0.0,0.0,0.0,0.2,0.344,0.0,3.1,4.7,33379.0,0.0166895
2016-03-08,0.0,0.0,5.5,2.7,3.553,2466.8,809.7,64.9,1.1,1.3,-1.1,0.909,0.814,0.8,0.0,0.0,0.0,0.0,0.0,0.0,0.0,0.0,0.343,0.0,2.5,7.5,45591.0,0.0227955
2016-03-09,0.0,6.0,6.2,5.1,4.693,2591.4,246.6,79.9,0.5,1.3,5.5,0.928,0.905,0.9,0.8,0.0,0.0,0.0,0.0,0.0,0.0,0.0,0.34,0.0,5.2,7.3,30100.0,0.015050000000000001
2016-03-10,0.0,0.0,6.9,1.5,4.65,2302.3,395.0,75.7,0.0,1.0,0.0,0.932,1.028,1.1,0.0,0.0,0.0,0.0,0.0,0.0,0.0,0.0,0.345,0.0,5.0,8.6,39108.0,0.019554
2016-03-11,0.0,0.0,7.5,2.2,4.115,2353.4,1260.6,65.3,1.7,1.6,-1.7,0.912,1.149,0.9,0.0,0.0,0.0,0.0,0.0,0.0,0.0,0.0,0.344,0.0,4.6,10.2,42647.0,0.0213235
2016-03-12,0.0,0.0,6.8,3.2,3.871,2288.6,1321.8,64.3,1.8,1.8,-1.8,0.888,1.186,0.6,0.0,0.0,0.0,0.0,0.0,0.0,0.0,0.0,0.34,0.0,1.9,10.6,55366.0,0.027683
2016-03-13,0.0,0.0,6.2,4.7,3.869,2214.9,1741.8,66.1,2.7,2.0,-2.7,0.859,1.187,0.5,0.0,0.0,0.0,0.0,0.0,0.0,0.0,0.0,0.337,0.0,1.6,9.2,52938.0,0.026469
2016-03-14,0.0,0.0,5.7,4.0,3.763,2361.9,1131.6,66.9,1.7,1.6,-1.7,0.835,1.103,0.4,0.0,0.0,0.0,0.0,0.0,0.0,0.0,0.0,0.332,0.0,2.9,7.7,55625.0,0.0278125
2016-03-15,0.0,0.0,7.5,4.1,3.776,2366.2,1375.8,59.9,1.9,2.2,-1.9,0.814,0.997,0.4,0.0,0.0,0.0,0.0,0.0,0.0,0.0,0.0,0.329,0.0,1.2,11.4,57218.0,0.028609
2016-03-16,0.0,0.0,6.1,4.7,3.518,2369.1,737.8,60.8,1.2,1.7,-1.2,0.797,0.919,0.4,0.0,0.0,0.0,0.0,0.0,0.0,0.0,0.0,0.326,0.0,3.9,7.3,24270.0,0.012135
2016-03-17,0.0,0.0,7.4,3.4,3.771,2180.7,1903.0,59.5,1.9,2.4,-1.9,0.778,0.844,0.3,0.0,0.0,0.0,0.0,0.0,0.0,0.0,0.0,0.323,0.001,2.7,10.9,43406.0,0.021703
2016-03-18,0.0,0.0,6.3,3.4,4.385,2409.2,1677.6,74.4,1.2,1.7,-1.2,0.761,0.773,0.3,0.0,0.0,0.0,0.0,0.0,0.0,0.0,0.0,0.321,0.0,2.5,9.0,55995.0,0.0279975
2016-03-19,0.0,0.0,6.0,4.0,4.528,2623.9,620.1,78.1,0.4,1.2,-0.4,0.752,0.675,0.3,0.0,0.0,0.0,0.0,0.0,0.0,0.0,0.0,0.319,0.0,5.2,6.9,55009.0,0.0275045
2016-03-20,0.0,0.0,6.4,3.9,4.134,2642.6,340.3,69.6,0.4,1.3,-0.4,0.745,0.584,0.3,0.0,0.0,0.0,0.0,0.0,0.0,0.0,0.0,0.318,0.0,5.4,6.9,34819.0,0.0174095
2016-03-21,0.0,0.0,7.7,3.8,4.326,2303.1,732.7,67.1,0.6,1.6,-0.6,0.738,0.518,0.3,0.0,0.0,0.0,0.0,0.0,0.0,0.0,0.0,0.317,0.0,5.2,9.4,50435.0,0.0252175
2016-03-22,0.0,0.0,9.2,3.4,4.357,2231.1,1148.8,61.2,1.0,2.2,-1.0,0.728,0.462,0.2,0.0,0.0,0.0,0.0,0.0,0.0,0.0,0.0,0.316,0.0,6.8,11.4,65235.0,0.0326175
2016-03-23,0.0,0.0,7.9,3.8,4.613,2609.1,646.3,70.6,0.5,1.5,-0.5,0.719,0.401,0.2,0.0,0.0,0.0,0.0,0.0,0.0,0.0,0.0,0.314,0.0,4.6,10.0,59360.0,0.02968
2016-03-24,0.0,3.7,9.1,2.3,4.351,2285.0,242.1,61.1,0.0,1.5,3.7,0.72,0.329,0.2,0.0,0.0,0.0,0.0,0.0,0.0,0.0,0.0,0.313,0.0,7.1,10.3,57089.0,0.0285445
2016-03-25,0.0,1.5,9.7,2.7,6.35,2828.4,496.4,85.0,0.2,1.2,1.3,0.758,0.285,0.2,0.4,0.0,0.0,0.0,0.0,0.0,0.0,0.0,0.318,0.0,7.4,12.2,27101.0,0.0135505
2016-03-26,0.0,9.0,11.2,4.1,6.779,2953.8,432.9,82.3,0.6,1.4,8.4,0.773,0.264,0.2,0.3,0.0,0.0,0.0,0.0,0.0,0.0,0.0,0.319,0.0,7.0,15.1,58200.0,0.0291
2016-03-27,0.0,1.8,10.2,5.6,5.337,2506.1,1089.2,70.3,2.1,2.3,-0.3,0.825,0.287,0.2,0.7,0.0,0.0,0.0,0.0,0.0,0.0,0.0,0.329,0.0,7.0,13.3,40080.0,0.02004
2016-03-28,0.0,9.0,10.6,6.7,5.637,2551.9,1207.6,70.4,2.8,2.7,6.2,0.866,0.356,0.4,1.1,0.0,0.0,0.0,0.0,0.0,0.0,0.0,0.328,0.0,8.1,14.5,42390.0,0.021195
2016-03-29,0.0,4.4,10.3,4.2,5.625,2450.7,1061.4,72.8,1.3,2.3,3.1,0.86,0.442,0.4,0.0,0.0,0.0,0.0,0.0,0.0,0.0,0.0,0.335,0.0,6.1,14.0,41650.0,0.020825
2016-03-30,0.0,9.2,8.8,2.2,5.997,2933.0,355.7,85.1,0.8,1.0,8.4,0.917,0.583,0.8,1.2,0.0,0.0,0.0,0.0,0.0,0.0,0.0,0.338,0.0,7.6,10.0,47758.0,0.023879
2016-03-31,0.0,14.8,6.7,5.2,5.347,2958.9,386.5,87.9,1.4,0.9,13.4,1.003,0.818,5.0,3.6,0.0,0.0,0.0,0.0,0.0,0.0,0.0,0.347,0.0,6.1,7.2,23256.0,0.011628
2016-04-01,0.0,0.0,8.0,2.4,5.027,2660.8,1532.3,76.3,2.7,1.9,-2.7,0.968,1.047,2.2,0.0,0.0,0.0,0.0,0.0,0.0,0.0,0.0,0.354,0.0,5.3,10.9,37500.0,0.01875
2016-04-02,0.0,3.0,7.6,2.3,5.652,2885.1,579.6,86.1,0.7,1.1,2.3,0.952,1.234,1.0,0.3,0.0,0.0,0.0,0.0,0.0,0.0,0.0,0.348,0.0,2.8,10.5,39280.0,0.01964
2016-04-03,0.0,4.6,14.7,2.6,7.399,2781.0,1273.2,73.0,1.8,2.4,2.8,0.95,1.355,1.1,0.1,0.0,0.0,0.0,0.0,0.0,0.0,0.0,0.349,0.0,9.5,19.8,38210.0,0.019105
2016-04-04,0.0,1.6,13.2,3.2,6.678,2746.8,1059.2,72.0,1.7,2.2,-0.1,0.964,1.433,1.4,0.9,0.0,0.0,0.0,0.0,0.0,0.0,0.0,0.351,0.0,10.1,15.7,34253.0,0.0171265
2016-04-05,0.0,0.0,12.4,2.3,6.216,2600.8,1370.7,70.3,2.1,2.3,-2.1,0.937,1.493,1.0,0.0,0.0,0.0,0.0,0.0,0.0,0.0,0.0,0.348,0.0,10.0,15.9,33690.0,0.016845
2016-04-06,0.0,1.5,10.2,4.0,5.593,2606.2,1087.5,73.1,2.1,2.3,-0.6,0.916,1.545,0.7,0.2,0.0,0.0,0.0,0.0,0.0,0.0,0.0,0.344,0.0,8.0,14.2,53868.0,0.026934
2016-04-07,0.0,1.9,8.3,3.5,4.838,2337.7,1262.8,71.5,2.0,1.9,-0.1,0.909,1.602,0.7,0.2,0.0,0.0,0.0,0.0,0.0,0.0,0.0,0.342,0.0,5.9,10.2,54618.0,0.027309
2016-04-08,0.0,0.1,9.6,1.7,5.327,2517.5,1344.8,72.7,1.9,2.0,-1.8,0.888,1.649,0.6,0.0,0.0,0.0,0.0,0.0,0.0,0.0,0.0,0.34,0.0,6.7,12.9,51350.0,0.025675
2016-04-09,0.0,1.6,8.3,2.8,5.176,2716.9,1113.7,77.5,2.1,2.0,-0.5,0.867,1.639,0.5,0.0,0.0,0.0,0.0,0.0,0.0,0.0,0.0,0.337,0.0,4.5,13.5,47916.0,0.023958
2016-04-10,0.0,0.0,11.2,3.5,5.542,2638.5,1753.5,69.3,2.7,2.7,-2.7,0.849,1.555,0.5,0.2,0.0,0.0,0.0,0.0,0.0,0.0,0.0,0.335,0.0,3.0,16.9,69533.0,0.0347665
2016-04-11,0.0,2.9,12.0,2.7,6.576,2559.9,1103.0,75.8,1.2,2.1,1.7,0.835,1.48,0.4,0.1,0.0,0.0,0.0,0.0,0.0,0.0,0.0,0.331,0.0,11.2,15.0,55621.0,0.027810500000000002
2016-04-12,0.0,4.4,11.4,2.5,6.412,2671.0,1428.1,77.7,1.9,2.1,2.5,0.838,1.407,0.4,0.2,0.0,0.0,0.0,0.0,0.0,0.0,0.0,0.332,0.0,6.5,15.0,60476.0,0.030238
2016-04-13,0.0,0.5,12.6,1.4,6.706,2802.6,1321.3,74.9,2.1,2.1,-1.6,0.852,1.347,0.4,0.5,0.0,0.0,0.0,0.0,0.0,0.0,0.0,0.335,0.0,9.3,16.2,52461.0,0.0262305
2016-04-14,0.0,2.5,12.0,2.6,6.532,2811.5,1402.4,76.3,2.3,2.6,0.2,0.834,1.289,0.4,0.1,0.0,0.0,0.0,0.0,0.0,0.0,0.0,0.332,0.0,8.2,17.5,54413.0,0.0272065
2016-04-15,0.0,2.4,12.7,4.4,6.672,2774.8,1061.4,73.6,2.0,2.4,0.4,0.836,1.239,0.4,0.2,0.0,0.0,0.0,0.0,0.0,0.0,0.0,0.331,0.0,10.2,15.5,52426.0,0.026213
2016-04-16,0.0,0.2,11.3,3.7,5.751,2593.0,1255.3,69.8,2.2,2.5,-2.0,0.824,1.199,0.4,0.1,0.0,0.0,0.0,0.0,0.0,0.0,0.0,0.331,0.0,9.6,14.8,47818.0,0.023909
2016-04-17,0.0,1.0,7.2,2.8,4.494,2437.4,1656.7,72.0,2.2,2.1,-1.2,0.804,1.162,0.3,0.0,0.0,0.0,0.0,0.0,0.0,0.0,0.0,0.328,0.0,5.3,8.9,41627.0,0.0208135
2016-04-18,0.0,0.0,9.0,1.6,4.101,2498.1,2137.2,60.2,2.5,2.8,-2.5,0.782,1.134,0.3,0.1,0.0,0.0,0.0,0.0,0.0,0.0,0.0,0.326,0.0,3.7,13.4,72639.0,0.0363195
2016-04-19,0.0,0.0,10.8,2.6,5.009,2555.9,2454.6,63.4,2.1,3.2,-2.1,0.758,1.12,0.3,0.0,0.0,0.0,0.0,0.0,0.0,0.0,0.0,0.322,0.0,5.5,15.0,78966.0,0.039483
2016-04-20,0.0,0.0,13.8,4.7,4.884,2356.1,1902.2,51.3,1.8,4.1,-1.8,0.736,1.106,0.3,0.0,0.0,0.0,0.0,0.0,0.0,0.0,0.0,0.318,0.0,8.1,18.0,58237.0,0.0291185
2016-04-21,0.0,0.0,16.0,1.7,6.327,2575.2,1024.0,55.9,0.6,2.5,-0.6,0.725,1.081,0.3,0.0,0.0,0.0,0.0,0.0,0.0,0.0,0.0,0.315,0.0,11.6,19.8,31869.0,0.0159345
2016-04-22,0.0,1.0,14.1,1.6,6.713,2684.9,832.3,67.9,0.6,1.9,0.4,0.719,1.038,0.3,0.0,0.0,0.0,0.0,0.0,0.0,0.0,0.0,0.314,0.0,12.8,16.0,40792.0,0.020396
2016-04-23,0.0,0.0,8.7,4.4,4.851,2474.6,571.5,68.8,0.8,1.7,-0.8,0.716,0.973,0.2,0.0,0.0,0.0,0.0,0.0,0.0,0.0,0.0,0.314,0.0,8.9,9.3,37165.0,0.0185825
2016-04-24,0.0,3.2,6.0,2.4,4.323,2436.7,838.4,74.5,0.7,1.5,2.5,0.716,0.939,0.2,0.1,0.0,0.0,0.0,0.0,0.0,0.0,0.0,0.312,0.0,4.6,8.5,59008.0,0.029504
2016-04-25,0.0,2.1,7.9,4.0,4.83,2562.1,1083.5,73.9,1.5,2.2,0.6,0.729,0.916,0.2,0.2,0.0,0.0,0.0,0.0,0.0,0.0,0.0,0.315,0.0,3.1,11.1,63148.0,0.031574
2016-04-26,0.0,1.6,5.4,2.7,4.499,2675.3,940.3,80.7,1.5,1.4,0.1,0.735,0.883,0.2,0.1,0.0,0.0,0.0,0.0,0.0,0.0,0.0,0.316,0.0,5.0,6.0,48142.0,0.024071
2016-04-27,0.0,0.6,6.2,3.0,3.994,2363.8,1487.2,68.9,1.8,2.4,-1.2,0.724,0.843,0.2,0.0,0.0,0.0,0.0,0.0,0.0,0.0,0.0,0.316,0.0,3.3,10.8,68033.0,0.0340165
2016-04-28,0.0,0.0,7.8,2.2,3.773,2413.2,2004.7,59.8,1.7,2.7,-1.7,0.706,0.815,0.2,0.0,0.0,0.0,0.0,0.0,0.0,0.0,0.0,0.314,0.0,3.0,11.5,64177.0,0.0320885
2016-04-29,0.0,2.9,9.3,3.3,4.916,2280.1,1596.3,68.0,1.0,2.6,1.9,0.696,0.786,0.2,0.0,0.0,0.0,0.0,0.0,0.0,0.0,0.0,0.311,0.0,6.3,12.7,74633.0,0.0373165
2016-04-30,0.0,1.1,8.5,3.8,5.056,2547.2,736.2,73.8,1.0,1.7,0.1,0.718,0.762,0.2,0.2,0.0,0.0,0.0,0.0,0.0,0.0,0.0,0.313,0.0,6.5,10.3,41832.0,0.020916
2016-05-01,0.0,0.0,9.9,3.7,4.113,2423.0,2438.0,56.2,2.3,3.7,-2.3,0.697,0.728,0.2,0.0,0.0,0.0,0.0,0.0,0.0,0.0,0.0,0.313,0.0,4.5,14.3,63735.0,0.0318675
2016-05-02,0.0,0.5,12.6,1.9,4.942,2614.9,1876.0,54.8,1.6,3.3,-1.1,0.679,0.691,0.2,0.0,0.0,0.0,0.0,0.0,0.0,0.0,0.0,0.309,0.0,7.0,17.4,76251.0,0.0381255
2016-05-03,0.0,0.0,12.2,3.7,5.072,2445.2,1861.9,58.5,1.6,3.4,-1.6,0.666,0.653,0.2,0.0,0.0,0.0,0.0,0.0,0.0,0.0,0.0,0.307,0.0,9.1,14.7,66646.0,0.033323
2016-05-04,0.0,0.0,13.1,1.9,4.397,2498.8,2723.5,48.5,1.9,4.1,-1.9,0.647,0.613,0.2,0.0,0.0,0.0,0.0,0.0,0.0,0.0,0.0,0.305,0.0,7.4,17.8,87767.0,0.0438835
2016-05-05,0.0,0.0,15.2,3.3,4.409,2486.1,2733.2,41.7,1.8,5.2,-1.8,0.628,0.563,0.1,0.0,0.0,0.0,0.0,0.0,0.0,0.0,0.0,0.302,0.0,11.0,19.6,85749.0,0.042874499999999996
2016-05-06,0.0,0.0,17.9,2.1,6.083,2703.4,2290.9,48.9,1.4,4.5,-1.4,0.613,0.486,0.1,0.0,0.0,0.0,0.0,0.0,0.0,0.0,0.0,0.3,0.0,11.4,22.9,68199.0,0.0340995
2016-05-07,0.0,0.0,18.6,3.1,6.062,2717.9,1496.3,46.1,1.0,4.3,-1.0,0.601,0.422,0.1,0.0,0.0,0.0,0.0,0.0,0.0,0.0,0.0,0.297,0.0,15.9,21.7,65545.0,0.0327725
2016-05-08,0.0,0.0,19.9,3.3,6.723,2765.2,1713.3,47.4,1.3,4.8,-1.3,0.588,0.352,0.1,0.0,0.0,0.0,0.0,0.0,0.0,0.0,0.0,0.296,0.0,15.2,24.4,47933.0,0.023966499999999998
2016-05-09,0.0,4.5,18.4,3.6,8.744,2881.7,1307.0,67.2,0.7,3.2,3.8,0.587,0.288,0.1,0.0,0.0,0.0,0.0,0.0,0.0,0.0,0.0,0.294,0.0,17.4,21.1,27406.0,0.013703
2016-05-10,0.0,7.6,16.5,2.4,10.164,3266.9,659.2,87.3,1.2,1.7,6.4,0.671,0.283,0.1,0.6,0.0,0.0,0.0,0.0,0.0,0.0,0.0,0.299,0.0,15.4,18.8,55872.0,0.027936
2016-05-11,0.0,7.0,15.5,0.6,9.773,3396.9,708.0,89.3,1.5,1.5,5.5,0.705,0.332,0.1,0.5,0.0,0.0,0.0,0.0,0.0,0.0,0.0,0.307,0.0,13.9,17.8,35475.0,0.0177375
2016-05-12,0.0,7.0,16.2,0.9,9.528,3149.4,906.3,83.5,1.8,2.0,5.2,0.733,0.411,0.1,0.4,0.0,0.0,0.0,0.0,0.0,0.0,0.0,0.314,0.0,14.6,19.5,48491.0,0.0242455
2016-05-13,0.0,2.5,16.2,3.2,9.403,3086.1,1589.7,81.9,3.6,2.9,-1.1,0.76,0.494,0.2,0.6,0.0,0.0,0.0,0.0,0.0,0.0,0.0,0.32,0.0,14.2,19.9,36261.0,0.0181305
2016-05-14,0.0,0.0,10.2,4.7,4.946,2578.2,1104.4,63.9,2.5,2.6,-2.5,0.732,0.572,0.2,0.0,0.0,0.0,0.0,0.0,0.0,0.0,0.0,0.318,0.0,10.1,11.6,46531.0,0.0232655
2016-05-15,0.0,0.0,11.2,1.9,4.844,2416.5,2057.1,59.2,2.9,3.1,-2.9,0.702,0.637,0.1,0.0,0.0,0.0,0.0,0.0,0.0,0.0,0.0,0.314,0.0,7.5,13.9,79010.0,0.039505
2016-05-16,0.0,0.0,12.8,1.9,5.758,2631.6,2105.9,63.2,2.5,3.4,-2.5,0.676,0.686,0.1,0.0,0.0,0.0,0.0,0.0,0.0,0.0,0.0,0.31,0.0,10.3,16.2,65792.0,0.032896
2016-05-17,0.0,0.0,14.5,1.6,6.136,2627.5,2011.4,60.9,2.0,3.4,-2.0,0.653,0.736,0.1,0.0,0.0,0.0,0.0,0.0,0.0,0.0,0.0,0.306,0.0,10.9,17.8,65649.0,0.0328245
2016-05-18,0.0,9.6,13.8,4.0,6.85,2633.4,1476.9,70.8,1.7,3.0,7.9,0.658,0.797,0.1,0.3,0.0,0.0,0.0,0.0,0.0,0.0,0.0,0.303,0.0,12.3,16.8,55121.0,0.0275605
2016-05-19,0.0,0.6,12.5,3.7,7.2,2844.3,929.3,80.2,1.4,1.9,-0.8,0.709,0.875,0.1,0.5,0.0,0.0,0.0,0.0,0.0,0.0,0.0,0.313,0.0,9.9,14.5,56774.0,0.028387
2016-05-20,0.0,0.0,16.1,2.5,8.686,2743.9,648.3,76.5,0.2,1.9,-0.2,0.705,0.899,0.1,0.0,0.0,0.0,0.0,0.0,0.0,0.0,0.0,0.312,0.0,13.3,18.2,65454.0,0.032727
2016-05-21,0.0,9.5,18.9,3.4,9.553,2929.4,1478.2,71.5,2.2,3.6,7.3,0.701,0.902,0.1,0.0,0.0,0.0,0.0,0.0,0.0,0.0,0.0,0.311,0.0,14.7,23.0,77780.0,0.03889
2016-05-22,0.0,26.2,14.6,2.8,9.123,3194.3,476.5,87.9,1.4,1.4,24.8,0.803,0.967,0.2,1.8,0.0,0.0,0.0,0.0,0.0,0.0,0.0,0.32,0.0,12.8,16.8,35347.0,0.0176735
2016-05-23,0.0,10.7,12.1,3.4,7.696,3070.8,830.3,87.8,1.8,1.6,8.9,0.948,1.158,9.2,6.0,0.0,0.0,0.0,0.0,0.0,0.0,0.0,0.347,0.0,11.1,13.8,62648.0,0.031324
2016-05-24,0.0,0.0,12.1,2.9,6.315,2638.4,1159.8,72.2,1.9,2.4,-1.9,0.905,1.362,1.8,0.0,0.0,0.0,0.0,0.0,0.0,0.0,0.0,0.344,0.0,10.9,13.6,69559.0,0.0347795
2016-05-25,0.0,0.0,14.4,2.3,6.755,2696.2,2243.2,66.4,3.9,3.7,-3.9,0.865,1.54,0.7,0.0,0.0,0.0,0.0,0.0,0.0,0.0,0.0,0.339,0.0,9.4,17.9,64302.0,0.032151
2016-05-26,0.0,1.6,17.4,2.0,8.538,2792.3,1277.3,69.2,1.7,2.8,-0.1,0.84,1.69,0.3,0.0,0.0,0.0,0.0,0.0,0.0,0.0,0.0,0.333,0.0,13.7,20.3,58055.0,0.0290275
2016-05-27,0.0,0.0,18.8,1.0,9.801,2957.9,1918.0,73.2,3.1,3.6,-3.1,0.823,1.819,0.3,0.2,0.0,0.0,0.0,0.0,0.0,0.0,0.0,0.332,0.0,15.3,23.2,71991.0,0.0359955
2016-05-28,0.0,10.5,17.9,1.8,10.474,3105.4,848.8,82.7,1.3,2.1,9.2,0.866,1.898,0.4,1.0,0.0,0.0,0.0,0.0,0.0,0.0,0.0,0.327,0.0,15.0,21.5,59947.0,0.0299735
2016-05-29,0.0,10.2,15.8,3.0,9.877,3020.5,615.4,88.5,0.9,1.5,9.3,0.894,1.953,0.6,0.7,0.0,0.0,0.0,0.0,0.0,0.0,0.0,0.338,0.0,14.4,16.9,42098.0,0.021049000000000002
2016-05-30,0.0,53.0,13.3,5.5,8.903,3349.6,507.7,93.6,2.0,1.1,51.0,1.066,2.057,12.2,10.6,0.0,0.0,0.0,0.0,0.0,0.0,0.0,0.347,0.0,12.8,13.8,45928.0,0.022964000000000002
2016-05-31,0.0,7.6,13.5,3.6,9.237,3378.8,519.1,96.2,1.3,1.0,6.3,1.123,2.123,12.6,5.1,0.0,0.0,0.0,0.0,0.0,0.0,0.0,0.376,0.0,12.6,14.6,41333.0,0.0206665
2016-06-01,0.0,7.1,14.9,3.1,9.849,3303.2,657.7,93.6,1.5,1.4,5.6,1.107,2.141,4.4,1.0,0.0,0.0,0.0,0.0,0.0,0.0,0.0,0.371,0.0,14.2,16.0,29258.0,0.014629
2016-06-02,0.0,0.7,13.0,4.8,8.468,3234.8,454.5,91.3,1.7,1.1,-1.0,1.089,2.146,3.6,0.5,0.0,0.0,0.0,0.0,0.0,0.0,0.0,0.371,0.0,12.9,13.3,38695.0,0.0193475
2016-06-03,0.0,0.0,12.4,3.4,7.97,3219.3,656.0,89.2,1.6,1.4,-1.6,1.053,2.148,2.3,0.1,0.0,0.0,0.0,0.0,0.0,0.0,0.0,0.365,0.0,11.4,13.1,45973.0,0.0229865
2016-06-04,0.0,1.8,14.9,2.8,9.134,3213.5,758.6,86.8,1.3,1.7,0.5,1.024,2.148,1.7,0.1,0.0,0.0,0.0,0.0,0.0,0.0,0.0,0.36,0.0,12.7,16.5,49076.0,0.024538
2016-06-05,0.0,0.1,16.4,1.3,10.525,3377.5,812.5,90.5,1.4,1.6,-1.3,1.009,2.149,1.6,0.2,0.0,0.0,0.0,0.0,0.0,0.0,0.0,0.358,0.0,14.3,19.1,60562.0,0.030281
2016-06-06,0.0,0.0,18.9,0.8,11.636,3459.0,1160.2,86.0,2.1,2.3,-2.1,0.978,2.147,1.3,0.0,0.0,0.0,0.0,0.0,0.0,0.0,0.0,0.354,0.0,16.3,21.9,67509.0,0.0337545
2016-06-07,0.0,0.0,21.3,2.4,11.262,3221.1,2215.2,72.5,4.3,4.7,-4.3,0.931,2.146,1.1,0.0,0.0,0.0,0.0,0.0,0.0,0.0,0.0,0.35,0.0,18.0,26.4,64367.0,0.0321835
2016-06-08,0.0,1.1,19.5,2.8,10.434,3092.6,1672.9,74.3,3.0,3.4,-1.9,0.898,2.145,0.9,0.1,0.0,0.0,0.0,0.0,0.0,0.0,0.0,0.342,0.0,15.9,22.0,74899.0,0.037449500000000004
2016-06-09,0.0,0.0,18.3,2.4,8.655,2924.1,2954.4,67.0,3.1,4.9,-3.1,0.86,2.144,0.8,0.0,0.0,0.0,0.0,0.0,0.0,0.0,0.0,0.338,0.0,13.2,21.3,78374.0,0.039187
2016-06-10,0.0,0.0,19.9,1.5,8.766,2729.6,1424.7,61.4,1.6,3.4,-1.6,0.834,2.138,0.7,0.0,0.0,0.0,0.0,0.0,0.0,0.0,0.0,0.333,0.0,16.6,23.5,45806.0,0.022903
2016-06-11,0.0,1.0,19.2,0.9,9.624,2870.5,843.6,70.0,0.6,2.1,0.4,0.823,2.116,0.6,0.0,0.0,0.0,0.0,0.0,0.0,0.0,0.0,0.329,0.0,17.7,21.3,55024.0,0.027512
2016-06-12,0.0,8.5,17.0,3.2,9.92,3166.2,837.0,82.5,1.6,2.2,6.9,0.844,2.045,0.5,0.6,0.0,0.0,0.0,0.0,0.0,0.0,0.0,0.329,0.0,15.7,18.9,50083.0,0.0250415
2016-06-13,0.0,0.0,16.2,2.9,8.804,2931.2,996.7,77.1,1.4,2.4,-1.4,0.867,1.939,0.5,0.2,0.0,0.0,0.0,0.0,0.0,0.0,0.0,0.337,0.0,14.2,17.9,46006.0,0.023003
2016-06-14,0.0,4.0,15.8,3.5,7.93,2618.9,1774.2,71.9,2.5,3.7,1.5,0.847,1.828,0.5,0.0,0.0,0.0,0.0,0.0,0.0,0.0,0.0,0.334,0.0,14.9,18.6,56779.0,0.0283895
2016-06-15,0.0,2.0,15.6,2.4,8.447,2925.3,1348.2,77.1,2.3,2.7,-0.3,0.865,1.762,0.5,0.5,0.0,0.0,0.0,0.0,0.0,0.0,0.0,0.335,0.0,12.6,18.2,57589.0,0.0287945
2016-06-16,0.0,5.8,15.8,1.4,8.997,2862.4,874.8,80.9,1.2,1.9,4.6,0.889,1.737,0.5,0.6,0.0,0.0,0.0,0.0,0.0,0.0,0.0,0.334,0.0,14.5,17.0,50497.0,0.0252485
2016-06-17,0.0,4.7,15.7,2.8,8.815,3063.3,1085.9,79.8,2.1,2.3,2.6,0.906,1.729,0.5,0.5,0.0,0.0,0.0,0.0,0.0,0.0,0.0,0.339,0.0,14.3,17.1,61449.0,0.030724500000000002
2016-06-18,0.0,4.3,16.0,2.7,8.476,2899.7,1133.3,75.3,1.9,2.6,2.4,0.9,1.729,0.5,0.2,0.0,0.0,0.0,0.0,0.0,0.0,0.0,0.341,0.0,14.3,18.6,55818.0,0.027909
2016-06-19,0.0,0.1,18.1,1.7,8.683,2850.5,1758.8,68.1,2.7,3.5,-2.6,0.899,1.738,0.6,0.4,0.0,0.0,0.0,0.0,0.0,0.0,0.0,0.343,0.0,14.3,22.2,60116.0,0.030057999999999998
2016-06-20,0.0,12.9,16.5,3.6,10.104,3264.1,564.4,86.5,1.4,1.8,11.5,0.93,1.754,0.6,1.2,0.0,0.0,0.0,0.0,0.0,0.0,0.0,0.339,0.0,16.1,16.9,63158.0,0.031579
2016-06-21,0.0,0.5,19.2,2.3,11.87,3392.4,833.9,86.2,1.4,2.1,-0.9,0.963,1.851,1.3,0.5,0.0,0.0,0.0,0.0,0.0,0.0,0.0,0.351,0.0,16.6,21.6,63516.0,0.031758
2016-06-22,0.0,0.3,23.8,1.7,13.555,3324.5,1749.2,74.6,3.0,3.9,-2.7,0.933,1.982,0.9,0.0,0.0,0.0,0.0,0.0,0.0,0.0,0.0,0.348,0.0,19.7,27.9,77708.0,0.038854
2016-06-23,0.0,0.0,25.2,1.3,13.918,3312.1,2456.8,70.3,4.6,5.2,-4.6,0.886,2.063,0.6,0.0,0.0,0.0,0.0,0.0,0.0,0.0,0.0,0.343,0.0,22.1,30.0,79204.0,0.039602
2016-06-24,0.0,3.0,20.7,2.3,10.415,3027.9,1355.6,68.6,2.5,3.3,0.5,0.858,2.09,0.5,0.1,0.0,0.0,0.0,0.0,0.0,0.0,0.0,0.336,0.0,18.4,23.1,62425.0,0.0312125
2016-06-25,0.0,0.0,17.0,2.9,8.063,2901.4,2389.3,67.6,3.8,4.4,-3.8,0.839,2.109,0.5,0.2,0.0,0.0,0.0,0.0,0.0,0.0,0.0,0.335,0.0,15.2,20.2,64788.0,0.032394
2016-06-26,0.0,0.0,16.6,2.9,7.929,2762.0,1920.9,68.1,2.2,3.6,-2.2,0.808,2.083,0.4,0.0,0.0,0.0,0.0,0.0,0.0,0.0,0.0,0.329,0.0,13.1,19.3,71891.0,0.0359455
2016-06-27,0.0,1.1,17.7,3.3,9.794,3082.2,692.6,77.9,1.0,2.1,0.1,0.8,2.04,0.4,0.1,0.0,0.0,0.0,0.0,0.0,0.0,0.0,0.325,0.0,15.5,20.5,67826.0,0.033913
2016-06-28,0.0,0.4,18.5,3.2,9.079,2943.9,1357.9,68.9,1.9,3.2,-1.5,0.785,1.996,0.4,0.0,0.0,0.0,0.0,0.0,0.0,0.0,0.0,0.325,0.0,15.6,21.0,72334.0,0.036167
2016-06-29,0.0,0.1,18.7,3.6,8.199,2690.8,2036.7,61.9,1.9,4.6,-1.8,0.763,1.985,0.4,0.0,0.0,0.0,0.0,0.0,0.0,0.0,0.0,0.322,0.0,15.0,22.9,57050.0,0.028525000000000002
2016-06-30,0.0,0.9,19.1,3.6,10.494,3119.4,1021.0,76.1,1.1,2.8,-0.2,0.755,2.009,0.3,0.0,0.0,0.0,0.0,0.0,0.0,0.0,0.0,0.319,0.0,16.7,21.5,58879.0,0.0294395
2016-07-01,0.0,2.2,18.7,4.3,9.938,3014.3,875.9,74.2,1.4,2.6,0.8,0.757,2.032,0.3,0.1,0.0,0.0,0.0,0.0,0.0,0.0,0.0,0.318,0.0,17.2,20.7,59640.0,0.02982
2016-07-02,0.0,4.0,16.5,3.6,7.463,2821.6,1854.2,64.7,3.4,3.8,0.6,0.761,2.062,0.3,0.3,0.0,0.0,0.0,0.0,0.0,0.0,0.0,0.319,0.0,14.2,18.6,55620.0,0.02781
2016-07-03,0.0,3.1,16.1,2.0,8.018,3071.0,797.4,70.4,1.1,2.1,2.0,0.754,2.062,0.3,0.1,0.0,0.0,0.0,0.0,0.0,0.0,0.0,0.319,0.0,14.9,17.2,69266.0,0.034633
2016-07-04,0.0,0.0,18.4,2.2,9.531,3077.6,1930.4,73.3,2.4,3.5,-2.4,0.751,2.013,0.3,0.1,0.0,0.0,0.0,0.0,0.0,0.0,0.0,0.321,0.0,15.3,20.3,71307.0,0.0356535
2016-07-05,0.0,0.0,18.9,2.9,9.216,3018.7,1393.0,67.9,1.5,3.3,-1.5,0.732,1.885,0.3,0.0,0.0,0.0,0.0,0.0,0.0,0.0,0.0,0.317,0.0,18.3,20.6,61103.0,0.0305515
2016-07-06,0.0,0.0,18.7,1.7,7.998,2859.1,2150.1,60.5,1.8,4.1,-1.8,0.713,1.794,0.2,0.0,0.0,0.0,0.0,0.0,0.0,0.0,0.0,0.315,0.0,14.7,22.0,81844.0,0.040922
2016-07-07,0.0,0.2,22.2,1.6,8.781,2950.0,2869.9,54.0,2.2,5.5,-2.0,0.691,1.736,0.2,0.0,0.0,0.0,0.0,0.0,0.0,0.0,0.0,0.312,0.0,16.5,26.8,81605.0,0.0408025
2016-07-08,0.0,0.0,23.0,2.7,9.801,3088.3,2058.3,57.3,1.7,5.1,-1.7,0.673,1.67,0.2,0.0,0.0,0.0,0.0,0.0,0.0,0.0,0.0,0.309,0.0,19.2,28.6,69213.0,0.0346065
2016-07-09,0.0,0.0,23.5,1.7,10.41,3113.9,2672.0,59.0,1.9,5.4,-1.9,0.653,1.608,0.2,0.0,0.0,0.0,0.0,0.0,0.0,0.0,0.0,0.306,0.0,18.3,28.3,79432.0,0.039716
2016-07-10,0.0,0.0,24.6,3.4,10.211,2985.4,2123.8,54.5,1.6,6.0,-1.6,0.635,1.517,0.2,0.0,0.0,0.0,0.0,0.0,0.0,0.0,0.0,0.303,0.0,21.7,29.3,79157.0,0.0395785
2016-07-11,0.0,0.0,20.4,3.7,8.779,2663.9,2168.6,59.1,1.1,4.9,-1.1,0.622,1.373,0.2,0.0,0.0,0.0,0.0,0.0,0.0,0.0,0.0,0.301,0.0,18.2,22.4,46689.0,0.0233445
2016-07-12,0.0,9.6,17.9,2.3,9.158,2951.6,1679.6,72.0,2.2,3.4,7.4,0.636,1.259,0.2,0.2,0.0,0.0,0.0,0.0,0.0,0.0,0.0,0.299,0.0,16.0,20.4,46556.0,0.023278
2016-07-13,0.0,0.5,16.0,3.0,7.548,2869.2,1133.1,67.8,1.9,2.9,-1.4,0.672,1.178,0.2,0.3,0.0,0.0,0.0,0.0,0.0,0.0,0.0,0.308,0.0,13.2,18.8,66744.0,0.033372
2016-07-14,0.0,0.0,17.0,3.6,7.186,2688.5,2336.4,60.9,2.3,4.6,-2.3,0.65,1.097,0.1,0.0,0.0,0.0,0.0,0.0,0.0,0.0,0.0,0.306,0.0,13.4,20.2,66511.0,0.0332555
2016-07-15,0.0,0.0,19.0,1.7,7.428,2833.4,1992.8,56.1,1.7,4.0,-1.7,0.63,1.034,0.1,0.0,0.0,0.0,0.0,0.0,0.0,0.0,0.0,0.302,0.0,14.4,23.4,85669.0,0.0428345
2016-07-16,0.0,0.0,21.2,1.5,9.667,3102.9,1810.6,61.3,1.3,3.8,-1.3,0.616,0.998,0.1,0.0,0.0,0.0,0.0,0.0,0.0,0.0,0.0,0.3,0.0,16.4,25.6,85645.0,0.0428225
2016-07-17,0.0,0.0,23.2,1.6,10.517,3129.3,2471.8,59.7,1.8,4.9,-1.8,0.598,0.985,0.1,0.0,0.0,0.0,0.0,0.0,0.0,0.0,0.0,0.298,0.0,18.3,26.8,84822.0,0.042411
2016-07-18,0.0,0.0,25.8,1.4,11.0,3177.5,2602.5,53.9,1.8,5.4,-1.8,0.58,0.964,0.1,0.0,0.0,0.0,0.0,0.0,0.0,0.0,0.0,0.295,0.0,21.1,29.6,83872.0,0.041936
2016-07-19,0.0,0.0,28.9,2.5,11.26,3378.2,2876.4,46.8,2.0,6.9,-2.0,0.56,0.943,0.1,0.0,0.0,0.0,0.0,0.0,0.0,0.0,0.0,0.292,0.0,22.8,33.5,82920.0,0.04146
2016-07-20,0.0,0.0,26.2,2.1,11.45,3191.7,1993.8,54.3,1.1,4.9,-1.1,0.546,0.95,0.1,0.0,0.0,0.0,0.0,0.0,0.0,0.0,0.0,0.289,0.0,24.6,27.9,58779.0,0.0293895
2016-07-21,0.0,0.0,22.4,1.7,10.31,2829.4,1704.1,61.6,0.8,3.8,-0.8,0.536,0.962,0.1,0.0,0.0,0.0,0.0,0.0,0.0,0.0,0.0,0.288,0.0,19.0,24.8,54777.0,0.0273885
2016-07-22,0.0,0.0,22.3,2.9,9.897,2777.6,2108.4,59.7,1.2,4.8,-1.2,0.524,0.969,0.1,0.0,0.0,0.0,0.0,0.0,0.0,0.0,0.0,0.286,0.0,18.2,25.8,48441.0,0.0242205
2016-07-23,0.0,0.0,21.8,3.3,9.815,2997.5,2403.5,61.6,1.4,5.2,-1.4,0.511,0.956,0.1,0.0,0.0,0.0,0.0,0.0,0.0,0.0,0.0,0.285,0.0,16.8,26.3,56962.0,0.028481
2016-07-24,0.0,0.0,22.5,2.0,10.064,3149.5,2113.1,60.7,1.1,4.4,-1.1,0.499,0.938,0.1,0.0,0.0,0.0,0.0,0.0,0.0,0.0,0.0,0.283,0.0,17.4,25.9,70220.0,0.03511
2016-07-25,0.0,0.1,22.7,2.0,11.003,3128.2,1586.2,64.1,0.8,3.7,-0.7,0.49,0.901,0.1,0.0,0.0,0.0,0.0,0.0,0.0,0.0,0.0,0.281,0.0,21.2,25.5,69510.0,0.034755
2016-07-26,0.0,0.0,19.3,2.4,8.831,2917.1,1817.3,64.2,1.0,3.8,-1.0,0.481,0.876,0.1,0.0,0.0,0.0,0.0,0.0,0.0,0.0,0.0,0.28,0.0,16.2,22.4,72887.0,0.0364435
2016-07-27,0.0,0.6,20.0,2.0,9.624,3036.8,1009.3,67.0,0.4,2.7,0.2,0.475,0.836,0.1,0.0,0.0,0.0,0.0,0.0,0.0,0.0,0.0,0.278,0.0,15.8,23.1,67695.0,0.0338475
2016-07-28,0.0,0.2,21.3,3.1,10.439,3104.9,1708.8,67.3,1.3,3.8,-1.1,0.47,0.782,0.1,0.0,0.0,0.0,0.0,0.0,0.0,0.0,0.0,0.278,0.0,18.3,23.1,61061.0,0.0305305
2016-07-29,0.0,0.2,21.8,3.2,10.951,2983.9,1970.4,67.8,1.1,4.3,-0.9,0.46,0.76,0.1,0.0,0.0,0.0,0.0,0.0,0.0,0.0,0.0,0.277,0.0,19.3,24.8,69203.0,0.0346015
2016-07-30,0.0,0.1,20.1,2.0,9.616,2819.5,1765.6,66.6,0.8,3.7,-0.7,0.452,0.75,0.1,0.0,0.0,0.0,0.0,0.0,0.0,0.0,0.0,0.275,0.0,17.6,22.9,61395.0,0.0306975
2016-07-31,0.0,0.0,20.0,2.4,9.004,2943.8,2062.8,63.2,1.2,4.1,-1.2,0.442,0.746,0.1,0.0,0.0,0.0,0.0,0.0,0.0,0.0,0.0,0.274,0.0,17.1,23.3,48623.0,0.0243115
2016-08-01,0.0,2.8,19.9,2.3,7.719,2808.4,1748.9,54.9,1.0,3.9,1.8,0.436,0.73,0.0,0.0,0.0,0.0,0.0,0.0,0.0,0.0,0.0,0.272,0.0,16.0,23.0,71961.0,0.0359805
2016-08-02,0.0,4.1,19.3,3.5,11.16,3294.8,531.1,80.1,1.1,2.2,3.0,0.478,0.746,0.0,0.2,0.0,0.0,0.0,0.0,0.0,0.0,0.0,0.275,0.0,16.6,20.9,67210.0,0.033605
2016-08-03,0.0,0.5,21.1,3.7,10.999,3028.6,1076.1,71.3,1.2,3.3,-0.7,0.474,0.767,0.0,0.0,0.0,0.0,0.0,0.0,0.0,0.0,0.0,0.279,0.0,18.2,24.5,73863.0,0.0369315
2016-08-04,0.0,1.4,18.7,2.7,9.629,2708.9,1250.5,71.7,0.9,2.8,0.5,0.471,0.78,0.0,0.0,0.0,0.0,0.0,0.0,0.0,0.0,0.0,0.278,0.0,16.8,20.9,40977.0,0.0204885
2016-08-05,0.0,0.0,18.7,2.7,8.626,2942.2,1753.7,65.8,1.8,3.7,-1.8,0.465,0.778,0.0,0.0,0.0,0.0,0.0,0.0,0.0,0.0,0.0,0.278,0.0,14.7,21.7,71630.0,0.035815
2016-08-06,0.0,0.0,19.7,2.1,9.071,3042.6,1921.6,64.9,1.4,3.8,-1.4,0.451,0.772,0.0,0.0,0.0,0.0,0.0,0.0,0.0,0.0,0.0,0.276,0.0,14.8,24.4,79364.0,0.039682
2016-08-07,0.0,0.0,23.1,2.1,10.372,3133.6,2104.8,61.1,1.4,4.7,-1.4,0.437,0.765,0.0,0.0,0.0,0.0,0.0,0.0,0.0,0.0,0.0,0.274,0.0,16.6,29.1,82114.0,0.041056999999999996
2016-08-08,0.0,0.0,19.0,3.3,8.599,2981.3,1013.4,62.8,0.4,3.1,-0.4,0.43,0.725,0.0,0.0,0.0,0.0,0.0,0.0,0.0,0.0,0.0,0.272,0.0,17.2,21.3,71530.0,0.035765
2016-08-09,0.0,0.0,17.7,4.0,6.911,2685.5,2032.4,56.4,1.3,4.5,-1.3,0.42,0.661,0.0,0.0,0.0,0.0,0.0,0.0,0.0,0.0,0.0,0.271,0.0,14.5,21.4,53130.0,0.026565
2016-08-10,0.0,0.0,15.1,3.2,6.62,2733.3,1773.9,63.0,0.7,3.5,-0.7,0.412,0.578,0.0,0.0,0.0,0.0,0.0,0.0,0.0,0.0,0.0,0.269,0.0,12.6,18.3,74996.0,0.037498000000000004
2016-08-11,0.0,0.0,17.4,2.6,7.625,2885.0,1028.1,63.2,0.5,2.9,-0.5,0.406,0.501,0.0,0.0,0.0,0.0,0.0,0.0,0.0,0.0,0.0,0.268,0.0,11.8,22.7,76198.0,0.038099
2016-08-12,0.0,0.0,21.0,1.9,9.725,3081.8,1974.5,63.6,1.0,4.0,-1.0,0.398,0.418,0.0,0.0,0.0,0.0,0.0,0.0,0.0,0.0,0.0,0.268,0.0,15.1,27.3,79627.0,0.0398135
2016-08-13,0.0,0.0,22.1,2.1,9.06,3012.9,2247.9,56.9,1.3,4.7,-1.3,0.386,0.343,0.0,0.0,0.0,0.0,0.0,0.0,0.0,0.0,0.0,0.266,0.0,16.0,27.5,80185.0,0.0400925
2016-08-14,0.0,0.0,21.5,2.6,9.72,2936.8,2147.0,62.4,0.8,4.4,-0.8,0.377,0.271,0.0,0.0,0.0,0.0,0.0,0.0,0.0,0.0,0.0,0.264,0.0,16.4,25.7,78081.0,0.0390405
2016-08-15,0.0,0.0,21.8,3.5,9.547,2921.5,2531.6,60.1,1.1,5.3,-1.1,0.367,0.205,0.0,0.0,0.0,0.0,0.0,0.0,0.0,0.0,0.0,0.263,0.0,15.7,26.6,74709.0,0.0373545
2016-08-16,0.0,0.0,23.1,2.2,10.053,2997.4,2263.6,58.4,0.9,4.8,-0.9,0.358,0.151,0.0,0.0,0.0,0.0,0.0,0.0,0.0,0.0,0.0,0.262,0.0,15.9,29.4,70109.0,0.0350545
2016-08-17,0.0,5.0,24.0,2.1,9.024,2902.9,2191.6,51.1,1.3,4.8,3.7,0.354,0.11,0.0,0.0,0.0,0.0,0.0,0.0,0.0,0.0,0.0,0.26,0.0,17.5,28.9,50354.0,0.025176999999999998
2016-08-18,0.0,3.2,20.5,1.2,12.664,3526.4,595.7,84.7,1.0,1.5,2.2,0.393,0.095,0.0,0.1,0.0,0.0,0.0,0.0,0.0,0.0,0.0,0.265,0.0,18.3,22.2,48126.0,0.024063
2016-08-19,0.0,0.7,19.8,3.2,10.483,3072.1,1133.5,74.2,1.9,3.1,-1.2,0.401,0.097,0.0,0.1,0.0,0.0,0.0,0.0,0.0,0.0,0.0,0.268,0.0,17.9,23.6,55800.0,0.0279
2016-08-20,0.0,0.2,19.2,4.2,8.953,3011.7,1635.8,66.5,1.7,4.0,-1.5,0.386,0.1,0.0,0.0,0.0,0.0,0.0,0.0,0.0,0.0,0.0,0.266,0.0,15.4,23.3,39186.0,0.019593
2016-08-21,0.0,0.1,17.6,3.4,8.586,2935.1,867.5,69.1,0.5,2.8,-0.4,0.38,0.102,0.0,0.0,0.0,0.0,0.0,0.0,0.0,0.0,0.0,0.264,0.0,14.9,21.3,68875.0,0.0344375
2016-08-22,0.0,0.0,22.0,1.9,9.431,3112.0,2239.6,58.5,1.7,4.4,-1.7,0.367,0.103,0.0,0.0,0.0,0.0,0.0,0.0,0.0,0.0,0.0,0.264,0.0,16.4,27.5,78371.0,0.0391855
2016-08-23,0.0,0.0,24.8,2.5,10.865,3365.9,2381.8,57.6,1.5,5.3,-1.5,0.352,0.106,0.0,0.0,0.0,0.0,0.0,0.0,0.0,0.0,0.0,0.261,0.0,17.8,30.9,77187.0,0.0385935
2016-08-24,0.0,0.0,27.4,2.0,12.111,3422.8,2321.7,55.7,1.3,5.3,-1.3,0.339,0.103,0.0,0.0,0.0,0.0,0.0,0.0,0.0,0.0,0.0,0.259,0.0,19.7,33.7,74758.0,0.037379
2016-08-25,0.0,0.0,28.1,1.8,12.726,3436.6,2082.1,55.6,1.0,4.9,-1.0,0.328,0.084,0.0,0.0,0.0,0.0,0.0,0.0,0.0,0.0,0.0,0.257,0.0,20.4,34.5,74601.0,0.0373005
2016-08-26,0.0,0.0,27.4,1.9,13.328,3331.5,2135.9,59.8,0.9,4.8,-0.9,0.319,0.064,0.0,0.0,0.0,0.0,0.0,0.0,0.0,0.0,0.0,0.256,0.0,22.7,31.7,70387.0,0.0351935
2016-08-27,0.0,0.0,27.2,2.2,13.533,3326.8,1646.7,62.1,0.7,4.2,-0.7,0.311,0.033,0.0,0.0,0.0,0.0,0.0,0.0,0.0,0.0,0.0,0.255,0.0,21.0,32.5,71280.0,0.03564
2016-08-28,0.0,0.0,23.3,3.6,9.827,2947.3,1491.5,56.2,0.7,4.3,-0.7,0.305,-0.047,0.0,0.0,0.0,0.0,0.0,0.0,0.0,0.0,0.0,0.254,0.0,20.4,26.6,54199.0,0.0270995
2016-08-29,0.0,0.2,19.8,2.8,9.904,2928.3,981.6,68.9,0.2,2.7,0.0,0.301,-0.144,0.0,0.0,0.0,0.0,0.0,0.0,0.0,0.0,0.0,0.253,0.0,18.5,21.2,48847.0,0.0244235
2016-08-30,0.0,0.0,20.5,1.9,9.726,3084.4,1846.1,66.3,0.9,3.5,-0.9,0.295,-0.234,0.0,0.0,0.0,0.0,0.0,0.0,0.0,0.0,0.0,0.252,0.0,15.2,25.2,64864.0,0.032432
2016-08-31,0.0,0.0,21.4,2.1,9.106,3174.1,1512.8,59.7,0.8,3.5,-0.8,0.288,-0.326,0.0,0.0,0.0,0.0,0.0,0.0,0.0,0.0,0.0,0.251,0.0,16.0,26.2,65917.0,0.0329585
2016-09-01,0.0,0.0,20.5,1.6,9.37,2928.5,1608.9,63.9,0.4,3.1,-0.4,0.283,-0.402,0.0,0.0,0.0,0.0,0.0,0.0,0.0,0.0,0.0,0.25,0.0,15.4,24.6,72030.0,0.036015
2016-09-02,0.0,0.0,21.9,2.0,9.666,2946.9,1247.4,61.3,0.5,3.2,-0.5,0.278,-0.467,0.0,0.0,0.0,0.0,0.0,0.0,0.0,0.0,0.0,0.249,0.0,15.7,27.2,70776.0,0.035388
2016-09-03,0.0,1.1,22.1,2.1,9.918,2943.6,1587.4,61.2,0.5,3.4,0.6,0.275,-0.521,0.0,0.0,0.0,0.0,0.0,0.0,0.0,0.0,0.0,0.249,0.0,16.7,25.8,67255.0,0.0336275
2016-09-04,0.0,1.9,20.2,2.8,11.206,3228.5,676.3,76.2,0.3,2.2,1.6,0.282,-0.54,0.0,0.0,0.0,0.0,0.0,0.0,0.0,0.0,0.0,0.25,0.0,18.7,22.1,46795.0,0.0233975
2016-09-05,0.0,2.0,18.1,1.6,11.417,3448.8,494.0,87.9,0.7,1.3,1.3,0.306,-0.548,0.0,0.1,0.0,0.0,0.0,0.0,0.0,0.0,0.0,0.252,0.0,15.7,20.1,50992.0,0.025496
2016-09-06,0.0,0.0,20.7,1.2,12.588,3493.7,512.4,83.2,0.4,1.5,-0.4,0.307,-0.543,0.0,0.0,0.0,0.0,0.0,0.0,0.0,0.0,0.0,0.254,0.0,19.1,22.8,66938.0,0.033469
2016-09-07,0.0,0.0,21.4,2.0,10.037,3325.8,2056.6,65.8,1.6,3.8,-1.6,0.294,-0.542,0.0,0.0,0.0,0.0,0.0,0.0,0.0,0.0,0.0,0.253,0.0,15.2,27.0,72416.0,0.036208
2016-09-08,0.0,0.0,19.0,2.2,9.754,3270.2,1347.1,72.2,0.6,2.7,-0.6,0.286,-0.515,0.0,0.0,0.0,0.0,0.0,0.0,0.0,0.0,0.0,0.251,0.0,14.7,23.6,55548.0,0.027774
2016-09-09,0.0,0.0,19.0,1.5,8.392,3050.6,2021.4,63.6,1.1,3.4,-1.1,0.277,-0.477,0.0,0.0,0.0,0.0,0.0,0.0,0.0,0.0,0.0,0.25,0.0,12.7,24.9,60003.0,0.0300015
2016-09-10,0.0,0.2,20.7,2.2,8.78,2935.3,1383.9,59.9,0.6,3.3,-0.4,0.27,-0.441,0.0,0.0,0.0,0.0,0.0,0.0,0.0,0.0,0.0,0.248,0.0,14.0,26.1,62264.0,0.031132
2016-09-11,0.0,0.2,20.6,1.3,12.136,3288.6,525.2,80.6,0.1,1.5,0.1,0.271,-0.423,0.0,0.0,0.0,0.0,0.0,0.0,0.0,0.0,0.0,0.248,0.0,18.8,23.2,59822.0,0.029911
2016-09-12,0.0,0.0,23.8,1.9,10.833,3239.2,1484.7,62.4,1.0,3.5,-1.0,0.264,-0.424,0.0,0.0,0.0,0.0,0.0,0.0,0.0,0.0,0.0,0.248,0.0,16.7,30.3,59758.0,0.029879
2016-09-13,0.0,0.0,25.1,2.8,10.562,3034.8,953.7,54.2,0.4,3.5,-0.4,0.259,-0.433,0.0,0.0,0.0,0.0,0.0,0.0,0.0,0.0,0.0,0.247,0.0,20.9,29.1,53369.0,0.0266845
2016-09-14,0.0,16.2,22.3,1.7,10.548,3033.1,1489.4,63.7,1.0,3.0,15.2,0.284,-0.441,0.0,0.1,0.0,0.0,0.0,0.0,0.0,0.0,0.0,0.246,0.0,17.7,26.7,29461.0,0.0147305
2016-09-15,0.0,3.5,17.8,2.8,10.945,3284.8,671.6,86.2,1.8,1.5,1.7,0.414,-0.385,0.0,0.7,0.0,0.0,0.0,0.0,0.0,0.0,0.0,0.267,0.0,17.4,19.7,46345.0,0.0231725
2016-09-16,0.0,6.1,16.6,3.4,9.21,3130.3,763.5,79.2,2.0,2.3,4.1,0.418,-0.329,0.0,0.2,0.0,0.0,0.0,0.0,0.0,0.0,0.0,0.269,0.0,14.2,21.2,32896.0,0.016448
2016-09-17,0.0,0.1,14.9,2.4,8.763,2972.9,557.9,83.5,0.9,1.4,-0.8,0.443,-0.242,0.1,0.2,0.0,0.0,0.0,0.0,0.0,0.0,0.0,0.274,0.0,13.6,16.5,42805.0,0.0214025
2016-09-18,0.0,1.2,16.8,3.1,10.001,3180.1,457.5,84.4,0.7,1.5,0.5,0.443,-0.152,0.1,0.1,0.0,0.0,0.0,0.0,0.0,0.0,0.0,0.273,0.0,13.7,20.0,32858.0,0.016429
2016-09-19,0.0,1.5,17.0,2.1,9.88,3041.3,703.6,82.6,1.1,1.5,0.4,0.447,-0.062,0.1,0.1,0.0,0.0,0.0,0.0,0.0,0.0,0.0,0.273,0.0,15.3,18.7,41280.0,0.02064
2016-09-20,0.0,0.1,16.4,1.6,9.12,3065.4,813.9,79.2,1.5,1.7,-1.4,0.437,0.019,0.1,0.0,0.0,0.0,0.0,0.0,0.0,0.0,0.0,0.274,0.0,15.2,19.3,50154.0,0.025077
2016-09-21,0.0,0.0,15.5,0.8,7.955,3025.4,1561.6,74.4,2.7,2.1,-2.7,0.413,0.096,0.0,0.0,0.0,0.0,0.0,0.0,0.0,0.0,0.0,0.271,0.0,10.4,21.3,58697.0,0.0293485
2016-09-22,0.0,0.0,16.8,1.3,8.183,2894.7,929.3,70.9,1.0,1.9,-1.0,0.398,0.158,0.0,0.0,0.0,0.0,0.0,0.0,0.0,0.0,0.0,0.268,0.0,11.0,23.1,59826.0,0.029913000000000002
2016-09-23,0.0,0.0,17.3,1.3,8.72,3020.4,1476.6,72.2,1.9,2.3,-1.9,0.382,0.213,0.0,0.0,0.0,0.0,0.0,0.0,0.0,0.0,0.0,0.266,0.0,14.1,21.9,60451.0,0.0302255
2016-09-24,0.0,0.0,17.1,2.6,7.501,2993.3,1582.8,64.3,1.9,3.1,-1.9,0.363,0.246,0.0,0.0,0.0,0.0,0.0,0.0,0.0,0.0,0.0,0.263,0.0,11.2,24.0,61129.0,0.0305645
2016-09-25,0.0,1.1,15.5,2.5,8.593,3023.9,704.9,78.2,0.7,1.6,0.4,0.36,0.214,0.0,0.0,0.0,0.0,0.0,0.0,0.0,0.0,0.0,0.261,0.0,14.1,17.5,42177.0,0.0210885
2016-09-26,0.0,0.0,14.9,1.6,7.397,2859.4,738.7,71.6,0.7,1.7,-0.7,0.356,0.176,0.0,0.0,0.0,0.0,0.0,0.0,0.0,0.0,0.0,0.261,0.0,10.8,19.5,51981.0,0.0259905
2016-09-27,0.0,0.0,16.7,2.0,7.172,2871.7,1334.7,62.6,1.5,2.5,-1.5,0.343,0.106,0.0,0.0,0.0,0.0,0.0,0.0,0.0,0.0,0.0,0.26,0.0,10.6,22.4,49608.0,0.024804
2016-09-28,0.0,0.0,18.6,2.9,9.59,3085.3,745.2,72.2,0.5,2.0,-0.5,0.336,0.03,0.0,0.0,0.0,0.0,0.0,0.0,0.0,0.0,0.0,0.258,0.0,16.8,21.7,56560.0,0.02828
2016-09-29,0.0,0.0,17.6,3.0,9.588,3241.6,526.9,77.2,0.4,1.6,-0.4,0.331,-0.039,0.0,0.0,0.0,0.0,0.0,0.0,0.0,0.0,0.0,0.257,0.0,15.2,19.9,60562.0,0.030281
2016-09-30,0.0,2.7,15.3,1.4,8.167,2897.2,430.2,76.2,0.3,1.3,2.4,0.333,-0.102,0.0,0.0,0.0,0.0,0.0,0.0,0.0,0.0,0.0,0.257,0.0,14.4,17.7,42087.0,0.0210435
2016-10-01,0.0,0.0,14.2,3.0,7.825,2998.5,687.8,78.4,1.0,1.5,-1.0,0.344,-0.162,0.0,0.1,0.0,0.0,0.0,0.0,0.0,0.0,0.0,0.26,0.0,11.8,16.9,36984.0,0.018492
2016-10-02,0.0,0.1,12.9,3.0,6.412,2761.2,1007.4,70.3,1.1,1.9,-1.0,0.334,-0.231,0.0,0.0,0.0,0.0,0.0,0.0,0.0,0.0,0.0,0.258,0.0,10.4,16.3,49654.0,0.024827
2016-10-03,0.0,0.0,12.1,1.7,5.885,2883.1,1359.3,69.3,1.2,1.9,-1.2,0.324,-0.291,0.0,0.0,0.0,0.0,0.0,0.0,0.0,0.0,0.0,0.257,0.0,7.2,17.7,68953.0,0.0344765
2016-10-04,0.0,0.0,13.8,3.5,6.463,2837.6,1354.3,67.9,1.0,2.5,-1.0,0.314,-0.331,0.0,0.0,0.0,0.0,0.0,0.0,0.0,0.0,0.0,0.255,0.0,9.1,18.7,64840.0,0.03242
2016-10-05,0.0,0.0,12.5,4.1,5.345,2515.6,1443.4,60.0,0.8,2.6,-0.8,0.305,-0.366,0.0,0.0,0.0,0.0,0.0,0.0,0.0,0.0,0.0,0.254,0.0,9.6,16.5,55976.0,0.027988
2016-10-06,0.0,0.0,10.6,4.5,5.018,2453.4,1385.7,63.7,0.6,2.3,-0.6,0.299,-0.405,0.0,0.0,0.0,0.0,0.0,0.0,0.0,0.0,0.0,0.253,0.0,6.4,13.7,49768.0,0.024884
2016-10-07,0.0,0.0,12.2,3.5,6.255,2896.6,237.0,71.1,0.0,1.6,0.0,0.297,-0.44,0.0,0.0,0.0,0.0,0.0,0.0,0.0,0.0,0.0,0.252,0.0,9.9,14.1,51070.0,0.025535
2016-10-08,0.0,0.0,12.4,2.5,6.315,2742.2,1018.9,71.4,0.5,1.8,-0.5,0.293,-0.483,0.0,0.0,0.0,0.0,0.0,0.0,0.0,0.0,0.0,0.252,0.0,10.7,16.2,50667.0,0.0253335
2016-10-09,0.0,0.0,9.9,1.6,4.772,2603.5,1374.8,65.1,0.8,1.6,-0.8,0.286,-0.541,0.0,0.0,0.0,0.0,0.0,0.0,0.0,0.0,0.0,0.251,0.0,5.7,15.2,57401.0,0.0287005
2016-10-10,0.0,1.1,8.7,1.5,5.152,2667.8,770.7,74.6,0.2,1.2,0.9,0.285,-0.611,0.0,0.0,0.0,0.0,0.0,0.0,0.0,0.0,0.0,0.25,0.0,4.8,13.3,60174.0,0.030087
2016-10-11,0.0,0.0,8.6,2.2,5.384,2741.0,1179.1,78.4,0.6,1.2,-0.6,0.288,-0.682,0.0,0.0,0.0,0.0,0.0,0.0,0.0,0.0,0.0,0.251,0.0,5.8,11.8,53668.0,0.026834
2016-10-12,0.0,0.0,9.1,2.9,5.166,2594.5,1126.9,72.7,0.5,1.5,-0.5,0.283,-0.748,0.0,0.0,0.0,0.0,0.0,0.0,0.0,0.0,0.0,0.25,0.0,3.9,13.5,37375.0,0.0186875
2016-10-13,0.0,0.8,9.1,3.0,5.538,2680.9,253.9,77.4,0.0,1.2,0.8,0.283,-0.796,0.0,0.0,0.0,0.0,0.0,0.0,0.0,0.0,0.0,0.249,0.0,5.7,11.3,26084.0,0.013042
2016-10-14,0.0,5.8,11.1,1.7,6.86,3089.5,262.6,83.6,0.4,0.8,5.4,0.307,-0.814,0.0,0.1,0.0,0.0,0.0,0.0,0.0,0.0,0.0,0.25,0.0,9.3,12.7,24391.0,0.0121955
2016-10-15,0.0,0.0,12.6,3.2,7.165,2960.9,801.3,79.7,1.0,1.4,-1.0,0.331,-0.8,0.0,0.0,0.0,0.0,0.0,0.0,0.0,0.0,0.0,0.258,0.0,7.8,16.7,58089.0,0.0290445
2016-10-16,0.0,1.8,14.7,2.8,7.448,2907.4,958.2,73.0,1.1,1.9,0.7,0.325,-0.782,0.0,0.0,0.0,0.0,0.0,0.0,0.0,0.0,0.0,0.256,0.0,9.7,19.9,40702.0,0.020351
2016-10-17,0.0,0.2,13.5,2.0,7.909,3037.3,684.9,82.7,0.8,1.1,-0.6,0.331,-0.76,0.0,0.1,0.0,0.0,0.0,0.0,0.0,0.0,0.0,0.257,0.0,11.2,17.1,32097.0,0.0160485
2016-10-18,0.0,2.4,11.6,3.2,6.669,2842.4,669.3,79.2,1.1,1.5,1.3,0.341,-0.727,0.0,0.1,0.0,0.0,0.0,0.0,0.0,0.0,0.0,0.257,0.0,9.1,15.6,52429.0,0.0262145
2016-10-19,0.0,0.8,10.5,3.0,6.123,2768.0,553.3,77.8,0.6,1.2,0.2,0.338,-0.692,0.0,0.0,0.0,0.0,0.0,0.0,0.0,0.0,0.0,0.258,0.0,8.2,12.9,41925.0,0.0209625
2016-10-20,0.0,1.0,11.4,3.3,6.663,2804.7,206.9,79.8,0.1,1.2,0.9,0.349,-0.653,0.0,0.1,0.0,0.0,0.0,0.0,0.0,0.0,0.0,0.258,0.0,10.0,13.1,46333.0,0.0231665
2016-10-21,0.0,1.5,11.0,1.5,6.499,2855.9,526.7,80.2,0.6,0.9,0.9,0.351,-0.621,0.0,0.0,0.0,0.0,0.0,0.0,0.0,0.0,0.0,0.26,0.0,10.1,13.1,52052.0,0.026026
2016-10-22,0.0,0.2,9.2,0.9,6.045,2906.7,895.7,84.0,1.0,0.8,-0.8,0.354,-0.592,0.0,0.1,0.0,0.0,0.0,0.0,0.0,0.0,0.0,0.261,0.0,7.5,12.5,51208.0,0.025604000000000002
2016-10-23,0.0,11.3,9.2,3.0,5.921,2970.9,798.4,82.0,1.0,1.1,10.3,0.367,-0.564,0.0,0.2,0.0,0.0,0.0,0.0,0.0,0.0,0.0,0.26,0.0,5.4,12.4,26973.0,0.0134865
2016-10-24,0.0,1.2,12.3,1.0,7.919,3160.1,144.0,89.2,0.1,0.6,1.1,0.452,-0.509,0.1,0.6,0.0,0.0,0.0,0.0,0.0,0.0,0.0,0.273,0.0,10.4,13.5,27889.0,0.0139445
2016-10-25,0.0,0.0,13.2,0.9,8.419,3205.0,254.8,89.2,0.4,0.6,-0.4,0.45,-0.479,0.1,0.0,0.0,0.0,0.0,0.0,0.0,0.0,0.0,0.275,0.0,12.7,14.0,28792.0,0.014396
2016-10-26,0.0,0.0,11.3,1.2,7.207,3147.6,513.4,86.6,1.1,0.7,-1.1,0.441,-0.447,0.1,0.0,0.0,0.0,0.0,0.0,0.0,0.0,0.0,0.274,0.0,10.3,13.2,31754.0,0.015877
2016-10-27,0.0,0.0,11.6,1.3,7.104,3165.8,790.5,84.4,1.6,0.8,-1.6,0.427,-0.424,0.1,0.0,0.0,0.0,0.0,0.0,0.0,0.0,0.0,0.272,0.0,9.7,14.8,47405.0,0.0237025
2016-10-28,0.0,0.0,11.4,1.2,6.611,3185.9,291.1,79.5,0.5,0.7,-0.5,0.418,-0.41,0.0,0.0,0.0,0.0,0.0,0.0,0.0,0.0,0.0,0.27,0.0,7.0,13.7,49074.0,0.024537
2016-10-29,0.0,0.0,11.9,2.1,7.003,3171.1,212.6,81.0,0.6,0.8,-0.6,0.413,-0.405,0.0,0.0,0.0,0.0,0.0,0.0,0.0,0.0,0.0,0.269,0.0,11.0,13.4,50981.0,0.0254905
2016-10-30,0.0,0.0,11.4,2.5,6.422,2907.1,854.0,77.5,1.3,1.1,-1.3,0.402,-0.411,0.0,0.0,0.0,0.0,0.0,0.0,0.0,0.0,0.0,0.268,0.0,8.0,15.5,53281.0,0.0266405
2016-10-31,0.0,0.0,11.7,2.4,6.424,2877.1,837.4,75.9,1.0,1.1,-1.0,0.39,-0.42,0.0,0.0,0.0,0.0,0.0,0.0,0.0,0.0,0.0,0.266,0.0,7.3,16.3,54607.0,0.0273035
2016-11-01,0.0,0.0,10.3,1.2,6.254,2929.1,766.4,80.9,0.8,0.7,-0.8,0.382,-0.436,0.0,0.0,0.0,0.0,0.0,0.0,0.0,0.0,0.0,0.265,0.0,7.0,13.6,38640.0,0.01932
2016-11-02,0.0,0.0,9.3,2.2,5.453,2636.0,486.3,74.3,0.6,0.9,-0.6,0.376,-0.46,0.0,0.0,0.0,0.0,0.0,0.0,0.0,0.0,0.0,0.264,0.0,7.7,12.1,32357.0,0.0161785
2016-11-03,0.0,0.0,6.4,1.6,4.336,2560.9,679.6,73.5,0.7,0.8,-0.7,0.368,-0.524,0.0,0.0,0.0,0.0,0.0,0.0,0.0,0.0,0.0,0.263,0.0,2.3,10.8,38244.0,0.019122
2016-11-04,0.0,6.6,6.5,2.3,5.243,2787.5,182.8,87.2,0.0,0.6,6.6,0.382,-0.582,0.0,0.2,0.0,0.0,0.0,0.0,0.0,0.0,0.0,0.262,0.0,4.9,8.4,23359.0,0.0116795
2016-11-05,0.0,0.2,8.6,2.7,5.446,2662.9,478.5,78.7,0.6,0.9,-0.4,0.423,-0.624,0.0,0.2,0.0,0.0,0.0,0.0,0.0,0.0,0.0,0.271,0.0,7.0,10.6,15251.0,0.0076255
2016-11-06,0.0,0.6,6.2,2.4,4.433,2433.7,675.2,75.6,0.9,0.7,-0.3,0.416,-0.664,0.0,0.0,0.0,0.0,0.0,0.0,0.0,0.0,0.0,0.27,0.0,5.0,8.3,29013.0,0.0145065
2016-11-07,0.0,6.6,3.6,2.7,4.313,2771.0,174.7,88.0,0.7,0.5,5.9,0.46,-0.682,0.0,0.5,0.0,0.0,0.0,0.0,0.0,0.0,0.0,0.27,0.0,3.1,4.0,30777.0,0.0153885
2016-11-08,0.0,4.2,5.5,2.5,4.544,2611.6,481.8,81.3,0.7,0.6,3.5,0.47,-0.691,0.1,0.0,0.0,0.0,0.0,0.0,0.0,0.0,0.0,0.277,0.0,3.1,7.6,25926.0,0.012963
2016-11-09,0.0,8.9,7.7,4.7,5.656,2878.0,122.2,87.1,0.3,0.8,8.6,0.55,-0.65,0.6,1.2,0.0,0.0,0.0,0.0,0.0,0.0,0.0,0.281,0.0,5.8,9.0,21785.0,0.010892500000000001
2016-11-10,0.0,7.0,8.9,3.3,6.065,2963.3,322.5,85.7,0.8,0.7,6.2,0.59,-0.587,1.6,0.9,0.0,0.0,0.0,0.0,0.0,0.0,0.0,0.291,0.0,7.3,10.5,20609.0,0.0103045
2016-11-11,0.0,0.0,6.2,2.9,4.446,2564.1,589.2,75.8,1.3,0.8,-1.3,0.585,-0.527,1.4,0.2,0.0,0.0,0.0,0.0,0.0,0.0,0.0,0.296,0.0,4.7,9.1,27567.0,0.0137835
2016-11-12,0.0,3.7,4.3,2.7,4.414,2699.4,315.0,84.7,0.4,0.6,3.3,0.576,-0.466,0.7,0.1,0.0,0.0,0.0,0.0,0.0,0.0,0.0,0.292,0.0,0.5,7.4,26918.0,0.013459
2016-11-13,0.0,0.9,8.3,2.5,6.232,3075.9,120.4,91.7,0.3,0.5,0.6,0.594,-0.366,1.0,0.4,0.0,0.0,0.0,0.0,0.0,0.0,0.0,0.295,0.0,6.4,9.2,19042.0,0.009521
2016-11-14,0.0,0.6,7.9,1.8,5.422,2826.2,178.7,82.0,0.1,0.7,0.5,0.586,-0.271,0.8,0.0,0.0,0.0,0.0,0.0,0.0,0.0,0.0,0.295,0.0,6.9,8.8,24508.0,0.012254000000000001
2016-11-15,0.0,0.3,11.1,2.8,7.424,3214.1,162.5,90.1,0.2,0.6,0.1,0.583,-0.195,0.6,0.1,0.0,0.0,0.0,0.0,0.0,0.0,0.0,0.294,0.0,8.2,12.5,25971.0,0.0129855
2016-11-16,0.0,0.0,12.4,3.4,7.62,3117.3,79.6,85.4,0.2,0.8,-0.2,0.578,-0.121,0.5,0.0,0.0,0.0,0.0,0.0,0.0,0.0,0.0,0.293,0.0,12.3,12.7,20442.0,0.010221
2016-11-17,0.0,5.1,12.4,5.6,6.83,2655.2,278.9,76.7,0.4,1.3,4.7,0.582,-0.071,0.4,0.3,0.0,0.0,0.0,0.0,0.0,0.0,0.0,0.292,0.0,10.9,13.7,24591.0,0.0122955
2016-11-18,0.0,0.0,9.1,4.9,4.946,2471.8,427.1,69.0,0.8,1.4,-0.8,0.601,-0.024,0.8,0.4,0.0,0.0,0.0,0.0,0.0,0.0,0.0,0.298,0.0,8.1,11.4,15644.0,0.007822
2016-11-19,0.0,0.7,7.3,4.7,4.33,2441.7,543.7,68.6,0.9,1.1,-0.2,0.589,-0.029,0.5,0.0,0.0,0.0,0.0,0.0,0.0,0.0,0.0,0.295,0.0,4.6,10.6,28798.0,0.014399
2016-11-20,0.0,7.5,11.4,5.8,6.793,3013.4,92.8,81.2,0.3,1.4,7.2,0.611,-0.046,0.5,0.6,0.0,0.0,0.0,0.0,0.0,0.0,0.0,0.294,0.0,8.0,12.9,20289.0,0.0101445
2016-11-21,0.0,1.1,12.8,5.1,6.94,2737.1,189.1,75.6,0.2,1.5,0.9,0.642,-0.041,1.4,0.5,0.0,0.0,0.0,0.0,0.0,0.0,0.0,0.302,0.0,11.3,16.3,15259.0,0.0076295
2016-11-22,0.0,6.6,10.4,2.9,6.0,2604.7,380.4,76.6,0.2,0.8,6.4,0.64,-0.029,0.9,0.1,0.0,0.0,0.0,0.0,0.0,0.0,0.0,0.301,0.0,9.4,11.8,12283.0,0.0061415
2016-11-23,0.0,0.7,11.1,2.4,6.608,2957.4,383.4,80.9,0.6,0.6,0.1,0.67,-0.01,1.9,0.9,0.0,0.0,0.0,0.0,0.0,0.0,0.0,0.308,0.0,9.0,12.8,13431.0,0.0067155
2016-11-24,0.0,0.0,10.5,3.8,5.952,2777.6,188.6,75.7,0.3,1.2,-0.3,0.655,0.001,1.1,0.0,0.0,0.0,0.0,0.0,0.0,0.0,0.0,0.305,0.0,9.6,12.4,18780.0,0.00939
2016-11-25,0.0,0.0,8.6,3.6,5.232,2782.6,108.9,75.8,0.3,1.0,-0.3,0.644,0.007,0.7,0.0,0.0,0.0,0.0,0.0,0.0,0.0,0.0,0.303,0.0,7.5,9.8,17237.0,0.0086185
2016-11-26,0.0,0.0,9.4,1.8,5.714,2770.0,106.5,78.0,0.0,0.7,0.0,0.638,0.012,0.5,0.0,0.0,0.0,0.0,0.0,0.0,0.0,0.0,0.302,0.0,9.0,10.1,22882.0,0.011441
2016-11-27,0.0,0.0,7.5,3.3,4.569,2439.2,510.1,71.3,0.8,0.8,-0.8,0.629,0.01,0.4,0.0,0.0,0.0,0.0,0.0,0.0,0.0,0.0,0.301,0.0,5.6,9.0,29627.0,0.0148135
2016-11-28,0.0,0.0,4.5,4.7,3.022,2185.9,702.7,57.7,1.5,1.3,-1.5,0.614,-0.009,0.2,0.0,0.0,0.0,0.0,0.0,0.0,0.0,0.0,0.3,0.0,4.1,6.4,28511.0,0.0142555
2016-11-29,0.0,0.0,1.1,3.0,2.413,2118.3,717.2,59.2,1.0,0.9,-1.0,0.603,-0.015,0.1,0.0,0.0,0.0,0.0,0.0,0.0,0.0,0.0,0.294,0.003,-1.3,4.3,20922.0,0.010461
2016-11-30,0.0,0.0,0.4,1.0,2.566,2409.2,681.2,66.9,1.0,0.4,-1.0,0.592,-0.036,0.1,0.0,0.0,0.0,0.0,0.0,0.0,0.0,0.0,0.293,0.003,-2.7,6.2,34726.0,0.017363
2016-12-01,0.0,0.0,1.4,1.0,2.93,2571.2,575.1,70.7,0.7,0.3,-0.7,0.583,-0.08,0.1,0.0,0.0,0.0,0.0,0.0,0.0,0.0,0.0,0.292,0.002,-2.9,6.2,37014.0,0.018507
2016-12-02,0.0,0.0,5.2,2.0,4.431,2927.9,230.5,80.7,0.3,0.5,-0.3,0.578,-0.138,0.1,0.0,0.0,0.0,0.0,0.0,0.0,0.0,0.0,0.293,0.0,0.9,6.6,31801.0,0.0159005
2016-12-03,0.0,0.0,5.3,3.5,3.939,2413.8,612.5,70.6,1.0,0.8,-1.0,0.569,-0.229,0.1,0.0,0.0,0.0,0.0,0.0,0.0,0.0,0.0,0.293,0.0,4.5,6.8,28267.0,0.0141335
2016-12-04,0.0,0.0,2.3,2.4,3.2,2304.4,674.3,71.7,0.7,0.5,-0.7,0.562,-0.321,0.0,0.0,0.0,0.0,0.0,0.0,0.0,0.0,0.0,0.289,0.002,-0.1,4.9,26708.0,0.013354
2016-12-05,0.0,0.0,3.9,1.3,3.769,2618.4,475.6,75.7,0.5,0.4,-0.5,0.557,-0.406,0.0,0.0,0.0,0.0,0.0,0.0,0.0,0.0,0.0,0.29,0.0,0.5,7.7,25770.0,0.012885
2016-12-06,0.0,0.0,4.6,1.3,4.054,2760.6,367.2,77.4,0.4,0.4,-0.4,0.552,-0.492,0.0,0.0,0.0,0.0,0.0,0.0,0.0,0.0,0.0,0.289,0.0,1.2,8.9,31751.0,0.0158755
2016-12-07,0.0,0.0,5.2,1.9,4.286,2812.3,350.5,78.1,0.5,0.5,-0.5,0.547,-0.574,0.0,0.0,0.0,0.0,0.0,0.0,0.0,0.0,0.0,0.289,0.0,2.3,8.7,30460.0,0.01523
2016-12-08,0.0,0.0,4.6,2.2,4.104,2770.8,335.9,78.4,0.4,0.5,-0.4,0.542,-0.648,0.0,0.0,0.0,0.0,0.0,0.0,0.0,0.0,0.0,0.288,0.0,0.9,8.2,31755.0,0.0158775
2016-12-09,0.0,0.0,5.8,2.3,4.545,2787.5,212.4,79.7,0.1,0.7,-0.1,0.54,-0.713,0.0,0.0,0.0,0.0,0.0,0.0,0.0,0.0,0.0,0.287,0.0,2.2,9.5,29090.0,0.014545
2016-12-10,0.0,0.0,5.0,3.1,4.653,2960.9,385.4,86.1,0.4,0.4,-0.4,0.536,-0.765,0.0,0.0,0.0,0.0,0.0,0.0,0.0,0.0,0.0,0.287,0.0,2.7,8.4,28327.0,0.014163499999999999
2016-12-11,0.0,0.0,7.9,1.9,5.276,2788.4,421.8,80.1,0.3,0.4,-0.3,0.533,-0.81,0.0,0.0,0.0,0.0,0.0,0.0,0.0,0.0,0.0,0.287,0.0,5.8,11.0,21437.0,0.0107185
2016-12-12,0.0,4.6,4.9,3.2,4.469,2878.6,276.0,83.3,0.6,0.5,4.0,0.54,-0.857,0.0,0.2,0.0,0.0,0.0,0.0,0.0,0.0,0.0,0.286,0.0,3.8,6.3,23701.0,0.0118505
2016-12-13,0.0,1.1,7.2,2.2,4.987,2832.9,140.5,79.1,0.3,0.7,0.8,0.575,-0.887,0.0,0.2,0.0,0.0,0.0,0.0,0.0,0.0,0.0,0.291,0.0,5.2,8.9,26634.0,0.013317
2016-12-14,0.0,0.0,5.4,1.8,4.089,2683.8,429.3,74.0,0.6,0.6,-0.6,0.571,-0.896,0.0,0.0,0.0,0.0,0.0,0.0,0.0,0.0,0.0,0.292,0.0,2.8,9.5,28678.0,0.014339000000000001
2016-12-15,0.0,0.0,5.2,2.1,4.375,2649.1,411.7,79.6,0.4,0.4,-0.4,0.565,-0.9,0.0,0.0,0.0,0.0,0.0,0.0,0.0,0.0,0.0,0.291,0.0,0.9,7.5,15954.0,0.007977
2016-12-16,0.0,0.0,7.6,1.5,4.781,2615.2,320.2,74.2,0.2,0.5,-0.2,0.563,-0.905,0.0,0.0,0.0,0.0,0.0,0.0,0.0,0.0,0.0,0.291,0.0,5.6,10.8,20004.0,0.010002
2016-12-17,0.0,0.0,5.3,1.5,4.529,2884.5,565.8,82.0,0.8,0.3,-0.8,0.556,-0.914,0.0,0.0,0.0,0.0,0.0,0.0,0.0,0.0,0.0,0.29,0.0,2.8,8.4,29668.0,0.014834
2016-12-18,0.0,0.0,3.6,1.1,4.348,2864.0,127.2,89.0,0.2,0.3,-0.2,0.552,-0.927,0.0,0.0,0.0,0.0,0.0,0.0,0.0,0.0,0.0,0.289,0.0,3.2,4.1,23363.0,0.0116815
2016-12-19,0.0,0.0,5.0,2.8,4.141,2560.9,343.3,77.1,0.3,0.5,-0.3,0.549,-0.946,0.0,0.0,0.0,0.0,0.0,0.0,0.0,0.0,0.0,0.289,0.0,2.8,6.6,8272.0,0.004136
2016-12-20,0.0,0.0,4.7,2.2,3.757,2293.2,304.8,70.9,0.0,0.6,0.0,0.547,-0.966,0.0,0.0,0.0,0.0,0.0,0.0,0.0,0.0,0.0,0.288,0.0,4.0,6.5,8536.0,0.004268
2016-12-21,0.0,16.6,4.7,3.8,4.008,2587.4,316.7,75.5,0.2,0.7,16.4,0.572,-0.979,0.0,0.3,0.0,0.0,0.0,0.0,0.0,0.0,0.0,0.288,0.0,1.8,7.3,14749.0,0.0073745
2016-12-22,0.0,0.7,7.3,2.0,5.48,3072.3,98.6,86.0,0.5,0.5,0.2,0.689,-0.949,0.6,1.4,0.0,0.0,0.0,0.0,0.0,0.0,0.0,0.309,0.0,6.0,8.6,15098.0,0.007549
2016-12-23,0.0,0.4,5.0,2.9,4.627,2937.7,126.3,85.4,0.4,0.6,0.0,0.678,-0.936,0.6,0.0,0.0,0.0,0.0,0.0,0.0,0.0,0.0,0.308,0.0,1.5,8.2,14958.0,0.007479
2016-12-24,0.0,0.0,8.4,3.2,5.419,2682.3,234.4,79.3,0.1,0.7,-0.1,0.674,-0.917,0.4,0.0,0.0,0.0,0.0,0.0,0.0,0.0,0.0,0.307,0.0,6.9,9.5,16786.0,0.008393
2016-12-25,0.0,0.0,9.9,3.7,5.735,2973.5,96.4,75.7,0.1,1.0,-0.1,0.669,-0.895,0.4,0.0,0.0,0.0,0.0,0.0,0.0,0.0,0.0,0.307,0.0,8.2,11.2,11318.0,0.005659
2016-12-26,0.0,0.1,8.5,3.3,5.472,2873.7,234.3,78.0,0.8,0.8,-0.7,0.663,-0.869,0.3,0.0,0.0,0.0,0.0,0.0,0.0,0.0,0.0,0.306,0.0,7.9,10.4,14384.0,0.007192
2016-12-27,0.0,0.0,3.2,1.5,3.554,2593.9,538.0,75.1,1.0,0.4,-1.0,0.651,-0.833,0.2,0.0,0.0,0.0,0.0,0.0,0.0,0.0,0.0,0.304,0.0,0.7,7.3,31773.0,0.0158865
2016-12-28,0.0,0.0,2.9,2.5,3.486,2612.3,452.4,75.0,0.9,0.6,-0.9,0.64,-0.797,0.2,0.0,0.0,0.0,0.0,0.0,0.0,0.0,0.0,0.303,0.0,0.6,6.5,33921.0,0.0169605
2016-12-29,0.0,0.1,0.3,1.4,3.099,2718.5,456.4,80.3,1.1,0.2,-1.0,0.629,-0.761,0.1,0.0,0.0,0.0,0.0,0.0,0.0,0.0,0.0,0.301,0.0,-0.7,2.3,26952.0,0.013476
2016-12-30,0.0,0.0,-1.3,1.0,2.955,2773.6,342.7,85.8,0.8,0.1,-0.8,0.62,-0.73,0.1,0.0,0.0,0.0,0.0,0.0,0.0,0.0,0.0,0.3,0.0,-1.6,-0.2,16899.0,0.0084495
2016-12-31,0.0,0.0,-3.0,1.3,2.645,2634.2,118.0,87.2,0.1,0.3,-0.1,0.615,-0.715,0.1,0.0,0.0,0.0,0.0,0.0,0.0,0.0,0.0,0.295,0.004,-3.2,-2.6,19572.0,0.009786
2017-01-01,0.0,0.1,-1.6,2.7,2.945,2658.8,91.6,87.3,0.0,0.4,0.1,0.615,-0.704,0.1,0.0,0.0,0.0,0.0,0.0,0.0,0.0,0.0,0.288,0.01,-4.1,1.7,14331.0,0.0071655
2017-01-02,0.4,1.5,1.5,1.6,3.631,2792.4,145.3,85.9,0.2,0.4,1.7,0.626,-0.755,0.1,0.2,0.0,0.0,0.0,0.0,0.0,0.0,0.4,0.292,0.006,-0.2,2.2,13452.0,0.006726
2017-01-03,0.0,0.0,1.1,2.0,3.482,2745.5,370.4,85.0,0.6,0.2,-0.6,0.625,-0.802,0.1,0.0,0.0,0.0,0.0,0.0,0.0,0.0,0.0,0.3,0.0,0.9,3.4,23446.0,0.011723
2017-01-04,0.0,0.4,4.2,3.7,3.895,2502.2,120.2,76.1,0.0,0.8,0.4,0.624,-0.841,0.1,0.0,0.0,0.0,0.0,0.0,0.0,0.0,0.0,0.299,0.0,0.5,6.2,21406.0,0.010703
2017-01-05,0.0,0.0,3.1,2.6,3.385,2435.7,471.4,71.6,0.5,0.6,-0.5,0.622,-0.876,0.1,0.0,0.0,0.0,0.0,0.0,0.0,0.0,0.0,0.3,0.0,1.5,5.8,24842.0,0.012421
2017-01-06,0.0,0.0,-0.6,1.6,2.418,2090.6,533.0,66.8,0.4,0.4,-0.4,0.616,-0.903,0.1,0.0,0.0,0.0,0.0,0.0,0.0,0.0,0.0,0.297,0.002,-2.2,2.3,33145.0,0.0165725
2017-01-07,0.0,0.2,-0.1,2.3,3.047,2636.4,102.1,79.0,0.0,0.6,0.2,0.614,-0.92,0.1,0.0,0.0,0.0,0.0,0.0,0.0,0.0,0.0,0.289,0.009,-2.9,4.7,29445.0,0.014722500000000001
2017-01-08,0.0,0.1,6.2,1.5,5.511,2984.3,175.7,93.5,0.0,0.3,0.1,0.615,-0.932,0.1,0.0,0.0,0.0,0.0,0.0,0.0,0.0,0.0,0.298,0.0,1.6,7.7,14019.0,0.0070095
2017-01-09,0.0,5.8,7.0,2.8,5.841,3011.9,89.7,93.9,0.1,0.4,5.7,0.657,-0.918,0.1,0.6,0.0,0.0,0.0,0.0,0.0,0.0,0.0,0.298,0.0,5.7,8.2,18299.0,0.0091495
2017-01-10,0.0,1.5,6.3,2.5,5.2,2755.3,141.5,87.8,0.0,0.5,1.5,0.665,-0.896,0.2,0.1,0.0,0.0,0.0,0.0,0.0,0.0,0.0,0.305,0.0,3.8,7.6,10264.0,0.005132
2017-01-11,0.0,0.6,8.3,3.7,5.778,2850.1,77.9,85.3,0.0,0.9,0.6,0.676,-0.873,0.2,0.2,0.0,0.0,0.0,0.0,0.0,0.0,0.0,0.307,0.0,6.3,10.1,13401.0,0.0067005
2017-01-12,0.0,4.8,6.7,4.6,4.963,2634.9,109.7,81.4,0.3,0.9,4.5,0.699,-0.852,0.4,0.6,0.0,0.0,0.0,0.0,0.0,0.0,0.0,0.307,0.0,6.3,7.7,14016.0,0.007008
2017-01-13,0.4,1.6,3.9,5.2,3.809,2265.5,360.8,76.7,0.6,0.9,1.4,0.713,-0.831,0.6,0.2,0.0,0.0,0.0,0.0,0.0,0.0,0.4,0.312,0.0,1.9,5.1,22512.0,0.011256
2017-01-14,0.1,0.5,2.7,3.4,3.875,2553.1,118.9,84.2,0.2,0.6,0.4,0.715,-0.807,0.6,0.1,0.0,0.0,0.0,0.0,0.0,0.0,0.1,0.313,0.0,1.6,3.8,26760.0,0.01338
2017-01-15,0.8,3.2,2.1,2.2,3.851,2666.2,315.1,87.4,0.5,0.4,3.5,0.718,-0.773,0.5,0.4,0.0,0.0,0.0,0.0,0.0,0.0,0.9,0.313,0.0,0.7,4.6,16455.0,0.0082275
2017-01-16,0.0,0.0,2.1,2.2,3.848,2426.1,224.8,87.2,0.2,0.4,-0.2,0.732,-0.727,0.8,0.2,0.0,0.0,0.0,0.0,0.0,0.0,0.0,0.316,0.0,1.6,3.3,16662.0,0.008331
2017-01-17,0.0,0.0,-1.3,3.9,2.754,2115.2,663.3,80.3,0.9,0.4,-0.9,0.72,-0.694,0.5,0.0,0.0,0.0,0.0,0.0,0.0,0.0,0.0,0.313,0.002,-2.3,-0.3,36360.0,0.01818
2017-01-18,0.0,0.0,-1.6,4.5,2.311,1908.9,731.0,68.8,0.5,0.7,-0.5,0.71,-0.668,0.3,0.0,0.0,0.0,0.0,0.0,0.0,0.0,0.0,0.3,0.013,-3.4,-0.3,30637.0,0.0153185
2017-01-19,0.0,0.0,-1.8,3.2,2.279,1960.9,815.9,68.9,0.4,0.6,-0.4,0.704,-0.667,0.1,0.0,0.0,0.0,0.0,0.0,0.0,0.0,0.0,0.291,0.021,-3.7,-0.5,35875.0,0.0179375
2017-01-20,0.0,0.0,-1.5,2.5,2.323,2067.0,812.6,68.8,0.4,0.5,-0.4,0.699,-0.679,0.1,0.0,0.0,0.0,0.0,0.0,0.0,0.0,0.0,0.288,0.024,-3.3,0.4,34850.0,0.017425
2017-01-21,0.0,0.0,-1.8,1.3,2.575,2237.9,712.0,77.6,0.3,0.2,-0.3,0.695,-0.692,0.1,0.0,0.0,0.0,0.0,0.0,0.0,0.0,0.0,0.286,0.025,-4.8,1.0,37059.0,0.0185295
2017-01-22,0.0,0.0,-0.6,1.8,2.665,2330.6,627.6,74.7,0.3,0.4,-0.3,0.692,-0.727,0.1,0.0,0.0,0.0,0.0,0.0,0.0,0.0,0.0,0.287,0.023,-5.1,3.6,17294.0,0.008647
2017-01-23,0.0,0.0,-1.7,2.2,2.976,2644.4,442.0,89.1,0.2,0.3,-0.2,0.689,-0.77,0.1,0.0,0.0,0.0,0.0,0.0,0.0,0.0,0.0,0.289,0.02,-2.5,-1.1,29680.0,0.014839999999999999
2017-01-24,0.0,0.0,0.2,1.5,3.456,2769.4,111.6,90.2,0.0,0.4,0.0,0.688,-0.819,0.1,0.0,0.0,0.0,0.0,0.0,0.0,0.0,0.0,0.293,0.016,-1.5,1.4,34495.0,0.0172475
2017-01-25,0.0,0.0,-0.6,3.0,2.95,2678.3,140.5,80.9,0.6,0.5,-0.6,0.684,-0.88,0.1,0.0,0.0,0.0,0.0,0.0,0.0,0.0,0.0,0.3,0.009,-0.9,0.3,17344.0,0.008672
2017-01-26,0.0,0.0,-0.8,2.9,2.468,2226.1,750.2,69.1,0.4,0.6,-0.4,0.677,-0.93,0.1,0.0,0.0,0.0,0.0,0.0,0.0,0.0,0.0,0.293,0.015,-4.3,1.3,31598.0,0.015799
2017-01-27,0.0,0.0,4.9,3.0,3.853,2432.6,339.6,71.5,-0.1,0.9,0.1,0.675,-0.949,0.1,0.0,0.0,0.0,0.0,0.0,0.0,0.0,0.0,0.293,0.014,0.3,8.6,12985.0,0.0064925
2017-01-28,0.0,0.0,7.7,3.3,4.941,2479.4,221.3,76.3,-0.2,0.9,0.2,0.675,-0.953,0.1,0.0,0.0,0.0,0.0,0.0,0.0,0.0,0.0,0.302,0.005,6.8,8.9,18527.0,0.0092635
2017-01-29,0.0,2.0,5.6,3.2,4.993,2756.2,125.9,88.5,0.0,0.7,2.0,0.685,-0.958,0.2,0.1,0.0,0.0,0.0,0.0,0.0,0.0,0.0,0.307,0.0,3.7,8.0,30384.0,0.015191999999999999
2017-01-30,0.0,0.3,9.7,3.3,6.743,2981.0,132.2,90.0,-0.2,0.7,0.5,0.691,-0.951,0.2,0.1,0.0,0.0,0.0,0.0,0.0,0.0,0.0,0.309,0.0,7.0,11.0,12002.0,0.006001
2017-01-31,0.0,0.2,11.3,1.3,7.907,3170.5,151.8,95.0,0.0,0.5,0.2,0.694,-0.942,0.2,0.1,0.0,0.0,0.0,0.0,0.0,0.0,0.0,0.31,0.0,9.9,12.5,22535.0,0.0112675
2017-02-01,0.0,0.0,10.5,3.4,6.896,2792.3,277.3,87.6,0.0,0.7,0.0,0.692,-0.944,0.2,0.0,0.0,0.0,0.0,0.0,0.0,0.0,0.0,0.31,0.0,9.2,12.0,20907.0,0.0104535
2017-02-02,0.0,0.1,10.8,3.8,6.257,2540.9,149.8,78.4,-0.2,1.2,0.3,0.692,-0.925,0.2,0.0,0.0,0.0,0.0,0.0,0.0,0.0,0.0,0.31,0.0,8.4,12.7,14528.0,0.007264
2017-02-03,0.0,8.6,9.0,4.6,5.581,2452.4,712.1,78.4,1.0,1.2,7.6,0.696,-0.893,0.2,0.0,0.0,0.0,0.0,0.0,0.0,0.0,0.0,0.31,0.0,7.9,11.8,17235.0,0.0086175
2017-02-04,0.0,8.1,6.4,3.4,5.351,2874.8,152.2,89.6,0.3,0.6,7.8,0.787,-0.814,1.5,2.0,0.0,0.0,0.0,0.0,0.0,0.0,0.0,0.319,0.0,5.6,7.9,20877.0,0.0104385
2017-02-05,0.0,1.4,7.0,3.1,5.366,2608.7,209.9,86.3,0.0,0.7,1.4,0.798,-0.731,2.0,0.4,0.0,0.0,0.0,0.0,0.0,0.0,0.0,0.325,0.0,5.1,9.4,12193.0,0.0060965
2017-02-06,0.0,8.5,7.1,3.3,4.814,2494.6,450.4,77.5,0.3,0.9,8.2,0.794,-0.646,1.2,0.0,0.0,0.0,0.0,0.0,0.0,0.0,0.0,0.324,0.0,5.2,8.4,26244.0,0.013122
2017-02-07,0.0,1.0,7.0,2.8,5.347,2780.3,221.6,85.6,0.2,0.7,0.8,0.835,-0.536,2.9,1.5,0.0,0.0,0.0,0.0,0.0,0.0,0.0,0.332,0.0,5.3,9.8,21982.0,0.010991
2017-02-08,0.0,0.0,5.8,3.8,4.651,2397.2,273.1,81.5,0.0,0.8,0.0,0.817,-0.453,1.5,0.0,0.0,0.0,0.0,0.0,0.0,0.0,0.0,0.329,0.0,2.8,7.6,22753.0,0.0113765
2017-02-09,0.0,0.0,3.6,2.9,4.064,2499.1,486.2,83.1,0.6,0.7,-0.6,0.802,-0.386,0.9,0.0,0.0,0.0,0.0,0.0,0.0,0.0,0.0,0.327,0.0,3.4,4.1,29237.0,0.0146185
2017-02-10,0.0,0.0,1.9,3.1,3.218,2271.2,212.8,74.5,0.1,0.8,-0.1,0.793,-0.322,0.6,0.0,0.0,0.0,0.0,0.0,0.0,0.0,0.0,0.324,0.001,1.2,3.2,31382.0,0.015691
2017-02-11,0.0,0.0,0.7,1.9,3.258,2485.7,221.8,81.5,0.1,0.5,-0.1,0.786,-0.256,0.5,0.0,0.0,0.0,0.0,0.0,0.0,0.0,0.0,0.321,0.003,-0.1,1.4,20010.0,0.010005
2017-02-12,0.1,0.3,3.8,2.3,4.278,2670.4,189.1,85.3,0.0,0.6,0.4,0.783,-0.188,0.5,0.0,0.0,0.0,0.0,0.0,0.0,0.0,0.1,0.322,0.001,0.4,7.3,19085.0,0.0095425
2017-02-13,0.0,0.0,6.7,3.5,4.209,2269.1,919.2,69.8,1.0,1.3,-1.0,0.774,-0.137,0.4,0.0,0.0,0.0,0.0,0.0,0.0,0.0,0.0,0.322,0.0,4.0,9.5,20373.0,0.0101865
2017-02-14,0.0,0.3,8.3,3.1,5.192,2613.2,158.6,75.8,-0.1,1.0,0.4,0.77,-0.157,0.3,0.0,0.0,0.0,0.0,0.0,0.0,0.0,0.0,0.321,0.0,5.0,11.9,27800.0,0.013900000000000001
2017-02-15,0.0,1.5,11.5,2.5,6.145,2559.6,923.6,73.4,0.8,1.3,0.7,0.764,-0.184,0.3,0.0,0.0,0.0,0.0,0.0,0.0,0.0,0.0,0.321,0.0,7.4,15.9,38444.0,0.019222
2017-02-16,0.0,2.1,9.8,0.7,6.745,3020.6,512.8,89.8,0.7,0.6,1.4,0.78,-0.193,0.4,0.4,0.0,0.0,0.0,0.0,0.0,0.0,0.0,0.321,0.0,8.5,12.4,39872.0,0.019936
2017-02-17,0.0,0.0,6.9,1.1,5.632,2964.9,609.3,91.5,1.1,0.6,-1.1,0.77,-0.231,0.4,0.0,0.0,0.0,0.0,0.0,0.0,0.0,0.0,0.322,0.0,6.2,9.3,46173.0,0.0230865
2017-02-18,0.0,0.0,5.8,1.7,4.925,2817.5,1050.8,86.6,1.6,0.7,-1.6,0.753,-0.261,0.3,0.0,0.0,0.0,0.0,0.0,0.0,0.0,0.0,0.32,0.0,1.5,9.1,51473.0,0.0257365
2017-02-19,0.0,0.1,6.9,1.7,4.935,2624.9,773.4,80.2,0.8,0.8,-0.7,0.74,-0.288,0.2,0.0,0.0,0.0,0.0,0.0,0.0,0.0,0.0,0.318,0.0,0.9,10.2,46762.0,0.023381
2017-02-20,0.0,0.0,10.7,2.8,6.755,2702.9,200.0,84.1,-0.3,0.9,0.3,0.737,-0.311,0.2,0.0,0.0,0.0,0.0,0.0,0.0,0.0,0.0,0.316,0.0,8.7,12.2,32035.0,0.0160175
2017-02-21,0.0,0.0,11.6,3.5,7.165,2815.5,198.0,84.6,-0.1,1.0,0.1,0.737,-0.328,0.2,0.0,0.0,0.0,0.0,0.0,0.0,0.0,0.0,0.316,0.0,11.0,12.2,31421.0,0.0157105
2017-02-22,0.0,0.0,11.3,4.4,6.154,2391.9,244.7,74.0,-0.1,1.4,0.1,0.736,-0.342,0.2,0.0,0.0,0.0,0.0,0.0,0.0,0.0,0.0,0.316,0.0,11.1,11.8,34592.0,0.017296
2017-02-23,0.0,1.0,10.0,5.5,5.589,2400.8,160.3,73.5,0.0,1.5,1.0,0.741,-0.346,0.2,0.1,0.0,0.0,0.0,0.0,0.0,0.0,0.0,0.316,0.0,8.8,11.2,31367.0,0.0156835
2017-02-24,0.0,0.3,6.2,3.6,4.061,2311.1,696.4,69.3,1.1,1.2,-0.8,0.738,-0.351,0.2,0.0,0.0,0.0,0.0,0.0,0.0,0.0,0.0,0.317,0.0,5.8,7.4,37464.0,0.018732
2017-02-25,0.0,0.0,6.6,2.8,3.828,2395.0,732.8,64.7,0.7,1.3,-0.7,0.728,-0.364,0.2,0.0,0.0,0.0,0.0,0.0,0.0,0.0,0.0,0.316,0.0,0.5,10.3,58404.0,0.029202000000000002
2017-02-26,0.0,0.0,10.1,3.9,5.471,2633.2,302.9,70.5,0.0,1.5,0.0,0.724,-0.395,0.2,0.0,0.0,0.0,0.0,0.0,0.0,0.0,0.0,0.314,0.0,6.8,12.2,36911.0,0.0184555
2017-02-27,0.0,5.3,9.8,7.2,5.767,2683.0,316.9,75.9,1.1,1.6,4.2,0.75,-0.402,0.2,0.5,0.0,0.0,0.0,0.0,0.0,0.0,0.0,0.314,0.0,8.7,12.0,31637.0,0.0158185
2017-02-28,0.0,3.1,6.2,5.4,4.623,2345.9,341.3,78.6,0.4,1.1,2.7,0.775,-0.369,0.3,0.3,0.0,0.0,0.0,0.0,0.0,0.0,0.0,0.319,0.0,4.7,7.1,22197.0,0.0110985
2017-03-01,0.0,8.0,8.6,4.7,5.702,2670.2,305.8,82.0,0.3,1.2,7.7,0.818,-0.287,0.7,1.1,0.0,0.0,0.0,0.0,0.0,0.0,0.0,0.322,0.0,6.5,11.3,27700.0,0.01385
2017-03-02,0.0,0.0,8.7,4.2,4.491,2227.5,842.3,65.2,0.9,1.9,-0.9,0.822,-0.214,0.9,0.0,0.0,0.0,0.0,0.0,0.0,0.0,0.0,0.33,0.0,6.1,11.6,42696.0,0.021348
2017-03-03,0.0,4.7,10.9,3.2,5.303,2462.9,618.3,65.2,0.3,1.6,4.4,0.816,-0.157,0.6,0.0,0.0,0.0,0.0,0.0,0.0,0.0,0.0,0.328,0.0,6.4,13.3,32161.0,0.0160805
2017-03-04,0.0,10.3,8.8,2.9,6.196,2943.5,246.1,87.8,0.5,1.0,9.8,0.894,-0.061,3.0,2.4,0.0,0.0,0.0,0.0,0.0,0.0,0.0,0.332,0.0,7.3,9.5,24072.0,0.012036
2017-03-05,0.0,9.7,7.0,5.2,5.045,2593.3,229.7,81.4,0.5,1.2,9.2,0.922,0.054,4.0,1.8,0.0,0.0,0.0,0.0,0.0,0.0,0.0,0.338,0.0,4.7,8.4,23753.0,0.0118765
2017-03-06,0.0,14.2,6.6,3.4,5.035,2567.2,321.2,83.4,0.5,1.0,13.7,0.956,0.214,4.7,2.0,0.0,0.0,0.0,0.0,0.0,0.0,0.0,0.343,0.0,5.1,7.4,25760.0,0.012879999999999999
2017-03-07,0.0,0.9,7.5,3.1,4.788,2439.1,350.6,74.8,0.1,1.2,0.8,0.959,0.414,3.9,0.8,0.0,0.0,0.0,0.0,0.0,0.0,0.0,0.351,0.0,6.5,8.9,24650.0,0.012325
2017-03-08,0.0,0.5,10.9,3.6,7.208,2896.1,261.8,88.0,-0.2,0.9,0.7,0.946,0.627,2.1,0.2,0.0,0.0,0.0,0.0,0.0,0.0,0.0,0.348,0.0,6.1,13.8,30048.0,0.015024
2017-03-09,0.0,0.0,12.7,2.9,7.859,2805.6,359.9,86.3,0.0,1.0,0.0,0.933,0.816,1.5,0.0,0.0,0.0,0.0,0.0,0.0,0.0,0.0,0.346,0.0,12.3,14.2,45123.0,0.0225615
2017-03-10,0.0,0.0,9.0,1.8,6.292,2971.6,609.7,88.2,1.2,0.9,-1.2,0.914,0.971,1.1,0.0,0.0,0.0,0.0,0.0,0.0,0.0,0.0,0.344,0.0,8.5,10.4,63197.0,0.0315985
2017-03-11,0.0,0.0,10.0,1.4,4.983,2685.3,924.8,67.6,1.2,1.5,-1.2,0.894,1.081,0.8,0.0,0.0,0.0,0.0,0.0,0.0,0.0,0.0,0.341,0.0,3.9,15.4,60584.0,0.030292
2017-03-12,0.0,0.0,10.8,2.7,5.549,2719.8,1014.1,69.7,1.4,2.0,-1.4,0.875,1.133,0.6,0.0,0.0,0.0,0.0,0.0,0.0,0.0,0.0,0.338,0.0,6.4,15.7,24303.0,0.0121515
2017-03-13,0.0,0.0,11.0,3.1,6.306,2690.4,855.8,78.1,1.2,1.5,-1.2,0.857,1.18,0.5,0.0,0.0,0.0,0.0,0.0,0.0,0.0,0.0,0.335,0.0,8.0,13.9,41605.0,0.0208025
2017-03-14,0.0,0.0,10.0,2.5,5.702,2588.6,988.6,75.7,1.2,1.6,-1.2,0.84,1.119,0.4,0.0,0.0,0.0,0.0,0.0,0.0,0.0,0.0,0.333,0.0,4.9,14.2,57404.0,0.028702000000000002
2017-03-15,0.0,0.0,11.6,2.0,6.409,2650.7,740.4,75.6,0.7,1.4,-0.7,0.829,1.052,0.4,0.0,0.0,0.0,0.0,0.0,0.0,0.0,0.0,0.33,0.0,10.1,14.0,57294.0,0.028647
2017-03-16,0.0,0.0,12.8,1.7,6.363,2886.6,1751.5,71.2,2.7,2.2,-2.7,0.804,0.96,0.4,0.0,0.0,0.0,0.0,0.0,0.0,0.0,0.0,0.329,0.0,6.4,18.2,69037.0,0.0345185
2017-03-17,0.0,1.0,10.6,3.4,5.46,2822.4,412.7,69.1,0.8,1.6,0.2,0.79,0.866,0.3,0.0,0.0,0.0,0.0,0.0,0.0,0.0,0.0,0.325,0.0,9.3,12.4,52352.0,0.026176
2017-03-18,0.0,0.0,11.4,4.6,6.994,2771.4,310.2,83.0,-0.1,1.3,0.1,0.791,0.789,0.3,0.1,0.0,0.0,0.0,0.0,0.0,0.0,0.0,0.324,0.0,8.1,13.2,34302.0,0.017151
2017-03-19,0.0,0.0,12.5,3.7,6.923,2518.8,199.4,77.1,-0.2,1.3,0.2,0.79,0.712,0.3,0.0,0.0,0.0,0.0,0.0,0.0,0.0,0.0,0.324,0.0,11.5,13.1,43757.0,0.0218785
2017-03-20,0.0,0.2,11.8,4.7,6.296,2387.0,210.7,73.5,-0.1,1.6,0.3,0.789,0.656,0.3,0.0,0.0,0.0,0.0,0.0,0.0,0.0,0.0,0.324,0.0,10.8,12.7,34212.0,0.017106
2017-03-21,0.0,0.9,9.2,2.9,5.251,2382.6,827.7,72.7,1.0,1.6,-0.1,0.789,0.623,0.3,0.1,0.0,0.0,0.0,0.0,0.0,0.0,0.0,0.324,0.0,9.3,9.8,31310.0,0.015655
2017-03-22,0.0,0.1,8.8,4.1,4.746,2351.6,742.1,68.7,0.8,1.9,-0.7,0.781,0.599,0.3,0.0,0.0,0.0,0.0,0.0,0.0,0.0,0.0,0.323,0.0,4.7,11.7,42043.0,0.0210215
2017-03-23,0.0,12.7,9.8,2.8,6.088,2737.4,537.6,80.8,0.5,1.3,12.2,0.812,0.595,0.3,0.6,0.0,0.0,0.0,0.0,0.0,0.0,0.0,0.322,0.0,5.8,13.0,34414.0,0.017207
2017-03-24,0.0,2.6,10.6,2.4,6.609,2839.6,792.3,83.9,1.3,1.3,1.3,0.887,0.626,0.6,1.1,0.0,0.0,0.0,0.0,0.0,0.0,0.0,0.337,0.0,8.3,13.4,27585.0,0.0137925
2017-03-25,0.0,0.0,12.3,4.7,4.982,2426.2,1767.9,57.9,3.4,3.2,-3.4,0.858,0.649,0.5,0.0,0.0,0.0,0.0,0.0,0.0,0.0,0.0,0.338,0.0,7.4,16.5,40767.0,0.0203835
2017-03-26,0.0,0.0,12.1,2.3,5.413,2501.7,1571.5,61.5,2.2,2.4,-2.2,0.829,0.674,0.4,0.0,0.0,0.0,0.0,0.0,0.0,0.0,0.0,0.332,0.0,6.4,16.3,66410.0,0.033205
2017-03-27,0.0,0.0,12.7,2.2,5.608,2683.5,1479.3,63.2,2.3,2.6,-2.3,0.804,0.694,0.3,0.0,0.0,0.0,0.0,0.0,0.0,0.0,0.0,0.329,0.0,6.7,18.2,61806.0,0.030903
2017-03-28,0.0,0.0,12.8,2.8,6.254,2723.9,1265.0,69.0,1.8,2.2,-1.8,0.782,0.704,0.3,0.0,0.0,0.0,0.0,0.0,0.0,0.0,0.0,0.325,0.0,7.7,16.9,66631.0,0.0333155
2017-03-29,0.0,0.0,13.9,2.1,6.434,2767.5,1120.5,66.4,1.5,2.2,-1.5,0.765,0.711,0.3,0.0,0.0,0.0,0.0,0.0,0.0,0.0,0.0,0.322,0.0,8.2,18.3,72887.0,0.0364435
2017-03-30,0.0,0.0,16.0,2.7,6.385,2688.1,1474.9,58.8,2.0,3.1,-2.0,0.745,0.698,0.2,0.0,0.0,0.0,0.0,0.0,0.0,0.0,0.0,0.319,0.0,8.8,22.1,72980.0,0.03649
2017-03-31,0.0,2.2,14.8,3.5,7.107,2629.7,819.4,67.7,0.9,2.2,1.3,0.743,0.684,0.2,0.1,0.0,0.0,0.0,0.0,0.0,0.0,0.0,0.316,0.0,13.2,17.0,48416.0,0.024208
2017-04-01,0.0,0.0,12.5,2.5,6.327,2530.6,1229.4,71.3,1.4,2.1,-1.4,0.737,0.68,0.2,0.0,0.0,0.0,0.0,0.0,0.0,0.0,0.0,0.318,0.0,9.5,15.1,36178.0,0.018089
2017-04-02,0.0,0.0,12.5,1.7,6.011,2655.8,1497.4,68.3,1.6,2.3,-1.6,0.72,0.642,0.2,0.0,0.0,0.0,0.0,0.0,0.0,0.0,0.0,0.315,0.0,7.9,16.7,45250.0,0.022625
2017-04-03,0.0,0.0,13.3,1.8,5.77,2742.3,1719.4,63.4,1.7,2.7,-1.7,0.701,0.532,0.2,0.0,0.0,0.0,0.0,0.0,0.0,0.0,0.0,0.313,0.0,7.2,19.2,71480.0,0.03574
2017-04-04,0.0,0.0,12.7,2.8,6.348,2725.0,1302.4,70.3,1.1,2.5,-1.1,0.687,0.435,0.2,0.0,0.0,0.0,0.0,0.0,0.0,0.0,0.0,0.31,0.0,8.8,17.2,60910.0,0.030455
2017-04-05,0.0,0.0,11.5,4.2,5.837,2383.9,1205.7,69.5,0.7,2.3,-0.7,0.678,0.342,0.2,0.0,0.0,0.0,0.0,0.0,0.0,0.0,0.0,0.308,0.0,8.5,14.0,60268.0,0.030134
2017-04-06,0.0,0.0,10.0,3.3,4.785,2475.5,1628.5,63.8,1.3,2.7,-1.3,0.665,0.258,0.2,0.0,0.0,0.0,0.0,0.0,0.0,0.0,0.0,0.307,0.0,6.4,13.8,77327.0,0.0386635
2017-04-07,0.0,0.0,11.8,1.9,5.688,2716.3,2024.1,67.2,1.4,2.8,-1.4,0.65,0.185,0.2,0.0,0.0,0.0,0.0,0.0,0.0,0.0,0.0,0.305,0.0,5.5,16.9,82273.0,0.0411365
2017-04-08,0.0,0.0,13.6,1.8,6.179,2835.1,2255.3,65.8,1.5,3.1,-1.5,0.635,0.114,0.2,0.0,0.0,0.0,0.0,0.0,0.0,0.0,0.0,0.303,0.0,7.8,18.7,81526.0,0.040763
2017-04-09,0.0,0.0,16.4,1.0,6.33,2909.9,2291.1,57.6,1.7,3.3,-1.7,0.618,0.053,0.1,0.0,0.0,0.0,0.0,0.0,0.0,0.0,0.0,0.301,0.0,8.4,23.6,80564.0,0.040282
2017-04-10,0.0,0.0,12.7,3.9,5.987,2476.0,642.0,65.6,0.2,2.2,-0.2,0.611,-0.001,0.1,0.0,0.0,0.0,0.0,0.0,0.0,0.0,0.0,0.298,0.0,11.8,15.7,73396.0,0.036698
2017-04-11,0.0,0.0,11.1,1.9,4.867,2500.9,1708.3,60.9,1.1,2.6,-1.1,0.602,-0.051,0.1,0.0,0.0,0.0,0.0,0.0,0.0,0.0,0.0,0.298,0.0,6.2,15.4,71609.0,0.0358045
2017-04-12,0.0,0.0,12.2,3.0,5.414,2580.8,1968.3,63.1,1.1,3.3,-1.1,0.59,-0.094,0.1,0.0,0.0,0.0,0.0,0.0,0.0,0.0,0.0,0.296,0.0,6.4,17.0,81724.0,0.040862
2017-04-13,0.0,0.0,12.1,2.4,6.058,2605.6,610.9,70.1,0.1,1.7,-0.1,0.585,-0.123,0.1,0.0,0.0,0.0,0.0,0.0,0.0,0.0,0.0,0.294,0.0,8.9,14.6,77527.0,0.0387635
2017-04-14,0.0,0.0,12.7,2.2,5.494,2599.9,1462.8,61.1,0.9,2.7,-0.9,0.577,-0.152,0.1,0.0,0.0,0.0,0.0,0.0,0.0,0.0,0.0,0.294,0.0,9.8,15.2,69988.0,0.034994
2017-04-15,0.0,0.7,11.4,3.3,6.236,2515.5,414.9,74.5,0.1,1.6,0.6,0.579,-0.173,0.1,0.0,0.0,0.0,0.0,0.0,0.0,0.0,0.0,0.292,0.0,9.6,14.1,37040.0,0.01852
2017-04-16,0.0,0.0,10.6,3.2,5.067,2468.0,1378.0,64.7,0.9,2.5,-0.9,0.572,-0.187,0.1,0.0,0.0,0.0,0.0,0.0,0.0,0.0,0.0,0.293,0.0,7.5,13.0,61664.0,0.030832
2017-04-17,0.0,0.0,10.6,3.9,5.317,2376.9,976.4,67.3,0.4,2.3,-0.4,0.566,-0.189,0.1,0.0,0.0,0.0,0.0,0.0,0.0,0.0,0.0,0.292,0.0,9.4,14.2,71150.0,0.035575
2017-04-18,0.0,0.1,7.4,3.1,4.334,2470.5,1163.2,68.2,0.6,2.0,-0.5,0.561,-0.193,0.1,0.0,0.0,0.0,0.0,0.0,0.0,0.0,0.0,0.291,0.0,4.2,10.6,82395.0,0.0411975
2017-04-19,0.0,0.0,7.2,4.5,3.378,2230.3,2505.2,55.8,1.4,3.3,-1.4,0.549,-0.201,0.1,0.0,0.0,0.0,0.0,0.0,0.0,0.0,0.0,0.29,0.0,3.3,11.3,85837.0,0.0429185
2017-04-20,0.0,0.0,7.4,2.4,3.053,2162.2,2081.0,49.1,0.8,2.9,-0.8,0.539,-0.209,0.1,0.0,0.0,0.0,0.0,0.0,0.0,0.0,0.0,0.288,0.0,1.6,12.3,89853.0,0.0449265
2017-04-21,0.0,0.0,11.1,1.7,4.329,2556.4,2353.0,54.3,1.2,3.4,-1.2,0.528,-0.218,0.1,0.0,0.0,0.0,0.0,0.0,0.0,0.0,0.0,0.287,0.0,3.5,16.9,87634.0,0.043817
2017-04-22,0.0,0.0,11.7,2.6,5.626,2678.6,1027.6,66.8,0.4,2.4,-0.4,0.521,-0.223,0.1,0.0,0.0,0.0,0.0,0.0,0.0,0.0,0.0,0.285,0.0,9.3,15.9,79691.0,0.0398455
2017-04-23,0.0,0.0,9.7,2.9,4.342,2445.8,2199.8,59.6,0.9,3.2,-0.9,0.513,-0.233,0.1,0.0,0.0,0.0,0.0,0.0,0.0,0.0,0.0,0.284,0.0,5.4,14.0,87072.0,0.043536
2017-04-24,0.0,0.2,11.4,1.8,4.66,2370.7,1691.3,57.1,0.7,2.8,-0.5,0.505,-0.253,0.1,0.0,0.0,0.0,0.0,0.0,0.0,0.0,0.0,0.283,0.0,4.7,16.1,79292.0,0.039646
2017-04-25,0.0,0.0,8.3,3.2,3.775,2227.9,545.4,56.6,0.2,1.9,-0.2,0.504,-0.285,0.1,0.0,0.0,0.0,0.0,0.0,0.0,0.0,0.0,0.282,0.0,5.8,10.0,32112.0,0.016056
2017-04-26,0.0,3.3,6.5,2.1,4.247,2370.9,1433.2,70.7,1.1,2.1,2.2,0.514,-0.313,0.1,0.1,0.0,0.0,0.0,0.0,0.0,0.0,0.0,0.282,0.0,4.0,9.9,39581.0,0.0197905
2017-04-27,0.0,2.3,8.0,2.9,4.072,2459.9,1680.8,62.7,1.8,2.5,0.5,0.518,-0.336,0.1,0.0,0.0,0.0,0.0,0.0,0.0,0.0,0.0,0.285,0.0,4.6,11.1,55976.0,0.027988
2017-04-28,0.0,1.4,9.7,1.3,5.229,2654.5,1349.0,70.6,1.4,2.1,0.0,0.525,-0.349,0.1,0.1,0.0,0.0,0.0,0.0,0.0,0.0,0.0,0.285,0.0,5.8,13.9,66670.0,0.033335
2017-04-29,0.0,0.0,12.5,2.2,5.189,2626.9,2162.4,60.3,1.7,3.3,-1.7,0.513,-0.367,0.1,0.0,0.0,0.0,0.0,0.0,0.0,0.0,0.0,0.285,0.0,6.9,16.4,87189.0,0.0435945
2017-04-30,0.0,11.0,12.5,3.8,5.216,2519.1,856.0,59.5,0.8,3.2,10.2,0.527,-0.396,0.1,0.1,0.0,0.0,0.0,0.0,0.0,0.0,0.0,0.283,0.0,9.0,19.1,44414.0,0.022207
2017-05-01,0.0,0.0,11.7,4.4,5.373,2506.1,1009.6,64.4,1.4,2.7,-1.4,0.592,-0.384,0.1,0.4,0.0,0.0,0.0,0.0,0.0,0.0,0.0,0.296,0.0,8.6,14.5,64236.0,0.032118
2017-05-02,0.0,0.9,13.2,2.8,5.879,2540.1,1943.2,63.8,2.2,3.3,-1.3,0.573,-0.377,0.0,0.0,0.0,0.0,0.0,0.0,0.0,0.0,0.0,0.294,0.0,9.7,16.4,47122.0,0.023561000000000002
2017-05-03,0.0,7.2,10.9,1.9,6.908,3088.6,515.8,85.3,1.2,1.3,6.0,0.603,-0.341,0.0,0.4,0.0,0.0,0.0,0.0,0.0,0.0,0.0,0.292,0.0,10.4,11.5,58282.0,0.029141
2017-05-04,0.0,2.6,12.3,1.8,6.983,2896.6,1295.0,79.2,2.2,2.3,0.4,0.633,-0.28,0.1,0.3,0.0,0.0,0.0,0.0,0.0,0.0,0.0,0.3,0.0,9.8,15.7,61563.0,0.0307815
2017-05-05,0.0,0.0,14.1,3.4,7.079,2734.8,1555.7,71.9,2.0,2.9,-2.0,0.614,-0.228,0.1,0.0,0.0,0.0,0.0,0.0,0.0,0.0,0.0,0.3,0.0,9.8,18.5,59767.0,0.0298835
2017-05-06,0.0,8.1,12.1,2.3,7.414,3002.3,671.3,84.9,1.1,1.5,7.0,0.63,-0.171,0.1,0.4,0.0,0.0,0.0,0.0,0.0,0.0,0.0,0.297,0.0,11.7,12.4,46128.0,0.023064
2017-05-07,0.0,0.3,11.5,3.6,7.091,2877.1,648.6,84.6,1.1,1.4,-0.8,0.663,-0.09,0.1,0.2,0.0,0.0,0.0,0.0,0.0,0.0,0.0,0.306,0.0,10.3,12.6,62592.0,0.031296
2017-05-08,0.0,0.0,10.3,3.2,5.99,2819.1,579.0,77.3,1.2,1.7,-1.2,0.653,-0.02,0.1,0.0,0.0,0.0,0.0,0.0,0.0,0.0,0.0,0.305,0.0,10.1,10.9,71321.0,0.0356605
2017-05-09,0.0,0.0,11.8,3.5,5.113,2440.5,2838.7,61.3,3.5,4.1,-3.5,0.624,0.053,0.1,0.0,0.0,0.0,0.0,0.0,0.0,0.0,0.0,0.303,0.0,6.4,16.1,88745.0,0.0443725
2017-05-10,0.0,0.0,15.1,2.7,6.011,2492.3,2410.9,57.5,2.4,4.3,-2.4,0.596,0.118,0.1,0.0,0.0,0.0,0.0,0.0,0.0,0.0,0.0,0.298,0.0,8.0,20.4,59380.0,0.02969
2017-05-11,0.0,0.8,15.7,3.5,8.218,2819.9,1695.5,74.9,1.5,3.4,-0.7,0.581,0.121,0.0,0.0,0.0,0.0,0.0,0.0,0.0,0.0,0.0,0.295,0.0,13.9,19.8,41721.0,0.0208605
2017-05-12,0.0,9.1,15.0,2.9,9.098,3076.1,1139.5,85.6,1.9,2.2,7.2,0.611,0.173,0.0,0.4,0.0,0.0,0.0,0.0,0.0,0.0,0.0,0.293,0.0,12.6,19.0,60939.0,0.0304695
2017-05-13,0.0,0.0,16.5,3.1,8.045,2744.6,1859.7,70.6,2.9,3.5,-2.9,0.624,0.19,0.1,0.2,0.0,0.0,0.0,0.0,0.0,0.0,0.0,0.303,0.0,12.6,19.6,62327.0,0.0311635
2017-05-14,0.0,1.2,16.1,2.3,8.042,2697.8,1544.4,70.7,2.1,3.0,-0.9,0.611,0.167,0.1,0.1,0.0,0.0,0.0,0.0,0.0,0.0,0.0,0.299,0.0,13.6,19.8,77145.0,0.0385725
2017-05-15,0.0,0.0,18.8,2.0,8.095,2860.7,1152.9,61.7,1.2,3.0,-1.2,0.599,0.161,0.1,0.0,0.0,0.0,0.0,0.0,0.0,0.0,0.0,0.297,0.0,11.8,23.7,85130.0,0.042565
2017-05-16,0.0,0.0,22.2,1.8,9.18,2877.9,1558.1,56.2,1.9,3.9,-1.9,0.582,0.13,0.0,0.0,0.0,0.0,0.0,0.0,0.0,0.0,0.0,0.295,0.0,15.6,27.3,83900.0,0.04195
2017-05-17,0.0,7.9,21.7,3.0,10.11,2971.7,1758.8,64.6,2.1,4.7,5.8,0.579,0.082,0.0,0.2,0.0,0.0,0.0,0.0,0.0,0.0,0.0,0.293,0.0,18.3,28.6,71870.0,0.035935
2017-05-18,0.0,18.1,15.4,3.1,9.071,3126.2,1150.8,83.1,3.0,2.6,15.1,0.663,0.134,0.1,1.5,0.0,0.0,0.0,0.0,0.0,0.0,0.0,0.3,0.0,12.0,20.9,39805.0,0.0199025
2017-05-19,0.0,2.1,12.2,3.0,6.409,2569.9,1714.3,73.7,3.3,3.0,-1.2,0.733,0.258,0.6,0.7,0.0,0.0,0.0,0.0,0.0,0.0,0.0,0.318,0.0,10.1,15.2,68193.0,0.0340965
2017-05-20,0.0,0.0,13.4,2.7,6.836,2716.3,2205.2,72.8,3.9,3.4,-3.9,0.705,0.371,0.3,0.2,0.0,0.0,0.0,0.0,0.0,0.0,0.0,0.316,0.0,8.8,17.5,72142.0,0.036071
2017-05-21,0.0,0.0,16.4,2.1,7.322,2727.9,2077.4,65.1,3.5,3.8,-3.5,0.669,0.42,0.1,0.0,0.0,0.0,0.0,0.0,0.0,0.0,0.0,0.31,0.0,11.4,21.2,91827.0,0.0459135
2017-05-22,0.0,0.0,19.3,2.2,8.372,2799.8,1943.7,61.0,2.9,4.2,-2.9,0.638,0.412,0.1,0.0,0.0,0.0,0.0,0.0,0.0,0.0,0.0,0.305,0.0,13.4,24.5,74292.0,0.037146
2017-05-23,0.0,0.0,19.0,3.5,9.368,2943.9,1855.9,69.6,2.4,4.0,-2.4,0.613,0.389,0.1,0.0,0.0,0.0,0.0,0.0,0.0,0.0,0.0,0.301,0.0,14.7,23.1,72041.0,0.0360205
2017-05-24,0.0,0.0,20.2,2.4,10.398,2879.6,1547.6,71.5,1.6,3.4,-1.6,0.596,0.392,0.1,0.0,0.0,0.0,0.0,0.0,0.0,0.0,0.0,0.297,0.0,16.6,23.7,87619.0,0.0438095
2017-05-25,0.0,0.0,21.4,3.3,9.144,2951.8,3050.3,59.2,2.9,6.1,-2.9,0.57,0.401,0.1,0.0,0.0,0.0,0.0,0.0,0.0,0.0,0.0,0.295,0.0,17.5,25.6,92447.0,0.0462235
2017-05-26,0.0,0.0,22.9,3.4,9.207,2942.1,3175.6,54.0,2.6,6.7,-2.6,0.544,0.403,0.0,0.0,0.0,0.0,0.0,0.0,0.0,0.0,0.0,0.291,0.0,17.6,27.5,88937.0,0.0444685
2017-05-27,0.0,0.2,24.5,1.7,11.029,3023.6,2126.0,58.5,1.7,4.8,-1.5,0.525,0.391,0.0,0.0,0.0,0.0,0.0,0.0,0.0,0.0,0.0,0.287,0.0,19.4,29.4,85882.0,0.042941
2017-05-28,0.0,0.2,24.5,1.8,13.224,3064.6,1778.1,69.2,1.3,4.2,-1.1,0.514,0.311,0.0,0.0,0.0,0.0,0.0,0.0,0.0,0.0,0.0,0.285,0.0,17.9,30.8,82569.0,0.0412845
2017-05-29,0.0,0.0,23.8,2.8,11.854,3021.7,1329.2,65.1,1.0,3.9,-1.0,0.503,0.17,0.0,0.0,0.0,0.0,0.0,0.0,0.0,0.0,0.0,0.283,0.0,21.3,27.8,65748.0,0.032874
2017-05-30,0.0,0.0,20.3,3.0,9.736,2951.9,886.2,65.8,0.7,3.0,-0.7,0.496,0.06,0.0,0.0,0.0,0.0,0.0,0.0,0.0,0.0,0.0,0.282,0.0,19.1,22.4,59933.0,0.0299665
2017-05-31,0.0,0.0,20.0,1.9,8.563,2842.2,1836.1,59.7,1.4,3.9,-1.4,0.483,-0.013,0.0,0.0,0.0,0.0,0.0,0.0,0.0,0.0,0.0,0.28,0.0,16.2,23.0,61348.0,0.030674
2017-06-01,0.0,0.0,22.8,2.2,9.58,2930.4,2567.2,57.0,1.8,5.4,-1.8,0.466,-0.081,0.0,0.0,0.0,0.0,0.0,0.0,0.0,0.0,0.0,0.278,0.0,17.2,27.2,76798.0,0.038399
2017-06-02,0.0,1.5,22.8,1.3,11.278,3149.0,1296.1,65.8,0.7,3.2,0.8,0.46,-0.17,0.0,0.0,0.0,0.0,0.0,0.0,0.0,0.0,0.0,0.276,0.0,19.0,28.2,76982.0,0.038491
2017-06-03,0.0,1.8,17.5,2.7,9.581,2972.5,1006.0,76.8,1.0,2.5,0.8,0.467,-0.262,0.0,0.0,0.0,0.0,0.0,0.0,0.0,0.0,0.0,0.277,0.0,16.0,20.9,39588.0,0.019794
2017-06-04,0.0,0.0,16.4,2.4,6.843,2635.4,1893.1,60.8,1.8,3.7,-1.8,0.461,-0.323,0.0,0.0,0.0,0.0,0.0,0.0,0.0,0.0,0.0,0.278,0.0,13.3,20.0,66401.0,0.0332005
2017-06-05,0.0,7.4,18.7,3.8,7.944,2814.0,1922.9,60.1,2.1,4.3,5.3,0.461,-0.351,0.0,0.1,0.0,0.0,0.0,0.0,0.0,0.0,0.0,0.275,0.0,13.1,22.4,78830.0,0.039415
2017-06-06,0.0,6.2,14.7,6.4,7.761,2866.3,1745.0,75.1,3.8,3.3,2.4,0.509,-0.326,0.0,0.4,0.0,0.0,0.0,0.0,0.0,0.0,0.0,0.282,0.0,13.2,16.6,67679.0,0.0338395
2017-06-07,0.0,0.0,15.6,4.8,6.828,2632.9,2173.7,63.1,2.8,4.2,-2.8,0.504,-0.298,0.0,0.1,0.0,0.0,0.0,0.0,0.0,0.0,0.0,0.285,0.0,11.6,18.8,80630.0,0.040315
2017-06-08,0.0,10.5,21.3,3.4,9.42,2650.0,1655.5,60.2,1.6,4.6,8.9,0.501,-0.274,0.0,0.0,0.0,0.0,0.0,0.0,0.0,0.0,0.0,0.281,0.0,15.8,27.3,90219.0,0.045109500000000004
2017-06-09,0.0,0.0,19.9,2.9,8.849,2909.2,1799.2,62.7,3.4,4.1,-3.4,0.553,-0.215,0.0,0.6,0.0,0.0,0.0,0.0,0.0,0.0,0.0,0.293,0.0,17.2,22.9,65979.0,0.0329895
2017-06-10,0.0,0.0,22.3,2.0,8.672,3031.3,2787.6,53.0,3.4,5.6,-3.4,0.519,-0.177,0.0,0.0,0.0,0.0,0.0,0.0,0.0,0.0,0.0,0.288,0.0,16.6,26.8,92206.0,0.046103
2017-06-11,0.0,0.0,23.8,2.5,8.981,3124.9,1616.1,50.2,2.2,4.8,-2.2,0.495,-0.147,0.0,0.0,0.0,0.0,0.0,0.0,0.0,0.0,0.0,0.283,0.0,17.9,29.3,86110.0,0.043055
2017-06-12,0.0,0.0,18.5,3.1,7.793,2773.9,1908.9,59.6,1.6,4.2,-1.6,0.477,-0.137,0.0,0.0,0.0,0.0,0.0,0.0,0.0,0.0,0.0,0.28,0.0,15.4,21.3,79031.0,0.0395155
2017-06-13,0.0,0.0,20.4,2.1,8.604,2664.2,2455.8,58.2,1.7,4.8,-1.7,0.46,-0.144,0.0,0.0,0.0,0.0,0.0,0.0,0.0,0.0,0.0,0.277,0.0,15.3,23.5,80319.0,0.0401595
2017-06-14,0.0,0.0,24.2,2.2,10.003,2897.6,2249.4,54.0,1.7,5.3,-1.7,0.443,-0.155,0.0,0.0,0.0,0.0,0.0,0.0,0.0,0.0,0.0,0.275,0.0,19.4,29.2,77842.0,0.038921
2017-06-15,0.0,0.0,24.4,2.7,11.111,2869.8,2490.6,58.5,1.6,5.6,-1.6,0.428,-0.176,0.0,0.0,0.0,0.0,0.0,0.0,0.0,0.0,0.0,0.273,0.0,20.2,28.4,71695.0,0.0358475
2017-06-16,0.0,0.0,19.7,2.9,8.577,2864.6,1922.2,61.3,1.2,4.2,-1.2,0.416,-0.216,0.0,0.0,0.0,0.0,0.0,0.0,0.0,0.0,0.0,0.27,0.0,15.3,23.3,89752.0,0.044876
2017-06-17,0.0,0.0,22.6,2.1,10.191,3066.6,2153.0,60.2,1.3,4.7,-1.3,0.403,-0.254,0.0,0.0,0.0,0.0,0.0,0.0,0.0,0.0,0.0,0.269,0.0,17.5,27.3,93280.0,0.04664
2017-06-18,0.0,0.0,25.4,3.1,11.075,3059.9,2820.8,55.5,1.7,6.4,-1.7,0.388,-0.289,0.0,0.0,0.0,0.0,0.0,0.0,0.0,0.0,0.0,0.267,0.0,20.4,29.4,92499.0,0.0462495
2017-06-19,0.0,0.0,26.8,1.2,10.634,3166.2,3175.3,50.2,1.8,6.6,-1.8,0.371,-0.372,0.0,0.0,0.0,0.0,0.0,0.0,0.0,0.0,0.0,0.264,0.0,21.3,33.5,90377.0,0.0451885
2017-06-20,0.0,0.0,28.4,2.2,10.539,3081.8,2415.3,45.4,1.3,6.2,-1.3,0.357,-0.46,0.0,0.0,0.0,0.0,0.0,0.0,0.0,0.0,0.0,0.262,0.0,20.3,34.0,83308.0,0.041654000000000004
2017-06-21,0.0,0.0,30.1,1.7,11.812,3243.5,2548.4,45.0,1.1,6.3,-1.1,0.346,-0.542,0.0,0.0,0.0,0.0,0.0,0.0,0.0,0.0,0.0,0.26,0.0,24.0,36.0,82979.0,0.0414895
2017-06-22,0.0,0.0,27.3,2.8,12.24,3136.1,2398.1,54.6,1.0,6.6,-1.0,0.335,-0.62,0.0,0.0,0.0,0.0,0.0,0.0,0.0,0.0,0.0,0.258,0.0,25.4,33.5,78896.0,0.039448
2017-06-23,0.0,0.0,20.4,2.9,8.976,3094.5,1722.5,60.9,0.6,4.1,-0.6,0.328,-0.7,0.0,0.0,0.0,0.0,0.0,0.0,0.0,0.0,0.0,0.257,0.0,17.5,23.0,57898.0,0.028949
2017-06-24,0.0,0.0,21.6,3.2,8.584,2738.8,1259.2,54.0,0.5,4.1,-0.5,0.323,-0.748,0.0,0.0,0.0,0.0,0.0,0.0,0.0,0.0,0.0,0.256,0.0,17.3,25.9,67694.0,0.033847
2017-06-25,0.0,0.0,23.1,3.2,9.989,3074.4,2045.4,57.3,1.0,5.2,-1.0,0.314,-0.815,0.0,0.0,0.0,0.0,0.0,0.0,0.0,0.0,0.0,0.255,0.0,19.8,26.6,80624.0,0.040312
2017-06-26,0.0,0.2,24.1,2.6,10.561,2899.9,2222.0,57.7,0.8,5.2,-0.6,0.306,-0.879,0.0,0.0,0.0,0.0,0.0,0.0,0.0,0.0,0.0,0.254,0.0,18.7,27.8,52235.0,0.026117500000000002
2017-06-27,0.0,6.6,22.0,1.8,12.619,3278.6,642.9,76.8,0.7,2.1,5.9,0.324,-0.897,0.0,0.1,0.0,0.0,0.0,0.0,0.0,0.0,0.0,0.253,0.0,20.8,23.0,55858.0,0.027929
2017-06-28,0.0,4.8,18.9,3.2,11.027,3281.9,1106.1,81.1,2.3,2.6,2.5,0.369,-0.859,0.0,0.2,0.0,0.0,0.0,0.0,0.0,0.0,0.0,0.261,0.0,18.2,20.5,54713.0,0.0273565
2017-06-29,0.0,1.0,17.5,4.3,8.521,2877.0,1495.5,69.3,2.0,3.8,-1.0,0.37,-0.824,0.0,0.0,0.0,0.0,0.0,0.0,0.0,0.0,0.0,0.264,0.0,16.0,20.6,61959.0,0.0309795
2017-06-30,0.0,8.9,16.5,3.1,9.782,3178.7,778.9,83.7,1.7,1.9,7.2,0.432,-0.732,0.0,0.5,0.0,0.0,0.0,0.0,0.0,0.0,0.0,0.263,0.0,15.5,17.7,53430.0,0.026715
2017-07-01,0.0,6.2,17.1,3.3,9.826,3098.9,781.8,81.3,1.6,2.1,4.6,0.462,-0.605,0.0,0.3,0.0,0.0,0.0,0.0,0.0,0.0,0.0,0.272,0.0,15.7,20.4,48756.0,0.024378
2017-07-02,0.0,1.0,18.0,2.4,10.078,3162.6,867.7,78.6,1.5,2.3,-0.5,0.475,-0.454,0.1,0.2,0.0,0.0,0.0,0.0,0.0,0.0,0.0,0.278,0.0,14.2,22.9,59978.0,0.029989
2017-07-03,0.0,0.0,20.0,1.9,9.281,2942.2,2039.8,64.2,3.4,4.1,-3.4,0.447,-0.326,0.1,0.0,0.0,0.0,0.0,0.0,0.0,0.0,0.0,0.277,0.0,17.3,22.8,75969.0,0.0379845
2017-07-04,0.0,0.0,22.9,1.0,10.01,3016.4,2857.8,58.2,3.1,5.3,-3.1,0.415,-0.249,0.0,0.0,0.0,0.0,0.0,0.0,0.0,0.0,0.0,0.272,0.0,17.7,27.7,93005.0,0.0465025
2017-07-05,0.0,0.1,26.4,2.0,10.866,2957.1,2379.2,52.6,2.5,5.5,-2.4,0.391,-0.181,0.0,0.0,0.0,0.0,0.0,0.0,0.0,0.0,0.0,0.268,0.0,20.2,31.0,90428.0,0.045214
2017-07-06,0.0,3.7,27.8,1.7,14.199,3337.1,1204.7,61.0,1.6,3.5,2.1,0.391,-0.117,0.0,0.1,0.0,0.0,0.0,0.0,0.0,0.0,0.0,0.265,0.0,23.4,32.6,72545.0,0.0362725
2017-07-07,0.0,0.0,27.2,2.0,10.797,3261.5,2607.1,49.8,3.3,6.0,-3.3,0.38,-0.088,0.0,0.1,0.0,0.0,0.0,0.0,0.0,0.0,0.0,0.267,0.0,23.1,31.1,86996.0,0.043498
2017-07-08,0.0,0.0,25.2,2.4,10.296,2980.9,2502.4,51.8,1.8,5.8,-1.8,0.359,-0.099,0.0,0.0,0.0,0.0,0.0,0.0,0.0,0.0,0.0,0.263,0.0,20.5,29.2,63455.0,0.0317275
2017-07-09,0.0,67.8,23.5,1.7,11.987,3111.4,1781.3,67.6,1.8,4.1,66.0,0.431,-0.066,0.0,0.5,0.0,0.0,0.0,0.0,0.0,0.0,0.0,0.26,0.0,20.7,28.5,51890.0,0.025945
2017-07-10,0.0,12.0,19.5,2.9,11.283,3305.8,962.3,80.3,2.6,2.4,9.4,0.773,0.109,18.5,15.1,0.0,0.0,0.0,0.0,0.0,0.0,0.0,0.326,0.0,16.5,21.7,53572.0,0.026786
2017-07-11,0.0,1.3,19.7,2.9,10.187,2993.3,1520.2,72.4,3.3,3.4,-2.0,0.72,0.23,1.6,0.0,0.0,0.0,0.0,0.0,0.0,0.0,0.0,0.318,0.0,15.9,23.0,62222.0,0.031111
2017-07-12,0.0,0.9,19.7,3.3,10.446,3264.7,712.7,73.5,1.7,2.5,-0.8,0.708,0.34,0.6,0.3,0.0,0.0,0.0,0.0,0.0,0.0,0.0,0.313,0.0,17.0,22.3,57081.0,0.0285405
2017-07-13,0.0,0.6,20.1,1.4,9.002,3033.8,1496.6,61.5,2.9,3.2,-2.3,0.684,0.45,0.4,0.1,0.0,0.0,0.0,0.0,0.0,0.0,0.0,0.311,0.0,16.4,23.4,70689.0,0.0353445
2017-07-14,0.0,0.0,19.0,3.1,7.981,2735.9,1994.3,58.8,3.9,4.4,-3.9,0.646,0.564,0.2,0.0,0.0,0.0,0.0,0.0,0.0,0.0,0.0,0.307,0.0,16.0,21.8,78041.0,0.0390205
2017-07-15,0.0,0.0,20.7,1.9,8.079,3059.7,1661.1,55.2,3.1,3.8,-3.1,0.614,0.678,0.1,0.0,0.0,0.0,0.0,0.0,0.0,0.0,0.0,0.301,0.0,15.0,24.6,90083.0,0.0450415
2017-07-16,0.0,0.1,23.8,2.2,11.29,3187.4,2040.7,61.3,2.8,4.6,-2.7,0.585,0.782,0.1,0.0,0.0,0.0,0.0,0.0,0.0,0.0,0.0,0.297,0.0,19.4,28.5,87405.0,0.0437025
2017-07-17,0.0,0.0,24.2,2.5,11.704,2939.7,2080.9,63.3,2.3,4.7,-2.3,0.561,0.877,0.0,0.0,0.0,0.0,0.0,0.0,0.0,0.0,0.0,0.293,0.0,19.2,28.1,84063.0,0.0420315
2017-07-18,0.0,0.0,27.3,3.0,11.407,3060.6,2330.2,52.3,2.4,6.2,-2.4,0.538,0.953,0.0,0.0,0.0,0.0,0.0,0.0,0.0,0.0,0.0,0.29,0.0,21.3,32.4,84214.0,0.042107
2017-07-19,0.0,0.2,25.3,4.3,12.017,3141.5,1587.9,59.9,1.7,4.8,-1.5,0.522,0.994,0.0,0.0,0.0,0.0,0.0,0.0,0.0,0.0,0.0,0.286,0.0,23.8,28.5,54337.0,0.027168499999999998
2017-07-20,0.0,0.0,20.3,3.7,9.21,2808.7,1428.1,62.2,1.3,3.8,-1.3,0.508,0.942,0.0,0.0,0.0,0.0,0.0,0.0,0.0,0.0,0.0,0.284,0.0,19.5,22.2,54611.0,0.0273055
2017-07-21,0.0,0.0,21.1,3.3,7.431,2839.1,2042.3,48.9,1.9,5.1,-1.9,0.491,0.901,0.0,0.0,0.0,0.0,0.0,0.0,0.0,0.0,0.0,0.282,0.0,16.1,24.5,54956.0,0.027478000000000002
2017-07-22,0.0,3.8,19.0,3.8,9.157,2992.6,1446.9,67.5,1.3,3.6,2.5,0.489,0.862,0.0,0.1,0.0,0.0,0.0,0.0,0.0,0.0,0.0,0.279,0.0,18.3,21.1,62291.0,0.0311455
2017-07-23,0.0,4.7,17.0,3.1,8.642,2940.7,1553.1,72.8,2.1,3.4,2.6,0.505,0.831,0.0,0.2,0.0,0.0,0.0,0.0,0.0,0.0,0.0,0.283,0.0,15.0,20.4,63549.0,0.0317745
2017-07-24,0.0,3.1,16.6,4.1,9.899,3361.4,601.2,84.4,1.8,1.8,1.3,0.539,0.827,0.0,0.3,0.0,0.0,0.0,0.0,0.0,0.0,0.0,0.286,0.0,14.4,18.1,62426.0,0.031213
2017-07-25,0.0,0.3,18.7,3.5,9.405,2960.3,1326.1,70.7,2.0,3.2,-1.7,0.531,0.81,0.0,0.0,0.0,0.0,0.0,0.0,0.0,0.0,0.0,0.288,0.0,16.6,21.4,62368.0,0.031184
2017-07-26,0.0,0.5,19.4,3.1,9.961,3093.4,1869.6,71.2,1.9,4.0,-1.4,0.512,0.811,0.0,0.0,0.0,0.0,0.0,0.0,0.0,0.0,0.0,0.285,0.0,16.5,23.4,60456.0,0.030228
2017-07-27,0.0,0.4,19.6,2.4,9.972,2911.5,881.4,70.5,1.0,2.5,-0.6,0.507,0.805,0.0,0.0,0.0,0.0,0.0,0.0,0.0,0.0,0.0,0.283,0.0,18.0,21.1,63379.0,0.0316895
2017-07-28,0.0,0.0,20.1,3.1,8.446,2918.7,1478.3,58.3,1.6,3.9,-1.6,0.494,0.785,0.0,0.0,0.0,0.0,0.0,0.0,0.0,0.0,0.0,0.282,0.0,17.2,22.6,73023.0,0.0365115
2017-07-29,0.0,0.0,23.5,4.6,10.346,3095.2,1574.7,57.9,1.6,5.0,-1.6,0.478,0.793,0.0,0.0,0.0,0.0,0.0,0.0,0.0,0.0,0.0,0.28,0.0,19.2,26.7,75558.0,0.037779
2017-07-30,0.0,0.0,22.5,5.2,8.781,2828.9,1854.2,52.6,1.7,5.7,-1.7,0.461,0.807,0.0,0.0,0.0,0.0,0.0,0.0,0.0,0.0,0.0,0.278,0.0,20.6,24.9,60928.0,0.030464
2017-07-31,0.0,0.6,20.5,1.8,9.347,2817.2,1491.0,62.5,0.9,3.3,-0.3,0.452,0.83,0.0,0.0,0.0,0.0,0.0,0.0,0.0,0.0,0.0,0.275,0.0,17.4,22.9,63217.0,0.0316085
2017-08-01,0.0,0.0,21.2,1.7,10.016,3045.0,1332.9,64.8,1.2,3.2,-1.2,0.461,0.84,0.0,0.0,0.0,0.0,0.0,0.0,0.0,0.0,0.0,0.277,0.0,17.0,26.0,58895.0,0.0294475
2017-08-02,0.0,0.4,23.2,3.0,8.966,2866.1,741.1,52.3,0.4,3.8,0.0,0.454,0.843,0.0,0.0,0.0,0.0,0.0,0.0,0.0,0.0,0.0,0.275,0.0,16.9,28.7,77798.0,0.038899
2017-08-03,0.0,0.2,23.0,5.7,9.402,2983.0,1693.9,55.0,1.8,5.4,-1.6,0.445,0.83,0.0,0.0,0.0,0.0,0.0,0.0,0.0,0.0,0.0,0.275,0.0,19.2,26.4,72413.0,0.0362065
2017-08-04,0.0,2.1,22.1,3.4,9.752,3137.5,888.6,59.6,0.9,3.4,1.2,0.438,0.809,0.0,0.0,0.0,0.0,0.0,0.0,0.0,0.0,0.0,0.273,0.0,19.0,24.6,71450.0,0.035725
2017-08-05,0.0,0.0,19.7,2.8,9.005,3095.3,1645.1,64.2,1.8,3.7,-1.8,0.438,0.781,0.0,0.1,0.0,0.0,0.0,0.0,0.0,0.0,0.0,0.274,0.0,16.0,22.7,62597.0,0.0312985
2017-08-06,0.0,0.0,18.9,1.4,7.452,2882.2,1942.1,57.4,1.4,3.7,-1.4,0.423,0.742,0.0,0.0,0.0,0.0,0.0,0.0,0.0,0.0,0.0,0.272,0.0,12.5,23.6,81691.0,0.0408455
2017-08-07,0.0,0.6,21.5,2.2,7.082,2706.5,1769.5,46.0,1.1,4.3,-0.5,0.411,0.703,0.0,0.0,0.0,0.0,0.0,0.0,0.0,0.0,0.0,0.27,0.0,16.1,25.4,75903.0,0.0379515
2017-08-08,0.0,3.6,17.3,2.2,9.797,3276.2,835.1,80.2,1.5,2.3,2.1,0.429,0.644,0.0,0.1,0.0,0.0,0.0,0.0,0.0,0.0,0.0,0.269,0.0,16.8,18.0,48766.0,0.024383
2017-08-09,0.0,6.8,15.1,2.0,8.653,3073.6,835.6,81.3,0.9,1.9,5.9,0.442,0.585,0.0,0.1,0.0,0.0,0.0,0.0,0.0,0.0,0.0,0.272,0.0,13.8,17.7,61172.0,0.030586
2017-08-10,0.0,11.1,14.9,1.1,8.957,3016.2,1644.9,85.1,2.9,2.5,8.2,0.532,0.577,0.0,0.8,0.0,0.0,0.0,0.0,0.0,0.0,0.0,0.279,0.0,13.3,16.2,58076.0,0.029038
2017-08-11,0.0,0.0,17.5,1.9,8.875,2987.5,1789.3,72.1,3.1,3.1,-3.1,0.536,0.57,0.1,0.2,0.0,0.0,0.0,0.0,0.0,0.0,0.0,0.29,0.0,14.4,20.3,62879.0,0.0314395
2017-08-12,0.0,1.7,17.8,3.0,9.827,3192.8,685.5,77.5,1.3,2.1,0.4,0.533,0.588,0.0,0.1,0.0,0.0,0.0,0.0,0.0,0.0,0.0,0.286,0.0,15.4,20.6,70710.0,0.035355
2017-08-13,0.0,0.0,18.3,1.1,8.356,3001.3,1990.8,65.2,2.9,3.4,-2.9,0.509,0.602,0.0,0.0,0.0,0.0,0.0,0.0,0.0,0.0,0.0,0.286,0.0,14.2,22.0,73817.0,0.0369085
2017-08-14,0.0,1.0,21.4,1.2,9.574,3019.9,1671.8,61.8,2.4,3.4,-1.4,0.492,0.61,0.0,0.1,0.0,0.0,0.0,0.0,0.0,0.0,0.0,0.282,0.0,15.4,26.7,83355.0,0.0416775
2017-08-15,0.0,0.1,21.8,2.0,11.023,3034.8,1210.7,68.0,1.2,3.1,-1.1,0.479,0.622,0.0,0.0,0.0,0.0,0.0,0.0,0.0,0.0,0.0,0.28,0.0,19.8,25.8,50543.0,0.0252715
2017-08-16,0.0,0.2,21.0,1.5,10.317,3124.9,1007.8,68.1,1.2,2.6,-1.0,0.469,0.672,0.0,0.0,0.0,0.0,0.0,0.0,0.0,0.0,0.0,0.278,0.0,17.1,24.5,58775.0,0.0293875
2017-08-17,0.0,7.3,19.7,3.5,12.267,3359.7,532.8,85.3,0.9,1.7,6.4,0.489,0.748,0.0,0.2,0.0,0.0,0.0,0.0,0.0,0.0,0.0,0.277,0.0,17.2,21.7,71134.0,0.035567
2017-08-18,0.0,3.5,18.1,2.9,11.431,3431.6,635.4,87.7,1.7,1.6,1.8,0.542,0.822,0.0,0.5,0.0,0.0,0.0,0.0,0.0,0.0,0.0,0.285,0.0,18.4,18.9,51764.0,0.025882
2017-08-19,0.0,0.0,16.1,2.6,7.99,2906.9,1727.8,71.1,2.7,3.1,-2.7,0.519,0.873,0.0,0.0,0.0,0.0,0.0,0.0,0.0,0.0,0.0,0.287,0.0,12.4,19.6,77245.0,0.0386225
2017-08-20,0.0,0.0,17.2,1.4,7.474,2968.1,1685.1,64.1,2.3,3.0,-2.3,0.496,0.858,0.0,0.0,0.0,0.0,0.0,0.0,0.0,0.0,0.0,0.283,0.0,11.1,21.1,84717.0,0.0423585
2017-08-21,0.0,0.0,20.3,1.3,10.476,3204.0,751.0,70.1,0.7,1.9,-0.7,0.485,0.831,0.0,0.0,0.0,0.0,0.0,0.0,0.0,0.0,0.0,0.28,0.0,17.1,23.7,80656.0,0.040328
2017-08-22,0.0,0.1,22.3,2.1,11.369,3169.4,1980.0,69.9,2.1,3.9,-2.0,0.469,0.794,0.0,0.0,0.0,0.0,0.0,0.0,0.0,0.0,0.0,0.279,0.0,16.2,27.2,79496.0,0.039748
2017-08-23,0.0,0.0,21.4,2.4,11.361,3206.0,1652.8,71.8,1.4,3.5,-1.4,0.453,0.771,0.0,0.0,0.0,0.0,0.0,0.0,0.0,0.0,0.0,0.276,0.0,17.1,26.9,67308.0,0.033654
2017-08-24,0.0,0.0,20.6,1.1,9.721,3045.7,1013.4,65.2,0.9,2.3,-0.9,0.443,0.759,0.0,0.0,0.0,0.0,0.0,0.0,0.0,0.0,0.0,0.274,0.0,16.6,23.8,62992.0,0.031495999999999996
2017-08-25,0.0,12.5,20.1,1.6,12.086,3330.7,1040.3,81.9,1.9,2.2,10.6,0.516,0.782,0.0,0.6,0.0,0.0,0.0,0.0,0.0,0.0,0.0,0.273,0.0,18.5,22.3,64165.0,0.0320825
2017-08-26,0.0,1.4,23.2,1.1,12.65,3312.2,1377.6,72.9,2.5,2.8,-1.1,0.521,0.825,0.0,0.1,0.0,0.0,0.0,0.0,0.0,0.0,0.0,0.287,0.0,19.1,26.7,68708.0,0.034354
2017-08-27,0.0,3.1,23.5,1.5,12.638,3371.6,1571.5,70.7,3.1,3.2,0.0,0.527,0.882,0.0,0.3,0.0,0.0,0.0,0.0,0.0,0.0,0.0,0.285,0.0,18.8,26.8,62625.0,0.0313125
2017-08-28,0.0,0.0,25.2,1.8,12.574,3260.5,1980.8,63.9,3.0,4.1,-3.0,0.5,0.906,0.0,0.0,0.0,0.0,0.0,0.0,0.0,0.0,0.0,0.285,0.0,20.4,29.4,70714.0,0.035357
2017-08-29,0.0,0.0,27.1,1.9,12.356,3322.2,1922.7,56.9,2.5,4.4,-2.5,0.474,0.924,0.0,0.0,0.0,0.0,0.0,0.0,0.0,0.0,0.0,0.28,0.0,21.1,31.6,65926.0,0.032963
2017-08-30,0.0,1.4,19.4,3.2,10.835,3070.9,548.8,77.5,0.7,2.1,0.7,0.468,0.946,0.0,0.0,0.0,0.0,0.0,0.0,0.0,0.0,0.0,0.277,0.0,16.4,22.9,39523.0,0.0197615
2017-08-31,0.0,0.0,16.7,2.3,7.682,2920.3,1395.9,66.6,1.8,2.7,-1.8,0.461,0.955,0.0,0.0,0.0,0.0,0.0,0.0,0.0,0.0,0.0,0.278,0.0,12.7,19.6,46775.0,0.0233875
2017-09-01,0.0,10.2,16.5,1.4,7.793,2808.8,971.0,67.6,1.1,2.2,9.1,0.473,0.978,0.0,0.3,0.0,0.0,0.0,0.0,0.0,0.0,0.0,0.275,0.0,15.3,19.8,61710.0,0.030855
2017-09-02,0.0,0.4,16.8,2.2,7.783,2897.4,1567.0,67.2,3.1,3.0,-2.7,0.517,1.029,0.0,0.4,0.0,0.0,0.0,0.0,0.0,0.0,0.0,0.287,0.0,13.5,20.6,66638.0,0.033319
2017-09-03,0.0,0.0,17.5,2.0,7.898,2806.4,1027.1,64.7,1.4,2.4,-1.4,0.501,1.083,0.0,0.0,0.0,0.0,0.0,0.0,0.0,0.0,0.0,0.283,0.0,12.8,21.0,59174.0,0.029587
2017-09-04,0.0,0.0,20.9,2.2,10.026,3051.8,683.2,65.4,0.6,2.3,-0.6,0.493,1.065,0.0,0.0,0.0,0.0,0.0,0.0,0.0,0.0,0.0,0.281,0.0,17.1,23.3,56279.0,0.0281395
2017-09-05,0.0,0.0,20.5,3.7,10.996,3184.7,386.5,73.6,0.5,2.1,-0.5,0.488,1.056,0.0,0.0,0.0,0.0,0.0,0.0,0.0,0.0,0.0,0.28,0.0,19.4,22.0,52875.0,0.0264375
2017-09-06,0.0,0.0,17.6,3.9,8.078,2892.8,920.3,65.2,1.5,2.9,-1.5,0.475,1.025,0.0,0.0,0.0,0.0,0.0,0.0,0.0,0.0,0.0,0.279,0.0,14.7,19.8,55692.0,0.027846
2017-09-07,0.0,0.0,17.2,2.9,8.094,2810.8,915.8,67.1,1.0,2.3,-1.0,0.464,0.993,0.0,0.0,0.0,0.0,0.0,0.0,0.0,0.0,0.0,0.277,0.0,14.0,19.0,51690.0,0.025845
2017-09-08,0.0,15.1,16.8,4.8,9.527,3234.6,314.1,80.2,1.2,1.8,13.9,0.509,0.99,0.0,0.7,0.0,0.0,0.0,0.0,0.0,0.0,0.0,0.276,0.0,16.0,19.0,47113.0,0.0235565
2017-09-09,0.0,2.8,15.4,3.4,8.358,2977.8,787.7,77.3,1.8,2.1,1.0,0.594,1.029,0.2,0.7,0.0,0.0,0.0,0.0,0.0,0.0,0.0,0.294,0.0,13.6,18.1,38475.0,0.0192375
2017-09-10,0.0,0.8,15.5,3.8,8.317,3031.4,645.4,76.7,1.2,2.0,-0.4,0.584,1.095,0.2,0.0,0.0,0.0,0.0,0.0,0.0,0.0,0.0,0.295,0.0,10.8,18.6,54677.0,0.027338499999999998
2017-09-11,0.0,0.0,15.5,5.2,7.555,2835.1,1116.5,70.0,2.3,2.7,-2.3,0.568,1.155,0.1,0.1,0.0,0.0,0.0,0.0,0.0,0.0,0.0,0.294,0.0,13.1,17.5,54400.0,0.0272
2017-09-12,0.0,2.4,15.5,4.3,7.503,2859.8,1078.7,69.3,2.1,2.8,0.3,0.551,1.184,0.1,0.0,0.0,0.0,0.0,0.0,0.0,0.0,0.0,0.29,0.0,12.8,18.6,61541.0,0.0307705
2017-09-13,0.0,29.5,15.1,4.6,9.446,3340.6,324.5,88.6,1.5,1.2,28.0,0.678,1.325,1.4,4.0,0.0,0.0,0.0,0.0,0.0,0.0,0.0,0.29,0.0,12.7,17.4,46220.0,0.02311
2017-09-14,0.0,0.8,13.6,4.5,7.372,2726.1,905.5,76.5,2.0,2.2,-1.2,0.732,1.54,4.5,0.5,0.0,0.0,0.0,0.0,0.0,0.0,0.0,0.319,0.0,12.2,16.2,52166.0,0.026083
2017-09-15,0.0,0.1,12.1,2.0,6.576,2735.6,1436.9,75.8,2.8,2.1,-2.7,0.696,1.716,1.0,0.0,0.0,0.0,0.0,0.0,0.0,0.0,0.0,0.313,0.0,9.0,15.7,44870.0,0.022435
2017-09-16,0.0,0.8,11.4,1.4,6.786,2791.7,700.1,81.8,1.0,1.3,-0.2,0.682,1.873,0.4,0.1,0.0,0.0,0.0,0.0,0.0,0.0,0.0,0.309,0.0,7.4,14.9,54612.0,0.027306
2017-09-17,0.0,6.6,11.4,1.4,6.864,2792.4,1042.7,83.1,1.8,1.6,4.8,0.68,1.983,0.3,0.3,0.0,0.0,0.0,0.0,0.0,0.0,0.0,0.308,0.0,8.8,16.2,39667.0,0.0198335
2017-09-18,0.0,3.4,11.8,2.0,7.035,2852.3,946.1,82.6,1.5,1.7,1.9,0.705,2.026,0.6,0.5,0.0,0.0,0.0,0.0,0.0,0.0,0.0,0.313,0.0,7.2,17.1,44603.0,0.0223015
2017-09-19,0.0,0.5,12.7,2.0,7.38,2982.8,1168.1,81.8,2.4,1.7,-1.9,0.709,2.038,0.6,0.5,0.0,0.0,0.0,0.0,0.0,0.0,0.0,0.314,0.0,10.5,15.2,54398.0,0.027199
2017-09-20,0.0,0.0,12.1,1.2,6.83,2877.9,1245.5,78.8,2.1,1.7,-2.1,0.682,2.044,0.3,0.0,0.0,0.0,0.0,0.0,0.0,0.0,0.0,0.311,0.0,6.6,17.2,70061.0,0.0350305
2017-09-21,0.0,0.0,13.8,1.7,7.171,2899.4,1376.7,75.0,2.3,2.2,-2.3,0.658,2.043,0.2,0.0,0.0,0.0,0.0,0.0,0.0,0.0,0.0,0.307,0.0,8.2,19.7,71565.0,0.0357825
2017-09-22,0.0,0.1,14.7,1.6,8.279,3141.4,530.6,79.8,1.0,1.3,-0.9,0.645,2.047,0.1,0.0,0.0,0.0,0.0,0.0,0.0,0.0,0.0,0.304,0.0,11.4,17.6,56255.0,0.0281275
2017-09-23,0.0,0.0,14.0,1.3,7.44,2899.2,1259.2,75.9,2.0,1.9,-2.0,0.626,2.018,0.1,0.0,0.0,0.0,0.0,0.0,0.0,0.0,0.0,0.302,0.0,9.1,19.6,63435.0,0.0317175
2017-09-24,0.0,0.0,16.4,1.9,7.987,2925.2,1271.7,70.5,1.9,2.2,-1.9,0.607,1.968,0.1,0.0,0.0,0.0,0.0,0.0,0.0,0.0,0.0,0.299,0.0,10.3,22.0,65247.0,0.0326235
2017-09-25,0.0,2.5,17.7,1.8,9.228,2945.6,460.6,73.5,0.1,1.5,2.4,0.604,1.926,0.1,0.0,0.0,0.0,0.0,0.0,0.0,0.0,0.0,0.296,0.0,15.4,20.4,36544.0,0.018272
2017-09-26,0.0,0.0,16.9,1.4,9.685,3088.2,873.6,81.5,1.3,1.6,-1.3,0.613,1.882,0.1,0.2,0.0,0.0,0.0,0.0,0.0,0.0,0.0,0.299,0.0,15.2,20.4,44728.0,0.022364
2017-09-27,0.0,0.1,15.2,1.6,9.552,3203.3,485.1,89.3,0.5,1.0,-0.4,0.606,1.832,0.1,0.0,0.0,0.0,0.0,0.0,0.0,0.0,0.0,0.297,0.0,13.0,16.9,64572.0,0.032286
2017-09-28,0.0,0.3,17.8,1.9,10.472,3226.0,255.0,83.1,0.1,1.1,0.2,0.605,1.785,0.1,0.0,0.0,0.0,0.0,0.0,0.0,0.0,0.0,0.297,0.0,14.8,19.9,54009.0,0.0270045
2017-09-29,0.0,7.9,19.8,2.3,10.813,3079.2,895.7,76.1,1.3,2.2,6.6,0.611,1.728,0.1,0.2,0.0,0.0,0.0,0.0,0.0,0.0,0.0,0.297,0.0,16.2,24.3,60718.0,0.030359
2017-09-30,0.0,0.4,16.0,2.5,8.016,2995.1,1030.6,71.5,2.1,1.9,-1.7,0.65,1.715,0.1,0.5,0.0,0.0,0.0,0.0,0.0,0.0,0.0,0.305,0.0,13.9,17.4,28220.0,0.014110000000000001
2017-10-01,0.0,1.0,14.9,3.6,9.2,3168.3,210.8,86.9,0.3,1.1,0.7,0.647,1.689,0.1,0.1,0.0,0.0,0.0,0.0,0.0,0.0,0.0,0.303,0.0,13.4,16.5,29793.0,0.0148965
2017-10-02,0.0,8.5,17.2,3.2,10.16,3181.7,488.6,83.7,1.0,1.5,7.5,0.662,1.65,0.1,0.4,0.0,0.0,0.0,0.0,0.0,0.0,0.0,0.303,0.0,15.7,19.1,27593.0,0.0137965
2017-10-03,0.0,0.0,14.2,2.1,7.083,2944.5,1078.2,71.5,2.5,1.8,-2.5,0.693,1.624,0.3,0.5,0.0,0.0,0.0,0.0,0.0,0.0,0.0,0.312,0.0,12.0,16.7,45623.0,0.022811500000000002
2017-10-04,0.0,0.0,13.5,2.2,6.737,2864.8,836.1,70.7,1.4,1.7,-1.4,0.674,1.605,0.2,0.0,0.0,0.0,0.0,0.0,0.0,0.0,0.0,0.308,0.0,9.2,16.9,55461.0,0.0277305
2017-10-05,0.0,1.9,13.2,2.7,7.688,3074.9,521.9,81.3,1.5,1.3,0.4,0.667,1.587,0.2,0.1,0.0,0.0,0.0,0.0,0.0,0.0,0.0,0.306,0.0,11.2,16.7,60430.0,0.030215
2017-10-06,0.0,0.0,11.1,2.6,5.732,2816.4,1005.6,70.8,2.2,1.7,-2.2,0.655,1.566,0.2,0.0,0.0,0.0,0.0,0.0,0.0,0.0,0.0,0.306,0.0,8.2,15.3,58245.0,0.0291225
2017-10-07,0.0,0.1,12.1,3.4,6.277,2963.7,499.2,71.3,0.8,1.7,-0.7,0.641,1.55,0.1,0.0,0.0,0.0,0.0,0.0,0.0,0.0,0.0,0.303,0.0,7.3,15.3,65378.0,0.032689
2017-10-08,0.0,0.2,14.9,1.7,8.187,3000.6,610.6,78.4,0.8,1.3,-0.6,0.635,1.534,0.1,0.0,0.0,0.0,0.0,0.0,0.0,0.0,0.0,0.302,0.0,13.9,17.0,47626.0,0.023813
2017-10-09,0.0,0.4,15.0,1.1,7.719,2962.8,751.0,73.4,1.0,1.3,-0.6,0.625,1.515,0.1,0.0,0.0,0.0,0.0,0.0,0.0,0.0,0.0,0.301,0.0,12.2,17.5,42090.0,0.021045
2017-10-10,0.0,0.0,15.5,2.5,8.623,2752.9,366.7,79.0,0.0,1.2,0.0,0.624,1.458,0.1,0.0,0.0,0.0,0.0,0.0,0.0,0.0,0.0,0.3,0.0,13.9,16.6,46431.0,0.0232155
2017-10-11,0.0,0.0,16.6,3.0,8.438,2968.6,267.6,72.2,0.1,1.6,-0.1,0.622,1.404,0.1,0.0,0.0,0.0,0.0,0.0,0.0,0.0,0.0,0.3,0.0,15.0,17.8,56314.0,0.028157
2017-10-12,0.0,0.0,17.0,2.7,9.204,2950.6,797.6,76.5,1.0,1.7,-1.0,0.614,1.337,0.1,0.0,0.0,0.0,0.0,0.0,0.0,0.0,0.0,0.299,0.0,15.4,20.1,48671.0,0.0243355
2017-10-13,0.0,0.0,16.9,1.2,9.92,3183.4,931.3,83.4,1.2,1.4,-1.2,0.602,1.23,0.1,0.0,0.0,0.0,0.0,0.0,0.0,0.0,0.0,0.298,0.0,14.4,21.8,54656.0,0.027328
2017-10-14,0.0,0.0,15.9,1.4,9.241,3202.7,1312.4,83.0,1.6,1.6,-1.6,0.586,1.125,0.1,0.0,0.0,0.0,0.0,0.0,0.0,0.0,0.0,0.296,0.0,11.5,22.1,50664.0,0.025332
2017-10-15,0.0,0.0,16.7,2.1,9.41,3100.7,1309.1,80.5,1.4,1.7,-1.4,0.571,1.028,0.1,0.0,0.0,0.0,0.0,0.0,0.0,0.0,0.0,0.293,0.0,10.4,22.5,55111.0,0.0275555
2017-10-16,0.0,0.0,18.9,2.4,10.208,3122.7,1003.6,75.8,1.0,1.9,-1.0,0.559,0.937,0.1,0.0,0.0,0.0,0.0,0.0,0.0,0.0,0.0,0.291,0.0,13.3,24.2,54060.0,0.02703
2017-10-17,0.0,0.0,17.8,1.3,9.915,3102.6,997.8,78.6,0.9,1.4,-0.9,0.55,0.868,0.1,0.0,0.0,0.0,0.0,0.0,0.0,0.0,0.0,0.29,0.0,13.1,21.7,53458.0,0.026729
2017-10-18,0.0,0.0,16.6,2.1,8.54,2977.8,552.8,73.5,0.4,1.5,-0.4,0.544,0.819,0.1,0.0,0.0,0.0,0.0,0.0,0.0,0.0,0.0,0.288,0.0,13.5,20.7,36441.0,0.0182205
2017-10-19,0.0,5.8,17.8,4.2,9.362,3114.2,604.3,74.5,1.2,2.1,4.6,0.552,0.788,0.1,0.1,0.0,0.0,0.0,0.0,0.0,0.0,0.0,0.288,0.0,14.1,22.0,31193.0,0.0155965
2017-10-20,0.0,0.0,14.6,4.3,7.359,2710.2,736.2,71.8,1.2,2.0,-1.2,0.574,0.755,0.1,0.2,0.0,0.0,0.0,0.0,0.0,0.0,0.0,0.294,0.0,12.3,16.6,34337.0,0.0171685
2017-10-21,0.0,0.3,14.8,5.0,7.36,2809.5,647.9,70.3,1.1,2.1,-0.8,0.565,0.714,0.1,0.0,0.0,0.0,0.0,0.0,0.0,0.0,0.0,0.292,0.0,13.2,17.3,27090.0,0.013545
2017-10-22,0.0,4.4,11.6,4.6,5.94,2612.9,331.4,70.5,0.3,1.8,4.1,0.568,0.678,0.1,0.1,0.0,0.0,0.0,0.0,0.0,0.0,0.0,0.291,0.0,10.5,13.9,39005.0,0.0195025
2017-10-23,0.0,2.6,13.3,2.7,8.092,3024.4,341.9,85.0,0.2,1.0,2.4,0.599,0.66,0.1,0.2,0.0,0.0,0.0,0.0,0.0,0.0,0.0,0.296,0.0,10.8,15.3,35762.0,0.017881
2017-10-24,0.0,1.1,16.1,2.6,10.455,3152.8,139.9,91.7,-0.2,0.7,1.3,0.627,0.656,0.1,0.3,0.0,0.0,0.0,0.0,0.0,0.0,0.0,0.299,0.0,13.8,17.4,42516.0,0.021258
2017-10-25,0.0,0.1,16.6,1.6,9.651,3067.6,546.2,82.5,0.5,1.1,-0.4,0.625,0.658,0.1,0.0,0.0,0.0,0.0,0.0,0.0,0.0,0.0,0.3,0.0,15.4,19.3,50670.0,0.025335
2017-10-26,0.0,0.0,14.1,1.0,9.308,3382.4,568.9,93.2,0.8,0.7,-0.8,0.618,0.667,0.1,0.0,0.0,0.0,0.0,0.0,0.0,0.0,0.0,0.3,0.0,12.5,15.5,49032.0,0.024516
2017-10-27,0.0,0.0,13.8,2.6,7.582,3015.0,718.0,77.3,1.5,1.2,-1.5,0.604,0.671,0.1,0.0,0.0,0.0,0.0,0.0,0.0,0.0,0.0,0.298,0.0,13.5,16.5,30602.0,0.015301
2017-10-28,0.0,0.0,11.6,3.3,6.456,2924.4,544.4,76.3,0.9,1.3,-0.9,0.593,0.662,0.1,0.0,0.0,0.0,0.0,0.0,0.0,0.0,0.0,0.296,0.0,7.2,14.2,47761.0,0.0238805
2017-10-29,0.0,1.6,12.4,4.2,7.471,2952.8,164.9,83.1,0.5,1.1,1.1,0.599,0.649,0.1,0.1,0.0,0.0,0.0,0.0,0.0,0.0,0.0,0.295,0.0,11.7,13.7,25489.0,0.0127445
2017-10-30,0.0,0.0,9.0,2.6,5.085,2581.2,530.0,71.8,0.6,1.2,-0.6,0.594,0.637,0.1,0.0,0.0,0.0,0.0,0.0,0.0,0.0,0.0,0.296,0.0,5.3,12.5,47371.0,0.023685499999999998
2017-10-31,0.0,0.0,9.1,0.9,5.129,2642.0,761.6,72.6,0.9,0.6,-0.9,0.586,0.636,0.1,0.0,0.0,0.0,0.0,0.0,0.0,0.0,0.0,0.295,0.0,5.2,12.7,52922.0,0.026461
2017-11-01,0.0,0.0,10.3,2.3,5.423,2607.3,817.4,70.0,0.9,1.1,-0.9,0.576,0.623,0.1,0.0,0.0,0.0,0.0,0.0,0.0,0.0,0.0,0.294,0.0,6.7,13.5,43092.0,0.021546
2017-11-02,0.0,0.0,12.1,1.8,6.901,2899.9,115.6,78.6,0.0,0.9,0.0,0.573,0.577,0.1,0.0,0.0,0.0,0.0,0.0,0.0,0.0,0.0,0.292,0.0,10.0,13.7,30647.0,0.0153235
2017-11-03,0.0,0.0,13.5,2.0,7.393,2931.3,465.8,77.4,0.4,0.9,-0.4,0.57,0.506,0.1,0.0,0.0,0.0,0.0,0.0,0.0,0.0,0.0,0.292,0.0,11.9,15.8,32027.0,0.0160135
2017-11-04,0.0,2.9,13.2,3.4,7.867,2962.4,138.2,83.5,0.2,1.1,2.7,0.576,0.446,0.1,0.1,0.0,0.0,0.0,0.0,0.0,0.0,0.0,0.291,0.0,11.6,15.9,17381.0,0.0086905
2017-11-05,0.0,0.4,8.9,3.3,5.349,2529.4,663.7,76.2,0.9,1.0,-0.5,0.586,0.392,0.1,0.1,0.0,0.0,0.0,0.0,0.0,0.0,0.0,0.295,0.0,7.5,10.7,30786.0,0.015393
2017-11-06,0.0,0.0,7.6,2.7,4.569,2597.4,686.1,71.0,1.1,1.0,-1.1,0.579,0.344,0.1,0.0,0.0,0.0,0.0,0.0,0.0,0.0,0.0,0.294,0.0,5.9,10.8,36765.0,0.0183825
2017-11-07,0.0,0.0,6.2,1.1,4.018,2489.3,868.2,69.0,1.0,0.5,-1.0,0.569,0.296,0.1,0.0,0.0,0.0,0.0,0.0,0.0,0.0,0.0,0.293,0.0,3.5,9.6,39697.0,0.0198485
2017-11-08,0.0,0.0,7.1,1.5,4.396,2534.1,167.6,70.4,0.0,0.8,0.0,0.565,0.248,0.1,0.0,0.0,0.0,0.0,0.0,0.0,0.0,0.0,0.291,0.0,3.7,8.8,23533.0,0.0117665
2017-11-09,0.0,1.2,9.0,1.7,5.619,2790.1,211.1,78.6,0.0,0.7,1.2,0.567,0.205,0.1,0.0,0.0,0.0,0.0,0.0,0.0,0.0,0.0,0.291,0.0,7.9,10.2,20205.0,0.0101025
2017-11-10,0.0,0.9,10.9,3.7,6.821,2859.4,105.4,84.5,0.0,0.9,0.9,0.577,0.167,0.1,0.1,0.0,0.0,0.0,0.0,0.0,0.0,0.0,0.292,0.0,8.6,12.4,19528.0,0.009764
2017-11-11,0.0,7.2,11.8,4.0,7.739,3117.0,113.7,89.6,0.1,0.9,7.1,0.61,0.153,0.1,0.4,0.0,0.0,0.0,0.0,0.0,0.0,0.0,0.294,0.0,9.8,13.5,18960.0,0.00948
2017-11-12,0.0,8.2,9.5,5.0,6.108,2799.3,232.9,81.5,1.0,1.0,7.2,0.698,0.198,0.3,1.1,0.0,0.0,0.0,0.0,0.0,0.0,0.0,0.303,0.0,7.4,11.7,23496.0,0.011748
2017-11-13,0.0,0.0,7.7,4.6,4.703,2477.1,421.9,72.4,0.6,1.2,-0.6,0.696,0.235,0.3,0.0,0.0,0.0,0.0,0.0,0.0,0.0,0.0,0.311,0.0,6.5,9.9,35771.0,0.0178855
2017-11-14,0.0,0.0,8.1,1.3,4.963,2801.2,341.1,74.9,0.4,0.7,-0.4,0.689,0.266,0.3,0.0,0.0,0.0,0.0,0.0,0.0,0.0,0.0,0.31,0.0,4.9,11.3,41320.0,0.02066
2017-11-15,0.0,0.0,8.1,1.4,5.688,3008.5,58.6,85.0,0.1,0.6,-0.1,0.684,0.288,0.2,0.0,0.0,0.0,0.0,0.0,0.0,0.0,0.0,0.309,0.0,6.5,10.0,39126.0,0.019563
2017-11-16,0.0,0.0,9.8,0.8,5.597,2844.4,157.9,74.8,0.1,0.6,-0.1,0.681,0.31,0.2,0.0,0.0,0.0,0.0,0.0,0.0,0.0,0.0,0.308,0.0,7.9,11.7,36386.0,0.018193
2017-11-17,0.0,0.0,9.7,1.8,6.014,2729.7,153.6,80.4,0.0,0.7,0.0,0.679,0.336,0.2,0.0,0.0,0.0,0.0,0.0,0.0,0.0,0.0,0.308,0.0,9.8,10.9,39060.0,0.01953
2017-11-18,0.0,1.0,7.7,2.0,5.245,2788.9,185.2,80.2,0.2,0.6,0.8,0.676,0.356,0.2,0.0,0.0,0.0,0.0,0.0,0.0,0.0,0.0,0.307,0.0,5.3,9.3,34182.0,0.017091
2017-11-19,0.0,0.0,8.2,2.1,5.035,2775.0,202.3,74.7,0.3,0.8,-0.3,0.68,0.38,0.2,0.1,0.0,0.0,0.0,0.0,0.0,0.0,0.0,0.308,0.0,7.2,9.3,33860.0,0.01693
2017-11-20,0.0,0.0,8.7,3.1,5.861,2942.9,141.5,83.1,0.1,0.8,-0.1,0.676,0.408,0.2,0.0,0.0,0.0,0.0,0.0,0.0,0.0,0.0,0.307,0.0,6.3,10.4,29003.0,0.0145015
2017-11-21,0.0,0.0,10.1,2.7,6.396,2875.9,55.4,83.4,0.1,0.8,-0.1,0.674,0.425,0.2,0.0,0.0,0.0,0.0,0.0,0.0,0.0,0.0,0.307,0.0,9.0,11.1,32472.0,0.016236
2017-11-22,0.0,0.0,11.5,4.3,5.578,2741.5,594.4,67.0,1.1,1.3,-1.1,0.664,0.396,0.2,0.0,0.0,0.0,0.0,0.0,0.0,0.0,0.0,0.307,0.0,9.0,14.3,38733.0,0.0193665
2017-11-23,0.0,7.9,14.3,5.2,7.296,2878.6,197.1,72.1,0.2,1.7,7.7,0.673,0.372,0.1,0.3,0.0,0.0,0.0,0.0,0.0,0.0,0.0,0.305,0.0,12.2,16.5,24997.0,0.0124985
2017-11-24,0.0,0.4,11.3,2.6,6.983,2794.7,263.7,83.6,0.3,0.6,0.1,0.723,0.375,0.5,0.6,0.0,0.0,0.0,0.0,0.0,0.0,0.0,0.314,0.0,10.8,12.1,10469.0,0.0052345
2017-11-25,0.0,0.8,6.4,3.4,4.763,2447.8,264.5,79.6,0.5,0.7,0.3,0.72,0.378,0.5,0.1,0.0,0.0,0.0,0.0,0.0,0.0,0.0,0.314,0.0,5.8,7.0,23455.0,0.0117275
2017-11-26,0.0,0.0,6.1,3.3,4.252,2308.8,615.9,73.3,0.6,0.8,-0.6,0.711,0.372,0.4,0.0,0.0,0.0,0.0,0.0,0.0,0.0,0.0,0.313,0.0,3.8,8.2,33117.0,0.0165585
2017-11-27,0.0,13.8,7.9,5.5,5.437,2650.2,108.4,82.2,0.3,0.9,13.5,0.735,0.38,0.4,0.9,0.0,0.0,0.0,0.0,0.0,0.0,0.0,0.312,0.0,6.3,8.7,34171.0,0.0170855
2017-11-28,0.0,1.6,7.5,3.3,5.117,2647.5,368.6,79.7,0.6,0.8,1.0,0.803,0.435,2.6,1.3,0.0,0.0,0.0,0.0,0.0,0.0,0.0,0.327,0.0,6.9,9.8,20970.0,0.010485
2017-11-29,0.0,1.0,4.5,3.0,4.393,2519.5,196.3,84.5,0.2,0.5,0.8,0.789,0.483,1.5,0.2,0.0,0.0,0.0,0.0,0.0,0.0,0.0,0.324,0.0,3.2,5.6,25022.0,0.012511
2017-11-30,0.6,3.3,3.8,3.8,4.12,2465.4,404.4,83.2,0.8,0.5,3.1,0.788,0.539,1.1,0.3,0.0,0.0,0.0,0.0,0.0,0.0,0.6,0.323,0.0,3.0,4.6,23087.0,0.0115435
2017-12-01,0.0,0.1,2.8,3.8,3.897,2579.2,110.7,84.0,0.3,0.6,-0.2,0.794,0.606,1.2,0.3,0.0,0.0,0.0,0.0,0.0,0.0,0.1,0.325,0.0,2.0,3.8,19278.0,0.009639
2017-12-02,0.0,0.0,0.6,2.3,3.376,2660.8,190.1,85.2,0.8,0.4,-0.8,0.78,0.664,0.8,0.0,0.0,0.0,0.0,0.0,0.0,0.0,0.0,0.324,0.0,0.2,1.4,13851.0,0.0069255
2017-12-03,0.0,1.7,1.9,2.1,3.975,2782.4,116.1,90.4,0.2,0.4,1.5,0.774,0.709,0.6,0.2,0.0,0.0,0.0,0.0,0.0,0.0,0.0,0.321,0.0,-0.7,6.1,20640.0,0.01032
2017-12-04,0.0,0.0,7.5,1.6,5.463,2865.9,224.9,85.1,0.2,0.4,-0.2,0.777,0.716,0.6,0.0,0.0,0.0,0.0,0.0,0.0,0.0,0.0,0.322,0.0,3.9,9.0,23108.0,0.011554
2017-12-05,0.0,0.0,7.0,1.6,5.415,2924.0,153.5,86.8,0.1,0.5,-0.1,0.77,0.725,0.5,0.0,0.0,0.0,0.0,0.0,0.0,0.0,0.0,0.321,0.0,4.6,8.2,23024.0,0.011512
2017-12-06,0.0,0.0,6.7,2.8,5.083,2943.1,97.6,83.5,0.6,0.7,-0.6,0.762,0.739,0.5,0.0,0.0,0.0,0.0,0.0,0.0,0.0,0.0,0.321,0.0,6.1,7.6,20722.0,0.010361
2017-12-07,0.0,3.5,5.9,5.5,4.939,2772.9,108.2,85.1,0.3,0.8,3.2,0.769,0.737,0.4,0.4,0.0,0.0,0.0,0.0,0.0,0.0,0.0,0.319,0.0,3.3,8.9,18657.0,0.0093285
2017-12-08,0.4,1.9,4.1,4.3,4.23,2551.5,135.6,83.0,0.5,0.7,1.8,0.781,0.695,0.6,0.3,0.0,0.0,0.0,0.0,0.0,0.0,0.4,0.322,0.0,2.9,4.9,17735.0,0.0088675
2017-12-09,0.5,4.9,3.1,3.5,3.821,2320.6,519.8,80.8,0.6,0.5,4.8,0.787,0.663,0.6,0.1,0.0,0.0,0.0,0.0,0.0,0.0,0.6,0.323,0.0,1.4,4.9,23929.0,0.0119645
2017-12-10,0.0,23.5,6.7,5.1,5.07,2715.2,186.4,83.2,0.2,1.1,23.3,0.881,0.691,3.2,2.4,0.0,0.0,0.0,0.0,0.0,0.0,0.0,0.328,0.0,1.6,10.3,4235.0,0.0021175
2017-12-11,0.0,2.6,6.6,5.8,5.289,2792.6,110.4,86.3,0.7,0.8,1.9,0.928,0.748,7.3,3.4,0.0,0.0,0.0,0.0,0.0,0.0,0.0,0.348,0.0,3.8,8.7,5676.0,0.002838
2017-12-12,0.0,0.9,4.4,3.2,4.044,2197.2,532.3,78.3,0.4,0.6,0.5,0.897,0.808,2.1,0.0,0.0,0.0,0.0,0.0,0.0,0.0,0.0,0.341,0.0,2.8,5.9,24412.0,0.012206
2017-12-13,0.0,11.2,7.4,6.1,5.58,2965.3,76.0,86.9,0.7,0.8,10.5,0.937,0.917,3.1,2.2,0.0,0.0,0.0,0.0,0.0,0.0,0.0,0.339,0.0,4.1,9.6,13635.0,0.0068175
2017-12-14,0.0,3.8,5.9,5.2,4.727,2688.2,132.9,81.9,0.5,0.9,3.3,0.942,1.013,3.1,0.6,0.0,0.0,0.0,0.0,0.0,0.0,0.0,0.346,0.0,5.0,7.0,15090.0,0.007545
2017-12-15,0.0,3.2,5.6,4.9,4.672,2669.8,100.9,83.0,0.3,0.8,2.9,0.941,1.1,2.4,0.6,0.0,0.0,0.0,0.0,0.0,0.0,0.0,0.346,0.0,4.6,6.8,18953.0,0.0094765
2017-12-16,0.0,0.7,5.5,3.9,4.314,2512.9,278.3,77.5,0.4,0.7,0.3,0.93,1.184,1.9,0.0,0.0,0.0,0.0,0.0,0.0,0.0,0.0,0.346,0.0,5.1,6.4,24724.0,0.012362
2017-12-17,0.0,5.3,5.0,2.3,4.58,2683.0,378.6,84.8,0.4,0.4,4.9,0.927,1.268,1.4,0.5,0.0,0.0,0.0,0.0,0.0,0.0,0.0,0.344,0.0,3.4,8.5,17968.0,0.008984
2017-12-18,0.0,0.0,7.4,3.9,5.291,2610.8,301.1,82.9,0.4,0.6,-0.4,0.939,1.349,2.0,0.5,0.0,0.0,0.0,0.0,0.0,0.0,0.0,0.347,0.0,5.2,8.4,10189.0,0.0050945
2017-12-19,0.0,0.0,4.5,1.8,4.736,2894.3,288.9,90.9,0.6,0.2,-0.6,0.919,1.414,1.4,0.0,0.0,0.0,0.0,0.0,0.0,0.0,0.0,0.344,0.0,3.3,6.4,26080.0,0.01304
2017-12-20,0.0,0.3,8.1,1.8,5.966,3023.3,105.4,88.6,0.0,0.5,0.3,0.907,1.385,1.1,0.0,0.0,0.0,0.0,0.0,0.0,0.0,0.0,0.342,0.0,4.3,9.5,15558.0,0.007779
2017-12-21,0.0,1.1,10.4,1.9,7.276,3115.5,52.1,92.9,0.0,0.5,1.1,0.905,1.321,1.0,0.2,0.0,0.0,0.0,0.0,0.0,0.0,0.0,0.341,0.0,9.4,11.3,15735.0,0.0078675
2017-12-22,0.0,1.4,10.5,1.9,7.131,3027.1,61.2,90.7,0.0,0.5,1.4,0.906,1.281,1.0,0.2,0.0,0.0,0.0,0.0,0.0,0.0,0.0,0.341,0.0,9.6,10.9,12689.0,0.0063444999999999994
2017-12-23,0.0,0.0,9.9,2.6,6.683,3064.2,81.9,88.4,0.2,0.6,-0.2,0.9,1.222,1.0,0.0,0.0,0.0,0.0,0.0,0.0,0.0,0.0,0.341,0.0,9.5,10.1,18333.0,0.0091665
2017-12-24,0.0,0.0,9.2,3.1,6.208,3067.2,105.1,86.2,0.4,0.7,-0.4,0.889,1.146,0.8,0.0,0.0,0.0,0.0,0.0,0.0,0.0,0.0,0.339,0.0,9.2,9.3,22117.0,0.0110585
2017-12-25,0.0,1.8,6.0,4.3,5.029,2746.5,110.3,86.4,0.5,0.7,1.3,0.879,1.062,0.7,0.0,0.0,0.0,0.0,0.0,0.0,0.0,0.0,0.338,0.0,4.2,6.9,17905.0,0.0089525
2017-12-26,0.0,4.7,6.8,5.2,5.104,2672.2,186.0,83.4,0.6,0.8,4.1,0.892,0.993,0.7,0.6,0.0,0.0,0.0,0.0,0.0,0.0,0.0,0.338,0.0,4.3,8.4,16088.0,0.008044
2017-12-27,0.0,3.3,5.4,5.9,4.573,2674.2,152.8,81.7,1.0,0.9,2.3,0.92,0.934,1.3,0.7,0.0,0.0,0.0,0.0,0.0,0.0,0.0,0.342,0.0,4.6,6.2,14084.0,0.007042
2017-12-28,0.0,0.0,3.8,2.7,3.812,2163.9,525.8,76.8,0.3,0.5,-0.3,0.911,0.868,1.1,0.0,0.0,0.0,0.0,0.0,0.0,0.0,0.0,0.342,0.001,2.2,6.0,20455.0,0.0102275
2017-12-29,0.0,12.9,5.4,4.3,4.695,2585.7,98.2,84.3,-0.1,0.9,13.0,0.958,0.859,2.1,1.4,0.0,0.0,0.0,0.0,0.0,0.0,0.0,0.34,0.0,1.7,12.5,9147.0,0.0045735
2017-12-30,0.0,0.5,13.6,5.3,8.115,3044.1,110.1,84.0,-0.2,1.1,0.7,0.973,0.882,3.2,0.9,0.0,0.0,0.0,0.0,0.0,0.0,0.0,0.352,0.0,7.9,15.2,14739.0,0.0073695
2017-12-31,0.0,0.8,12.8,6.5,6.68,2836.6,263.9,72.5,0.9,1.7,-0.1,0.953,0.891,1.9,0.1,0.0,0.0,0.0,0.0,0.0,0.0,0.0,0.349,0.0,11.4,15.3,22962.0,0.011481
2018-01-01,0.0,12.9,8.4,5.8,5.422,2647.9,124.9,79.5,0.4,1.1,12.5,0.997,0.988,3.4,2.3,0.0,0.0,0.0,0.0,0.0,0.0,0.0,0.346,0.0,7.7,8.8,15165.0,0.0075825
2018-01-02,0.0,5.3,9.2,4.9,6.018,2747.3,112.9,82.6,0.1,1.0,5.2,1.006,1.046,3.2,0.9,0.0,0.0,0.0,0.0,0.0,0.0,0.0,0.355,0.0,7.2,13.0,11662.0,0.005831
2018-01-03,0.0,9.1,10.1,6.6,6.089,2834.9,117.6,79.2,0.8,1.2,8.3,1.017,1.128,3.3,0.6,0.0,0.0,0.0,0.0,0.0,0.0,0.0,0.356,0.0,8.7,11.2,11567.0,0.0057835000000000004
2018-01-04,0.0,6.4,11.9,5.1,7.38,2973.1,77.2,85.0,0.1,1.0,6.3,1.054,1.256,5.3,2.3,0.0,0.0,0.0,0.0,0.0,0.0,0.0,0.361,0.0,8.9,14.7,11835.0,0.0059175
2018-01-05,0.0,0.1,9.5,3.0,6.141,2741.6,188.9,83.4,0.1,0.7,0.0,1.028,1.356,3.0,0.2,0.0,0.0,0.0,0.0,0.0,0.0,0.0,0.361,0.0,8.9,10.6,16677.0,0.0083385
2018-01-06,0.0,2.9,8.1,2.2,5.666,2559.2,139.6,84.9,0.1,0.6,2.8,1.01,1.438,2.0,0.0,0.0,0.0,0.0,0.0,0.0,0.0,0.0,0.357,0.0,7.5,9.0,10219.0,0.0051095
2018-01-07,0.0,0.4,6.9,5.1,5.182,2748.1,72.1,84.0,0.3,0.8,0.1,1.011,1.529,2.1,0.5,0.0,0.0,0.0,0.0,0.0,0.0,0.0,0.358,0.0,6.5,7.1,8786.0,0.004393
2018-01-08,0.0,0.0,7.0,3.4,4.918,2603.0,181.0,79.3,0.1,0.8,-0.1,0.993,1.559,1.7,0.0,0.0,0.0,0.0,0.0,0.0,0.0,0.0,0.355,0.0,6.9,8.2,13838.0,0.006919
2018-01-09,0.0,2.5,6.8,2.7,5.336,2940.2,126.5,86.8,0.3,0.6,2.2,0.98,1.552,1.4,0.1,0.0,0.0,0.0,0.0,0.0,0.0,0.0,0.352,0.0,5.0,8.4,18330.0,0.009165
2018-01-10,0.0,0.2,8.3,2.7,5.805,2875.5,117.7,85.5,0.1,0.7,0.1,0.984,1.57,1.5,0.3,0.0,0.0,0.0,0.0,0.0,0.0,0.0,0.353,0.0,7.3,9.4,20060.0,0.01003
2018-01-11,0.0,0.0,7.3,2.0,5.566,2957.6,77.2,87.8,0.2,0.6,-0.2,0.969,1.554,1.3,0.0,0.0,0.0,0.0,0.0,0.0,0.0,0.0,0.351,0.0,6.3,8.7,20883.0,0.0104415
2018-01-12,0.0,0.0,6.1,2.3,5.05,2804.4,174.2,86.5,0.3,0.5,-0.3,0.955,1.516,1.1,0.0,0.0,0.0,0.0,0.0,0.0,0.0,0.0,0.349,0.0,6.0,6.7,21444.0,0.010722
2018-01-13,0.0,0.0,5.3,2.7,4.438,2512.2,103.4,80.7,0.1,0.7,-0.1,0.944,1.472,1.0,0.0,0.0,0.0,0.0,0.0,0.0,0.0,0.0,0.347,0.0,4.5,5.9,20417.0,0.0102085
2018-01-14,0.0,0.0,5.6,1.5,4.453,2598.9,572.8,79.2,0.6,0.3,-0.6,0.931,1.391,0.9,0.0,0.0,0.0,0.0,0.0,0.0,0.0,0.0,0.345,0.0,3.2,7.4,16481.0,0.0082405
2018-01-15,0.0,9.1,7.7,5.3,5.702,2951.9,82.3,87.1,0.6,0.8,8.5,0.95,1.356,0.9,0.9,0.0,0.0,0.0,0.0,0.0,0.0,0.0,0.344,0.0,5.6,10.0,13690.0,0.006845
2018-01-16,0.0,5.1,8.3,6.6,5.238,2706.3,333.9,77.1,1.3,1.5,3.8,0.991,1.372,1.9,0.9,0.0,0.0,0.0,0.0,0.0,0.0,0.0,0.352,0.0,7.0,11.0,14850.0,0.007425
2018-01-17,0.0,3.1,6.3,6.7,4.374,2508.1,376.0,74.3,0.8,1.4,2.3,0.989,1.407,1.8,0.5,0.0,0.0,0.0,0.0,0.0,0.0,0.0,0.354,0.0,4.0,9.6,29032.0,0.014516
2018-01-18,0.0,4.2,9.2,5.5,5.962,2869.4,165.8,82.5,0.4,1.0,3.8,1.004,1.452,2.1,0.8,0.0,0.0,0.0,0.0,0.0,0.0,0.0,0.354,0.0,7.0,10.5,18965.0,0.0094825
2018-01-19,0.0,3.3,6.0,3.9,4.607,2492.5,302.1,79.4,0.5,0.8,2.8,1.0,1.508,2.1,0.4,0.0,0.0,0.0,0.0,0.0,0.0,0.0,0.355,0.0,5.4,6.5,26074.0,0.013037
2018-01-20,0.0,6.4,7.7,4.1,5.795,2877.2,101.5,88.3,0.1,0.8,6.3,1.029,1.594,3.0,1.5,0.0,0.0,0.0,0.0,0.0,0.0,0.0,0.355,0.0,4.8,11.1,8280.0,0.00414
2018-01-21,0.0,10.6,8.3,3.0,5.916,2921.3,107.8,86.7,0.0,0.8,10.6,1.043,1.7,3.3,1.2,0.0,0.0,0.0,0.0,0.0,0.0,0.0,0.358,0.0,6.6,12.2,15947.0,0.0079735
2018-01-22,0.0,10.0,11.3,3.3,7.045,2946.1,96.8,84.4,0.1,0.9,9.9,1.094,1.865,7.5,3.0,0.0,0.0,0.0,0.0,0.0,0.0,0.0,0.365,0.0,9.1,12.2,13649.0,0.006824500000000001
2018-01-23,0.0,0.2,10.5,3.5,6.61,2785.3,160.2,83.7,-0.1,1.0,0.3,1.06,1.957,3.2,0.0,0.0,0.0,0.0,0.0,0.0,0.0,0.0,0.366,0.0,8.9,12.5,23104.0,0.011552
2018-01-24,0.0,5.0,12.6,5.8,7.319,2883.2,219.1,81.2,0.5,1.3,4.5,1.055,2.042,2.7,0.5,0.0,0.0,0.0,0.0,0.0,0.0,0.0,0.362,0.0,12.0,13.7,32988.0,0.016494
2018-01-25,0.0,1.5,9.5,3.1,6.361,2901.8,120.2,86.4,0.3,0.7,1.2,1.054,2.111,2.7,0.6,0.0,0.0,0.0,0.0,0.0,0.0,0.0,0.363,0.0,9.3,9.7,9238.0,0.004619
2018-01-26,0.0,0.7,7.4,1.3,5.165,2536.8,360.0,81.0,0.2,0.5,0.5,1.034,2.129,2.2,0.0,0.0,0.0,0.0,0.0,0.0,0.0,0.0,0.361,0.0,6.7,9.2,16092.0,0.008046
2018-01-27,0.0,0.1,5.5,2.3,4.906,2832.6,624.7,87.7,1.1,0.4,-1.0,1.012,2.121,1.8,0.1,0.0,0.0,0.0,0.0,0.0,0.0,0.0,0.359,0.0,5.2,6.7,22129.0,0.0110645
2018-01-28,0.0,0.2,9.2,2.9,6.428,3040.3,149.1,88.6,0.1,0.6,0.1,0.996,2.098,1.4,0.0,0.0,0.0,0.0,0.0,0.0,0.0,0.0,0.355,0.0,5.6,11.3,31610.0,0.015805
2018-01-29,0.0,0.0,10.8,3.9,6.548,3030.5,117.7,81.5,0.3,1.0,-0.3,0.981,2.08,1.3,0.0,0.0,0.0,0.0,0.0,0.0,0.0,0.0,0.353,0.0,10.0,11.3,23600.0,0.0118
2018-01-30,0.0,0.2,10.5,3.0,6.661,2903.3,128.0,84.7,0.1,0.8,0.1,0.969,2.016,1.1,0.0,0.0,0.0,0.0,0.0,0.0,0.0,0.0,0.351,0.0,9.5,11.3,19709.0,0.0098545
2018-01-31,0.0,8.9,8.5,5.5,5.78,2794.3,137.5,83.5,0.7,1.0,8.2,1.008,1.965,1.6,1.3,0.0,0.0,0.0,0.0,0.0,0.0,0.0,0.349,0.0,8.8,9.2,18995.0,0.009497499999999999
2018-02-01,0.0,1.5,5.3,3.4,4.178,2277.1,390.9,75.8,0.5,0.8,1.0,1.009,1.949,1.9,0.2,0.0,0.0,0.0,0.0,0.0,0.0,0.0,0.356,0.0,3.4,7.0,23980.0,0.01199
2018-02-02,0.0,1.0,5.5,3.4,4.316,2387.4,365.6,77.5,0.2,0.9,0.8,0.995,1.879,1.6,0.0,0.0,0.0,0.0,0.0,0.0,0.0,0.0,0.354,0.001,4.2,7.0,33086.0,0.016543
2018-02-03,0.0,5.6,4.8,2.1,4.54,2619.7,142.5,85.3,0.1,0.6,5.5,1.0,1.776,1.5,0.6,0.0,0.0,0.0,0.0,0.0,0.0,0.0,0.354,0.0,3.9,5.3,25520.0,0.01276
2018-02-04,0.0,0.0,2.3,4.1,3.693,2527.0,209.2,81.8,0.8,0.7,-0.8,1.007,1.65,2.0,0.4,0.0,0.0,0.0,0.0,0.0,0.0,0.0,0.358,0.0,2.3,2.6,32544.0,0.016272
2018-02-05,1.2,0.7,0.3,3.6,3.379,2495.6,126.1,86.9,0.3,0.6,1.6,0.991,1.543,1.4,0.1,0.0,0.0,0.0,0.0,0.001,0.0,0.9,0.35,0.004,-1.1,1.6,15603.0,0.0078015
2018-02-06,2.5,10.2,0.0,4.3,3.524,2798.1,132.8,93.2,0.7,0.4,12.0,1.034,1.509,2.5,2.1,0.8,0.3,0.004,0.002,0.008,0.4,3.9,0.352,0.002,-0.5,0.3,19761.0,0.0098805
2018-02-07,0.0,0.0,-0.5,3.7,3.123,2544.6,127.0,85.6,0.4,0.5,-0.4,1.038,1.512,3.2,0.3,0.7,1.6,0.004,0.008,0.009,0.3,1.2,0.36,0.001,-1.1,0.3,27244.0,0.013622
2018-02-08,0.0,0.0,0.8,1.3,2.775,2122.7,785.1,69.6,0.6,0.5,-0.6,1.017,1.552,2.0,0.0,0.1,0.3,0.0,0.002,0.002,0.0,0.3,0.353,0.006,-1.6,3.6,29454.0,0.014727
2018-02-09,2.5,0.9,0.3,3.1,3.373,2554.5,185.8,86.6,0.1,0.6,3.3,1.012,1.607,1.5,0.4,0.8,0.0,0.005,0.0,0.011,0.5,2.4,0.348,0.008,-2.4,2.4,29467.0,0.0147335
2018-02-10,0.0,2.2,3.4,3.4,3.67,2346.8,698.4,76.3,0.1,0.9,2.1,1.012,1.574,1.6,0.2,0.2,0.7,0.001,0.005,0.005,0.1,0.7,0.349,0.008,1.4,5.6,44469.0,0.0222345
2018-02-11,0.0,1.4,5.2,4.2,4.439,2440.7,601.3,81.0,0.6,1.0,0.8,1.014,1.54,2.1,0.5,0.0,0.0,0.0,0.0,0.0,0.0,0.0,0.357,0.0,3.5,7.8,27183.0,0.0135915
2018-02-12,0.1,0.5,3.6,2.8,3.496,2107.2,940.6,71.9,0.9,0.9,-0.3,0.991,1.537,1.6,0.0,0.0,0.0,0.0,0.0,0.0,0.0,0.1,0.353,0.002,1.5,6.4,56678.0,0.028339
2018-02-13,0.1,0.6,2.0,4.5,3.352,2328.6,408.3,77.4,0.4,1.0,0.3,0.978,1.56,1.3,0.1,0.0,0.0,0.0,0.0,0.0,0.0,0.1,0.351,0.001,0.1,4.0,36615.0,0.0183075
2018-02-14,0.0,6.1,3.3,4.2,4.287,2671.0,248.8,89.3,0.3,0.6,5.8,0.978,1.595,1.2,0.3,0.0,0.0,0.0,0.0,0.0,0.0,0.0,0.351,0.0,1.5,8.0,30276.0,0.015138
2018-02-15,0.0,3.9,8.8,2.5,6.158,3007.3,145.1,87.6,0.0,0.8,3.9,1.022,1.686,2.4,1.4,0.0,0.0,0.0,0.0,0.0,0.0,0.0,0.356,0.0,4.6,10.8,24013.0,0.0120065
2018-02-16,0.0,0.0,7.4,1.8,4.264,2344.5,673.0,67.5,0.5,1.0,-0.5,1.003,1.691,2.0,0.0,0.0,0.0,0.0,0.0,0.0,0.0,0.0,0.357,0.0,5.0,9.7,35360.0,0.01768
2018-02-17,0.0,0.0,6.6,1.7,4.259,2407.1,600.4,70.8,0.5,0.9,-0.5,0.984,1.657,1.5,0.0,0.0,0.0,0.0,0.0,0.0,0.0,0.0,0.353,0.0,5.5,8.0,24941.0,0.012470499999999999
2018-02-18,0.0,0.0,4.9,2.1,4.313,2391.5,812.9,80.8,0.9,0.8,-0.9,0.964,1.64,1.2,0.0,0.0,0.0,0.0,0.0,0.0,0.0,0.0,0.351,0.0,2.4,7.4,33798.0,0.016899
2018-02-19,0.0,3.1,4.5,2.1,4.593,2708.4,187.9,87.1,0.1,0.6,3.0,0.96,1.655,1.0,0.3,0.0,0.0,0.0,0.0,0.0,0.0,0.0,0.348,0.0,2.0,6.1,31346.0,0.015673
2018-02-20,0.0,0.1,5.5,2.5,4.615,2746.6,285.7,82.8,0.5,0.7,-0.4,0.963,1.664,1.1,0.2,0.0,0.0,0.0,0.0,0.0,0.0,0.0,0.35,0.0,4.5,6.3,27973.0,0.0139865
2018-02-21,0.0,0.0,3.1,4.3,3.382,2174.6,1157.4,71.7,1.7,1.1,-1.7,0.939,1.649,0.9,0.0,0.0,0.0,0.0,0.0,0.0,0.0,0.0,0.348,0.0,1.5,4.3,60808.0,0.030404
2018-02-22,0.0,0.0,2.3,4.4,2.794,1920.2,1359.9,63.2,1.7,1.4,-1.7,0.916,1.604,0.7,0.0,0.0,0.0,0.0,0.0,0.0,0.0,0.0,0.34,0.004,-0.2,4.4,54822.0,0.027411
2018-02-23,0.0,0.0,1.8,4.4,2.292,1944.6,1381.6,53.7,1.7,1.6,-1.7,0.894,1.563,0.6,0.0,0.0,0.0,0.0,0.0,0.0,0.0,0.0,0.334,0.007,-0.7,3.4,47339.0,0.0236695
2018-02-24,0.0,0.0,2.7,4.7,2.299,2015.5,1398.9,50.4,1.7,1.9,-1.7,0.871,1.491,0.6,0.0,0.0,0.0,0.0,0.0,0.0,0.0,0.0,0.332,0.006,-0.3,5.8,54339.0,0.0271695
2018-02-25,0.0,0.0,0.9,4.5,1.743,1820.3,1428.3,43.5,1.6,1.8,-1.6,0.85,1.329,0.5,0.0,0.0,0.0,0.0,0.0,0.0,0.0,0.0,0.329,0.006,-1.0,2.7,67408.0,0.033704
2018-02-26,0.0,0.0,-1.9,5.6,1.498,1690.1,1299.4,45.9,1.0,1.6,-1.0,0.833,1.151,0.5,0.0,0.0,0.0,0.0,0.0,0.0,0.0,0.0,0.321,0.011,-3.3,-0.6,75852.0,0.037926
2018-02-27,0.0,0.0,-3.5,3.6,1.703,1790.9,364.4,58.5,0.0,1.0,0.0,0.826,0.981,0.4,0.0,0.0,0.0,0.0,0.0,0.0,0.0,0.0,0.312,0.017,-4.9,-2.1,70480.0,0.03524
2018-02-28,1.1,0.0,-2.9,5.4,1.335,1773.6,986.9,43.7,0.5,1.5,0.6,0.819,0.828,0.4,0.0,0.2,0.0,0.001,0.0,0.0,0.1,0.0,0.3,0.029,-6.0,-0.8,29542.0,0.014771
2018-03-01,0.3,0.0,-0.3,4.6,2.539,2515.7,204.0,69.1,0.1,1.1,0.2,0.814,0.69,0.4,0.0,1.2,1.1,0.009,0.008,0.01,0.9,0.1,0.301,0.027,-3.6,2.8,24871.0,0.0124355
2018-03-02,0.0,1.1,4.7,2.5,3.945,2613.7,351.9,73.4,0.0,1.0,1.1,0.827,0.578,0.4,0.2,0.2,1.2,0.002,0.009,0.009,0.2,1.8,0.302,0.026,1.4,7.9,50038.0,0.025019
2018-03-03,0.0,0.3,6.6,2.6,4.38,2374.3,594.9,71.8,-0.1,1.1,0.4,0.829,0.487,0.3,0.0,0.0,0.0,0.0,0.0,0.0,0.0,0.0,0.313,0.017,3.6,10.1,55516.0,0.027758
2018-03-04,0.0,7.2,6.6,3.4,5.235,2745.1,270.5,86.7,0.1,0.8,7.1,0.872,0.44,0.4,0.8,0.0,0.0,0.0,0.0,0.0,0.0,0.0,0.325,0.005,5.1,7.9,33927.0,0.0169635
2018-03-05,0.0,0.0,9.5,2.4,5.22,2343.2,411.1,72.1,-0.1,1.2,0.1,0.886,0.422,0.4,0.0,0.0,0.0,0.0,0.0,0.0,0.0,0.0,0.337,0.001,5.8,12.0,40885.0,0.0204425
2018-03-06,0.0,4.0,8.6,3.0,5.28,2512.9,340.4,76.5,0.0,1.1,4.0,0.886,0.428,0.4,0.0,0.0,0.0,0.0,0.0,0.0,0.0,0.0,0.337,0.0,7.2,9.8,47943.0,0.0239715
2018-03-07,0.0,4.1,7.1,4.4,4.948,2592.8,546.6,79.3,0.8,1.3,3.3,0.934,0.502,0.8,1.1,0.0,0.0,0.0,0.0,0.0,0.0,0.0,0.342,0.0,5.5,9.4,54569.0,0.0272845
2018-03-08,0.0,3.9,7.5,4.5,5.193,2698.0,233.3,81.0,0.3,1.2,3.6,0.951,0.612,1.1,0.6,0.0,0.0,0.0,0.0,0.0,0.0,0.0,0.345,0.0,5.7,10.5,68476.0,0.034238
2018-03-09,0.0,1.1,10.7,2.1,6.325,2797.2,178.4,79.4,-0.1,1.0,1.2,0.951,0.738,1.2,0.2,0.0,0.0,0.0,0.0,0.0,0.0,0.0,0.347,0.0,6.7,13.3,37318.0,0.018659
2018-03-10,0.0,14.8,13.7,3.0,7.996,3057.8,453.7,81.7,0.4,1.4,14.4,0.983,0.918,1.6,1.2,0.0,0.0,0.0,0.0,0.0,0.0,0.0,0.347,0.0,11.9,16.2,33144.0,0.016572
2018-03-11,0.0,0.1,14.1,3.4,6.582,2776.4,965.2,67.2,1.5,2.2,-1.4,1.008,1.16,3.9,1.4,0.0,0.0,0.0,0.0,0.0,0.0,0.0,0.36,0.0,11.1,17.6,49095.0,0.0245475
2018-03-12,0.0,2.1,11.5,5.2,6.151,2534.9,280.4,73.5,0.3,1.6,1.8,0.987,1.312,1.8,0.1,0.0,0.0,0.0,0.0,0.0,0.0,0.0,0.353,0.0,11.4,12.4,43057.0,0.0215285
2018-03-13,0.0,0.2,10.4,3.6,5.61,2590.0,341.4,72.3,0.2,1.5,0.0,0.981,1.45,1.6,0.2,0.0,0.0,0.0,0.0,0.0,0.0,0.0,0.353,0.0,8.7,12.1,55814.0,0.027907
2018-03-14,0.0,4.8,10.2,3.9,4.752,2475.1,1173.7,64.2,1.9,2.1,2.9,0.96,1.489,1.2,0.0,0.0,0.0,0.0,0.0,0.0,0.0,0.0,0.351,0.0,3.1,14.1,68364.0,0.034182
2018-03-15,0.0,3.3,10.7,3.3,6.4,2742.2,349.4,80.2,0.1,1.4,3.2,0.997,1.58,1.9,1.2,0.0,0.0,0.0,0.0,0.0,0.0,0.0,0.352,0.0,9.5,12.4,43469.0,0.0217345
2018-03-16,0.0,0.1,9.9,2.9,5.632,2457.2,638.9,74.9,0.4,1.5,-0.3,0.98,1.67,1.6,0.0,0.0,0.0,0.0,0.0,0.0,0.0,0.0,0.353,0.0,7.9,12.3,54852.0,0.027426
2018-03-17,2.7,10.5,4.3,2.6,4.535,2806.4,288.1,87.7,1.3,0.8,11.9,1.009,1.743,1.9,1.8,0.0,0.0,0.0,0.0,0.0,0.0,2.3,0.351,0.0,1.0,7.4,45486.0,0.022743
2018-03-18,2.0,0.0,0.5,3.0,3.234,2623.6,304.7,82.5,0.9,0.8,1.1,1.02,1.814,3.1,0.4,0.3,0.3,0.002,0.002,0.004,0.2,1.0,0.36,0.0,-0.6,1.7,40909.0,0.0204545
2018-03-19,0.0,0.0,0.9,3.5,3.142,2406.9,384.3,78.3,0.5,0.9,-0.5,1.007,1.879,2.0,0.3,0.3,1.3,0.002,0.009,0.009,0.2,1.2,0.356,0.0,-0.7,2.1,46657.0,0.023328500000000002
2018-03-20,0.0,0.0,3.5,5.2,3.186,2065.2,731.9,64.4,0.5,1.6,-0.5,0.988,1.902,1.5,0.0,0.0,0.0,0.0,0.0,0.0,0.0,0.0,0.349,0.005,-0.7,7.4,55989.0,0.0279945
2018-03-21,0.0,0.0,4.9,3.3,3.494,2127.7,1270.2,66.2,1.5,1.7,-1.5,0.965,1.915,1.2,0.0,0.0,0.0,0.0,0.0,0.0,0.0,0.0,0.348,0.003,1.4,7.5,83400.0,0.0417
2018-03-22,0.0,0.0,6.3,3.1,4.133,2535.1,234.5,69.6,0.1,1.2,-0.1,0.95,1.897,1.0,0.0,0.0,0.0,0.0,0.0,0.0,0.0,0.0,0.347,0.001,3.8,8.2,73035.0,0.0365175
2018-03-23,0.0,0.0,6.5,3.7,4.497,2620.3,396.5,74.6,0.4,1.3,-0.4,0.938,1.846,0.9,0.0,0.0,0.0,0.0,0.0,0.0,0.0,0.0,0.347,0.0,5.7,7.0,51960.0,0.02598
2018-03-24,0.0,0.0,10.1,2.0,4.943,2467.0,1007.1,65.1,0.9,1.8,-0.9,0.923,1.764,0.8,0.0,0.0,0.0,0.0,0.0,0.0,0.0,0.0,0.345,0.0,6.7,12.8,48265.0,0.0241325
2018-03-25,0.0,0.1,11.4,2.6,4.918,2607.5,397.4,59.8,0.2,2.0,-0.1,0.912,1.669,0.7,0.0,0.0,0.0,0.0,0.0,0.0,0.0,0.0,0.342,0.0,8.1,14.4,52726.0,0.026363
2018-03-26,0.0,0.9,10.8,2.8,4.307,2310.2,1299.9,54.9,1.8,2.4,-0.9,0.894,1.602,0.6,0.0,0.0,0.0,0.0,0.0,0.0,0.0,0.0,0.341,0.0,7.5,13.6,51231.0,0.0256155
2018-03-27,0.0,7.0,9.6,3.4,5.995,2833.6,326.0,81.0,0.5,1.3,6.5,0.924,1.563,0.7,0.7,0.0,0.0,0.0,0.0,0.0,0.0,0.0,0.339,0.0,7.6,12.0,31653.0,0.0158265
2018-03-28,0.0,8.6,9.6,4.0,5.821,2707.5,418.7,77.7,0.6,1.5,8.0,0.99,1.575,1.7,1.6,0.0,0.0,0.0,0.0,0.0,0.0,0.0,0.346,0.0,7.7,14.0,43402.0,0.021701
2018-03-29,0.0,2.6,8.0,3.8,4.636,2490.3,1281.3,70.9,2.2,2.3,0.4,0.969,1.594,1.4,0.1,0.0,0.0,0.0,0.0,0.0,0.0,0.0,0.353,0.0,4.8,12.1,63397.0,0.0316985
2018-03-30,0.0,0.1,8.6,2.9,5.099,2465.3,392.0,73.8,0.2,1.3,-0.1,0.968,1.615,1.2,0.3,0.0,0.0,0.0,0.0,0.0,0.0,0.0,0.351,0.0,6.8,10.4,54539.0,0.027269500000000002
2018-03-31,0.0,0.0,8.4,2.9,4.92,2342.6,527.6,72.3,0.2,1.4,-0.2,0.955,1.634,1.1,0.0,0.0,0.0,0.0,0.0,0.0,0.0,0.0,0.349,0.0,5.8,10.4,61654.0,0.030827
2018-04-01,0.0,0.2,9.4,2.9,4.648,2474.6,518.8,64.4,0.3,1.6,-0.1,0.945,1.647,1.0,0.0,0.0,0.0,0.0,0.0,0.0,0.0,0.0,0.347,0.0,7.3,11.2,74783.0,0.0373915
2018-04-02,0.0,0.7,12.0,2.7,5.209,2553.0,545.1,59.5,0.2,2.0,0.5,0.934,1.646,0.9,0.0,0.0,0.0,0.0,0.0,0.0,0.0,0.0,0.346,0.0,8.4,14.3,43924.0,0.021962
2018-04-03,0.0,6.5,12.0,3.8,6.607,2677.2,504.4,76.1,0.3,1.7,6.2,0.953,1.652,1.0,0.5,0.0,0.0,0.0,0.0,0.0,0.0,0.0,0.345,0.0,11.4,14.5,47437.0,0.0237185
2018-04-04,0.0,1.1,11.6,3.9,6.456,2730.8,931.9,76.8,1.5,2.1,-0.4,0.964,1.678,1.4,0.6,0.0,0.0,0.0,0.0,0.0,0.0,0.0,0.351,0.0,9.1,14.1,52730.0,0.026365
2018-04-05,0.0,0.2,9.6,2.6,4.61,2392.3,768.7,62.6,0.8,1.7,-0.6,0.946,1.708,1.1,0.0,0.0,0.0,0.0,0.0,0.0,0.0,0.0,0.348,0.0,8.2,10.5,80701.0,0.0403505
2018-04-06,0.0,0.0,13.5,3.9,5.24,2416.2,1973.5,54.9,3.2,3.6,-3.2,0.914,1.691,0.8,0.0,0.0,0.0,0.0,0.0,0.0,0.0,0.0,0.346,0.0,7.2,18.9,92508.0,0.046254
2018-04-07,0.0,0.3,16.4,2.4,7.288,2614.4,982.9,62.1,0.6,2.4,-0.3,0.895,1.651,0.6,0.0,0.0,0.0,0.0,0.0,0.0,0.0,0.0,0.34,0.0,12.5,19.8,51143.0,0.0255715
2018-04-08,0.0,0.0,16.8,2.5,6.85,2691.0,751.9,60.0,0.6,2.7,-0.6,0.886,1.616,0.6,0.0,0.0,0.0,0.0,0.0,0.0,0.0,0.0,0.339,0.0,12.1,21.8,34182.0,0.017091
2018-04-09,0.0,8.8,13.5,2.0,7.88,2967.3,480.1,82.3,0.6,1.4,8.2,0.909,1.599,0.6,0.8,0.0,0.0,0.0,0.0,0.0,0.0,0.0,0.337,0.0,12.4,14.2,40596.0,0.020298
2018-04-10,0.0,0.4,13.6,3.7,6.512,2714.1,938.7,68.4,1.5,2.4,-1.1,0.932,1.611,0.9,0.3,0.0,0.0,0.0,0.0,0.0,0.0,0.0,0.346,0.0,11.4,16.2,52109.0,0.0260545
2018-04-11,0.0,0.0,14.5,2.6,5.632,2421.7,1705.4,56.5,2.6,3.2,-2.6,0.902,1.599,0.7,0.0,0.0,0.0,0.0,0.0,0.0,0.0,0.0,0.343,0.0,9.3,18.1,41022.0,0.020511
2018-04-12,0.0,3.6,12.4,2.0,6.993,2835.0,405.8,78.3,0.2,1.3,3.4,0.897,1.579,0.6,0.2,0.0,0.0,0.0,0.0,0.0,0.0,0.0,0.339,0.0,10.2,14.9,48842.0,0.024420999999999998
2018-04-13,0.0,0.0,13.6,2.1,7.096,3009.9,1061.1,74.6,1.8,2.0,-1.8,0.9,1.542,0.7,0.2,0.0,0.0,0.0,0.0,0.0,0.0,0.0,0.342,0.0,10.2,17.3,59186.0,0.029593
2018-04-14,0.0,0.1,13.6,2.2,7.274,2748.2,1089.9,75.4,1.4,2.0,-1.3,0.879,1.507,0.5,0.0,0.0,0.0,0.0,0.0,0.0,0.0,0.0,0.339,0.0,10.8,16.3,53041.0,0.0265205
2018-04-15,0.0,0.0,14.4,2.6,7.019,2559.4,1375.1,69.9,2.0,2.5,-2.0,0.857,1.458,0.5,0.0,0.0,0.0,0.0,0.0,0.0,0.0,0.0,0.336,0.0,10.9,17.6,71936.0,0.035968
2018-04-16,0.0,0.0,13.5,1.6,5.826,2526.5,1647.9,61.6,2.5,2.7,-2.5,0.831,1.422,0.4,0.0,0.0,0.0,0.0,0.0,0.0,0.0,0.0,0.333,0.0,10.2,16.3,69231.0,0.0346155
2018-04-17,0.0,0.0,16.3,2.1,6.355,2732.9,2217.6,56.6,3.1,3.7,-3.1,0.798,1.395,0.4,0.0,0.0,0.0,0.0,0.0,0.0,0.0,0.0,0.329,0.0,10.6,21.3,101240.0,0.05062
2018-04-18,0.0,0.0,20.1,2.4,6.959,2851.6,2091.1,50.1,2.7,4.4,-2.7,0.768,1.362,0.3,0.0,0.0,0.0,0.0,0.0,0.0,0.0,0.0,0.324,0.0,12.5,25.7,99421.0,0.0497105
2018-04-19,0.0,0.0,22.1,1.8,7.99,2984.0,2412.2,49.4,2.6,4.6,-2.6,0.739,1.313,0.3,0.0,0.0,0.0,0.0,0.0,0.0,0.0,0.0,0.319,0.0,15.6,26.8,98521.0,0.0492605
2018-04-20,0.0,0.0,23.0,1.7,8.341,3038.3,2212.6,49.8,2.4,4.5,-2.4,0.713,1.231,0.3,0.0,0.0,0.0,0.0,0.0,0.0,0.0,0.0,0.315,0.0,17.2,28.5,98509.0,0.0492545
2018-04-21,0.0,3.1,22.7,1.9,7.803,2885.1,2031.1,47.4,2.0,4.4,1.1,0.694,1.142,0.3,0.0,0.0,0.0,0.0,0.0,0.0,0.0,0.0,0.312,0.0,17.6,27.2,98461.0,0.049230499999999996
2018-04-22,0.0,0.1,21.8,2.7,9.092,2904.6,1442.0,58.2,2.2,3.9,-2.1,0.696,1.041,0.2,0.2,0.0,0.0,0.0,0.0,0.0,0.0,0.0,0.312,0.0,15.8,26.2,83807.0,0.041903499999999996
2018-04-23,0.0,0.0,16.4,3.0,6.947,2811.5,1016.3,60.4,1.2,2.8,-1.2,0.681,0.921,0.2,0.0,0.0,0.0,0.0,0.0,0.0,0.0,0.0,0.309,0.0,14.1,18.3,59561.0,0.0297805
2018-04-24,0.0,0.0,16.4,2.9,6.87,2576.6,1803.3,60.2,1.5,3.6,-1.5,0.665,0.829,0.2,0.0,0.0,0.0,0.0,0.0,0.0,0.0,0.0,0.307,0.0,11.2,20.6,91763.0,0.0458815
2018-04-25,0.0,0.4,14.4,4.0,6.835,2717.9,1383.7,67.2,1.2,2.8,-0.8,0.655,0.75,0.2,0.0,0.0,0.0,0.0,0.0,0.0,0.0,0.0,0.305,0.0,13.6,15.7,65172.0,0.032586
2018-04-26,0.0,0.0,12.6,2.9,4.888,2371.9,1665.6,55.2,1.3,3.2,-1.3,0.641,0.662,0.2,0.0,0.0,0.0,0.0,0.0,0.0,0.0,0.0,0.304,0.0,9.1,15.4,92707.0,0.0463535
2018-04-27,0.0,0.0,14.7,4.2,5.379,2571.7,1630.6,52.7,1.3,4.0,-1.3,0.628,0.582,0.2,0.0,0.0,0.0,0.0,0.0,0.0,0.0,0.0,0.302,0.0,10.5,18.9,83938.0,0.041969
2018-04-28,0.0,0.9,13.9,2.9,5.955,2464.8,948.5,61.3,0.5,2.6,0.4,0.621,0.522,0.1,0.0,0.0,0.0,0.0,0.0,0.0,0.0,0.0,0.3,0.0,11.6,15.7,58785.0,0.0293925
2018-04-29,0.0,16.9,11.2,2.6,7.204,3088.7,461.9,87.2,1.2,1.3,15.7,0.677,0.492,0.1,0.7,0.0,0.0,0.0,0.0,0.0,0.0,0.0,0.3,0.0,10.2,12.1,38532.0,0.019266
2018-04-30,0.0,6.8,6.7,5.5,5.385,2922.7,548.8,88.2,2.0,1.0,4.8,0.79,0.516,0.2,1.2,0.0,0.0,0.0,0.0,0.0,0.0,0.0,0.32,0.0,5.9,7.0,58867.0,0.0294335
2018-05-01,0.0,2.2,9.5,2.7,4.882,2499.6,1176.1,68.0,1.8,2.3,0.4,0.803,0.556,0.3,0.3,0.0,0.0,0.0,0.0,0.0,0.0,0.0,0.325,0.0,5.7,12.8,70738.0,0.035369
2018-05-02,0.0,0.2,12.2,3.7,5.369,2521.3,1876.4,61.6,3.3,3.5,-3.1,0.775,0.586,0.3,0.0,0.0,0.0,0.0,0.0,0.0,0.0,0.0,0.325,0.0,7.5,16.6,80019.0,0.0400095
2018-05-03,0.0,0.0,12.8,3.2,5.687,2568.5,2152.1,63.9,3.6,3.6,-3.6,0.74,0.612,0.2,0.0,0.0,0.0,0.0,0.0,0.0,0.0,0.0,0.32,0.0,8.8,17.3,62457.0,0.0312285
2018-05-04,0.0,0.0,14.2,3.6,5.815,2587.6,2871.1,59.2,3.3,4.7,-3.3,0.706,0.636,0.1,0.0,0.0,0.0,0.0,0.0,0.0,0.0,0.0,0.315,0.0,9.2,19.1,81041.0,0.0405205
2018-05-05,0.0,0.0,17.8,3.3,7.749,2770.7,2891.4,61.9,2.7,5.1,-2.7,0.677,0.666,0.1,0.0,0.0,0.0,0.0,0.0,0.0,0.0,0.0,0.31,0.0,11.4,22.8,84995.0,0.0424975
2018-05-06,0.0,0.0,20.9,2.7,9.351,2981.0,2884.9,62.0,2.6,5.5,-2.6,0.651,0.671,0.1,0.0,0.0,0.0,0.0,0.0,0.0,0.0,0.0,0.306,0.0,14.4,26.9,93580.0,0.04679
2018-05-07,0.0,0.0,21.2,2.7,8.257,2954.6,2825.6,55.1,2.6,5.8,-2.6,0.625,0.691,0.1,0.0,0.0,0.0,0.0,0.0,0.0,0.0,0.0,0.303,0.0,16.4,26.9,90037.0,0.0450185
2018-05-08,0.0,0.0,20.9,3.0,8.363,2959.9,2676.5,56.7,2.2,5.7,-2.2,0.602,0.7,0.1,0.0,0.0,0.0,0.0,0.0,0.0,0.0,0.0,0.299,0.0,15.6,27.5,73645.0,0.0368225
2018-05-09,0.0,0.0,17.6,3.7,7.889,2907.5,2295.6,63.5,1.4,4.4,-1.4,0.586,0.672,0.1,0.0,0.0,0.0,0.0,0.0,0.0,0.0,0.0,0.296,0.0,13.5,22.0,69165.0,0.0345825
2018-05-10,0.0,0.0,14.0,3.3,5.674,2751.9,1566.4,57.9,1.2,3.4,-1.2,0.573,0.573,0.1,0.0,0.0,0.0,0.0,0.0,0.0,0.0,0.0,0.293,0.0,12.3,16.8,74291.0,0.0371455
2018-05-11,0.0,0.0,16.3,2.4,6.194,2633.3,2410.4,55.8,1.5,4.2,-1.5,0.557,0.434,0.1,0.0,0.0,0.0,0.0,0.0,0.0,0.0,0.0,0.292,0.0,9.2,21.0,101718.0,0.050859
2018-05-12,0.0,3.7,15.3,3.0,7.336,2715.4,1191.1,68.4,0.7,3.0,3.0,0.553,0.237,0.1,0.0,0.0,0.0,0.0,0.0,0.0,0.0,0.0,0.289,0.0,11.4,21.6,48901.0,0.0244505
2018-05-13,0.0,0.6,11.8,3.1,6.32,2786.2,542.3,74.0,0.8,1.7,-0.2,0.579,0.07,0.1,0.2,0.0,0.0,0.0,0.0,0.0,0.0,0.0,0.293,0.0,9.9,13.5,52744.0,0.026372
2018-05-14,0.0,5.6,12.9,4.8,7.404,3017.8,470.5,79.6,0.7,1.9,4.9,0.596,-0.04,0.1,0.3,0.0,0.0,0.0,0.0,0.0,0.0,0.0,0.293,0.0,11.0,14.0,39305.0,0.0196525
2018-05-15,0.0,0.0,15.9,3.9,8.743,3056.5,1273.5,78.3,1.9,2.7,-1.9,0.608,-0.099,0.1,0.0,0.0,0.0,0.0,0.0,0.0,0.0,0.0,0.299,0.0,12.4,19.7,65372.0,0.032686
2018-05-16,0.0,0.0,16.4,4.5,7.698,2696.7,2201.4,67.2,2.2,4.3,-2.2,0.586,-0.137,0.1,0.0,0.0,0.0,0.0,0.0,0.0,0.0,0.0,0.296,0.0,13.3,20.9,75530.0,0.037765
2018-05-17,0.0,0.0,14.6,4.7,5.964,2615.5,2176.8,59.1,2.0,4.3,-2.0,0.566,-0.158,0.1,0.0,0.0,0.0,0.0,0.0,0.0,0.0,0.0,0.293,0.0,11.1,18.2,73546.0,0.036773
2018-05-18,0.0,0.0,13.8,3.2,5.265,2382.7,2575.7,55.6,1.8,4.4,-1.8,0.548,-0.158,0.1,0.0,0.0,0.0,0.0,0.0,0.0,0.0,0.0,0.29,0.0,8.7,18.0,98283.0,0.0491415
2018-05-19,0.0,0.0,14.4,3.4,6.059,2478.5,3029.6,60.5,1.7,4.9,-1.7,0.531,-0.165,0.1,0.0,0.0,0.0,0.0,0.0,0.0,0.0,0.0,0.288,0.0,9.6,18.8,98510.0,0.049255
2018-05-20,0.0,0.0,16.7,2.9,7.25,2818.0,2651.4,63.1,1.5,4.6,-1.5,0.515,-0.201,0.1,0.0,0.0,0.0,0.0,0.0,0.0,0.0,0.0,0.285,0.0,9.7,22.2,97926.0,0.048963
2018-05-21,0.0,2.2,19.1,1.2,8.645,2870.3,2193.8,63.9,1.5,3.9,0.7,0.506,-0.237,0.1,0.0,0.0,0.0,0.0,0.0,0.0,0.0,0.0,0.283,0.0,14.8,23.3,85568.0,0.042784
2018-05-22,0.0,18.3,18.5,1.7,9.027,3054.7,2029.1,69.7,2.6,4.1,15.7,0.543,-0.233,0.1,0.5,0.0,0.0,0.0,0.0,0.0,0.0,0.0,0.284,0.0,16.2,24.4,79481.0,0.0397405
2018-05-23,0.0,0.0,17.6,2.6,9.112,3065.0,1471.8,73.5,2.8,3.2,-2.8,0.636,-0.183,0.1,0.7,0.0,0.0,0.0,0.0,0.0,0.0,0.0,0.304,0.0,13.5,21.3,84751.0,0.042375499999999997
2018-05-24,0.0,0.0,20.1,1.5,9.731,3052.9,1824.3,67.6,3.1,3.6,-3.1,0.606,-0.156,0.1,0.0,0.0,0.0,0.0,0.0,0.0,0.0,0.0,0.3,0.0,15.9,24.1,85273.0,0.0426365
2018-05-25,0.0,16.1,20.6,2.0,10.128,2981.4,1770.4,68.5,2.9,3.9,13.2,0.614,-0.121,0.1,0.6,0.0,0.0,0.0,0.0,0.0,0.0,0.0,0.296,0.0,16.8,26.1,73610.0,0.036805
2018-05-26,0.0,0.0,23.2,3.1,11.366,3117.1,1577.3,65.9,2.7,4.2,-2.7,0.688,-0.017,0.3,0.9,0.0,0.0,0.0,0.0,0.0,0.0,0.0,0.312,0.0,16.8,27.8,74003.0,0.0370015
2018-05-27,0.0,0.0,23.8,1.3,10.653,2912.2,1864.3,59.1,3.1,4.1,-3.1,0.657,0.075,0.2,0.0,0.0,0.0,0.0,0.0,0.0,0.0,0.0,0.308,0.0,19.9,27.5,64597.0,0.0322985
2018-05-28,0.0,21.8,22.6,1.4,11.086,3089.1,843.6,66.0,1.0,2.7,20.8,0.683,0.212,0.1,0.9,0.0,0.0,0.0,0.0,0.0,0.0,0.0,0.303,0.0,20.8,27.4,44482.0,0.022241
2018-05-29,0.0,33.0,19.6,1.1,11.828,3231.5,1051.3,83.5,1.9,2.3,31.1,0.836,0.483,3.7,5.4,0.0,0.0,0.0,0.0,0.0,0.0,0.0,0.327,0.0,17.7,23.6,65951.0,0.0329755
2018-05-30,0.0,0.1,21.4,2.0,11.237,3191.4,1898.0,72.4,3.7,3.9,-3.6,0.88,0.768,11.4,4.6,0.0,0.0,0.0,0.0,0.0,0.0,0.0,0.344,0.0,17.1,25.8,60179.0,0.030089499999999998
2018-05-31,0.0,0.0,21.6,2.3,11.222,2938.4,1751.2,70.4,3.1,3.8,-3.1,0.834,1.004,1.0,0.0,0.0,0.0,0.0,0.0,0.0,0.0,0.0,0.334,0.0,19.1,23.9,65142.0,0.032571
2018-06-01,0.0,3.0,19.2,1.8,10.81,3130.9,740.4,78.5,1.2,2.1,1.8,0.824,1.19,0.5,0.3,0.0,0.0,0.0,0.0,0.0,0.0,0.0,0.329,0.0,18.1,21.6,82572.0,0.041286
2018-06-02,0.0,0.0,20.2,1.5,9.793,3095.7,1271.4,67.4,2.3,2.9,-2.3,0.815,1.307,0.5,0.1,0.0,0.0,0.0,0.0,0.0,0.0,0.0,0.33,0.0,17.2,23.3,90264.0,0.045132
2018-06-03,0.0,0.0,22.0,2.5,10.106,2839.2,1874.6,62.6,3.2,4.4,-3.2,0.782,1.397,0.3,0.0,0.0,0.0,0.0,0.0,0.0,0.0,0.0,0.326,0.0,18.1,25.6,70373.0,0.0351865
2018-06-04,0.0,5.2,22.2,2.9,11.451,3029.8,1440.7,69.1,2.5,3.7,2.7,0.763,1.462,0.2,0.0,0.0,0.0,0.0,0.0,0.0,0.0,0.0,0.321,0.0,18.8,25.4,68107.0,0.0340535
2018-06-05,0.0,15.2,18.9,3.3,11.386,3307.2,791.9,84.1,1.9,2.1,13.3,0.821,1.523,0.3,1.0,0.0,0.0,0.0,0.0,0.0,0.0,0.0,0.324,0.0,16.5,22.5,59280.0,0.02964
2018-06-06,0.0,3.5,18.6,1.8,11.471,3486.8,1126.7,85.6,2.6,2.3,0.9,0.893,1.585,1.8,2.1,0.0,0.0,0.0,0.0,0.0,0.0,0.0,0.339,0.0,15.0,20.8,60475.0,0.0302375
2018-06-07,0.0,0.0,21.5,2.2,10.965,3193.3,1458.8,70.0,2.9,3.4,-2.9,0.857,1.617,0.9,0.0,0.0,0.0,0.0,0.0,0.0,0.0,0.0,0.337,0.0,18.1,24.5,68956.0,0.034478
2018-06-08,0.0,0.0,22.0,2.4,11.69,3028.0,1547.5,71.3,2.7,3.5,-2.7,0.826,1.621,0.4,0.0,0.0,0.0,0.0,0.0,0.0,0.0,0.0,0.332,0.0,19.9,24.4,87298.0,0.043649
2018-06-09,0.0,0.2,20.7,2.6,11.756,3161.8,1494.5,77.5,2.6,3.2,-2.4,0.797,1.619,0.3,0.0,0.0,0.0,0.0,0.0,0.0,0.0,0.0,0.328,0.0,16.3,23.8,83015.0,0.0415075
2018-06-10,0.0,2.5,20.4,1.9,12.028,3355.6,1399.6,80.9,2.6,2.9,-0.1,0.773,1.605,0.2,0.0,0.0,0.0,0.0,0.0,0.0,0.0,0.0,0.324,0.0,17.2,23.3,67949.0,0.0339745
2018-06-11,0.0,58.2,19.0,1.9,12.341,3602.9,612.6,90.2,2.2,1.5,56.0,0.974,1.632,6.7,9.0,0.0,0.0,0.0,0.0,0.0,0.0,0.0,0.323,0.0,18.2,20.0,47401.0,0.0237005
2018-06-12,0.0,0.5,16.8,4.3,9.81,3220.2,866.0,82.6,2.6,2.3,-2.1,1.038,1.68,10.8,3.5,0.0,0.0,0.0,0.0,0.0,0.0,0.0,0.367,0.0,16.0,19.5,66520.0,0.03326
2018-06-13,0.0,0.0,15.5,3.0,7.601,2866.4,1121.6,69.9,2.0,2.7,-2.0,0.991,1.75,1.6,0.0,0.0,0.0,0.0,0.0,0.0,0.0,0.0,0.356,0.0,12.9,18.1,79254.0,0.039627
2018-06-14,0.0,0.1,17.3,2.5,8.897,2919.7,1126.1,72.6,1.6,2.6,-1.5,0.964,1.853,1.0,0.0,0.0,0.0,0.0,0.0,0.0,0.0,0.0,0.352,0.0,13.6,19.5,88584.0,0.044292
2018-06-15,0.0,0.0,19.6,2.0,8.559,2973.6,1839.8,61.4,3.5,3.9,-3.5,0.929,1.938,0.8,0.0,0.0,0.0,0.0,0.0,0.0,0.0,0.0,0.348,0.0,16.2,23.5,74476.0,0.037238
2018-06-16,0.0,0.0,18.9,2.2,7.386,2779.4,1576.0,54.6,2.8,3.7,-2.8,0.894,1.972,0.7,0.0,0.0,0.0,0.0,0.0,0.0,0.0,0.0,0.342,0.0,15.5,21.4,85235.0,0.0426175
2018-06-17,0.0,0.0,18.3,2.8,7.624,2879.7,1123.5,58.3,1.8,3.3,-1.8,0.867,1.981,0.6,0.0,0.0,0.0,0.0,0.0,0.0,0.0,0.0,0.337,0.0,15.3,20.8,81283.0,0.0406415
2018-06-18,0.0,0.3,20.6,3.1,10.098,3132.7,1310.9,67.4,2.2,3.3,-1.9,0.844,1.975,0.5,0.0,0.0,0.0,0.0,0.0,0.0,0.0,0.0,0.334,0.0,17.8,23.5,78265.0,0.0391325
2018-06-19,0.0,0.0,21.1,1.9,10.913,3345.6,901.3,70.4,1.4,2.6,-1.4,0.824,1.977,0.5,0.0,0.0,0.0,0.0,0.0,0.0,0.0,0.0,0.33,0.0,18.0,25.2,97823.0,0.0489115
2018-06-20,0.0,0.0,24.0,1.3,11.437,3105.2,2756.4,62.9,2.8,5.4,-2.8,0.794,1.968,0.5,0.0,0.0,0.0,0.0,0.0,0.0,0.0,0.0,0.328,0.0,19.3,28.4,105332.0,0.052666
2018-06-21,0.0,0.0,18.3,4.4,7.677,2818.9,2031.5,58.4,2.2,4.6,-2.2,0.768,1.853,0.4,0.0,0.0,0.0,0.0,0.0,0.0,0.0,0.0,0.323,0.0,17.0,21.0,95950.0,0.047975
2018-06-22,0.0,0.0,17.1,3.7,5.601,2577.1,2285.2,46.5,1.9,5.0,-1.9,0.744,1.733,0.4,0.0,0.0,0.0,0.0,0.0,0.0,0.0,0.0,0.319,0.0,12.5,20.7,111543.0,0.0557715
2018-06-23,0.0,0.0,17.8,3.4,6.081,2554.6,2619.0,48.9,1.9,5.4,-1.9,0.722,1.641,0.3,0.0,0.0,0.0,0.0,0.0,0.0,0.0,0.0,0.316,0.0,12.8,21.9,112063.0,0.0560315
2018-06-24,0.0,0.0,19.3,3.2,7.079,2626.0,1999.3,51.4,1.5,4.8,-1.5,0.704,1.529,0.3,0.0,0.0,0.0,0.0,0.0,0.0,0.0,0.0,0.313,0.0,15.7,22.6,100809.0,0.0504045
2018-06-25,0.0,0.0,20.3,4.0,8.442,2932.1,2722.2,57.5,1.8,5.7,-1.8,0.685,1.422,0.3,0.0,0.0,0.0,0.0,0.0,0.0,0.0,0.0,0.311,0.0,15.5,24.2,109790.0,0.054895
2018-06-26,0.0,0.0,22.2,3.2,8.33,2923.7,3029.4,51.2,2.1,6.4,-2.1,0.663,1.336,0.3,0.0,0.0,0.0,0.0,0.0,0.0,0.0,0.0,0.308,0.0,17.4,26.6,109763.0,0.0548815
2018-06-27,0.0,0.0,23.4,3.8,9.656,2996.4,3295.8,54.5,2.0,7.1,-2.0,0.642,1.287,0.2,0.0,0.0,0.0,0.0,0.0,0.0,0.0,0.0,0.304,0.0,17.6,28.2,105131.0,0.0525655
2018-06-28,0.0,0.0,23.5,4.3,8.529,2905.8,3043.1,49.0,2.0,7.1,-2.0,0.62,1.261,0.2,0.0,0.0,0.0,0.0,0.0,0.0,0.0,0.0,0.301,0.0,18.5,27.4,99289.0,0.0496445
2018-06-29,0.0,0.0,24.6,4.4,9.655,2976.8,1988.5,50.8,1.3,6.1,-1.3,0.605,1.233,0.2,0.0,0.0,0.0,0.0,0.0,0.0,0.0,0.0,0.298,0.0,19.4,28.9,100028.0,0.050014
2018-06-30,0.0,0.0,25.9,3.1,11.047,3198.8,2543.6,53.9,1.7,6.3,-1.7,0.588,1.197,0.2,0.0,0.0,0.0,0.0,0.0,0.0,0.0,0.0,0.296,0.0,19.7,30.9,105983.0,0.0529915
2018-07-01,0.0,0.0,27.6,2.7,10.383,3151.5,2610.3,46.0,1.7,6.7,-1.7,0.57,1.146,0.2,0.0,0.0,0.0,0.0,0.0,0.0,0.0,0.0,0.294,0.0,22.7,32.7,102268.0,0.051134
2018-07-02,0.0,0.0,25.2,2.3,9.489,3065.8,1573.9,47.4,1.0,4.6,-1.0,0.558,1.073,0.1,0.0,0.0,0.0,0.0,0.0,0.0,0.0,0.0,0.291,0.0,21.4,28.8,91548.0,0.045774
2018-07-03,0.0,0.0,25.6,2.1,11.697,3087.7,2365.6,58.4,1.4,5.4,-1.4,0.544,1.024,0.1,0.0,0.0,0.0,0.0,0.0,0.0,0.0,0.0,0.289,0.0,21.5,29.8,88474.0,0.044237
2018-07-04,0.0,0.0,25.4,1.7,11.274,3074.5,1799.3,57.0,1.1,4.4,-1.1,0.532,0.987,0.1,0.0,0.0,0.0,0.0,0.0,0.0,0.0,0.0,0.287,0.0,21.7,29.5,84516.0,0.042258000000000004
2018-07-05,0.0,0.2,22.5,1.7,10.889,2971.2,1747.9,64.3,1.0,3.8,-0.8,0.522,0.93,0.1,0.0,0.0,0.0,0.0,0.0,0.0,0.0,0.0,0.286,0.0,20.5,25.3,77219.0,0.0386095
2018-07-06,0.0,0.0,24.3,1.8,9.425,2926.4,2608.8,51.0,1.6,5.6,-1.6,0.507,0.838,0.1,0.0,0.0,0.0,0.0,0.0,0.0,0.0,0.0,0.284,0.0,19.2,28.7,86271.0,0.0431355
2018-07-07,0.0,0.0,25.7,1.8,9.775,3050.9,2586.8,48.8,1.4,5.7,-1.4,0.492,0.731,0.1,0.0,0.0,0.0,0.0,0.0,0.0,0.0,0.0,0.282,0.0,21.6,30.0,104840.0,0.05242
2018-07-08,0.0,0.0,25.6,2.3,9.446,3062.6,2286.7,47.0,1.3,5.7,-1.3,0.478,0.616,0.1,0.0,0.0,0.0,0.0,0.0,0.0,0.0,0.0,0.28,0.0,22.1,29.8,106648.0,0.053323999999999996
2018-07-09,0.0,0.0,23.1,4.4,8.693,2967.5,2349.9,50.0,1.2,6.2,-1.2,0.466,0.511,0.1,0.0,0.0,0.0,0.0,0.0,0.0,0.0,0.0,0.278,0.0,18.8,26.7,103811.0,0.0519055
2018-07-10,0.0,0.0,19.9,4.6,8.123,3030.2,1577.5,57.0,0.8,4.6,-0.8,0.456,0.417,0.1,0.0,0.0,0.0,0.0,0.0,0.0,0.0,0.0,0.276,0.0,17.8,22.3,101131.0,0.0505655
2018-07-11,0.0,0.0,19.0,3.7,8.801,3043.4,1450.1,65.0,0.6,3.7,-0.6,0.45,0.339,0.1,0.0,0.0,0.0,0.0,0.0,0.0,0.0,0.0,0.275,0.0,16.4,21.7,100886.0,0.050443
2018-07-12,0.0,0.0,21.2,2.4,8.964,2982.3,2203.6,58.3,1.1,4.7,-1.1,0.439,0.279,0.1,0.0,0.0,0.0,0.0,0.0,0.0,0.0,0.0,0.274,0.0,16.3,24.6,99409.0,0.0497045
2018-07-13,0.0,0.1,23.3,2.3,10.094,3041.9,1923.8,57.5,1.0,4.6,-0.9,0.43,0.232,0.1,0.0,0.0,0.0,0.0,0.0,0.0,0.0,0.0,0.272,0.0,19.1,27.4,98839.0,0.0494195
2018-07-14,0.0,0.6,24.9,2.1,9.693,3048.1,2304.2,51.0,1.2,5.3,-0.6,0.419,0.195,0.1,0.0,0.0,0.0,0.0,0.0,0.0,0.0,0.0,0.271,0.0,19.4,28.9,93809.0,0.0469045
2018-07-15,0.0,0.0,25.9,1.8,9.778,3088.3,1974.9,49.0,1.4,4.8,-1.4,0.41,0.163,0.1,0.0,0.0,0.0,0.0,0.0,0.0,0.0,0.0,0.27,0.0,20.5,30.0,96329.0,0.0481645
2018-07-16,0.0,0.5,25.4,2.4,8.878,3060.1,1581.3,44.9,0.8,4.7,-0.3,0.401,0.135,0.0,0.0,0.0,0.0,0.0,0.0,0.0,0.0,0.0,0.268,0.0,20.5,29.3,67187.0,0.0335935
2018-07-17,0.0,0.0,22.7,2.5,8.928,3106.3,1662.0,52.5,1.0,4.1,-1.0,0.395,0.108,0.0,0.0,0.0,0.0,0.0,0.0,0.0,0.0,0.0,0.267,0.0,19.6,25.9,92461.0,0.0462305
2018-07-18,0.0,0.0,23.4,2.1,7.789,2915.1,1894.3,43.9,1.0,4.8,-1.0,0.384,0.083,0.0,0.0,0.0,0.0,0.0,0.0,0.0,0.0,0.0,0.266,0.0,19.1,27.4,96518.0,0.048259
2018-07-19,0.0,0.6,25.5,2.3,7.74,2930.4,1429.8,38.9,0.8,4.8,-0.2,0.376,0.054,0.0,0.0,0.0,0.0,0.0,0.0,0.0,0.0,0.0,0.264,0.0,21.0,29.5,97172.0,0.048586
2018-07-20,0.0,0.5,22.0,3.0,11.222,3047.6,1186.2,68.8,0.8,3.6,-0.3,0.378,0.024,0.0,0.0,0.0,0.0,0.0,0.0,0.0,0.0,0.0,0.264,0.0,20.4,24.9,79115.0,0.0395575
2018-07-21,0.0,0.0,21.7,1.9,9.771,2925.4,2018.3,62.0,1.0,4.2,-1.0,0.369,-0.013,0.0,0.0,0.0,0.0,0.0,0.0,0.0,0.0,0.0,0.263,0.0,17.2,25.2,78662.0,0.039331
2018-07-22,0.0,0.0,23.6,1.4,9.741,3071.2,1812.4,54.9,0.9,4.1,-0.9,0.36,-0.053,0.0,0.0,0.0,0.0,0.0,0.0,0.0,0.0,0.0,0.262,0.0,19.1,27.3,88266.0,0.044133
2018-07-23,0.0,0.0,25.8,1.7,9.887,3148.9,2364.0,48.9,1.2,5.3,-1.2,0.349,-0.096,0.0,0.0,0.0,0.0,0.0,0.0,0.0,0.0,0.0,0.261,0.0,21.2,29.6,105086.0,0.052543
2018-07-24,0.0,0.0,26.8,1.4,10.434,3178.0,1780.0,48.5,0.8,4.4,-0.8,0.34,-0.136,0.0,0.0,0.0,0.0,0.0,0.0,0.0,0.0,0.0,0.259,0.0,21.8,31.0,95497.0,0.0477485
2018-07-25,0.0,0.0,28.2,2.3,11.122,3200.1,2400.8,47.7,1.0,6.0,-1.0,0.33,-0.167,0.0,0.0,0.0,0.0,0.0,0.0,0.0,0.0,0.0,0.258,0.0,22.7,32.4,102090.0,0.051045
2018-07-26,0.0,0.0,29.9,1.4,11.15,3241.9,2529.3,44.0,1.1,5.9,-1.1,0.319,-0.197,0.0,0.0,0.0,0.0,0.0,0.0,0.0,0.0,0.0,0.256,0.0,24.5,35.1,100850.0,0.050425
2018-07-27,0.0,16.2,26.5,1.9,11.344,3295.0,2184.0,55.0,1.5,5.8,14.7,0.342,-0.203,0.0,0.1,0.0,0.0,0.0,0.0,0.0,0.0,0.0,0.255,0.0,22.0,36.1,88673.0,0.0443365
2018-07-28,0.0,0.0,23.0,3.0,8.744,2951.3,1935.3,51.7,4.2,4.8,-4.2,0.423,-0.152,0.0,0.4,0.0,0.0,0.0,0.0,0.0,0.0,0.0,0.275,0.0,20.5,25.2,72867.0,0.0364335
2018-07-29,0.0,0.0,23.9,4.1,8.992,2976.4,1433.0,48.5,1.8,5.1,-1.8,0.4,-0.107,0.0,0.0,0.0,0.0,0.0,0.0,0.0,0.0,0.0,0.269,0.0,19.6,26.9,91938.0,0.045968999999999996
2018-07-30,0.0,0.0,24.4,3.3,11.597,3169.3,1295.4,61.1,1.2,4.1,-1.2,0.387,-0.07,0.0,0.0,0.0,0.0,0.0,0.0,0.0,0.0,0.0,0.266,0.0,21.0,27.8,94804.0,0.047402
2018-07-31,0.0,0.0,24.4,2.5,10.236,3067.9,1941.9,54.6,1.6,4.8,-1.6,0.372,-0.032,0.0,0.0,0.0,0.0,0.0,0.0,0.0,0.0,0.0,0.264,0.0,21.6,27.4,85576.0,0.042788
2018-08-01,0.0,0.0,24.9,2.0,9.628,2985.4,2128.8,49.8,1.4,5.0,-1.4,0.358,0.001,0.0,0.0,0.0,0.0,0.0,0.0,0.0,0.0,0.0,0.262,0.0,19.7,29.3,93181.0,0.0465905
2018-08-02,0.0,0.0,26.3,2.8,9.928,3125.4,2434.2,47.6,1.4,6.1,-1.4,0.345,0.026,0.0,0.0,0.0,0.0,0.0,0.0,0.0,0.0,0.0,0.26,0.0,19.9,31.3,103931.0,0.0519655
2018-08-03,0.0,0.0,28.5,3.2,10.299,3234.8,2944.2,43.9,1.4,7.5,-1.4,0.331,0.046,0.0,0.0,0.0,0.0,0.0,0.0,0.0,0.0,0.0,0.258,0.0,22.0,34.1,100212.0,0.050106
2018-08-04,0.0,0.0,27.6,3.6,10.064,2959.7,2226.2,44.7,0.9,6.6,-0.9,0.321,0.067,0.0,0.0,0.0,0.0,0.0,0.0,0.0,0.0,0.0,0.256,0.0,22.7,32.8,98286.0,0.049143
2018-08-05,0.0,0.0,24.7,2.8,10.072,2991.5,2573.9,53.6,0.8,5.8,-0.8,0.314,0.083,0.0,0.0,0.0,0.0,0.0,0.0,0.0,0.0,0.0,0.255,0.0,18.8,29.8,96990.0,0.048494999999999996
2018-08-06,0.0,0.0,27.2,1.5,8.611,3142.1,2512.6,40.1,1.1,5.5,-1.1,0.304,0.06,0.0,0.0,0.0,0.0,0.0,0.0,0.0,0.0,0.0,0.254,0.0,21.1,32.7,97701.0,0.0488505
2018-08-07,0.0,0.0,28.7,3.2,10.451,3195.4,2044.8,43.3,0.6,6.6,-0.6,0.296,-0.042,0.0,0.0,0.0,0.0,0.0,0.0,0.0,0.0,0.0,0.252,0.0,22.0,35.7,74793.0,0.0373965
2018-08-08,0.0,5.2,23.0,2.4,9.304,3106.9,1484.3,54.3,0.7,4.0,4.5,0.297,-0.159,0.0,0.0,0.0,0.0,0.0,0.0,0.0,0.0,0.0,0.251,0.0,18.8,26.4,80435.0,0.0402175
2018-08-09,0.0,1.8,18.1,3.2,10.289,3232.6,675.0,79.4,1.6,2.2,0.2,0.34,-0.232,0.0,0.1,0.0,0.0,0.0,0.0,0.0,0.0,0.0,0.257,0.0,18.2,18.5,45423.0,0.0227115
2018-08-10,0.0,0.0,18.5,3.6,7.734,2900.4,1803.5,60.5,1.8,4.1,-1.8,0.325,-0.291,0.0,0.0,0.0,0.0,0.0,0.0,0.0,0.0,0.0,0.258,0.0,13.8,21.7,96215.0,0.0481075
2018-08-11,0.0,0.0,20.4,1.6,8.179,2866.1,1839.9,56.9,1.2,3.7,-1.2,0.312,-0.332,0.0,0.0,0.0,0.0,0.0,0.0,0.0,0.0,0.0,0.255,0.0,15.8,24.3,103907.0,0.0519535
2018-08-12,0.0,3.9,23.1,2.3,8.969,2875.0,1828.3,52.1,1.2,4.5,2.7,0.307,-0.361,0.0,0.0,0.0,0.0,0.0,0.0,0.0,0.0,0.0,0.254,0.0,16.6,28.4,95652.0,0.047826
2018-08-13,0.0,0.0,20.9,3.6,10.393,3081.4,1028.5,68.2,1.5,3.1,-1.5,0.323,-0.372,0.0,0.1,0.0,0.0,0.0,0.0,0.0,0.0,0.0,0.257,0.0,18.9,22.9,62544.0,0.031272
2018-08-14,0.0,0.0,21.0,2.7,9.724,3109.0,1550.7,63.6,1.2,3.6,-1.2,0.311,-0.389,0.0,0.0,0.0,0.0,0.0,0.0,0.0,0.0,0.0,0.255,0.0,18.2,23.6,82097.0,0.0410485
2018-08-15,0.0,0.0,21.1,1.3,10.135,3097.9,1032.8,65.6,0.6,2.6,-0.6,0.304,-0.411,0.0,0.0,0.0,0.0,0.0,0.0,0.0,0.0,0.0,0.253,0.0,18.6,25.5,98262.0,0.049131
2018-08-16,0.0,1.0,23.4,2.4,10.763,2961.8,1858.5,61.9,1.2,4.4,-0.2,0.296,-0.436,0.0,0.0,0.0,0.0,0.0,0.0,0.0,0.0,0.0,0.253,0.0,17.4,28.6,96390.0,0.048195
2018-08-17,0.0,0.0,20.4,3.4,8.521,3006.7,1781.9,58.7,1.4,4.2,-1.4,0.29,-0.45,0.0,0.0,0.0,0.0,0.0,0.0,0.0,0.0,0.0,0.252,0.0,16.7,23.7,73217.0,0.0366085
2018-08-18,0.0,0.0,20.4,1.9,8.456,2939.8,2230.2,57.7,0.9,4.2,-0.9,0.281,-0.454,0.0,0.0,0.0,0.0,0.0,0.0,0.0,0.0,0.0,0.25,0.0,16.2,23.8,93478.0,0.046739
2018-08-19,0.0,0.0,22.9,1.8,10.2,3009.6,2077.5,59.8,0.7,4.3,-0.7,0.273,-0.491,0.0,0.0,0.0,0.0,0.0,0.0,0.0,0.0,0.0,0.249,0.0,17.5,27.7,99403.0,0.0497015
2018-08-20,0.0,0.1,22.2,2.4,11.773,3320.1,463.9,70.9,0.1,2.0,0.0,0.271,-0.516,0.0,0.0,0.0,0.0,0.0,0.0,0.0,0.0,0.0,0.248,0.0,20.4,24.2,86278.0,0.043139000000000004
2018-08-21,0.0,0.0,23.1,1.3,11.342,3302.2,451.4,64.9,0.1,1.9,-0.1,0.27,-0.535,0.0,0.0,0.0,0.0,0.0,0.0,0.0,0.0,0.0,0.248,0.0,20.4,25.4,92847.0,0.0464235
2018-08-22,0.0,0.0,24.1,1.5,11.66,3230.8,1702.4,63.6,0.9,3.6,-0.9,0.264,-0.56,0.0,0.0,0.0,0.0,0.0,0.0,0.0,0.0,0.0,0.248,0.0,19.1,28.2,86367.0,0.0431835
2018-08-23,0.0,3.0,21.4,2.6,11.129,3167.3,1336.8,70.9,0.8,3.2,2.2,0.265,-0.598,0.0,0.0,0.0,0.0,0.0,0.0,0.0,0.0,0.0,0.247,0.0,17.6,25.3,80836.0,0.040418
2018-08-24,0.0,0.2,17.5,3.7,7.54,2759.4,1138.7,61.5,1.3,3.0,-1.1,0.272,-0.626,0.0,0.0,0.0,0.0,0.0,0.0,0.0,0.0,0.0,0.249,0.0,15.4,19.3,73677.0,0.0368385
2018-08-25,0.0,0.0,16.1,3.2,6.324,2741.7,1385.5,56.7,1.0,3.2,-1.0,0.264,-0.657,0.0,0.0,0.0,0.0,0.0,0.0,0.0,0.0,0.0,0.248,0.0,13.7,18.9,57703.0,0.0288515
2018-08-26,0.0,0.1,18.7,3.3,6.43,2923.4,894.8,49.5,0.6,3.7,-0.5,0.257,-0.694,0.0,0.0,0.0,0.0,0.0,0.0,0.0,0.0,0.0,0.247,0.0,11.6,23.7,95542.0,0.047771
2018-08-27,0.0,0.7,19.9,3.2,9.544,3262.8,600.2,66.2,0.6,2.4,0.1,0.258,-0.74,0.0,0.0,0.0,0.0,0.0,0.0,0.0,0.0,0.0,0.246,0.0,19.1,22.2,83102.0,0.041551
2018-08-28,0.0,17.2,20.8,1.3,8.322,2930.6,2130.2,56.0,1.2,3.7,16.0,0.272,-0.752,0.0,0.0,0.0,0.0,0.0,0.0,0.0,0.0,0.0,0.246,0.0,14.2,25.8,91651.0,0.0458255
2018-08-29,0.0,3.3,18.8,3.2,10.853,3303.3,508.1,80.1,1.6,1.8,1.7,0.42,-0.64,0.0,0.9,0.0,0.0,0.0,0.0,0.0,0.0,0.0,0.268,0.0,18.3,20.4,62699.0,0.0313495
2018-08-30,0.0,0.0,18.0,1.2,8.771,2800.9,570.3,68.9,0.3,1.7,-0.3,0.418,-0.528,0.1,0.0,0.0,0.0,0.0,0.0,0.0,0.0,0.0,0.27,0.0,16.0,20.4,75408.0,0.037704
2018-08-31,0.0,0.0,18.1,2.3,7.493,2746.0,1602.1,58.8,2.8,3.3,-2.8,0.398,-0.427,0.0,0.0,0.0,0.0,0.0,0.0,0.0,0.0,0.0,0.269,0.0,14.8,21.4,78157.0,0.0390785
2018-09-01,0.0,0.0,17.8,2.8,6.138,2817.9,1989.9,50.0,3.0,4.1,-3.0,0.367,-0.343,0.0,0.0,0.0,0.0,0.0,0.0,0.0,0.0,0.0,0.265,0.0,12.6,22.3,98965.0,0.0494825
2018-09-02,0.0,0.0,18.5,2.3,6.503,2869.1,2272.6,50.5,2.3,4.1,-2.3,0.343,-0.28,0.0,0.0,0.0,0.0,0.0,0.0,0.0,0.0,0.0,0.261,0.0,13.0,22.7,95952.0,0.047976
2018-09-03,0.0,0.0,19.8,3.0,8.206,3025.0,1166.6,57.8,1.3,3.4,-1.3,0.328,-0.229,0.0,0.0,0.0,0.0,0.0,0.0,0.0,0.0,0.0,0.258,0.0,15.7,23.8,89450.0,0.044725
2018-09-04,0.0,0.0,19.2,2.6,10.709,3170.9,457.3,77.1,0.1,1.8,-0.1,0.324,-0.168,0.0,0.0,0.0,0.0,0.0,0.0,0.0,0.0,0.0,0.256,0.0,17.9,20.2,87260.0,0.04363
2018-09-05,0.0,0.0,21.2,2.4,11.362,3196.4,1407.0,73.2,1.3,3.0,-1.3,0.314,-0.121,0.0,0.0,0.0,0.0,0.0,0.0,0.0,0.0,0.0,0.256,0.0,18.7,24.2,68008.0,0.034004
2018-09-06,0.0,0.2,18.5,3.0,9.901,3110.6,372.0,74.8,0.3,1.8,-0.1,0.311,-0.071,0.0,0.0,0.0,0.0,0.0,0.0,0.0,0.0,0.0,0.254,0.0,18.3,19.9,46897.0,0.0234485
2018-09-07,0.0,0.1,16.8,2.6,6.961,2849.3,1536.7,59.7,1.4,3.2,-1.3,0.301,-0.02,0.0,0.0,0.0,0.0,0.0,0.0,0.0,0.0,0.0,0.254,0.0,14.4,20.3,81019.0,0.040509500000000004
2018-09-08,0.0,0.0,16.8,1.2,6.738,2765.4,1315.2,58.2,0.9,2.4,-0.9,0.291,-0.086,0.0,0.0,0.0,0.0,0.0,0.0,0.0,0.0,0.0,0.252,0.0,11.1,21.8,94063.0,0.0470315
2018-09-09,0.0,0.0,20.7,1.8,7.89,2990.2,1764.0,54.3,1.2,3.6,-1.2,0.28,-0.154,0.0,0.0,0.0,0.0,0.0,0.0,0.0,0.0,0.0,0.251,0.0,12.9,27.5,73212.0,0.036606
2018-09-10,0.0,0.0,19.5,1.5,8.97,2914.7,1699.1,64.8,0.6,2.9,-0.6,0.273,-0.214,0.0,0.0,0.0,0.0,0.0,0.0,0.0,0.0,0.0,0.249,0.0,15.8,23.1,84538.0,0.042269
2018-09-11,0.0,0.0,21.2,1.8,8.829,3125.4,1897.9,58.6,1.0,3.6,-1.0,0.264,-0.273,0.0,0.0,0.0,0.0,0.0,0.0,0.0,0.0,0.0,0.248,0.0,14.8,27.6,91936.0,0.045968
2018-09-12,0.0,0.4,20.6,2.3,9.662,2989.4,1687.1,65.0,0.6,3.4,-0.2,0.257,-0.333,0.0,0.0,0.0,0.0,0.0,0.0,0.0,0.0,0.0,0.247,0.0,15.1,26.1,75955.0,0.0379775
2018-09-13,0.0,1.0,16.6,3.1,9.435,3209.1,365.4,80.3,0.3,1.4,0.7,0.266,-0.381,0.0,0.0,0.0,0.0,0.0,0.0,0.0,0.0,0.0,0.246,0.0,15.8,17.4,56657.0,0.0283285
2018-09-14,0.0,0.0,16.3,2.7,7.276,2828.1,1431.1,64.5,1.0,2.9,-1.0,0.259,-0.443,0.0,0.0,0.0,0.0,0.0,0.0,0.0,0.0,0.0,0.247,0.0,12.4,20.5,70148.0,0.035074
2018-09-15,0.0,0.0,15.9,1.2,7.073,2893.4,1395.4,64.1,0.7,2.3,-0.7,0.251,-0.529,0.0,0.0,0.0,0.0,0.0,0.0,0.0,0.0,0.0,0.246,0.0,10.2,21.0,88471.0,0.0442355
2018-09-16,0.0,0.0,17.2,1.0,6.89,2912.1,1686.1,58.6,0.9,2.6,-0.9,0.243,-0.613,0.0,0.0,0.0,0.0,0.0,0.0,0.0,0.0,0.0,0.245,0.0,10.7,23.9,77527.0,0.0387635
2018-09-17,0.0,0.0,20.0,1.9,7.134,2989.1,1523.0,52.4,0.7,3.3,-0.7,0.236,-0.681,0.0,0.0,0.0,0.0,0.0,0.0,0.0,0.0,0.0,0.244,0.0,11.5,27.1,82246.0,0.041123
2018-09-18,0.0,0.9,20.5,2.6,10.988,3134.1,920.8,73.0,0.2,2.4,0.7,0.236,-0.727,0.0,0.0,0.0,0.0,0.0,0.0,0.0,0.0,0.0,0.243,0.0,18.3,22.5,68990.0,0.034495
2018-09-19,0.0,0.0,20.5,2.7,9.868,2963.4,1240.5,66.6,0.7,2.8,-0.7,0.235,-0.765,0.0,0.0,0.0,0.0,0.0,0.0,0.0,0.0,0.0,0.243,0.0,17.7,23.3,77986.0,0.038993
2018-09-20,0.0,1.2,20.4,3.1,9.723,2857.7,1194.9,66.4,0.5,2.8,0.7,0.231,-0.798,0.0,0.0,0.0,0.0,0.0,0.0,0.0,0.0,0.0,0.242,0.0,15.5,23.5,82215.0,0.0411075
2018-09-21,0.0,1.6,16.8,4.1,7.639,2860.6,926.7,63.6,1.7,2.7,-0.1,0.243,-0.803,0.0,0.0,0.0,0.0,0.0,0.0,0.0,0.0,0.0,0.243,0.0,16.5,17.8,51060.0,0.02553
2018-09-22,0.0,0.6,16.3,3.7,7.073,2841.1,610.7,60.7,0.5,2.6,0.1,0.238,-0.804,0.0,0.0,0.0,0.0,0.0,0.0,0.0,0.0,0.0,0.243,0.0,12.9,20.4,74706.0,0.037353000000000004
2018-09-23,0.0,7.6,17.5,5.5,10.602,3330.5,278.8,81.6,1.5,1.9,6.1,0.288,-0.782,0.0,0.2,0.0,0.0,0.0,0.0,0.0,0.0,0.0,0.244,0.0,13.2,22.2,58084.0,0.029042
2018-09-24,0.0,0.0,12.6,3.1,5.459,2568.7,1253.2,61.8,1.8,2.4,-1.8,0.286,-0.76,0.0,0.0,0.0,0.0,0.0,0.0,0.0,0.0,0.0,0.252,0.0,9.0,16.6,83771.0,0.0418855
2018-09-25,0.0,0.0,12.6,3.4,5.043,2625.1,1702.1,57.0,1.5,2.8,-1.5,0.27,-0.746,0.0,0.0,0.0,0.0,0.0,0.0,0.0,0.0,0.0,0.249,0.0,7.9,17.0,87644.0,0.043822
2018-09-26,0.0,0.0,13.8,1.4,5.197,2864.1,1593.9,54.4,1.2,2.3,-1.2,0.258,-0.74,0.0,0.0,0.0,0.0,0.0,0.0,0.0,0.0,0.0,0.247,0.0,7.8,19.5,86708.0,0.043354000000000004
2018-09-27,0.0,0.0,16.3,0.8,6.497,3047.2,1756.8,58.0,1.0,2.3,-1.0,0.249,-0.748,0.0,0.0,0.0,0.0,0.0,0.0,0.0,0.0,0.0,0.246,0.0,7.3,23.4,86015.0,0.0430075
2018-09-28,0.0,0.0,15.2,3.9,7.427,2817.4,1029.5,69.2,0.2,2.3,-0.2,0.245,-0.77,0.0,0.0,0.0,0.0,0.0,0.0,0.0,0.0,0.0,0.244,0.0,13.5,18.9,78903.0,0.0394515
2018-09-29,0.0,0.0,13.1,3.5,5.15,2497.4,1301.7,56.1,0.7,2.7,-0.7,0.239,-0.787,0.0,0.0,0.0,0.0,0.0,0.0,0.0,0.0,0.0,0.244,0.0,9.2,17.0,82559.0,0.0412795
2018-09-30,0.0,0.0,13.1,3.2,5.365,2603.4,1458.0,58.4,0.6,2.7,-0.6,0.233,-0.802,0.0,0.0,0.0,0.0,0.0,0.0,0.0,0.0,0.0,0.243,0.0,7.7,17.4,70437.0,0.0352185
2018-10-01,0.0,0.0,12.6,4.2,5.076,2419.3,1128.9,56.7,0.3,2.7,-0.3,0.229,-0.839,0.0,0.0,0.0,0.0,0.0,0.0,0.0,0.0,0.0,0.242,0.0,10.4,15.4,64554.0,0.032277
2018-10-02,0.0,0.2,13.6,2.9,7.386,2975.9,364.3,75.3,0.0,1.5,0.2,0.228,-0.865,0.0,0.0,0.0,0.0,0.0,0.0,0.0,0.0,0.0,0.242,0.0,10.6,16.1,71774.0,0.035887
2018-10-03,0.0,0.0,16.6,2.0,8.57,3107.6,534.9,73.5,0.2,1.4,-0.2,0.228,-0.915,0.0,0.0,0.0,0.0,0.0,0.0,0.0,0.0,0.0,0.242,0.0,15.1,18.2,66239.0,0.0331195
2018-10-04,0.0,0.0,15.8,1.2,7.065,3055.8,1436.8,64.1,0.8,1.8,-0.8,0.222,-0.962,0.0,0.0,0.0,0.0,0.0,0.0,0.0,0.0,0.0,0.242,0.0,12.0,19.6,87326.0,0.043663
2018-10-05,0.0,0.0,16.1,1.6,7.269,3003.3,1371.0,65.3,0.5,2.1,-0.5,0.216,-1.01,0.0,0.0,0.0,0.0,0.0,0.0,0.0,0.0,0.0,0.241,0.0,9.7,22.2,85642.0,0.042821
2018-10-06,0.0,0.5,17.5,2.0,8.09,3003.6,844.6,65.7,0.2,2.0,0.3,0.214,-1.064,0.0,0.0,0.0,0.0,0.0,0.0,0.0,0.0,0.0,0.24,0.0,13.0,21.8,59579.0,0.0297895
2018-10-07,0.0,1.5,14.0,2.5,8.159,3145.9,314.1,81.9,0.4,1.1,1.1,0.227,-1.136,0.0,0.0,0.0,0.0,0.0,0.0,0.0,0.0,0.0,0.24,0.0,13.4,14.8,35039.0,0.0175195
2018-10-08,0.0,0.0,13.7,1.7,6.189,2750.5,1457.6,64.6,1.0,1.7,-1.0,0.221,-1.228,0.0,0.0,0.0,0.0,0.0,0.0,0.0,0.0,0.0,0.242,0.0,8.8,17.6,44555.0,0.0222775
2018-10-09,0.0,0.0,16.1,1.4,7.754,2964.8,1442.6,67.9,0.6,1.8,-0.6,0.215,-1.327,0.0,0.0,0.0,0.0,0.0,0.0,0.0,0.0,0.0,0.24,0.0,9.4,21.6,63834.0,0.031917
2018-10-10,0.0,0.1,19.1,2.6,9.027,3038.0,1177.8,67.3,0.6,2.3,-0.5,0.21,-1.41,0.0,0.0,0.0,0.0,0.0,0.0,0.0,0.0,0.0,0.239,0.0,12.9,23.7,42019.0,0.0210095
2018-10-11,0.0,3.3,20.0,3.6,9.668,3044.8,1085.9,67.6,0.6,2.8,2.7,0.212,-1.451,0.0,0.0,0.0,0.0,0.0,0.0,0.0,0.0,0.0,0.239,0.0,16.8,25.2,46805.0,0.0234025
2018-10-12,0.0,0.0,19.7,3.3,10.663,3114.8,720.9,75.6,0.7,2.0,-0.7,0.229,-1.46,0.0,0.0,0.0,0.0,0.0,0.0,0.0,0.0,0.0,0.243,0.0,15.6,23.1,65250.0,0.032625
2018-10-13,0.0,0.0,21.1,3.0,10.165,2940.2,1027.8,66.2,0.8,2.5,-0.8,0.222,-1.461,0.0,0.0,0.0,0.0,0.0,0.0,0.0,0.0,0.0,0.242,0.0,16.8,25.3,68406.0,0.034203
2018-10-14,0.0,0.0,21.1,3.9,8.569,2993.1,563.7,56.2,0.4,3.0,-0.4,0.217,-1.456,0.0,0.0,0.0,0.0,0.0,0.0,0.0,0.0,0.0,0.24,0.0,16.5,24.7,46965.0,0.0234825
2018-10-15,0.0,0.0,21.2,2.9,7.384,2838.0,942.3,47.9,0.8,3.1,-0.8,0.21,-1.448,0.0,0.0,0.0,0.0,0.0,0.0,0.0,0.0,0.0,0.24,0.0,18.5,25.4,34770.0,0.017385
2018-10-16,0.0,0.0,19.9,1.2,7.734,2790.6,839.0,54.3,0.4,1.7,-0.4,0.205,-1.438,0.0,0.0,0.0,0.0,0.0,0.0,0.0,0.0,0.0,0.239,0.0,16.5,24.8,47833.0,0.0239165
2018-10-17,0.0,0.0,17.5,1.7,8.835,2968.4,560.1,71.3,0.1,1.4,-0.1,0.203,-1.448,0.0,0.0,0.0,0.0,0.0,0.0,0.0,0.0,0.0,0.238,0.0,15.2,19.9,46304.0,0.023152
2018-10-18,0.0,0.0,15.8,4.1,8.069,2733.8,1352.2,72.9,0.4,2.3,-0.4,0.2,-1.456,0.0,0.0,0.0,0.0,0.0,0.0,0.0,0.0,0.0,0.238,0.0,13.2,20.0,50412.0,0.025206
2018-10-19,0.0,0.0,14.1,3.0,7.639,2829.8,1256.8,76.8,0.3,1.6,-0.3,0.197,-1.464,0.0,0.0,0.0,0.0,0.0,0.0,0.0,0.0,0.0,0.237,0.0,11.4,17.6,63051.0,0.0315255
2018-10-20,0.0,0.0,13.0,2.6,6.64,2717.2,1009.2,72.0,0.3,1.5,-0.3,0.195,-1.475,0.0,0.0,0.0,0.0,0.0,0.0,0.0,0.0,0.0,0.237,0.0,9.8,17.2,61263.0,0.0306315
2018-10-21,0.0,0.0,13.0,2.3,6.252,2920.3,1192.7,68.5,0.4,1.4,-0.4,0.191,-1.505,0.0,0.0,0.0,0.0,0.0,0.0,0.0,0.0,0.0,0.237,0.0,7.7,16.8,69123.0,0.0345615
2018-10-22,0.0,0.1,12.6,4.2,6.957,2987.7,340.7,76.5,0.1,1.4,0.0,0.191,-1.553,0.0,0.0,0.0,0.0,0.0,0.0,0.0,0.0,0.0,0.236,0.0,12.0,14.6,62748.0,0.031374
2018-10-23,0.0,0.0,12.3,2.7,6.187,2688.1,907.9,70.1,0.3,1.5,-0.3,0.188,-1.614,0.0,0.0,0.0,0.0,0.0,0.0,0.0,0.0,0.0,0.236,0.0,7.7,16.0,68632.0,0.034316
2018-10-24,0.0,0.0,14.7,2.4,8.529,3261.1,216.7,82.2,0.0,1.0,0.0,0.187,-1.676,0.0,0.0,0.0,0.0,0.0,0.0,0.0,0.0,0.0,0.236,0.0,11.8,16.1,60824.0,0.030412
2018-10-25,0.0,0.0,13.7,1.8,7.092,2894.2,636.3,73.3,0.2,1.1,-0.2,0.186,-1.733,0.0,0.0,0.0,0.0,0.0,0.0,0.0,0.0,0.0,0.236,0.0,13.1,15.9,54954.0,0.027476999999999998
2018-10-26,0.0,0.9,11.1,2.7,5.944,2591.2,486.2,72.7,0.1,1.3,0.8,0.187,-1.783,0.0,0.0,0.0,0.0,0.0,0.0,0.0,0.0,0.0,0.235,0.0,10.3,14.3,33989.0,0.0169945
2018-10-27,0.0,0.0,7.6,2.8,4.724,2752.2,454.6,73.6,0.3,1.1,-0.3,0.191,-1.825,0.0,0.0,0.0,0.0,0.0,0.0,0.0,0.0,0.0,0.237,0.0,5.7,9.4,27293.0,0.0136465
2018-10-28,0.0,0.0,6.4,6.2,4.164,2409.6,559.9,70.1,0.2,1.4,-0.2,0.189,-1.858,0.0,0.0,0.0,0.0,0.0,0.0,0.0,0.0,0.0,0.236,0.0,5.3,8.2,17625.0,0.0088125
2018-10-29,0.0,12.5,4.9,5.8,4.17,2487.5,129.3,77.6,0.2,1.0,12.3,0.209,-1.873,0.0,0.0,0.0,0.0,0.0,0.0,0.0,0.0,0.0,0.236,0.0,4.1,5.8,10893.0,0.0054465
2018-10-30,0.0,2.3,7.2,3.7,5.136,2635.9,633.8,82.1,1.1,0.9,1.2,0.315,-1.836,0.0,0.4,0.0,0.0,0.0,0.0,0.0,0.0,0.0,0.253,0.0,4.0,9.4,45082.0,0.022541
2018-10-31,0.0,2.2,8.7,2.0,5.721,2691.4,131.0,81.4,0.0,0.8,2.2,0.323,-1.782,0.0,0.1,0.0,0.0,0.0,0.0,0.0,0.0,0.0,0.254,0.0,4.8,11.2,17135.0,0.0085675
2018-11-01,0.0,3.3,10.7,2.9,6.641,2970.4,191.4,83.2,0.3,0.9,3.0,0.346,-1.706,0.0,0.2,0.0,0.0,0.0,0.0,0.0,0.0,0.0,0.257,0.0,9.9,11.6,31709.0,0.0158545
2018-11-02,0.0,0.0,8.6,2.0,5.155,2740.1,839.0,74.6,1.6,0.8,-1.6,0.35,-1.614,0.0,0.0,0.0,0.0,0.0,0.0,0.0,0.0,0.0,0.261,0.0,7.3,12.2,42173.0,0.0210865
2018-11-03,0.0,0.0,6.4,1.2,4.034,2628.9,585.1,69.1,0.8,0.8,-0.8,0.339,-1.525,0.0,0.0,0.0,0.0,0.0,0.0,0.0,0.0,0.0,0.259,0.0,3.0,11.5,54121.0,0.0270605
2018-11-04,0.0,0.0,8.6,2.6,5.736,2906.2,505.0,82.5,0.6,0.7,-0.6,0.332,-1.447,0.0,0.0,0.0,0.0,0.0,0.0,0.0,0.0,0.0,0.258,0.0,5.2,10.5,48829.0,0.0244145
2018-11-05,0.0,0.0,14.4,2.5,7.023,2736.4,610.7,69.9,0.3,1.4,-0.3,0.328,-1.376,0.0,0.0,0.0,0.0,0.0,0.0,0.0,0.0,0.0,0.257,0.0,10.1,19.0,29608.0,0.014804
2018-11-06,0.0,1.2,14.6,3.6,7.016,2696.4,553.6,68.2,0.4,1.8,0.8,0.325,-1.309,0.0,0.0,0.0,0.0,0.0,0.0,0.0,0.0,0.0,0.256,0.0,13.5,18.8,23844.0,0.011922
2018-11-07,0.0,2.6,11.6,5.2,7.001,2850.7,104.0,82.6,0.3,1.2,2.3,0.352,-1.228,0.0,0.2,0.0,0.0,0.0,0.0,0.0,0.0,0.0,0.257,0.0,10.2,12.7,20533.0,0.0102665
2018-11-08,0.0,0.0,10.0,2.7,6.121,2566.1,616.1,80.6,0.6,0.7,-0.6,0.35,-1.161,0.0,0.0,0.0,0.0,0.0,0.0,0.0,0.0,0.0,0.26,0.0,7.6,12.1,39051.0,0.0195255
2018-11-09,0.0,0.6,10.6,3.3,6.25,2603.7,480.2,79.3,0.3,0.9,0.3,0.347,-1.171,0.0,0.0,0.0,0.0,0.0,0.0,0.0,0.0,0.0,0.259,0.0,6.1,13.5,32134.0,0.016067
2018-11-10,0.0,5.2,12.1,5.4,7.601,3045.6,114.4,87.0,0.3,1.1,4.9,0.383,-1.161,0.0,0.4,0.0,0.0,0.0,0.0,0.0,0.0,0.0,0.26,0.0,11.6,12.5,22355.0,0.0111775
2018-11-11,0.0,19.1,11.8,3.8,7.804,2898.0,104.0,91.2,0.0,0.7,19.1,0.459,-1.13,0.4,0.9,0.0,0.0,0.0,0.0,0.0,0.0,0.0,0.266,0.0,11.4,12.2,35493.0,0.017746500000000002
2018-11-12,0.0,3.4,11.1,1.9,7.528,2960.1,401.6,92.1,0.5,0.4,2.9,0.546,-1.061,3.8,2.0,0.0,0.0,0.0,0.0,0.0,0.0,0.0,0.288,0.0,10.7,11.3,27438.0,0.013719
2018-11-13,0.0,0.0,11.5,2.9,6.779,2937.2,581.5,81.0,1.2,0.9,-1.2,0.519,-0.999,1.6,0.0,0.0,0.0,0.0,0.0,0.0,0.0,0.0,0.286,0.0,10.3,15.4,34578.0,0.017289
2018-11-14,0.0,0.1,10.1,2.3,6.61,2918.3,717.7,86.3,1.2,0.5,-1.1,0.498,-0.94,0.7,0.0,0.0,0.0,0.0,0.0,0.0,0.0,0.0,0.283,0.0,6.4,13.0,36891.0,0.0184455
2018-11-15,0.0,0.0,9.5,2.5,7.098,3133.2,212.6,96.5,0.4,0.4,-0.4,0.489,-0.877,0.4,0.0,0.0,0.0,0.0,0.0,0.0,0.0,0.0,0.28,0.0,8.7,9.9,38195.0,0.0190975
2018-11-16,0.0,0.0,7.6,1.9,6.187,3054.5,428.9,95.1,1.1,0.3,-1.1,0.478,-0.817,0.3,0.0,0.0,0.0,0.0,0.0,0.0,0.0,0.0,0.279,0.0,6.8,8.6,35324.0,0.017662
2018-11-17,0.0,0.0,6.0,2.7,4.437,2500.1,763.9,76.9,1.2,0.5,-1.2,0.463,-0.775,0.2,0.0,0.0,0.0,0.0,0.0,0.0,0.0,0.0,0.278,0.0,4.3,8.1,29935.0,0.0149675
2018-11-18,0.0,0.0,5.2,3.4,3.568,2267.5,797.0,65.6,1.2,1.0,-1.2,0.451,-0.738,0.1,0.0,0.0,0.0,0.0,0.0,0.0,0.0,0.0,0.275,0.0,3.0,7.1,50246.0,0.025123
2018-11-19,0.3,1.2,3.7,5.3,3.437,2309.2,486.0,69.2,0.9,1.0,0.6,0.442,-0.711,0.1,0.0,0.0,0.0,0.0,0.0,0.0,0.0,0.3,0.273,0.001,0.5,5.6,36887.0,0.0184435
2018-11-20,0.4,1.6,2.7,3.2,4.012,2736.6,116.5,87.7,0.6,0.6,1.4,0.461,-0.705,0.1,0.3,0.0,0.0,0.0,0.0,0.0,0.0,0.4,0.274,0.0,2.1,2.9,22090.0,0.011045000000000001
2018-11-21,0.0,0.0,3.7,1.8,3.948,2565.1,650.9,80.8,0.8,0.3,-0.8,0.456,-0.744,0.1,0.0,0.0,0.0,0.0,0.0,0.0,0.0,0.0,0.276,0.0,-0.1,5.9,33066.0,0.016533
2018-11-22,0.0,0.3,4.1,2.0,4.69,2954.1,236.4,92.5,0.4,0.4,-0.1,0.451,-0.828,0.1,0.0,0.0,0.0,0.0,0.0,0.0,0.0,0.0,0.275,0.0,3.1,5.3,36390.0,0.018195
2018-11-23,0.0,6.6,5.3,2.0,5.263,3123.3,340.0,95.0,0.5,0.2,6.1,0.461,-0.894,0.1,0.2,0.0,0.0,0.0,0.0,0.0,0.0,0.0,0.274,0.0,4.2,7.8,14775.0,0.0073875
2018-11-24,0.0,1.4,7.9,2.7,6.119,2928.6,156.5,92.5,0.2,0.4,1.2,0.504,-0.926,0.2,0.4,0.0,0.0,0.0,0.0,0.0,0.0,0.0,0.282,0.0,6.7,8.6,37666.0,0.018833
2018-11-25,0.0,6.0,7.5,2.9,6.07,2904.2,73.2,94.1,0.3,0.4,5.7,0.534,-0.939,0.4,0.6,0.0,0.0,0.0,0.0,0.0,0.0,0.0,0.283,0.0,6.7,8.3,20590.0,0.010295
2018-11-26,0.0,0.8,5.9,2.7,5.365,2931.7,158.7,93.2,0.4,0.4,0.4,0.553,-0.925,0.9,0.4,0.0,0.0,0.0,0.0,0.0,0.0,0.0,0.289,0.0,5.3,6.6,20440.0,0.01022
2018-11-27,0.0,15.5,7.8,2.4,5.553,2793.1,436.6,85.2,0.5,0.5,15.0,0.567,-0.891,0.7,0.7,0.0,0.0,0.0,0.0,0.0,0.0,0.0,0.289,0.0,6.1,10.4,30446.0,0.015223
2018-11-28,0.0,0.6,10.9,3.2,7.273,3051.9,94.2,89.8,0.0,0.7,0.6,0.638,-0.808,4.4,1.8,0.0,0.0,0.0,0.0,0.0,0.0,0.0,0.304,0.0,7.3,11.7,27717.0,0.0138585
2018-11-29,0.0,0.0,12.4,4.6,6.403,2617.4,139.4,72.3,0.1,1.7,-0.1,0.615,-0.725,1.7,0.0,0.0,0.0,0.0,0.0,0.0,0.0,0.0,0.3,0.0,11.1,14.1,32588.0,0.016294
2018-11-30,0.0,0.0,10.9,3.0,6.395,2708.8,486.9,79.3,0.5,0.8,-0.5,0.601,-0.653,0.9,0.0,0.0,0.0,0.0,0.0,0.0,0.0,0.0,0.297,0.0,10.3,13.2,20168.0,0.010084
2018-12-01,0.0,7.3,9.5,4.7,6.759,2966.6,114.8,91.6,0.1,0.7,7.2,0.612,-0.565,0.7,0.6,0.0,0.0,0.0,0.0,0.0,0.0,0.0,0.296,0.0,7.2,13.7,20383.0,0.010191500000000001
2018-12-02,0.0,0.3,14.5,4.6,9.127,3048.0,123.7,88.8,-0.2,0.8,0.5,0.64,-0.464,1.7,0.5,0.0,0.0,0.0,0.0,0.0,0.0,0.0,0.303,0.0,11.0,15.9,7606.0,0.003803
2018-12-03,0.0,3.7,13.7,5.0,8.028,2848.8,85.5,82.2,0.0,1.1,3.7,0.636,-0.367,1.2,0.1,0.0,0.0,0.0,0.0,0.0,0.0,0.0,0.301,0.0,12.4,14.8,12463.0,0.0062315
2018-12-04,0.0,0.6,10.9,2.0,6.354,2792.8,190.2,78.4,0.1,0.7,0.5,0.65,-0.299,1.4,0.5,0.0,0.0,0.0,0.0,0.0,0.0,0.0,0.304,0.0,10.4,11.9,21469.0,0.0107345
2018-12-05,0.0,2.3,11.0,2.7,6.891,2850.5,81.5,84.8,-0.1,0.8,2.4,0.643,-0.256,1.0,0.0,0.0,0.0,0.0,0.0,0.0,0.0,0.0,0.303,0.0,9.4,12.7,24207.0,0.0121035
2018-12-06,0.0,0.1,13.1,2.9,8.083,3070.9,78.4,86.5,0.0,0.8,0.1,0.65,-0.225,1.0,0.3,0.0,0.0,0.0,0.0,0.0,0.0,0.0,0.304,0.0,11.9,13.9,17395.0,0.0086975
2018-12-07,0.0,4.9,10.7,5.4,6.602,2847.0,95.7,81.8,0.7,1.1,4.2,0.668,-0.194,1.2,0.7,0.0,0.0,0.0,0.0,0.0,0.0,0.0,0.303,0.0,9.0,12.1,18190.0,0.009095
2018-12-08,0.0,4.2,10.3,6.6,6.1,2831.3,125.1,78.3,1.1,1.3,3.1,0.672,-0.209,1.2,0.4,0.0,0.0,0.0,0.0,0.0,0.0,0.0,0.306,0.0,7.4,11.8,18992.0,0.009496
2018-12-09,0.0,4.0,10.2,6.1,6.23,2857.1,128.0,80.5,0.7,1.3,3.3,0.686,-0.204,1.3,0.4,0.0,0.0,0.0,0.0,0.0,0.0,0.0,0.308,0.0,9.8,10.9,13685.0,0.0068425
2018-12-10,0.0,0.0,8.9,3.0,5.641,2632.6,360.9,79.9,0.3,0.6,-0.3,0.687,-0.188,1.2,0.3,0.0,0.0,0.0,0.0,0.0,0.0,0.0,0.31,0.0,8.0,10.6,24811.0,0.0124055
2018-12-11,0.0,0.0,6.9,1.4,5.138,2685.7,352.0,83.5,0.5,0.3,-0.5,0.674,-0.191,0.8,0.0,0.0,0.0,0.0,0.0,0.0,0.0,0.0,0.308,0.0,5.4,8.9,31494.0,0.015747
2018-12-12,0.0,0.0,2.9,2.6,3.758,2489.4,589.3,80.9,1.2,0.5,-1.2,0.659,-0.224,0.5,0.0,0.0,0.0,0.0,0.0,0.0,0.0,0.0,0.306,0.0,1.2,4.8,19448.0,0.009724
2018-12-13,0.0,0.0,1.9,4.1,3.247,2218.0,519.6,75.4,0.9,0.6,-0.9,0.646,-0.263,0.3,0.0,0.0,0.0,0.0,0.0,0.0,0.0,0.0,0.304,0.0,0.8,4.0,9047.0,0.0045235
2018-12-14,0.0,0.0,0.9,3.0,2.553,2130.4,643.7,63.8,0.7,0.7,-0.7,0.638,-0.295,0.2,0.0,0.0,0.0,0.0,0.0,0.0,0.0,0.0,0.296,0.006,-0.8,2.4,21070.0,0.010535000000000001
2018-12-15,0.0,14.7,1.3,3.6,3.148,2499.2,210.8,75.1,0.3,0.6,14.4,0.666,-0.304,0.2,1.0,0.0,0.0,0.0,0.0,0.0,0.0,0.0,0.297,0.004,0.2,3.2,13950.0,0.006975
2018-12-16,0.0,2.2,5.5,3.1,5.338,2998.1,144.9,94.8,0.2,0.3,2.0,0.75,-0.275,2.6,1.4,0.0,0.0,0.0,0.0,0.0,0.0,0.0,0.318,0.0,1.5,7.6,7149.0,0.0035745
2018-12-17,0.0,0.0,7.2,2.7,5.575,2706.8,515.9,88.7,0.6,0.3,-0.6,0.731,-0.269,1.4,0.0,0.0,0.0,0.0,0.0,0.0,0.0,0.0,0.317,0.0,6.5,8.3,24064.0,0.012032000000000001
2018-12-18,0.0,2.6,7.6,4.4,5.349,2650.0,181.6,82.8,0.1,0.8,2.5,0.726,-0.268,0.8,0.2,0.0,0.0,0.0,0.0,0.0,0.0,0.0,0.314,0.0,6.2,9.0,19645.0,0.0098225
2018-12-19,0.0,0.0,9.2,4.8,6.083,2680.9,103.6,84.5,-0.1,0.8,0.1,0.732,-0.268,1.0,0.2,0.0,0.0,0.0,0.0,0.0,0.0,0.0,0.316,0.0,8.1,10.3,15875.0,0.0079375
2018-12-20,0.0,2.8,9.1,4.6,5.77,2458.6,202.5,80.8,-0.1,1.0,2.9,0.728,-0.266,0.7,0.0,0.0,0.0,0.0,0.0,0.0,0.0,0.0,0.315,0.0,7.8,12.3,20527.0,0.0102635
2018-12-21,0.0,1.7,13.2,5.8,8.166,3110.2,62.0,86.3,-0.1,1.1,1.8,0.753,-0.237,1.2,0.6,0.0,0.0,0.0,0.0,0.0,0.0,0.0,0.318,0.0,9.5,14.4,10365.0,0.0051825
2018-12-22,0.0,0.7,12.1,4.3,6.836,2588.0,203.5,78.0,-0.1,1.1,0.8,0.745,-0.204,1.0,0.0,0.0,0.0,0.0,0.0,0.0,0.0,0.0,0.318,0.0,11.6,13.1,13193.0,0.0065965
2018-12-23,0.0,9.7,12.5,3.9,8.083,3146.2,72.9,89.6,0.1,0.7,9.6,0.777,-0.143,1.3,1.1,0.0,0.0,0.0,0.0,0.0,0.0,0.0,0.318,0.0,10.2,13.8,15365.0,0.0076825
2018-12-24,0.0,0.0,8.7,2.1,5.764,2777.7,161.2,81.4,0.3,0.6,-0.3,0.794,-0.07,2.4,0.5,0.0,0.0,0.0,0.0,0.0,0.0,0.0,0.326,0.0,8.4,9.3,16600.0,0.0083
2018-12-25,0.0,0.0,4.6,1.6,3.878,2430.5,640.8,74.2,1.0,0.4,-1.0,0.773,-0.031,1.1,0.0,0.0,0.0,0.0,0.0,0.0,0.0,0.0,0.323,0.0,3.0,7.3,29643.0,0.0148215
2018-12-26,0.0,0.0,1.9,1.8,3.538,2453.5,406.1,81.7,0.7,0.3,-0.7,0.759,-0.043,0.7,0.0,0.0,0.0,0.0,0.0,0.0,0.0,0.0,0.32,0.0,1.0,3.1,27219.0,0.0136095
2018-12-27,0.0,0.0,0.4,1.6,3.517,2746.7,171.1,90.6,0.6,0.3,-0.6,0.748,-0.052,0.4,0.0,0.0,0.0,0.0,0.0,0.0,0.0,0.0,0.319,0.0,-0.2,0.8,20434.0,0.010217
2018-12-28,0.0,0.0,1.2,0.9,3.645,2710.8,158.5,88.4,0.4,0.3,-0.4,0.74,-0.06,0.3,0.0,0.0,0.0,0.0,0.0,0.0,0.0,0.0,0.317,0.0,0.2,3.1,16740.0,0.00837
2018-12-29,0.0,0.2,5.6,1.7,4.882,2830.2,142.4,86.0,0.0,0.5,0.2,0.735,-0.074,0.3,0.0,0.0,0.0,0.0,0.0,0.0,0.0,0.0,0.316,0.0,1.6,8.7,18764.0,0.009382
2018-12-30,0.0,0.8,9.0,1.4,6.49,3013.2,116.8,91.5,0.0,0.4,0.8,0.735,-0.087,0.3,0.1,0.0,0.0,0.0,0.0,0.0,0.0,0.0,0.316,0.0,7.8,9.2,18735.0,0.009367499999999999
2018-12-31,0.0,0.0,9.2,1.9,6.232,3058.9,103.6,86.5,0.1,0.5,-0.1,0.737,-0.113,0.3,0.0,0.0,0.0,0.0,0.0,0.0,0.0,0.0,0.316,0.0,8.7,9.7,18688.0,0.009344
2019-01-01,0.0,0.0,8.5,3.2,5.311,2665.4,143.9,77.3,0.1,0.9,-0.1,0.733,-0.054,0.3,0.0,0.0,0.0,0.0,0.0,0.0,0.0,0.0,0.316,0.0,8.4,8.8,17293.0,0.0086465
2019-01-02,0.0,0.0,6.5,3.6,4.249,2614.3,151.1,70.8,0.2,1.0,-0.2,0.729,-0.098,0.2,0.0,0.0,0.0,0.0,0.0,0.0,0.0,0.0,0.315,0.0,5.9,7.1,30450.0,0.015225
2019-01-03,0.0,0.0,5.7,2.7,4.392,2671.8,113.4,77.8,0.1,0.7,-0.1,0.726,-0.156,0.2,0.0,0.0,0.0,0.0,0.0,0.0,0.0,0.0,0.315,0.0,4.9,6.6,43060.0,0.02153
2019-01-04,0.0,0.0,4.8,2.8,4.176,2624.8,75.8,78.6,0.1,0.7,-0.1,0.722,-0.203,0.2,0.0,0.0,0.0,0.0,0.0,0.0,0.0,0.0,0.314,0.0,3.3,5.9,35544.0,0.017772
2019-01-05,0.0,0.0,5.4,3.9,3.934,2667.2,96.3,71.0,0.2,1.1,-0.2,0.719,-0.247,0.2,0.0,0.0,0.0,0.0,0.0,0.0,0.0,0.0,0.314,0.0,4.3,6.1,31861.0,0.0159305
2019-01-06,0.0,0.0,6.0,2.4,4.298,2500.4,97.6,74.0,0.0,0.7,0.0,0.716,-0.286,0.2,0.0,0.0,0.0,0.0,0.0,0.0,0.0,0.0,0.313,0.0,4.9,6.9,19164.0,0.009582
2019-01-07,0.0,0.6,7.8,2.5,5.5,2752.1,165.1,83.9,-0.1,0.6,0.7,0.716,-0.319,0.2,0.0,0.0,0.0,0.0,0.0,0.0,0.0,0.0,0.313,0.0,6.7,9.4,18686.0,0.009343
2019-01-08,0.0,0.0,8.5,4.1,5.156,2513.3,170.1,74.4,0.1,1.0,-0.1,0.718,-0.341,0.2,0.0,0.0,0.0,0.0,0.0,0.0,0.0,0.0,0.314,0.0,7.9,9.5,14947.0,0.0074735
2019-01-09,0.0,0.9,5.1,4.9,4.077,2307.5,203.0,74.9,0.1,1.0,0.8,0.721,-0.359,0.2,0.1,0.0,0.0,0.0,0.0,0.0,0.0,0.0,0.313,0.0,4.6,5.8,27009.0,0.013504500000000001
2019-01-10,0.0,0.0,4.1,2.8,3.613,2238.5,303.6,71.4,0.1,0.8,-0.1,0.72,-0.375,0.2,0.0,0.0,0.0,0.0,0.0,0.0,0.0,0.0,0.312,0.001,2.3,5.2,33191.0,0.0165955
2019-01-11,0.0,1.2,6.5,2.2,5.215,2727.8,324.6,86.2,0.2,0.6,1.0,0.724,-0.395,0.2,0.1,0.0,0.0,0.0,0.0,0.0,0.0,0.0,0.312,0.001,4.6,8.4,30682.0,0.015341
2019-01-12,0.0,0.4,8.3,3.4,5.823,2655.9,148.6,86.0,-0.2,0.7,0.6,0.726,-0.414,0.2,0.1,0.0,0.0,0.0,0.0,0.0,0.0,0.0,0.314,0.0,7.2,10.3,22321.0,0.0111605
2019-01-13,0.0,1.4,10.8,4.9,6.481,2781.6,111.3,80.8,-0.1,1.0,1.5,0.739,-0.427,0.3,0.2,0.0,0.0,0.0,0.0,0.0,0.0,0.0,0.315,0.0,8.9,11.9,15315.0,0.0076575
2019-01-14,0.0,0.0,9.0,4.2,5.005,2457.7,171.1,70.4,0.1,1.3,-0.1,0.737,-0.436,0.3,0.0,0.0,0.0,0.0,0.0,0.0,0.0,0.0,0.316,0.0,8.8,9.5,23372.0,0.011686
2019-01-15,0.0,0.0,7.9,2.5,4.352,2592.9,112.1,65.9,0.1,1.1,-0.1,0.733,-0.444,0.3,0.0,0.0,0.0,0.0,0.0,0.0,0.0,0.0,0.316,0.0,7.5,8.7,41957.0,0.0209785
2019-01-16,0.0,2.9,6.0,3.0,4.398,2488.4,390.6,75.8,0.2,0.6,2.7,0.736,-0.452,0.2,0.2,0.0,0.0,0.0,0.0,0.0,0.0,0.0,0.315,0.0,3.3,7.2,35497.0,0.0177485
2019-01-17,0.0,0.4,5.6,4.3,4.377,2514.0,404.7,76.9,0.8,0.8,-0.4,0.749,-0.459,0.3,0.2,0.0,0.0,0.0,0.0,0.0,0.0,0.0,0.318,0.0,4.2,8.1,29375.0,0.014687500000000001
2019-01-18,0.0,0.0,3.0,2.3,3.48,2112.0,342.5,74.6,0.0,0.6,0.0,0.744,-0.468,0.3,0.0,0.0,0.0,0.0,0.0,0.0,0.0,0.0,0.316,0.001,1.4,5.3,32412.0,0.016206
2019-01-19,0.0,4.2,1.2,2.9,3.612,2472.1,110.3,86.9,0.0,0.5,4.2,0.75,-0.473,0.3,0.2,0.0,0.0,0.0,0.0,0.0,0.0,0.0,0.312,0.005,-0.6,2.8,34653.0,0.017326499999999998
2019-01-20,0.0,0.2,2.7,2.6,4.061,2655.7,407.2,88.3,0.6,0.4,-0.4,0.77,-0.468,0.5,0.3,0.0,0.0,0.0,0.0,0.0,0.0,0.0,0.32,0.002,2.4,3.3,19031.0,0.0095155
2019-01-21,0.0,0.0,0.6,1.7,3.019,2255.3,769.8,76.8,1.0,0.3,-1.0,0.759,-0.463,0.4,0.0,0.0,0.0,0.0,0.0,0.0,0.0,0.0,0.318,0.002,-1.3,2.2,30586.0,0.015293
2019-01-22,4.3,3.3,0.3,3.4,3.566,2790.9,98.5,91.7,0.1,0.4,7.5,0.784,-0.447,0.4,0.9,0.3,0.0,0.002,0.0,0.01,0.2,5.0,0.317,0.002,-1.6,2.4,26879.0,0.0134395
2019-01-23,0.3,1.3,1.5,3.8,3.738,2624.1,93.3,88.7,0.4,0.5,1.2,0.812,-0.41,1.1,0.3,0.0,0.0,0.0,0.0,0.001,0.0,0.4,0.327,0.0,1.5,1.8,18382.0,0.009191
2019-01-24,0.3,1.3,1.6,2.0,3.488,2547.5,256.9,81.9,0.2,0.5,1.4,0.806,-0.377,0.9,0.0,0.0,0.0,0.0,0.0,0.0,0.0,0.3,0.325,0.002,-0.1,2.7,33088.0,0.016544
2019-01-25,0.0,1.2,4.7,1.8,4.925,2889.1,173.2,92.3,0.0,0.4,1.2,0.812,-0.332,0.9,0.4,0.0,0.0,0.0,0.0,0.0,0.0,0.0,0.327,0.0,2.5,8.7,24160.0,0.01208
2019-01-26,0.0,1.1,8.8,4.2,6.087,2740.5,119.2,86.6,0.1,0.8,1.0,0.811,-0.276,0.9,0.1,0.0,0.0,0.0,0.0,0.0,0.0,0.0,0.327,0.0,6.4,9.6,25178.0,0.012589
2019-01-27,0.0,6.5,6.6,5.8,4.874,2707.8,144.4,80.2,0.7,1.2,5.8,0.843,-0.192,1.4,1.0,0.0,0.0,0.0,0.0,0.0,0.0,0.0,0.327,0.0,5.2,7.7,27404.0,0.013701999999999999
2019-01-28,0.0,0.0,4.7,4.0,3.668,2146.1,306.6,69.7,0.2,1.1,-0.2,0.837,-0.109,1.3,0.0,0.0,0.0,0.0,0.0,0.0,0.0,0.0,0.332,0.0,3.6,6.2,29471.0,0.0147355
2019-01-29,3.9,15.6,2.5,3.0,3.497,2363.4,196.8,77.5,0.1,0.8,19.4,0.86,-0.013,0.9,1.3,0.2,0.0,0.001,0.0,0.004,0.1,8.5,0.326,0.004,1.4,4.5,23200.0,0.0116
2019-01-30,1.1,4.6,2.6,3.3,3.855,2561.6,383.1,84.8,0.3,0.6,5.4,0.944,0.131,7.3,3.3,0.1,0.3,0.001,0.002,0.004,0.1,1.8,0.346,0.002,0.7,4.2,26005.0,0.0130025
2019-01-31,0.0,1.9,1.9,3.6,3.725,2518.7,347.2,85.5,0.5,0.6,1.4,0.926,0.27,2.9,0.3,0.0,0.0,0.0,0.0,0.001,0.0,0.0,0.345,0.0,-0.2,5.1,14983.0,0.0074915
2019-02-01,0.0,16.4,6.2,1.7,5.33,2937.0,207.1,90.4,0.2,0.5,16.2,0.959,0.423,2.9,2.2,0.0,0.0,0.0,0.0,0.0,0.0,0.0,0.344,0.0,2.9,7.4,20733.0,0.0103665
2019-02-02,0.0,0.1,4.6,4.8,4.234,2478.8,469.9,80.9,0.8,0.7,-0.7,0.982,0.553,5.3,1.2,0.0,0.0,0.0,0.0,0.0,0.0,0.0,0.356,0.0,3.7,5.3,16163.0,0.0080815
2019-02-03,0.0,0.0,4.1,3.6,3.675,2222.0,681.6,72.4,0.7,0.9,-0.7,0.952,0.638,1.8,0.0,0.0,0.0,0.0,0.0,0.0,0.0,0.0,0.349,0.001,2.6,6.1,38426.0,0.019213
2019-02-04,0.0,0.1,2.8,3.5,3.464,2399.0,255.9,74.9,0.2,0.8,-0.1,0.937,0.699,1.2,0.0,0.0,0.0,0.0,0.0,0.0,0.0,0.0,0.345,0.001,1.0,4.1,36659.0,0.0183295
2019-02-05,0.0,0.0,5.3,2.1,4.262,2551.2,777.5,77.6,0.9,0.6,-0.9,0.921,0.759,1.0,0.0,0.0,0.0,0.0,0.0,0.0,0.0,0.0,0.345,0.0,3.6,7.6,35788.0,0.017894
2019-02-06,0.0,4.7,8.0,3.3,6.146,2949.3,224.5,91.5,0.2,0.6,4.5,0.928,0.807,0.9,0.3,0.0,0.0,0.0,0.0,0.0,0.0,0.0,0.342,0.0,4.8,10.5,40424.0,0.020212
2019-02-07,0.0,0.9,9.1,4.9,5.241,2572.6,504.7,73.7,0.7,1.3,0.2,0.934,0.864,1.1,0.3,0.0,0.0,0.0,0.0,0.0,0.0,0.0,0.346,0.0,7.7,10.8,33660.0,0.01683
2019-02-08,0.0,3.6,9.2,6.0,5.902,2834.8,94.6,82.1,0.4,1.0,3.2,0.95,0.927,1.3,0.7,0.0,0.0,0.0,0.0,0.0,0.0,0.0,0.345,0.0,7.4,10.4,44820.0,0.02241
2019-02-09,0.0,2.8,10.1,5.2,5.625,2458.2,410.3,73.5,0.3,1.4,2.5,0.942,0.914,1.2,0.1,0.0,0.0,0.0,0.0,0.0,0.0,0.0,0.347,0.0,8.5,11.6,39372.0,0.019686
2019-02-10,0.0,8.3,8.2,7.5,5.616,2790.3,169.9,82.4,1.1,1.1,7.2,0.989,0.945,2.5,1.8,0.0,0.0,0.0,0.0,0.0,0.0,0.0,0.348,0.0,7.2,10.1,21066.0,0.010533
2019-02-11,0.0,0.2,6.6,3.1,4.766,2520.4,274.5,78.8,0.1,0.9,0.1,0.974,0.949,2.0,0.0,0.0,0.0,0.0,0.0,0.0,0.0,0.0,0.352,0.0,4.9,8.5,43846.0,0.021922999999999998
2019-02-12,0.0,0.0,5.5,1.4,4.293,2558.4,485.1,77.5,0.6,0.7,-0.6,0.956,0.94,1.4,0.0,0.0,0.0,0.0,0.0,0.0,0.0,0.0,0.35,0.0,2.9,7.8,62167.0,0.0310835
2019-02-13,0.0,0.0,5.0,1.4,4.107,2545.7,799.3,76.7,1.1,0.7,-1.1,0.935,0.951,1.0,0.0,0.0,0.0,0.0,0.0,0.0,0.0,0.0,0.347,0.0,1.0,8.0,71707.0,0.035853499999999996
2019-02-14,0.0,0.0,7.5,1.4,4.414,2574.6,848.8,69.2,0.9,0.9,-0.9,0.917,0.964,0.8,0.0,0.0,0.0,0.0,0.0,0.0,0.0,0.0,0.344,0.0,2.9,11.2,72042.0,0.036021
2019-02-15,0.0,0.0,8.4,1.4,4.301,2503.1,1163.9,64.2,1.6,1.0,-1.6,0.897,0.966,0.7,0.0,0.0,0.0,0.0,0.0,0.0,0.0,0.0,0.342,0.0,2.9,12.5,73704.0,0.036852
2019-02-16,0.0,0.0,10.1,1.2,4.895,2639.1,907.4,65.1,1.0,1.0,-1.0,0.879,0.946,0.6,0.0,0.0,0.0,0.0,0.0,0.0,0.0,0.0,0.338,0.0,4.8,14.7,72864.0,0.036432
2019-02-17,0.0,0.0,11.2,1.8,4.304,2604.5,919.1,54.2,1.2,1.5,-1.2,0.864,0.902,0.5,0.0,0.0,0.0,0.0,0.0,0.0,0.0,0.0,0.336,0.0,6.3,15.8,72173.0,0.0360865
2019-02-18,0.0,0.0,9.9,2.4,4.705,2550.3,919.5,62.4,1.1,1.4,-1.1,0.847,0.837,0.5,0.0,0.0,0.0,0.0,0.0,0.0,0.0,0.0,0.334,0.0,3.6,14.0,64427.0,0.0322135
2019-02-19,0.0,0.0,8.2,1.4,5.408,2627.9,771.8,80.2,1.0,0.8,-1.0,0.834,0.788,0.4,0.0,0.0,0.0,0.0,0.0,0.0,0.0,0.0,0.331,0.0,7.7,9.3,45956.0,0.022978
2019-02-20,0.0,0.0,8.1,0.9,5.201,2688.9,1076.7,77.8,1.3,0.8,-1.3,0.818,0.676,0.4,0.0,0.0,0.0,0.0,0.0,0.0,0.0,0.0,0.33,0.0,0.9,12.5,65487.0,0.0327435
2019-02-21,0.0,0.0,10.6,0.6,5.678,2772.8,1052.8,72.4,1.3,0.9,-1.3,0.802,0.563,0.4,0.0,0.0,0.0,0.0,0.0,0.0,0.0,0.0,0.327,0.0,6.4,14.3,70315.0,0.0351575
2019-02-22,0.0,0.0,11.6,1.0,5.493,2829.5,1203.2,66.5,1.6,1.1,-1.6,0.784,0.444,0.3,0.0,0.0,0.0,0.0,0.0,0.0,0.0,0.0,0.325,0.0,5.9,15.9,73214.0,0.036607
2019-02-23,0.0,0.0,11.7,1.9,4.709,2491.3,1255.4,56.1,1.5,1.5,-1.5,0.766,0.325,0.3,0.0,0.0,0.0,0.0,0.0,0.0,0.0,0.0,0.322,0.0,8.4,14.9,78390.0,0.039195
2019-02-24,0.0,0.0,10.0,1.9,3.026,2361.7,1217.1,40.4,1.4,1.7,-1.4,0.749,0.211,0.3,0.0,0.0,0.0,0.0,0.0,0.0,0.0,0.0,0.32,0.0,5.8,13.2,73635.0,0.036817499999999996
2019-02-25,0.0,0.0,11.8,2.0,3.514,2512.1,1383.5,41.5,1.4,2.1,-1.4,0.733,0.108,0.3,0.0,0.0,0.0,0.0,0.0,0.0,0.0,0.0,0.317,0.0,6.3,16.2,77958.0,0.038979
2019-02-26,0.0,0.0,12.3,1.7,4.704,2660.8,1305.5,53.9,1.1,1.7,-1.1,0.719,0.015,0.3,0.0,0.0,0.0,0.0,0.0,0.0,0.0,0.0,0.315,0.0,6.9,16.8,77185.0,0.0385925
2019-02-27,0.0,0.0,12.9,0.9,5.577,2782.3,1410.6,61.3,1.1,1.4,-1.1,0.706,-0.08,0.2,0.0,0.0,0.0,0.0,0.0,0.0,0.0,0.0,0.313,0.0,6.3,18.0,81118.0,0.040559
2019-02-28,0.0,3.1,12.0,3.9,6.238,2529.4,1129.4,71.9,0.6,1.8,2.5,0.701,-0.183,0.2,0.0,0.0,0.0,0.0,0.0,0.0,0.0,0.0,0.311,0.0,11.2,13.5,58003.0,0.0290015
2019-03-01,0.0,1.6,10.8,3.4,6.405,2800.1,203.3,79.7,0.1,1.1,1.5,0.729,-0.266,0.2,0.2,0.0,0.0,0.0,0.0,0.0,0.0,0.0,0.314,0.0,9.5,12.0,43869.0,0.0219345
2019-03-02,0.0,0.6,10.8,3.2,6.146,2707.9,280.1,76.7,0.1,1.1,0.5,0.735,-0.338,0.2,0.1,0.0,0.0,0.0,0.0,0.0,0.0,0.0,0.315,0.0,8.5,12.3,49565.0,0.0247825
2019-03-03,0.0,3.5,12.8,6.2,6.687,2696.2,301.2,73.2,0.4,1.8,3.1,0.743,-0.395,0.2,0.1,0.0,0.0,0.0,0.0,0.0,0.0,0.0,0.316,0.0,11.0,14.8,59730.0,0.029865
2019-03-04,0.0,2.7,9.0,5.8,5.51,2569.2,289.3,77.2,0.6,1.5,2.1,0.775,-0.424,0.2,0.4,0.0,0.0,0.0,0.0,0.0,0.0,0.0,0.32,0.0,8.6,9.6,44795.0,0.0223975
2019-03-05,0.0,0.7,9.0,3.8,5.681,2538.3,377.1,79.3,0.1,1.1,0.6,0.78,-0.432,0.2,0.1,0.0,0.0,0.0,0.0,0.0,0.0,0.0,0.322,0.0,6.1,11.4,67587.0,0.0337935
2019-03-06,0.0,12.4,10.7,4.6,6.21,2899.5,241.1,77.7,0.5,1.4,11.9,0.814,-0.4,0.2,0.7,0.0,0.0,0.0,0.0,0.0,0.0,0.0,0.322,0.0,9.0,11.9,26510.0,0.013255000000000001
2019-03-07,0.0,0.8,9.8,5.2,5.351,2596.8,563.3,71.9,1.1,1.8,-0.3,0.875,-0.304,0.5,0.8,0.0,0.0,0.0,0.0,0.0,0.0,0.0,0.337,0.0,8.1,11.8,63746.0,0.031873
2019-03-08,0.0,0.8,9.3,4.4,5.063,2403.7,1208.3,70.2,1.9,1.9,-1.1,0.857,-0.206,0.5,0.0,0.0,0.0,0.0,0.0,0.0,0.0,0.0,0.336,0.0,6.2,11.7,55810.0,0.027905
2019-03-09,0.0,5.5,11.9,4.1,6.848,2813.5,333.7,79.2,0.2,1.4,5.3,0.861,-0.083,0.4,0.3,0.0,0.0,0.0,0.0,0.0,0.0,0.0,0.333,0.0,8.8,14.3,35799.0,0.0178995
2019-03-10,0.0,1.9,11.5,7.0,5.641,2744.8,897.3,66.0,3.2,2.6,-1.3,0.879,0.063,0.6,0.6,0.0,0.0,0.0,0.0,0.0,0.0,0.0,0.339,0.0,10.1,13.7,44631.0,0.0223155
2019-03-11,0.0,0.2,7.9,5.0,4.053,2342.7,903.2,62.0,1.6,1.8,-1.4,0.862,0.186,0.5,0.1,0.0,0.0,0.0,0.0,0.0,0.0,0.0,0.336,0.0,5.9,9.5,73423.0,0.0367115
2019-03-12,0.0,2.3,7.9,6.0,4.338,2577.6,413.3,66.2,1.1,2.1,1.2,0.855,0.328,0.4,0.2,0.0,0.0,0.0,0.0,0.0,0.0,0.0,0.333,0.0,5.7,11.9,74595.0,0.0372975
2019-03-13,0.0,1.2,7.8,6.6,4.801,2492.1,400.2,73.2,0.8,1.6,0.4,0.857,0.486,0.4,0.1,0.0,0.0,0.0,0.0,0.0,0.0,0.0,0.334,0.0,5.1,10.1,64595.0,0.0322975
2019-03-14,0.0,5.2,9.8,6.1,6.482,3009.0,294.9,85.8,0.9,1.3,4.3,0.872,0.615,0.4,0.5,0.0,0.0,0.0,0.0,0.0,0.0,0.0,0.334,0.0,7.5,12.3,41402.0,0.020701
2019-03-15,0.0,0.0,13.0,6.2,7.042,2742.1,314.5,75.8,0.4,1.6,-0.4,0.884,0.736,0.7,0.2,0.0,0.0,0.0,0.0,0.0,0.0,0.0,0.339,0.0,11.3,14.2,40574.0,0.020287
2019-03-16,0.0,3.0,11.7,5.7,5.939,2802.5,592.4,69.8,1.6,1.9,1.4,0.872,0.823,0.6,0.0,0.0,0.0,0.0,0.0,0.0,0.0,0.0,0.337,0.0,10.2,12.9,79398.0,0.039699
2019-03-17,0.0,2.0,7.7,4.6,4.877,2627.8,699.5,75.1,1.7,1.7,0.3,0.885,0.867,0.6,0.6,0.0,0.0,0.0,0.0,0.0,0.0,0.0,0.338,0.0,6.1,9.9,56993.0,0.0284965
2019-03-18,0.0,0.0,7.8,3.3,4.521,2346.7,749.2,69.9,0.7,1.7,-0.7,0.872,0.909,0.5,0.0,0.0,0.0,0.0,0.0,0.0,0.0,0.0,0.337,0.0,5.5,10.8,64522.0,0.032261
2019-03-19,0.0,0.0,8.8,1.3,4.55,2486.0,1122.9,66.4,1.5,1.5,-1.5,0.855,0.919,0.5,0.0,0.0,0.0,0.0,0.0,0.0,0.0,0.0,0.335,0.0,4.3,12.0,68336.0,0.034168
2019-03-20,0.0,0.0,9.8,1.0,5.012,2560.2,762.6,67.5,0.5,1.3,-0.5,0.843,0.905,0.4,0.0,0.0,0.0,0.0,0.0,0.0,0.0,0.0,0.333,0.0,5.0,13.4,93439.0,0.0467195
2019-03-21,0.0,0.0,11.6,2.6,5.585,2582.0,1746.4,67.2,2.8,2.4,-2.8,0.819,0.887,0.4,0.0,0.0,0.0,0.0,0.0,0.0,0.0,0.0,0.331,0.0,6.8,15.7,96064.0,0.048032
2019-03-22,0.0,0.0,12.2,1.5,5.595,2691.5,1846.4,65.6,2.8,2.3,-2.8,0.79,0.856,0.3,0.0,0.0,0.0,0.0,0.0,0.0,0.0,0.0,0.327,0.0,6.5,16.6,97378.0,0.048689
2019-03-23,0.0,0.0,10.1,2.9,5.6,2684.4,1319.6,73.3,1.6,1.8,-1.6,0.767,0.822,0.3,0.0,0.0,0.0,0.0,0.0,0.0,0.0,0.0,0.322,0.0,6.0,13.3,94130.0,0.047065
2019-03-24,0.0,0.0,10.2,3.2,5.269,2755.4,869.5,68.3,1.3,1.8,-1.3,0.752,0.775,0.3,0.0,0.0,0.0,0.0,0.0,0.0,0.0,0.0,0.32,0.0,8.6,12.1,90846.0,0.045423
2019-03-25,0.0,0.0,9.0,4.3,3.962,2260.8,1430.2,56.9,1.7,2.6,-1.7,0.734,0.707,0.2,0.0,0.0,0.0,0.0,0.0,0.0,0.0,0.0,0.318,0.0,5.9,12.3,89398.0,0.044699
2019-03-26,0.0,0.0,9.4,3.4,4.162,2352.2,1546.2,57.2,1.4,2.4,-1.4,0.718,0.623,0.2,0.0,0.0,0.0,0.0,0.0,0.0,0.0,0.0,0.315,0.0,6.5,11.9,101841.0,0.0509205
2019-03-27,0.0,0.0,9.8,3.4,4.467,2571.8,1108.4,60.8,1.1,2.3,-1.1,0.704,0.511,0.2,0.0,0.0,0.0,0.0,0.0,0.0,0.0,0.0,0.313,0.0,6.0,13.2,99265.0,0.049632499999999996
2019-03-28,0.0,0.0,10.6,3.0,4.826,2431.4,1387.8,62.1,1.1,2.5,-1.1,0.691,0.39,0.2,0.0,0.0,0.0,0.0,0.0,0.0,0.0,0.0,0.311,0.0,7.5,14.5,98960.0,0.04948
2019-03-29,0.0,0.0,12.2,2.5,5.1,2524.5,1995.6,59.6,1.5,2.9,-1.5,0.676,0.269,0.2,0.0,0.0,0.0,0.0,0.0,0.0,0.0,0.0,0.309,0.0,6.7,17.0,99952.0,0.049976
2019-03-30,0.0,0.0,13.7,1.3,4.647,2513.2,1273.3,50.3,1.0,2.2,-1.0,0.664,0.137,0.2,0.0,0.0,0.0,0.0,0.0,0.0,0.0,0.0,0.307,0.0,8.0,18.3,101530.0,0.050765
2019-03-31,0.0,0.0,14.4,3.7,5.156,2530.5,2108.2,51.7,1.6,4.1,-1.6,0.649,0.021,0.2,0.0,0.0,0.0,0.0,0.0,0.0,0.0,0.0,0.305,0.0,8.3,20.7,98929.0,0.0494645
2019-04-01,0.0,2.0,15.4,2.5,5.571,2515.1,1915.7,53.8,1.1,3.2,0.9,0.638,-0.069,0.2,0.0,0.0,0.0,0.0,0.0,0.0,0.0,0.0,0.303,0.0,8.7,19.5,78671.0,0.0393355
2019-04-02,0.0,5.5,12.3,4.0,6.345,2839.6,953.2,70.6,1.9,2.6,3.6,0.655,-0.127,0.1,0.2,0.0,0.0,0.0,0.0,0.0,0.0,0.0,0.303,0.0,8.8,17.1,53721.0,0.0268605
2019-04-03,0.0,0.1,7.1,3.5,4.41,2380.8,1233.8,71.1,1.6,1.9,-1.5,0.671,-0.164,0.1,0.2,0.0,0.0,0.0,0.0,0.0,0.0,0.0,0.308,0.0,5.4,8.8,38407.0,0.0192035
2019-04-04,0.0,0.0,7.5,2.9,3.766,2198.2,1461.3,60.5,1.4,2.2,-1.4,0.656,-0.205,0.1,0.0,0.0,0.0,0.0,0.0,0.0,0.0,0.0,0.305,0.0,2.9,10.8,72611.0,0.0363055
2019-04-05,0.0,0.0,9.7,3.5,3.912,2116.7,1105.1,53.7,0.8,2.7,-0.8,0.645,-0.236,0.1,0.0,0.0,0.0,0.0,0.0,0.0,0.0,0.0,0.303,0.0,4.3,14.1,71308.0,0.035654
2019-04-06,0.0,0.0,12.1,3.0,4.941,2307.9,1562.2,57.4,1.1,2.8,-1.1,0.634,-0.255,0.1,0.0,0.0,0.0,0.0,0.0,0.0,0.0,0.0,0.302,0.0,5.5,16.2,40149.0,0.0200745
2019-04-07,0.0,0.0,12.4,2.0,5.365,2384.3,824.1,60.4,0.4,2.0,-0.4,0.628,-0.282,0.1,0.0,0.0,0.0,0.0,0.0,0.0,0.0,0.0,0.301,0.0,9.4,14.5,63664.0,0.031832
2019-04-08,0.0,0.1,12.7,1.3,5.723,2453.4,1139.0,63.7,0.6,2.0,-0.5,0.621,-0.3,0.1,0.0,0.0,0.0,0.0,0.0,0.0,0.0,0.0,0.3,0.0,8.6,16.4,69059.0,0.0345295
2019-04-09,0.0,0.6,12.1,2.2,6.587,2650.2,778.7,75.4,0.4,1.6,0.2,0.621,-0.295,0.1,0.0,0.0,0.0,0.0,0.0,0.0,0.0,0.0,0.299,0.0,10.6,13.5,77762.0,0.038881
2019-04-10,0.0,1.6,11.0,3.4,6.415,2743.7,904.6,78.8,0.9,1.7,0.7,0.627,-0.254,0.1,0.1,0.0,0.0,0.0,0.0,0.0,0.0,0.0,0.299,0.0,10.8,12.7,66475.0,0.0332375
2019-04-11,0.0,0.0,9.0,4.7,4.067,2161.6,2482.9,58.0,1.7,3.6,-1.7,0.613,-0.213,0.1,0.0,0.0,0.0,0.0,0.0,0.0,0.0,0.0,0.3,0.0,4.9,13.1,69686.0,0.034843
2019-04-12,0.0,0.0,7.4,4.2,3.445,2192.4,1572.7,55.1,1.0,2.7,-1.0,0.601,-0.194,0.1,0.0,0.0,0.0,0.0,0.0,0.0,0.0,0.0,0.297,0.0,3.8,11.2,103593.0,0.0517965
2019-04-13,0.0,0.0,6.3,3.7,2.773,2126.1,1856.4,47.8,1.1,2.9,-1.1,0.589,-0.195,0.1,0.0,0.0,0.0,0.0,0.0,0.0,0.0,0.0,0.295,0.001,2.9,9.6,104676.0,0.052338
2019-04-14,0.0,0.0,6.4,3.3,3.204,2149.1,1830.1,55.1,0.7,2.5,-0.7,0.581,-0.194,0.1,0.0,0.0,0.0,0.0,0.0,0.0,0.0,0.0,0.294,0.001,1.9,9.2,87474.0,0.043737
2019-04-15,0.0,0.0,11.3,3.3,3.908,2279.8,1857.1,48.4,1.0,3.4,-1.0,0.571,-0.193,0.1,0.0,0.0,0.0,0.0,0.0,0.0,0.0,0.0,0.293,0.0,4.6,16.0,83084.0,0.041542
2019-04-16,0.0,0.0,12.2,2.3,5.969,2666.5,472.2,67.7,0.1,1.7,-0.1,0.567,-0.187,0.1,0.0,0.0,0.0,0.0,0.0,0.0,0.0,0.0,0.291,0.0,11.2,13.3,60474.0,0.030237
2019-04-17,0.0,0.0,13.9,2.0,6.466,2649.9,1253.2,67.2,0.6,2.3,-0.6,0.562,-0.175,0.1,0.0,0.0,0.0,0.0,0.0,0.0,0.0,0.0,0.291,0.0,8.2,17.7,85997.0,0.0429985
2019-04-18,0.0,0.0,18.1,3.0,6.232,2585.5,1646.1,50.5,1.2,4.0,-1.2,0.551,-0.176,0.1,0.0,0.0,0.0,0.0,0.0,0.0,0.0,0.0,0.29,0.0,12.8,22.8,86543.0,0.0432715
2019-04-19,0.0,0.2,19.3,2.3,6.648,2811.6,1909.0,49.2,1.3,3.9,-1.1,0.54,-0.193,0.1,0.0,0.0,0.0,0.0,0.0,0.0,0.0,0.0,0.288,0.0,12.5,24.0,101060.0,0.05053
2019-04-20,0.0,0.0,20.7,3.3,6.156,2798.3,2426.4,42.7,1.7,5.5,-1.7,0.524,-0.225,0.1,0.0,0.0,0.0,0.0,0.0,0.0,0.0,0.0,0.287,0.0,15.3,26.0,98549.0,0.0492745
2019-04-21,0.0,0.0,19.4,2.5,5.452,2606.2,1531.9,40.9,0.8,4.2,-0.8,0.513,-0.255,0.1,0.0,0.0,0.0,0.0,0.0,0.0,0.0,0.0,0.284,0.0,14.0,24.9,55217.0,0.0276085
2019-04-22,0.0,0.0,18.7,1.7,6.004,2719.9,917.1,46.9,0.2,2.9,-0.2,0.509,-0.278,0.1,0.0,0.0,0.0,0.0,0.0,0.0,0.0,0.0,0.283,0.0,12.5,24.1,70184.0,0.035092
2019-04-23,0.0,0.0,17.4,2.0,6.416,2577.1,635.9,52.1,0.0,2.4,0.0,0.507,-0.296,0.1,0.0,0.0,0.0,0.0,0.0,0.0,0.0,0.0,0.283,0.0,14.0,20.3,50009.0,0.0250045
2019-04-24,0.0,4.4,14.4,3.1,7.017,2629.7,693.6,69.1,0.3,2.0,4.1,0.514,-0.312,0.1,0.0,0.0,0.0,0.0,0.0,0.0,0.0,0.0,0.282,0.0,14.0,15.4,67847.0,0.0339235
2019-04-25,0.0,0.2,11.9,3.2,6.645,2603.7,663.8,76.8,0.6,1.8,-0.4,0.542,-0.308,0.1,0.1,0.0,0.0,0.0,0.0,0.0,0.0,0.0,0.288,0.0,11.3,13.9,60661.0,0.0303305
2019-04-26,0.0,0.7,12.3,3.3,5.992,2544.4,1408.4,68.4,1.2,2.6,-0.5,0.534,-0.316,0.1,0.0,0.0,0.0,0.0,0.0,0.0,0.0,0.0,0.287,0.0,8.5,15.0,74836.0,0.037418
2019-04-27,0.0,2.4,10.5,4.9,5.609,2673.7,1022.2,71.4,1.8,2.5,0.6,0.541,-0.319,0.1,0.1,0.0,0.0,0.0,0.0,0.0,0.0,0.0,0.287,0.0,9.5,12.9,74764.0,0.037382
2019-04-28,0.0,0.9,9.5,3.3,5.536,2635.4,767.3,75.5,0.8,1.7,0.1,0.541,-0.313,0.1,0.0,0.0,0.0,0.0,0.0,0.0,0.0,0.0,0.287,0.0,7.7,11.0,73671.0,0.0368355
2019-04-29,0.0,0.0,12.0,2.1,5.59,2542.7,2593.8,65.9,1.8,3.5,-1.8,0.527,-0.315,0.0,0.0,0.0,0.0,0.0,0.0,0.0,0.0,0.0,0.287,0.0,7.7,15.4,96204.0,0.048102
2019-04-30,0.0,0.0,12.0,2.7,5.982,2526.4,2383.4,69.2,1.1,3.3,-1.1,0.514,-0.344,0.0,0.0,0.0,0.0,0.0,0.0,0.0,0.0,0.0,0.285,0.0,9.2,14.5,107190.0,0.053595000000000004
2019-05-01,0.0,0.0,13.8,1.9,6.667,2717.4,1725.1,69.2,0.9,2.8,-0.9,0.504,-0.383,0.0,0.0,0.0,0.0,0.0,0.0,0.0,0.0,0.0,0.283,0.0,8.9,17.3,104044.0,0.052022
2019-05-02,0.0,2.4,12.4,3.1,6.825,2727.8,598.5,76.6,0.7,1.8,1.7,0.515,-0.406,0.0,0.1,0.0,0.0,0.0,0.0,0.0,0.0,0.0,0.282,0.0,10.6,14.4,68638.0,0.034319
2019-05-03,0.0,4.1,11.9,2.1,6.209,2644.4,1766.8,72.5,1.6,2.8,2.5,0.512,-0.424,0.0,0.0,0.0,0.0,0.0,0.0,0.0,0.0,0.0,0.284,0.0,9.1,15.9,68402.0,0.034201
2019-05-04,0.0,5.8,7.1,4.5,4.966,2590.4,583.0,79.3,1.4,1.3,4.4,0.577,-0.403,0.0,0.4,0.0,0.0,0.0,0.0,0.0,0.0,0.0,0.287,0.0,6.4,7.8,68912.0,0.034456
2019-05-05,0.0,0.7,8.1,3.5,4.441,2415.5,1614.5,67.4,2.2,2.6,-1.5,0.569,-0.411,0.0,0.0,0.0,0.0,0.0,0.0,0.0,0.0,0.0,0.293,0.0,5.1,11.5,97699.0,0.0488495
2019-05-06,0.0,0.0,9.7,1.3,4.1,2309.7,1108.8,56.3,0.8,2.1,-0.8,0.558,-0.414,0.0,0.0,0.0,0.0,0.0,0.0,0.0,0.0,0.0,0.291,0.0,5.7,13.0,114868.0,0.057434
2019-05-07,0.0,2.2,12.6,1.9,4.646,2437.6,989.8,52.5,0.7,2.5,1.5,0.554,-0.43,0.0,0.0,0.0,0.0,0.0,0.0,0.0,0.0,0.0,0.29,0.0,8.1,15.8,97448.0,0.048724
2019-05-08,0.0,16.4,13.0,3.7,7.144,2828.5,1002.1,76.9,1.5,2.1,14.9,0.604,-0.413,0.0,0.3,0.0,0.0,0.0,0.0,0.0,0.0,0.0,0.292,0.0,10.9,15.3,40344.0,0.020172
2019-05-09,0.0,1.8,12.9,4.2,7.067,2964.6,1076.1,76.9,2.4,2.2,-0.6,0.696,-0.32,0.2,1.3,0.0,0.0,0.0,0.0,0.0,0.0,0.0,0.311,0.0,10.9,14.7,69648.0,0.034824
2019-05-10,0.0,43.9,13.0,1.6,6.687,2919.6,1447.4,72.8,2.9,2.6,41.0,0.737,-0.174,0.2,1.8,0.0,0.0,0.0,0.0,0.0,0.0,0.0,0.309,0.0,10.9,16.9,75549.0,0.0377745
2019-05-11,0.0,8.5,12.0,3.5,7.198,2880.4,1010.3,83.0,2.0,1.8,6.5,0.922,0.194,14.4,9.1,0.0,0.0,0.0,0.0,0.0,0.0,0.0,0.348,0.0,10.1,13.9,77768.0,0.038884
2019-05-12,0.0,0.2,11.7,4.0,5.003,2419.5,1828.4,59.8,3.4,3.2,-3.2,0.869,0.566,1.6,0.0,0.0,0.0,0.0,0.0,0.0,0.0,0.0,0.34,0.0,8.3,14.6,117587.0,0.0587935
2019-05-13,0.0,0.0,13.4,4.9,4.459,2392.8,2673.1,48.6,5.6,4.8,-5.6,0.816,0.821,0.4,0.0,0.0,0.0,0.0,0.0,0.0,0.0,0.0,0.333,0.0,8.8,17.1,127589.0,0.0637945
2019-05-14,0.0,0.0,14.4,4.4,4.297,2396.4,2615.3,42.8,4.5,5.1,-4.5,0.767,0.969,0.1,0.0,0.0,0.0,0.0,0.0,0.0,0.0,0.0,0.325,0.0,10.1,18.3,126007.0,0.0630035
2019-05-15,0.0,0.0,14.9,3.6,4.231,2394.5,2802.4,40.9,3.4,5.2,-3.4,0.729,1.08,0.1,0.0,0.0,0.0,0.0,0.0,0.0,0.0,0.0,0.319,0.0,11.4,18.1,122808.0,0.061404
2019-05-16,0.0,0.0,14.9,3.3,4.553,2455.1,2363.6,43.5,2.4,4.7,-2.4,0.702,1.19,0.1,0.0,0.0,0.0,0.0,0.0,0.0,0.0,0.0,0.314,0.0,11.6,18.0,106499.0,0.0532495
2019-05-17,0.0,0.5,15.7,1.8,6.405,2776.0,869.9,58.4,0.8,2.4,-0.3,0.69,1.303,0.1,0.0,0.0,0.0,0.0,0.0,0.0,0.0,0.0,0.31,0.0,11.3,18.7,44357.0,0.0221785
2019-05-18,0.0,8.6,15.3,1.5,8.047,2845.0,945.5,75.1,1.1,2.1,7.5,0.714,1.393,0.1,0.3,0.0,0.0,0.0,0.0,0.0,0.0,0.0,0.309,0.0,12.5,17.7,60888.0,0.030444
2019-05-19,0.0,1.7,14.4,2.4,8.59,2931.7,692.8,84.5,1.0,1.6,0.7,0.754,1.433,0.1,0.4,0.0,0.0,0.0,0.0,0.0,0.0,0.0,0.319,0.0,12.6,16.7,53283.0,0.0266415
2019-05-20,0.0,0.3,15.3,3.2,7.765,2955.0,1210.6,72.6,2.2,2.7,-1.9,0.748,1.435,0.1,0.1,0.0,0.0,0.0,0.0,0.0,0.0,0.0,0.319,0.0,11.5,18.7,69451.0,0.0347255
2019-05-21,0.0,0.3,16.1,1.8,7.539,2850.2,1797.1,67.0,2.7,3.2,-2.4,0.724,1.291,0.1,0.0,0.0,0.0,0.0,0.0,0.0,0.0,0.0,0.317,0.0,13.0,19.0,91073.0,0.0455365
2019-05-22,0.0,0.0,16.9,0.9,6.631,2704.1,1848.3,56.9,2.3,3.3,-2.3,0.699,1.184,0.1,0.0,0.0,0.0,0.0,0.0,0.0,0.0,0.0,0.313,0.0,13.0,20.8,113534.0,0.056767
2019-05-23,0.0,0.0,18.6,1.1,6.98,2647.1,1870.3,54.0,2.0,3.7,-2.0,0.678,1.078,0.1,0.0,0.0,0.0,0.0,0.0,0.0,0.0,0.0,0.31,0.0,13.8,23.0,108005.0,0.0540025
2019-05-24,0.0,0.0,18.8,2.7,7.65,2767.2,1329.9,57.7,1.3,3.6,-1.3,0.663,1.004,0.1,0.0,0.0,0.0,0.0,0.0,0.0,0.0,0.0,0.307,0.0,15.2,22.3,79913.0,0.0399565
2019-05-25,0.0,2.2,17.4,2.6,7.898,2839.4,1183.1,64.0,1.1,2.8,1.1,0.655,0.957,0.1,0.0,0.0,0.0,0.0,0.0,0.0,0.0,0.0,0.305,0.0,14.8,20.1,81284.0,0.040642
2019-05-26,0.0,0.0,16.3,2.8,8.488,2892.6,1284.4,73.9,1.4,2.7,-1.4,0.655,0.932,0.1,0.1,0.0,0.0,0.0,0.0,0.0,0.0,0.0,0.306,0.0,14.5,17.8,83334.0,0.041667
2019-05-27,0.0,0.0,17.2,3.4,7.611,2592.9,1042.2,63.4,1.0,3.1,-1.0,0.644,0.914,0.1,0.0,0.0,0.0,0.0,0.0,0.0,0.0,0.0,0.304,0.0,15.3,19.7,75975.0,0.0379875
2019-05-28,0.0,2.3,14.5,3.9,6.982,2778.7,1512.4,68.5,2.2,3.1,0.1,0.643,0.882,0.1,0.1,0.0,0.0,0.0,0.0,0.0,0.0,0.0,0.302,0.0,12.2,16.9,80378.0,0.040189
2019-05-29,0.0,0.0,15.8,2.5,6.673,2616.8,1597.5,61.2,1.4,3.4,-1.4,0.629,0.819,0.1,0.0,0.0,0.0,0.0,0.0,0.0,0.0,0.0,0.302,0.0,11.4,19.3,97873.0,0.0489365
2019-05-30,0.0,0.0,17.6,1.9,8.977,2802.6,1315.6,72.1,0.8,2.7,-0.8,0.62,0.741,0.1,0.0,0.0,0.0,0.0,0.0,0.0,0.0,0.0,0.3,0.0,15.4,19.9,102114.0,0.051057
2019-05-31,0.0,0.0,20.1,1.1,9.19,3174.0,939.4,63.8,0.8,2.5,-0.8,0.611,0.695,0.1,0.0,0.0,0.0,0.0,0.0,0.0,0.0,0.0,0.299,0.0,16.0,25.0,121102.0,0.060551
2019-06-01,0.0,0.0,23.3,1.8,10.636,3059.7,2832.4,61.0,2.2,5.6,-2.2,0.592,0.677,0.1,0.0,0.0,0.0,0.0,0.0,0.0,0.0,0.0,0.297,0.0,16.8,28.7,124160.0,0.06208
2019-06-02,0.0,0.0,26.2,3.0,9.489,2952.2,2573.2,47.0,2.1,6.6,-2.1,0.57,0.667,0.1,0.0,0.0,0.0,0.0,0.0,0.0,0.0,0.0,0.294,0.0,21.2,31.4,119325.0,0.0596625
2019-06-03,0.0,0.8,19.7,1.8,9.514,2900.1,687.8,66.9,0.2,2.4,0.6,0.564,0.638,0.1,0.0,0.0,0.0,0.0,0.0,0.0,0.0,0.0,0.291,0.0,18.3,21.5,90583.0,0.0452915
2019-06-04,0.0,7.2,20.8,3.0,11.23,3176.6,1152.7,73.5,2.1,3.4,5.1,0.613,0.607,0.1,0.4,0.0,0.0,0.0,0.0,0.0,0.0,0.0,0.292,0.0,16.6,26.5,103260.0,0.05163
2019-06-05,0.0,15.3,13.8,3.1,8.217,3051.3,741.5,84.1,2.3,1.8,13.0,0.671,0.6,0.1,1.0,0.0,0.0,0.0,0.0,0.0,0.0,0.0,0.298,0.0,11.8,14.7,65857.0,0.0329285
2019-06-06,0.0,0.2,16.0,3.0,7.253,2857.7,1681.8,66.4,3.3,3.4,-3.1,0.707,0.624,0.1,0.2,0.0,0.0,0.0,0.0,0.0,0.0,0.0,0.315,0.0,11.5,19.7,104330.0,0.052165
2019-06-07,0.0,1.3,14.7,6.1,7.295,2710.9,978.1,70.5,2.2,2.5,-0.9,0.691,0.639,0.1,0.1,0.0,0.0,0.0,0.0,0.0,0.0,0.0,0.31,0.0,14.8,15.2,81296.0,0.040648
2019-06-08,0.0,0.8,15.8,4.2,7.172,2743.1,1661.5,65.2,2.6,3.7,-1.8,0.669,0.655,0.1,0.0,0.0,0.0,0.0,0.0,0.0,0.0,0.0,0.309,0.0,12.6,18.9,115554.0,0.057777
2019-06-09,0.0,0.2,16.6,1.4,8.225,2845.3,1644.4,70.4,2.1,3.1,-1.9,0.653,0.666,0.1,0.1,0.0,0.0,0.0,0.0,0.0,0.0,0.0,0.306,0.0,13.9,19.9,74571.0,0.0372855
2019-06-10,0.0,0.0,15.7,2.4,7.774,2755.3,1755.2,70.6,2.0,3.3,-2.0,0.634,0.672,0.1,0.0,0.0,0.0,0.0,0.0,0.0,0.0,0.0,0.303,0.0,15.1,18.1,66769.0,0.0333845
2019-06-11,0.0,4.0,13.9,1.2,7.505,2893.6,1227.4,76.7,2.0,2.5,2.0,0.644,0.71,0.1,0.2,0.0,0.0,0.0,0.0,0.0,0.0,0.0,0.3,0.0,11.8,18.2,59654.0,0.029827
2019-06-12,0.0,5.4,13.3,2.7,7.907,2952.5,1363.3,83.9,2.4,2.3,3.0,0.671,0.78,0.1,0.4,0.0,0.0,0.0,0.0,0.0,0.0,0.0,0.303,0.0,10.3,15.8,94572.0,0.047286
2019-06-13,0.0,1.5,15.8,3.4,8.217,2843.7,1385.7,74.3,2.1,3.1,-0.6,0.662,0.848,0.1,0.0,0.0,0.0,0.0,0.0,0.0,0.0,0.0,0.306,0.0,11.9,19.8,112041.0,0.0560205
2019-06-14,0.0,4.4,18.9,1.6,9.545,3126.4,1949.0,71.4,2.8,3.7,1.6,0.653,0.888,0.1,0.2,0.0,0.0,0.0,0.0,0.0,0.0,0.0,0.305,0.0,14.3,22.9,64675.0,0.0323375
2019-06-15,0.0,0.0,18.3,3.4,8.28,2918.1,2282.1,64.5,3.4,4.5,-3.4,0.65,0.918,0.1,0.2,0.0,0.0,0.0,0.0,0.0,0.0,0.0,0.307,0.0,15.8,21.2,76993.0,0.0384965
2019-06-16,0.0,0.0,18.5,2.7,8.626,2871.1,1887.8,66.0,2.0,3.9,-2.0,0.626,0.902,0.1,0.0,0.0,0.0,0.0,0.0,0.0,0.0,0.0,0.302,0.0,15.3,22.2,116024.0,0.058012
2019-06-17,0.0,0.0,21.7,1.3,9.337,2923.8,2333.2,59.0,2.2,4.5,-2.2,0.604,0.864,0.1,0.0,0.0,0.0,0.0,0.0,0.0,0.0,0.0,0.299,0.0,15.6,26.0,121147.0,0.0605735
2019-06-18,0.0,0.0,23.8,2.6,10.863,2825.2,1688.8,60.2,1.4,4.6,-1.4,0.589,0.811,0.1,0.0,0.0,0.0,0.0,0.0,0.0,0.0,0.0,0.296,0.0,17.9,28.8,106757.0,0.0533785
2019-06-19,0.0,10.9,21.8,3.6,10.389,3029.8,1346.8,65.1,1.5,4.0,9.4,0.589,0.783,0.1,0.0,0.0,0.0,0.0,0.0,0.0,0.0,0.0,0.294,0.0,19.5,26.1,98465.0,0.0492325
2019-06-20,0.0,0.2,18.2,2.3,8.733,3004.2,1393.4,68.6,2.9,3.1,-2.7,0.649,0.805,0.1,0.7,0.0,0.0,0.0,0.0,0.0,0.0,0.0,0.306,0.0,14.8,21.2,81862.0,0.040931
2019-06-21,0.0,0.0,18.4,2.1,6.977,2691.9,2274.9,54.0,2.9,4.5,-2.9,0.62,0.816,0.1,0.0,0.0,0.0,0.0,0.0,0.0,0.0,0.0,0.302,0.0,15.3,21.2,72729.0,0.0363645
2019-06-22,0.0,0.0,20.2,2.4,7.942,2800.4,2492.2,54.6,2.3,5.1,-2.3,0.595,0.826,0.1,0.0,0.0,0.0,0.0,0.0,0.0,0.0,0.0,0.298,0.0,15.1,23.8,105895.0,0.0529475
2019-06-23,0.0,0.0,24.5,2.5,11.255,2819.6,2089.5,59.0,1.7,5.0,-1.7,0.577,0.84,0.1,0.0,0.0,0.0,0.0,0.0,0.0,0.0,0.0,0.295,0.0,19.5,28.4,107506.0,0.053753
2019-06-24,0.0,0.0,26.8,2.2,13.252,2921.4,1774.2,60.8,1.3,4.7,-1.3,0.563,0.84,0.1,0.0,0.0,0.0,0.0,0.0,0.0,0.0,0.0,0.292,0.0,23.0,30.6,93312.0,0.046656
2019-06-25,0.0,0.0,27.6,2.0,13.943,3218.4,3013.8,61.4,2.2,6.6,-2.2,0.544,0.855,0.1,0.0,0.0,0.0,0.0,0.0,0.0,0.0,0.0,0.29,0.0,23.1,32.4,105434.0,0.052717
2019-06-26,0.0,0.0,27.2,3.9,14.582,3315.5,3270.5,65.3,2.1,7.7,-2.1,0.523,0.841,0.1,0.0,0.0,0.0,0.0,0.0,0.0,0.0,0.0,0.287,0.0,22.1,32.7,114355.0,0.0571775
2019-06-27,0.0,0.0,26.3,4.1,12.781,3269.7,3247.5,60.5,2.0,7.4,-2.0,0.503,0.807,0.1,0.0,0.0,0.0,0.0,0.0,0.0,0.0,0.0,0.284,0.0,21.3,31.1,112528.0,0.056264
2019-06-28,0.0,0.0,26.6,3.3,10.257,3097.3,2922.9,47.7,1.9,7.1,-1.9,0.483,0.764,0.1,0.0,0.0,0.0,0.0,0.0,0.0,0.0,0.0,0.281,0.0,20.8,31.2,105635.0,0.0528175
2019-06-29,0.0,0.0,29.3,2.1,10.975,3445.6,3243.7,44.6,2.0,7.6,-2.0,0.464,0.717,0.1,0.0,0.0,0.0,0.0,0.0,0.0,0.0,0.0,0.278,0.0,23.7,34.5,108312.0,0.054155999999999996
2019-06-30,0.0,0.0,24.3,2.4,10.162,2920.3,1805.9,54.7,0.9,4.8,-0.9,0.452,0.663,0.1,0.0,0.0,0.0,0.0,0.0,0.0,0.0,0.0,0.275,0.0,20.5,28.6,93756.0,0.046878
2019-07-01,0.0,0.0,20.5,2.8,8.713,2830.0,2645.5,58.3,1.2,5.3,-1.2,0.441,0.634,0.0,0.0,0.0,0.0,0.0,0.0,0.0,0.0,0.0,0.274,0.0,18.0,23.8,85333.0,0.0426665
2019-07-02,0.0,0.0,20.6,3.5,8.092,2829.2,2926.1,54.9,1.5,6.0,-1.5,0.427,0.592,0.0,0.0,0.0,0.0,0.0,0.0,0.0,0.0,0.0,0.272,0.0,16.1,24.6,93515.0,0.0467575
2019-07-03,0.0,0.0,20.8,4.4,7.6,2743.0,2574.2,50.8,1.2,6.1,-1.2,0.415,0.502,0.0,0.0,0.0,0.0,0.0,0.0,0.0,0.0,0.0,0.27,0.0,16.0,25.1,105945.0,0.0529725
2019-07-04,0.0,0.0,22.1,3.2,7.444,2827.3,3281.3,46.0,1.5,7.0,-1.5,0.4,0.373,0.0,0.0,0.0,0.0,0.0,0.0,0.0,0.0,0.0,0.268,0.0,15.9,27.6,114592.0,0.057296
2019-07-05,0.0,0.0,25.3,2.0,7.981,2898.5,2911.7,41.3,1.4,6.5,-1.4,0.386,0.222,0.0,0.0,0.0,0.0,0.0,0.0,0.0,0.0,0.0,0.266,0.0,19.1,31.1,109862.0,0.054931
2019-07-06,0.0,0.0,26.0,2.5,9.127,2994.9,2641.8,44.7,1.1,6.5,-1.1,0.375,0.079,0.0,0.0,0.0,0.0,0.0,0.0,0.0,0.0,0.0,0.264,0.0,21.3,31.2,106234.0,0.053117
2019-07-07,0.0,0.0,21.6,2.8,8.741,2850.4,1803.5,55.0,0.7,4.8,-0.7,0.366,-0.036,0.0,0.0,0.0,0.0,0.0,0.0,0.0,0.0,0.0,0.263,0.0,19.1,26.6,100028.0,0.050014
2019-07-08,0.0,0.0,19.5,3.9,6.556,2597.6,2150.7,47.8,1.0,5.5,-1.0,0.358,-0.124,0.0,0.0,0.0,0.0,0.0,0.0,0.0,0.0,0.0,0.262,0.0,15.7,23.2,94491.0,0.0472455
2019-07-09,0.0,0.0,19.9,3.5,6.404,2662.8,2712.5,45.6,1.0,5.9,-1.0,0.348,-0.198,0.0,0.0,0.0,0.0,0.0,0.0,0.0,0.0,0.0,0.26,0.0,14.7,24.0,86060.0,0.04303
2019-07-10,0.0,0.0,22.7,1.2,7.645,2744.2,2443.6,44.9,0.8,4.9,-0.8,0.338,-0.273,0.0,0.0,0.0,0.0,0.0,0.0,0.0,0.0,0.0,0.259,0.0,18.1,27.0,118264.0,0.059132
2019-07-11,0.0,0.0,24.8,2.0,9.151,3017.7,1280.0,48.3,0.5,4.0,-0.5,0.333,-0.329,0.0,0.0,0.0,0.0,0.0,0.0,0.0,0.0,0.0,0.257,0.0,20.4,29.1,97065.0,0.0485325
2019-07-12,0.0,0.0,22.2,3.4,9.239,2992.3,1856.5,56.3,0.6,4.7,-0.6,0.327,-0.371,0.0,0.0,0.0,0.0,0.0,0.0,0.0,0.0,0.0,0.257,0.0,18.1,25.4,103787.0,0.0518935
2019-07-13,0.0,0.0,21.2,3.2,9.235,2830.1,2116.6,59.7,0.7,4.9,-0.7,0.32,-0.405,0.0,0.0,0.0,0.0,0.0,0.0,0.0,0.0,0.0,0.256,0.0,17.9,24.8,109957.0,0.0549785
2019-07-14,0.0,0.0,18.3,4.3,8.238,2897.4,1452.9,63.7,0.4,3.8,-0.4,0.315,-0.438,0.0,0.0,0.0,0.0,0.0,0.0,0.0,0.0,0.0,0.255,0.0,15.5,21.1,109473.0,0.0547365
2019-07-15,0.0,0.0,19.3,3.0,7.95,2792.2,2671.7,58.2,1.0,5.2,-1.0,0.307,-0.457,0.0,0.0,0.0,0.0,0.0,0.0,0.0,0.0,0.0,0.254,0.0,14.5,23.7,114243.0,0.0571215
2019-07-16,0.0,0.0,20.8,1.6,7.731,2732.3,2692.8,52.0,0.8,5.1,-0.8,0.299,-0.479,0.0,0.0,0.0,0.0,0.0,0.0,0.0,0.0,0.0,0.253,0.0,15.8,26.3,116391.0,0.0581955
2019-07-17,0.0,0.0,23.2,1.7,7.671,2753.0,2191.6,45.0,0.8,4.8,-0.8,0.291,-0.508,0.0,0.0,0.0,0.0,0.0,0.0,0.0,0.0,0.0,0.252,0.0,17.7,27.7,110456.0,0.055228
2019-07-18,0.0,1.4,21.9,2.6,9.452,3004.4,1539.3,58.8,0.5,4.1,0.9,0.289,-0.535,0.0,0.0,0.0,0.0,0.0,0.0,0.0,0.0,0.0,0.251,0.0,17.9,26.1,95894.0,0.047947000000000004
2019-07-19,0.0,0.0,23.3,1.6,10.575,3140.8,1531.4,61.3,1.1,3.7,-1.1,0.29,-0.579,0.0,0.0,0.0,0.0,0.0,0.0,0.0,0.0,0.0,0.252,0.0,18.5,28.4,107308.0,0.053654
2019-07-20,0.0,1.8,23.5,3.1,11.121,3196.6,1658.4,62.3,0.7,4.3,1.1,0.287,-0.619,0.0,0.0,0.0,0.0,0.0,0.0,0.0,0.0,0.0,0.25,0.0,21.5,27.1,84897.0,0.0424485
2019-07-21,0.0,0.0,22.6,2.0,9.74,2879.5,2055.1,58.7,1.3,4.4,-1.3,0.287,-0.651,0.0,0.0,0.0,0.0,0.0,0.0,0.0,0.0,0.0,0.252,0.0,17.9,26.8,100939.0,0.0504695
2019-07-22,0.0,0.0,25.9,1.1,9.476,2930.2,2165.8,47.1,1.0,4.7,-1.0,0.277,-0.672,0.0,0.0,0.0,0.0,0.0,0.0,0.0,0.0,0.0,0.25,0.0,19.8,31.7,107645.0,0.0538225
2019-07-23,0.0,0.0,29.6,2.3,8.764,3326.0,2957.1,35.7,1.1,7.3,-1.1,0.267,-0.689,0.0,0.0,0.0,0.0,0.0,0.0,0.0,0.0,0.0,0.248,0.0,22.3,36.0,107727.0,0.0538635
2019-07-24,0.0,0.0,32.0,1.5,10.377,3409.5,2519.0,35.4,0.6,6.2,-0.6,0.26,-0.704,0.0,0.0,0.0,0.0,0.0,0.0,0.0,0.0,0.0,0.247,0.0,26.0,38.1,105965.0,0.0529825
2019-07-25,0.0,0.2,34.1,2.2,10.649,3456.7,2582.6,34.3,0.9,7.4,-0.7,0.252,-0.719,0.0,0.0,0.0,0.0,0.0,0.0,0.0,0.0,0.0,0.246,0.0,27.0,40.7,103269.0,0.0516345
2019-07-26,0.0,15.3,25.6,3.7,13.768,3345.1,1191.6,67.8,3.0,4.3,12.3,0.311,-0.706,0.0,0.1,0.0,0.0,0.0,0.0,0.0,0.0,0.0,0.245,0.0,22.9,29.5,64881.0,0.0324405
2019-07-27,0.0,1.0,19.3,3.8,10.642,3100.6,965.5,77.0,2.1,2.6,-1.1,0.36,-0.655,0.0,0.2,0.0,0.0,0.0,0.0,0.0,0.0,0.0,0.262,0.0,16.8,21.7,48367.0,0.0241835
2019-07-28,0.0,0.0,20.2,3.1,9.033,2836.1,1432.1,62.6,1.9,3.7,-1.9,0.342,-0.608,0.0,0.0,0.0,0.0,0.0,0.0,0.0,0.0,0.0,0.26,0.0,16.2,23.9,93891.0,0.0469455
2019-07-29,0.0,0.0,23.3,1.8,8.31,2961.3,2785.7,48.9,2.3,5.5,-2.3,0.32,-0.569,0.0,0.0,0.0,0.0,0.0,0.0,0.0,0.0,0.0,0.258,0.0,17.7,28.2,114935.0,0.0574675
2019-07-30,0.0,0.0,20.9,4.1,9.009,3003.5,1356.2,59.2,0.7,4.2,-0.7,0.31,-0.541,0.0,0.0,0.0,0.0,0.0,0.0,0.0,0.0,0.0,0.254,0.0,18.3,23.6,85874.0,0.042937
2019-07-31,0.0,0.0,19.9,2.8,7.788,2956.6,1679.8,55.3,1.1,4.1,-1.1,0.3,-0.527,0.0,0.0,0.0,0.0,0.0,0.0,0.0,0.0,0.0,0.253,0.0,16.1,23.4,104597.0,0.0522985
2019-08-01,0.0,0.0,22.2,1.0,8.676,2824.0,1762.0,52.9,0.8,3.6,-0.8,0.292,-0.506,0.0,0.0,0.0,0.0,0.0,0.0,0.0,0.0,0.0,0.252,0.0,18.0,25.6,90100.0,0.04505
2019-08-02,0.0,0.0,22.7,2.5,8.498,2946.3,1846.5,50.3,0.9,4.6,-0.9,0.283,-0.491,0.0,0.0,0.0,0.0,0.0,0.0,0.0,0.0,0.0,0.251,0.0,18.6,26.2,112506.0,0.056253
2019-08-03,0.0,0.0,21.4,2.1,9.694,2872.1,1260.5,62.1,0.4,3.2,-0.4,0.278,-0.472,0.0,0.0,0.0,0.0,0.0,0.0,0.0,0.0,0.0,0.249,0.0,16.9,24.6,113961.0,0.0569805
2019-08-04,0.0,0.0,24.2,1.3,9.444,2992.7,1403.8,52.3,0.8,3.6,-0.8,0.271,-0.441,0.0,0.0,0.0,0.0,0.0,0.0,0.0,0.0,0.0,0.249,0.0,18.6,28.9,108846.0,0.054423
2019-08-05,0.0,0.0,23.4,2.4,9.926,3073.8,1218.1,56.7,0.5,3.8,-0.5,0.266,-0.45,0.0,0.0,0.0,0.0,0.0,0.0,0.0,0.0,0.0,0.248,0.0,19.3,26.9,95642.0,0.047821
2019-08-06,0.0,20.0,20.6,2.2,12.225,3502.4,533.2,81.0,1.7,1.9,18.3,0.35,-0.426,0.0,0.6,0.0,0.0,0.0,0.0,0.0,0.0,0.0,0.247,0.0,19.7,21.9,81887.0,0.0409435
2019-08-07,0.0,0.0,21.4,1.8,10.586,3079.4,1671.3,68.2,3.2,3.5,-3.2,0.409,-0.363,0.0,0.2,0.0,0.0,0.0,0.0,0.0,0.0,0.0,0.271,0.0,18.1,25.1,80990.0,0.040494999999999996
2019-08-08,0.0,0.0,24.0,1.9,10.619,3231.3,983.0,58.5,1.3,3.1,-1.3,0.391,-0.316,0.0,0.0,0.0,0.0,0.0,0.0,0.0,0.0,0.0,0.267,0.0,17.3,28.3,106264.0,0.053132
2019-08-09,0.0,23.0,23.1,2.5,13.236,3411.6,610.2,74.8,1.8,2.3,21.2,0.517,-0.167,0.9,2.3,0.0,0.0,0.0,0.0,0.0,0.0,0.0,0.265,0.0,22.3,24.3,84016.0,0.042008
2019-08-10,0.0,0.0,21.8,4.4,9.086,2896.2,1647.0,56.6,3.7,4.7,-3.7,0.528,-0.028,1.1,0.0,0.0,0.0,0.0,0.0,0.0,0.0,0.0,0.29,0.0,19.1,24.6,88917.0,0.0444585
2019-08-11,0.0,0.0,18.9,2.0,8.862,2685.2,1614.1,65.4,2.7,3.3,-2.7,0.495,0.073,0.3,0.0,0.0,0.0,0.0,0.0,0.0,0.0,0.0,0.284,0.0,16.2,22.0,69415.0,0.0347075
2019-08-12,0.0,5.0,17.9,2.5,9.095,2968.5,1111.0,71.8,2.3,2.7,2.7,0.505,0.193,0.2,0.4,0.0,0.0,0.0,0.0,0.0,0.0,0.0,0.279,0.0,15.5,21.3,84078.0,0.042039
2019-08-13,0.0,0.0,16.8,2.2,7.995,2758.9,1506.3,68.1,2.6,3.0,-2.6,0.485,0.307,0.2,0.0,0.0,0.0,0.0,0.0,0.0,0.0,0.0,0.282,0.0,13.4,19.7,96086.0,0.048043
2019-08-14,0.0,0.1,19.7,2.7,9.585,3066.3,1183.9,68.3,2.0,3.1,-1.9,0.465,0.407,0.1,0.0,0.0,0.0,0.0,0.0,0.0,0.0,0.0,0.278,0.0,15.2,23.5,104582.0,0.052291
2019-08-15,0.0,0.0,19.9,3.7,9.704,2885.2,1303.8,68.2,2.2,3.4,-2.2,0.445,0.503,0.0,0.0,0.0,0.0,0.0,0.0,0.0,0.0,0.0,0.276,0.0,17.5,22.4,76610.0,0.038305
2019-08-16,0.0,0.1,20.3,2.9,9.395,2913.9,1120.3,64.9,1.7,3.1,-1.6,0.427,0.568,0.0,0.0,0.0,0.0,0.0,0.0,0.0,0.0,0.0,0.272,0.0,15.5,23.7,104614.0,0.052307
2019-08-17,0.0,18.3,19.1,2.5,12.178,3402.6,381.4,88.3,0.8,1.5,17.5,0.519,0.665,0.2,1.7,0.0,0.0,0.0,0.0,0.0,0.0,0.0,0.27,0.0,18.4,20.2,84858.0,0.042429
2019-08-18,0.0,5.6,19.4,3.0,11.432,3317.0,533.0,81.5,1.3,1.8,4.3,0.596,0.796,1.5,0.8,0.0,0.0,0.0,0.0,0.0,0.0,0.0,0.292,0.0,18.5,21.6,78755.0,0.0393775
2019-08-19,0.0,0.0,18.9,2.3,7.948,2840.0,1937.9,60.1,4.0,3.8,-4.0,0.56,0.827,0.8,0.0,0.0,0.0,0.0,0.0,0.0,0.0,0.0,0.295,0.0,15.3,22.3,75153.0,0.0375765
2019-08-20,0.0,0.0,19.0,2.1,7.97,2841.3,1658.4,59.4,3.2,3.4,-3.2,0.525,0.833,0.2,0.0,0.0,0.0,0.0,0.0,0.0,0.0,0.0,0.288,0.0,16.0,22.1,66350.0,0.033175
2019-08-21,0.0,0.0,18.8,1.4,7.707,2804.6,1704.5,58.6,2.9,3.3,-2.9,0.495,0.836,0.1,0.0,0.0,0.0,0.0,0.0,0.0,0.0,0.0,0.284,0.0,13.9,23.4,106319.0,0.0531595
2019-08-22,0.0,0.0,20.5,1.7,7.983,2924.6,2282.8,55.3,3.5,4.2,-3.5,0.461,0.81,0.0,0.0,0.0,0.0,0.0,0.0,0.0,0.0,0.0,0.28,0.0,14.8,25.7,107073.0,0.0535365
2019-08-23,0.0,0.0,22.1,1.9,8.608,2938.6,1952.8,53.8,2.5,4.1,-2.5,0.434,0.789,0.0,0.0,0.0,0.0,0.0,0.0,0.0,0.0,0.0,0.275,0.0,15.5,27.2,111020.0,0.055510000000000004
2019-08-24,0.0,0.0,23.6,1.7,9.705,3074.1,2007.1,55.0,2.1,4.3,-2.1,0.412,0.773,0.0,0.0,0.0,0.0,0.0,0.0,0.0,0.0,0.0,0.271,0.0,17.1,29.4,108236.0,0.054118
2019-08-25,0.0,0.0,24.4,1.2,9.646,3168.9,2048.1,53.0,2.0,4.2,-2.0,0.393,0.754,0.0,0.0,0.0,0.0,0.0,0.0,0.0,0.0,0.0,0.268,0.0,17.7,31.4,103218.0,0.051609
2019-08-26,0.0,0.0,25.6,1.0,9.568,3241.0,2475.0,48.8,2.1,4.7,-2.1,0.373,0.742,0.0,0.0,0.0,0.0,0.0,0.0,0.0,0.0,0.0,0.265,0.0,19.1,32.1,96086.0,0.048043
2019-08-27,0.0,0.0,25.7,1.6,10.596,3092.3,1726.4,52.5,1.2,4.1,-1.2,0.359,0.689,0.0,0.0,0.0,0.0,0.0,0.0,0.0,0.0,0.0,0.262,0.0,20.2,30.9,69407.0,0.0347035
2019-08-28,0.0,0.0,24.3,2.1,11.588,3096.1,1773.3,62.2,1.2,4.2,-1.2,0.348,0.576,0.0,0.0,0.0,0.0,0.0,0.0,0.0,0.0,0.0,0.26,0.0,20.9,29.6,75280.0,0.03764
2019-08-29,0.0,0.0,20.7,2.1,9.489,3144.4,871.4,62.8,0.6,2.7,-0.6,0.341,0.454,0.0,0.0,0.0,0.0,0.0,0.0,0.0,0.0,0.0,0.259,0.0,19.1,23.4,96891.0,0.0484455
2019-08-30,0.0,0.0,21.5,1.2,7.553,3013.2,2330.8,49.3,1.5,3.9,-1.5,0.328,0.32,0.0,0.0,0.0,0.0,0.0,0.0,0.0,0.0,0.0,0.258,0.0,14.9,26.1,100281.0,0.0501405
2019-08-31,0.0,0.0,23.2,3.4,8.841,3030.8,1717.8,50.1,0.9,5.0,-0.9,0.318,0.17,0.0,0.0,0.0,0.0,0.0,0.0,0.0,0.0,0.0,0.256,0.0,18.2,30.4,92559.0,0.0462795
2019-09-01,0.0,0.0,18.8,3.1,7.572,2733.9,1443.9,57.1,0.7,3.5,-0.7,0.311,0.033,0.0,0.0,0.0,0.0,0.0,0.0,0.0,0.0,0.0,0.254,0.0,16.2,21.5,63514.0,0.031757
2019-09-02,0.0,0.0,18.0,1.9,6.665,2772.3,1939.1,53.8,0.9,3.5,-0.9,0.302,-0.091,0.0,0.0,0.0,0.0,0.0,0.0,0.0,0.0,0.0,0.253,0.0,13.4,21.6,106408.0,0.053204
2019-09-03,0.0,0.0,18.7,1.7,7.792,2878.7,1404.3,58.7,0.4,2.9,-0.4,0.297,-0.19,0.0,0.0,0.0,0.0,0.0,0.0,0.0,0.0,0.0,0.252,0.0,14.6,22.4,109173.0,0.0545865
2019-09-04,0.0,0.0,18.4,2.7,7.404,2900.3,1544.8,57.7,0.8,3.6,-0.8,0.29,-0.267,0.0,0.0,0.0,0.0,0.0,0.0,0.0,0.0,0.0,0.252,0.0,14.6,24.5,105198.0,0.052599
2019-09-05,0.0,0.0,15.7,2.8,6.575,2766.0,1184.0,60.1,0.4,2.7,-0.4,0.286,-0.343,0.0,0.0,0.0,0.0,0.0,0.0,0.0,0.0,0.0,0.25,0.0,13.4,18.6,84501.0,0.042250499999999996
2019-09-06,0.0,0.1,16.1,2.2,6.344,2725.2,1708.1,56.6,0.7,3.2,-0.6,0.279,-0.405,0.0,0.0,0.0,0.0,0.0,0.0,0.0,0.0,0.0,0.25,0.0,10.5,20.0,102934.0,0.051467
2019-09-07,0.0,0.0,16.5,3.6,7.593,2890.7,1063.9,65.8,0.4,2.9,-0.4,0.276,-0.452,0.0,0.0,0.0,0.0,0.0,0.0,0.0,0.0,0.0,0.249,0.0,14.7,19.9,84562.0,0.042281
2019-09-08,0.0,0.0,14.5,2.8,6.353,2743.0,1355.1,63.0,0.5,2.7,-0.5,0.271,-0.464,0.0,0.0,0.0,0.0,0.0,0.0,0.0,0.0,0.0,0.248,0.0,11.7,17.3,88920.0,0.04446
2019-09-09,0.0,0.0,15.6,1.7,6.383,2609.6,723.7,59.6,0.2,2.0,-0.2,0.269,-0.458,0.0,0.0,0.0,0.0,0.0,0.0,0.0,0.0,0.0,0.248,0.0,11.4,19.3,75428.0,0.037714
2019-09-10,0.0,0.0,17.3,1.5,6.289,2751.6,1602.4,53.0,0.8,2.9,-0.8,0.262,-0.453,0.0,0.0,0.0,0.0,0.0,0.0,0.0,0.0,0.0,0.248,0.0,11.7,22.1,64310.0,0.032154999999999996
2019-09-11,0.0,0.0,19.2,2.3,8.541,2893.3,1286.6,62.7,0.3,2.9,-0.3,0.258,-0.47,0.0,0.0,0.0,0.0,0.0,0.0,0.0,0.0,0.0,0.246,0.0,15.0,22.5,89803.0,0.044901500000000004
2019-09-12,0.0,0.0,20.6,1.7,11.079,3303.2,420.1,73.7,0.1,1.6,-0.1,0.257,-0.496,0.0,0.0,0.0,0.0,0.0,0.0,0.0,0.0,0.0,0.246,0.0,18.1,23.0,95700.0,0.04785
2019-09-13,0.0,0.0,19.5,2.4,10.631,3316.1,506.0,75.8,0.1,1.8,-0.1,0.256,-0.526,0.0,0.0,0.0,0.0,0.0,0.0,0.0,0.0,0.0,0.246,0.0,17.4,21.8,94596.0,0.047298
2019-09-14,0.0,0.0,19.9,2.8,9.292,2967.2,1637.3,65.7,0.6,3.3,-0.6,0.251,-0.569,0.0,0.0,0.0,0.0,0.0,0.0,0.0,0.0,0.0,0.246,0.0,14.2,24.3,82311.0,0.0411555
2019-09-15,0.0,0.0,21.0,1.5,8.598,3142.7,2002.5,57.0,0.9,3.4,-0.9,0.243,-0.64,0.0,0.0,0.0,0.0,0.0,0.0,0.0,0.0,0.0,0.245,0.0,14.4,26.4,94425.0,0.0472125
2019-09-16,0.0,0.0,21.0,2.6,8.424,3072.9,1831.2,56.7,0.8,4.0,-0.8,0.235,-0.703,0.0,0.0,0.0,0.0,0.0,0.0,0.0,0.0,0.0,0.244,0.0,15.9,25.8,93348.0,0.046674
2019-09-17,0.0,0.0,18.7,3.3,8.628,2996.9,1044.6,64.8,0.2,2.7,-0.2,0.231,-0.752,0.0,0.0,0.0,0.0,0.0,0.0,0.0,0.0,0.0,0.242,0.0,17.6,21.4,87622.0,0.043810999999999996
2019-09-18,0.0,0.0,15.2,4.4,5.65,2568.7,1652.8,53.6,0.3,3.6,-0.3,0.228,-0.786,0.0,0.0,0.0,0.0,0.0,0.0,0.0,0.0,0.0,0.242,0.0,11.0,18.8,90139.0,0.0450695
2019-09-19,0.0,0.0,15.1,4.1,5.79,2651.1,1744.4,55.4,0.4,3.4,-0.4,0.225,-0.822,0.0,0.0,0.0,0.0,0.0,0.0,0.0,0.0,0.0,0.242,0.0,10.6,19.4,95809.0,0.0479045
2019-09-20,0.0,0.0,16.9,3.2,4.651,2721.5,1860.8,41.0,0.7,4.0,-0.7,0.218,-0.856,0.0,0.0,0.0,0.0,0.0,0.0,0.0,0.0,0.0,0.241,0.0,10.8,22.3,94477.0,0.0472385
2019-09-21,0.0,0.0,20.3,2.2,8.008,2908.0,1776.2,52.9,0.3,3.4,-0.3,0.214,-0.877,0.0,0.0,0.0,0.0,0.0,0.0,0.0,0.0,0.0,0.24,0.0,12.2,26.1,61873.0,0.0309365
2019-09-22,0.0,8.1,17.8,3.1,10.283,3240.6,376.7,81.9,0.9,1.6,7.2,0.262,-0.86,0.0,0.1,0.0,0.0,0.0,0.0,0.0,0.0,0.0,0.24,0.0,17.0,18.9,41211.0,0.0206055
2019-09-23,0.0,0.0,17.9,2.9,8.874,2890.6,1230.1,71.2,1.5,2.6,-1.5,0.272,-0.842,0.0,0.0,0.0,0.0,0.0,0.0,0.0,0.0,0.0,0.25,0.0,14.6,21.1,66472.0,0.033236
2019-09-24,0.0,3.5,16.6,3.1,9.799,3185.2,322.8,83.7,0.6,1.3,2.9,0.287,-0.814,0.0,0.1,0.0,0.0,0.0,0.0,0.0,0.0,0.0,0.248,0.0,16.3,17.9,48350.0,0.024175000000000002
2019-09-25,0.0,2.4,16.5,3.6,9.66,3165.7,226.2,82.8,0.3,1.3,2.1,0.306,-0.767,0.0,0.1,0.0,0.0,0.0,0.0,0.0,0.0,0.0,0.252,0.0,14.7,17.7,49152.0,0.024576
2019-09-26,0.0,6.2,18.6,4.3,10.464,3212.0,305.9,79.3,0.6,1.8,5.6,0.326,-0.704,0.0,0.1,0.0,0.0,0.0,0.0,0.0,0.0,0.0,0.254,0.0,16.7,20.8,59405.0,0.0297025
2019-09-27,0.0,0.9,16.8,3.6,8.881,3077.5,894.0,75.4,1.8,2.2,-0.9,0.357,-0.628,0.0,0.2,0.0,0.0,0.0,0.0,0.0,0.0,0.0,0.262,0.0,14.8,19.9,64149.0,0.0320745
2019-09-28,0.0,0.3,16.6,3.7,8.264,2863.3,501.2,71.0,0.5,2.0,-0.2,0.356,-0.559,0.0,0.0,0.0,0.0,0.0,0.0,0.0,0.0,0.0,0.261,0.0,14.7,18.5,69128.0,0.034564
2019-09-29,0.0,4.2,16.1,4.6,9.175,3093.5,271.5,80.2,0.6,1.6,3.6,0.376,-0.465,0.0,0.2,0.0,0.0,0.0,0.0,0.0,0.0,0.0,0.26,0.0,14.4,17.7,74477.0,0.0372385
2019-09-30,0.0,0.0,16.3,3.0,8.478,2897.9,738.5,74.0,1.0,1.8,-1.0,0.381,-0.371,0.0,0.0,0.0,0.0,0.0,0.0,0.0,0.0,0.0,0.265,0.0,13.0,18.7,68540.0,0.03427
2019-10-01,0.0,5.5,17.7,3.9,10.095,2988.8,396.3,80.2,0.4,1.7,5.1,0.389,-0.293,0.0,0.2,0.0,0.0,0.0,0.0,0.0,0.0,0.0,0.264,0.0,16.7,20.4,60435.0,0.0302175
2019-10-02,0.0,0.0,13.2,3.4,6.421,2829.0,904.6,67.9,2.2,2.0,-2.2,0.409,-0.244,0.1,0.2,0.0,0.0,0.0,0.0,0.0,0.0,0.0,0.27,0.0,12.6,16.2,60884.0,0.030442
2019-10-03,0.0,0.7,10.7,1.6,4.944,2617.7,478.2,62.9,0.5,1.4,0.2,0.399,-0.205,0.0,0.0,0.0,0.0,0.0,0.0,0.0,0.0,0.0,0.267,0.0,6.7,13.8,82531.0,0.0412655
2019-10-04,0.0,0.2,14.9,3.9,8.199,2906.6,651.9,78.1,0.8,1.7,-0.6,0.398,-0.166,0.0,0.0,0.0,0.0,0.0,0.0,0.0,0.0,0.0,0.267,0.0,11.9,17.1,49555.0,0.0247775
2019-10-05,0.0,4.1,15.3,2.2,9.308,3158.9,524.6,86.0,0.7,1.1,3.4,0.402,-0.128,0.0,0.1,0.0,0.0,0.0,0.0,0.0,0.0,0.0,0.266,0.0,13.7,16.4,56472.0,0.028236
2019-10-06,0.0,1.9,15.5,4.0,8.315,3057.6,668.3,76.3,1.6,1.8,0.3,0.43,-0.094,0.1,0.4,0.0,0.0,0.0,0.0,0.0,0.0,0.0,0.271,0.0,14.3,18.1,47511.0,0.0237555
2019-10-07,0.0,4.7,14.5,3.1,7.692,2975.4,580.2,75.4,0.8,1.5,3.9,0.428,-0.073,0.1,0.0,0.0,0.0,0.0,0.0,0.0,0.0,0.0,0.271,0.0,12.4,16.6,63619.0,0.0318095
2019-10-08,0.0,6.6,14.2,2.6,9.4,3320.0,220.9,93.5,0.6,0.7,6.0,0.499,-0.024,0.4,1.0,0.0,0.0,0.0,0.0,0.0,0.0,0.0,0.276,0.0,13.3,14.9,67876.0,0.033938
2019-10-09,0.0,3.8,13.3,4.0,7.527,2813.4,387.5,79.9,0.7,1.6,3.1,0.524,0.024,0.8,0.5,0.0,0.0,0.0,0.0,0.0,0.0,0.0,0.282,0.0,12.1,15.6,45282.0,0.022641
2019-10-10,0.0,0.0,14.4,3.4,7.332,2661.6,858.2,72.8,1.0,1.9,-1.0,0.512,0.063,0.7,0.0,0.0,0.0,0.0,0.0,0.0,0.0,0.0,0.285,0.0,12.0,17.4,71614.0,0.035807
2019-10-11,0.0,0.0,15.6,2.7,8.367,2892.0,547.0,76.6,0.5,1.4,-0.5,0.502,0.094,0.4,0.0,0.0,0.0,0.0,0.0,0.0,0.0,0.0,0.283,0.0,12.3,18.5,86778.0,0.043389000000000004
2019-10-12,0.0,0.0,16.2,2.1,9.511,3154.9,631.6,82.9,0.9,1.2,-0.9,0.492,0.117,0.3,0.0,0.0,0.0,0.0,0.0,0.0,0.0,0.0,0.281,0.0,12.7,18.6,47618.0,0.023809
2019-10-13,0.0,0.0,19.5,3.2,9.968,3101.0,886.5,72.0,1.4,2.4,-1.4,0.478,0.148,0.2,0.0,0.0,0.0,0.0,0.0,0.0,0.0,0.0,0.28,0.0,15.8,25.0,72909.0,0.0364545
2019-10-14,0.0,2.7,18.3,3.2,9.647,3048.1,857.3,74.7,1.5,2.1,1.2,0.467,0.179,0.1,0.0,0.0,0.0,0.0,0.0,0.0,0.0,0.0,0.278,0.0,15.9,23.3,47840.0,0.02392
2019-10-15,0.0,1.3,14.8,2.9,8.043,2864.7,448.3,77.2,0.6,1.4,0.7,0.479,0.213,0.1,0.2,0.0,0.0,0.0,0.0,0.0,0.0,0.0,0.279,0.0,14.3,16.6,49269.0,0.0246345
2019-10-16,0.0,4.4,14.7,5.5,8.765,3197.7,125.5,84.2,0.7,1.4,3.7,0.5,0.253,0.2,0.5,0.0,0.0,0.0,0.0,0.0,0.0,0.0,0.279,0.0,12.4,17.1,61726.0,0.030863
2019-10-17,0.0,2.5,14.8,2.9,8.828,3066.9,235.0,84.5,0.4,1.0,2.1,0.518,0.311,0.4,0.1,0.0,0.0,0.0,0.0,0.0,0.0,0.0,0.283,0.0,13.2,15.7,41759.0,0.0208795
2019-10-18,0.0,1.4,14.2,4.1,7.185,2799.8,733.0,71.9,1.5,2.0,-0.1,0.523,0.338,0.4,0.3,0.0,0.0,0.0,0.0,0.0,0.0,0.0,0.285,0.0,11.4,16.5,37092.0,0.018546
2019-10-19,0.0,4.1,13.1,1.8,8.059,2817.7,169.3,86.0,0.0,0.8,4.1,0.525,0.354,0.4,0.1,0.0,0.0,0.0,0.0,0.0,0.0,0.0,0.285,0.0,12.4,13.6,32568.0,0.016284
2019-10-20,0.0,10.7,11.8,3.2,7.739,3003.9,169.0,90.2,0.3,0.7,10.4,0.585,0.392,1.1,1.3,0.0,0.0,0.0,0.0,0.0,0.0,0.0,0.289,0.0,11.5,12.4,26968.0,0.013484
2019-10-21,0.0,0.0,12.2,1.9,7.322,2899.6,456.2,83.1,0.6,0.9,-0.6,0.606,0.436,2.4,0.6,0.0,0.0,0.0,0.0,0.0,0.0,0.0,0.299,0.0,11.0,13.9,35976.0,0.017988
2019-10-22,0.0,0.0,11.1,1.7,7.175,2957.4,460.2,87.3,0.7,0.7,-0.7,0.585,0.472,1.1,0.0,0.0,0.0,0.0,0.0,0.0,0.0,0.0,0.295,0.0,9.5,12.5,24775.0,0.012387500000000001
2019-10-23,0.0,0.1,13.1,2.0,8.089,3016.0,257.0,86.5,0.1,0.8,0.0,0.576,0.505,0.7,0.0,0.0,0.0,0.0,0.0,0.0,0.0,0.0,0.293,0.0,11.5,14.1,20969.0,0.0104845
2019-10-24,0.0,0.0,14.6,2.7,8.324,2960.7,544.2,80.9,0.8,1.2,-0.8,0.566,0.532,0.5,0.0,0.0,0.0,0.0,0.0,0.0,0.0,0.0,0.292,0.0,13.3,16.9,43244.0,0.021622
2019-10-25,0.0,0.0,13.9,3.0,8.699,3008.9,277.3,88.3,0.2,0.8,-0.2,0.559,0.547,0.3,0.0,0.0,0.0,0.0,0.0,0.0,0.0,0.0,0.291,0.0,11.6,15.7,65336.0,0.032668
2019-10-26,0.0,2.5,16.0,3.2,8.255,2839.3,1011.9,74.0,1.7,1.6,0.8,0.546,0.547,0.2,0.0,0.0,0.0,0.0,0.0,0.0,0.0,0.0,0.29,0.0,12.1,19.3,76206.0,0.038103
2019-10-27,0.0,7.4,11.1,3.2,6.99,3094.3,157.5,84.7,1.0,0.9,6.4,0.602,0.565,0.7,1.2,0.0,0.0,0.0,0.0,0.0,0.0,0.0,0.29,0.0,9.2,12.0,43280.0,0.02164
2019-10-28,0.0,0.3,10.4,3.3,5.397,2587.6,612.2,69.5,0.9,1.4,-0.6,0.596,0.565,0.7,0.0,0.0,0.0,0.0,0.0,0.0,0.0,0.0,0.297,0.0,8.3,12.4,30335.0,0.0151675
2019-10-29,0.0,1.8,10.2,3.2,5.704,2791.5,137.1,74.1,0.3,1.1,1.5,0.592,0.56,0.5,0.1,0.0,0.0,0.0,0.0,0.0,0.0,0.0,0.295,0.0,8.5,11.5,43250.0,0.021625
2019-10-30,0.0,0.6,10.0,1.8,6.213,2973.8,179.9,81.9,0.3,0.8,0.3,0.598,0.541,0.5,0.2,0.0,0.0,0.0,0.0,0.0,0.0,0.0,0.296,0.0,8.8,10.8,38580.0,0.01929
2019-10-31,0.0,3.7,11.0,1.9,7.019,2997.0,277.0,86.0,0.3,0.7,3.4,0.605,0.521,0.5,0.2,0.0,0.0,0.0,0.0,0.0,0.0,0.0,0.296,0.0,9.4,12.1,27531.0,0.0137655
2019-11-01,0.0,7.4,14.0,3.2,9.246,3270.4,136.3,92.3,0.1,0.7,7.3,0.656,0.545,1.6,1.3,0.0,0.0,0.0,0.0,0.0,0.0,0.0,0.299,0.0,11.4,16.4,18987.0,0.0094935
2019-11-02,0.0,2.9,13.8,5.3,7.52,2706.6,356.1,76.6,0.6,1.5,2.3,0.654,0.563,1.5,0.0,0.0,0.0,0.0,0.0,0.0,0.0,0.0,0.305,0.0,12.6,14.6,27755.0,0.013877500000000001
2019-11-03,0.0,7.2,12.0,3.4,7.509,2993.9,290.2,86.2,0.5,0.8,6.7,0.698,0.616,2.7,1.6,0.0,0.0,0.0,0.0,0.0,0.0,0.0,0.306,0.0,11.4,13.4,28335.0,0.0141675
2019-11-04,0.0,0.0,11.6,4.5,6.646,2674.4,318.0,78.6,0.5,1.3,-0.5,0.682,0.668,1.7,0.0,0.0,0.0,0.0,0.0,0.0,0.0,0.0,0.31,0.0,10.8,14.4,32344.0,0.016172
2019-11-05,0.0,0.1,10.4,1.9,6.306,2619.1,431.0,80.9,0.3,0.7,-0.2,0.67,0.718,0.9,0.0,0.0,0.0,0.0,0.0,0.0,0.0,0.0,0.307,0.0,9.1,12.0,33527.0,0.0167635
2019-11-06,0.0,7.5,10.7,2.2,6.539,2676.7,291.0,82.1,0.1,0.8,7.4,0.672,0.731,0.6,0.2,0.0,0.0,0.0,0.0,0.0,0.0,0.0,0.306,0.0,9.9,12.5,37659.0,0.0188295
2019-11-07,0.0,1.0,9.5,3.4,5.833,2640.7,434.3,79.3,0.7,1.0,0.3,0.711,0.767,1.8,1.1,0.0,0.0,0.0,0.0,0.0,0.0,0.0,0.313,0.0,9.5,11.6,24368.0,0.012184
2019-11-08,0.0,0.0,7.6,1.5,5.152,2500.6,663.0,80.2,0.7,0.5,-0.7,0.693,0.791,1.0,0.0,0.0,0.0,0.0,0.0,0.0,0.0,0.0,0.311,0.0,5.2,10.1,34564.0,0.017282
2019-11-09,0.0,3.3,7.2,2.4,4.957,2575.8,439.8,79.4,0.5,0.8,2.8,0.686,0.798,0.6,0.1,0.0,0.0,0.0,0.0,0.0,0.0,0.0,0.309,0.0,5.2,9.7,43845.0,0.0219225
2019-11-10,0.0,0.8,6.9,1.2,5.572,2854.2,207.8,90.7,0.4,0.5,0.4,0.702,0.797,0.8,0.4,0.0,0.0,0.0,0.0,0.0,0.0,0.0,0.311,0.0,5.8,8.1,36441.0,0.0182205
2019-11-11,0.0,2.8,6.6,3.6,5.338,2819.7,125.7,88.5,0.5,0.7,2.3,0.709,0.783,0.9,0.4,0.0,0.0,0.0,0.0,0.0,0.0,0.0,0.311,0.0,5.6,7.7,28972.0,0.014486
2019-11-12,0.0,5.1,6.3,3.9,4.794,2554.2,288.3,81.3,0.4,0.9,4.7,0.712,0.779,0.8,0.2,0.0,0.0,0.0,0.0,0.0,0.0,0.0,0.312,0.0,5.2,8.2,44709.0,0.0223545
2019-11-13,0.0,5.6,7.7,3.2,5.24,2667.9,375.2,80.4,0.4,0.8,5.2,0.744,0.76,1.4,0.9,0.0,0.0,0.0,0.0,0.0,0.0,0.0,0.317,0.0,5.6,9.9,42130.0,0.021065
2019-11-14,0.0,5.8,6.5,1.9,4.825,2571.1,120.7,80.4,0.1,0.7,5.7,0.762,0.761,2.0,0.5,0.0,0.0,0.0,0.0,0.0,0.0,0.0,0.32,0.0,5.8,7.3,18022.0,0.009011
2019-11-15,1.5,17.4,3.8,2.2,4.524,2905.1,120.3,90.7,0.6,0.5,18.3,0.842,0.806,6.0,4.3,0.0,0.0,0.0,0.0,0.001,0.0,1.9,0.324,0.0,1.7,5.6,28254.0,0.014127
2019-11-16,0.0,0.0,6.1,2.6,5.034,2585.7,119.4,86.4,0.0,0.5,0.0,0.841,0.859,4.8,0.4,0.0,0.0,0.0,0.0,0.0,0.0,0.0,0.334,0.0,2.2,6.7,29810.0,0.014905
2019-11-17,0.0,0.0,7.1,1.9,5.058,2438.7,397.4,81.1,0.2,0.5,-0.2,0.82,0.896,1.7,0.0,0.0,0.0,0.0,0.0,0.0,0.0,0.0,0.33,0.0,5.8,8.9,26165.0,0.0130825
2019-11-18,0.0,2.5,6.9,3.1,5.341,2716.2,175.1,86.3,0.1,0.7,2.4,0.819,0.948,1.2,0.4,0.0,0.0,0.0,0.0,0.0,0.0,0.0,0.327,0.0,5.5,8.0,27201.0,0.0136005
2019-11-19,0.0,0.0,7.5,1.3,4.341,2541.2,489.1,68.4,0.5,0.5,-0.5,0.813,1.014,1.1,0.0,0.0,0.0,0.0,0.0,0.0,0.0,0.0,0.328,0.0,6.5,9.8,37162.0,0.018581
2019-11-20,0.0,0.0,4.4,3.0,3.83,2416.3,814.9,74.6,1.4,0.7,-1.4,0.795,1.078,0.7,0.0,0.0,0.0,0.0,0.0,0.0,0.0,0.0,0.326,0.0,2.2,7.4,43275.0,0.0216375
2019-11-21,0.0,0.2,6.8,3.1,4.863,2490.4,634.5,79.3,0.5,0.7,-0.3,0.782,1.125,0.5,0.0,0.0,0.0,0.0,0.0,0.0,0.0,0.0,0.324,0.0,2.2,9.9,28613.0,0.0143065
2019-11-22,0.0,3.4,9.7,3.3,5.586,2519.2,477.3,75.4,0.2,0.9,3.2,0.782,1.171,0.4,0.0,0.0,0.0,0.0,0.0,0.0,0.0,0.0,0.322,0.0,6.4,11.8,28744.0,0.014372000000000001
2019-11-23,0.0,3.2,10.4,3.1,6.669,2971.8,101.4,85.5,0.0,0.7,3.2,0.821,1.22,0.8,0.9,0.0,0.0,0.0,0.0,0.0,0.0,0.0,0.326,0.0,9.8,11.1,17303.0,0.0086515
2019-11-24,0.0,0.0,10.0,2.1,6.373,2869.3,315.3,83.7,0.3,0.6,-0.3,0.814,1.256,0.8,0.0,0.0,0.0,0.0,0.0,0.0,0.0,0.0,0.328,0.0,8.9,12.0,24001.0,0.0120005
2019-11-25,0.0,0.3,11.0,3.2,6.747,2763.8,453.4,83.1,0.4,0.8,-0.1,0.805,1.226,0.6,0.0,0.0,0.0,0.0,0.0,0.0,0.0,0.0,0.327,0.0,9.0,12.7,28597.0,0.0142985
2019-11-26,0.0,12.9,12.0,4.2,7.666,3102.8,216.3,88.3,0.6,0.7,12.3,0.842,1.218,0.9,1.3,0.0,0.0,0.0,0.0,0.0,0.0,0.0,0.326,0.0,11.3,12.7,32248.0,0.016124
2019-11-27,0.0,1.5,11.7,5.1,7.053,2993.4,111.8,82.9,0.4,1.0,1.1,0.88,1.247,2.8,1.0,0.0,0.0,0.0,0.0,0.0,0.0,0.0,0.338,0.0,11.3,12.1,28085.0,0.0140425
2019-11-28,0.0,0.5,11.5,4.3,6.476,2581.4,170.2,77.0,0.0,1.2,0.5,0.864,1.262,1.6,0.0,0.0,0.0,0.0,0.0,0.0,0.0,0.0,0.336,0.0,10.8,12.7,26017.0,0.0130085
2019-11-29,0.0,0.7,9.2,2.0,5.955,2685.5,93.7,82.2,0.0,0.7,0.7,0.859,1.273,1.2,0.2,0.0,0.0,0.0,0.0,0.0,0.0,0.0,0.334,0.0,9.1,9.7,33984.0,0.016992
2019-11-30,0.0,2.1,7.1,3.6,4.35,2331.8,443.8,69.8,0.5,0.9,1.6,0.849,1.291,1.0,0.0,0.0,0.0,0.0,0.0,0.0,0.0,0.0,0.333,0.0,5.7,9.3,25206.0,0.012603
2019-12-01,0.0,0.6,4.0,4.0,4.14,2597.7,121.0,82.1,0.4,0.8,0.2,0.856,1.329,1.0,0.4,0.0,0.0,0.0,0.0,0.0,0.0,0.0,0.334,0.0,3.8,4.4,17350.0,0.008675
2019-12-02,0.0,0.1,4.3,2.4,4.098,2393.8,469.7,79.2,0.4,0.4,-0.3,0.845,1.367,0.8,0.0,0.0,0.0,0.0,0.0,0.0,0.0,0.0,0.332,0.0,1.5,6.3,33196.0,0.016597999999999998
2019-12-03,0.0,0.0,4.1,1.7,4.619,2808.9,513.2,90.9,0.9,0.1,-0.9,0.833,1.346,0.6,0.0,0.0,0.0,0.0,0.0,0.0,0.0,0.0,0.331,0.0,3.7,5.1,45041.0,0.0225205
2019-12-04,0.0,0.0,3.4,1.0,4.045,2622.5,586.2,84.6,1.0,0.2,-1.0,0.819,1.312,0.5,0.0,0.0,0.0,0.0,0.0,0.0,0.0,0.0,0.329,0.0,1.3,5.8,31116.0,0.015558
2019-12-05,0.0,0.0,1.1,1.3,3.844,2811.3,361.6,94.0,0.7,0.1,-0.7,0.808,1.28,0.4,0.0,0.0,0.0,0.0,0.0,0.0,0.0,0.0,0.327,0.0,0.2,2.5,34183.0,0.0170915
2019-12-06,0.0,2.7,5.1,3.5,5.142,2919.7,111.2,92.4,0.0,0.5,2.7,0.815,1.235,0.4,0.3,0.0,0.0,0.0,0.0,0.0,0.0,0.0,0.326,0.0,0.0,10.4,31499.0,0.0157495
2019-12-07,0.0,0.0,10.9,3.2,6.723,2893.4,164.6,83.1,0.0,0.8,0.0,0.82,1.159,0.4,0.0,0.0,0.0,0.0,0.0,0.0,0.0,0.0,0.329,0.0,8.6,11.7,25607.0,0.0128035
2019-12-08,0.0,13.1,10.6,5.6,6.513,2812.7,85.1,82.0,0.4,1.1,12.7,0.855,1.127,0.6,0.7,0.0,0.0,0.0,0.0,0.0,0.0,0.0,0.328,0.0,10.1,11.9,25205.0,0.012602499999999999
2019-12-09,0.0,6.3,7.8,4.4,4.976,2688.9,177.0,76.0,0.5,1.1,5.8,0.933,1.151,3.6,2.4,0.0,0.0,0.0,0.0,0.0,0.0,0.0,0.342,0.0,6.7,9.8,26366.0,0.013183
2019-12-10,0.0,2.3,5.8,3.0,4.394,2473.1,222.5,76.6,0.1,0.7,2.2,0.914,1.16,2.0,0.0,0.0,0.0,0.0,0.0,0.0,0.0,0.0,0.343,0.0,2.4,7.5,41519.0,0.0207595
2019-12-11,0.0,0.8,7.5,3.1,5.422,2719.8,252.0,84.6,0.2,0.5,0.6,0.917,1.163,1.8,0.5,0.0,0.0,0.0,0.0,0.0,0.0,0.0,0.343,0.0,7.3,8.6,12598.0,0.006299
2019-12-12,0.0,11.9,5.5,5.0,4.948,2780.3,104.3,87.9,0.5,0.7,11.4,0.942,1.217,2.1,1.6,0.0,0.0,0.0,0.0,0.0,0.0,0.0,0.341,0.0,3.3,8.4,18548.0,0.009274
2019-12-13,0.0,2.9,8.5,6.0,5.291,2800.7,232.9,76.7,0.8,1.2,2.1,0.962,1.312,3.4,0.7,0.0,0.0,0.0,0.0,0.0,0.0,0.0,0.351,0.0,6.9,10.1,18593.0,0.0092965
2019-12-14,0.0,1.5,10.0,5.0,5.785,2782.6,113.3,75.8,0.2,1.2,1.3,0.953,1.383,2.2,0.3,0.0,0.0,0.0,0.0,0.0,0.0,0.0,0.349,0.0,8.4,10.7,22991.0,0.0114955
2019-12-15,0.0,4.2,10.0,3.5,5.874,2570.4,229.1,77.0,0.0,1.0,4.2,0.946,1.44,1.7,0.1,0.0,0.0,0.0,0.0,0.0,0.0,0.0,0.347,0.0,9.4,10.4,30728.0,0.015364000000000001
2019-12-16,0.0,5.6,10.2,2.0,6.933,3042.7,131.1,89.9,0.0,0.5,5.6,0.989,1.53,3.3,1.7,0.0,0.0,0.0,0.0,0.0,0.0,0.0,0.35,0.0,9.2,11.6,15768.0,0.007884
2019-12-17,0.0,0.1,11.7,2.9,6.482,2618.1,342.0,76.0,0.1,0.8,0.0,0.969,1.609,2.2,0.0,0.0,0.0,0.0,0.0,0.0,0.0,0.0,0.352,0.0,10.4,15.1,17034.0,0.008517
2019-12-18,0.0,0.0,9.5,2.7,6.163,2606.7,453.4,83.7,0.3,0.5,-0.3,0.951,1.642,1.5,0.0,0.0,0.0,0.0,0.0,0.0,0.0,0.0,0.349,0.0,6.8,11.3,31852.0,0.015926
2019-12-19,0.0,12.7,12.9,3.4,6.79,2623.6,265.4,73.6,0.0,1.0,12.7,0.953,1.623,1.2,0.0,0.0,0.0,0.0,0.0,0.0,0.0,0.0,0.346,0.0,10.7,14.3,17915.0,0.0089575
2019-12-20,0.0,1.9,11.0,4.6,6.56,2814.5,155.2,80.1,0.2,1.1,1.7,1.017,1.664,4.3,2.6,0.0,0.0,0.0,0.0,0.0,0.0,0.0,0.359,0.0,9.8,11.9,16833.0,0.0084165
2019-12-21,0.0,6.2,9.4,4.3,5.962,2652.7,165.3,81.9,0.1,0.9,6.1,1.002,1.694,2.4,0.5,0.0,0.0,0.0,0.0,0.0,0.0,0.0,0.355,0.0,7.9,10.8,29826.0,0.014913000000000001
2019-12-22,0.0,0.3,9.8,5.4,5.866,2664.0,109.6,78.0,0.3,1.1,0.0,1.011,1.708,3.0,0.7,0.0,0.0,0.0,0.0,0.0,0.0,0.0,0.358,0.0,9.4,10.6,20940.0,0.01047
2019-12-23,0.0,3.3,9.9,4.7,5.62,2612.8,75.6,74.3,0.0,1.3,3.3,0.994,1.713,1.9,0.0,0.0,0.0,0.0,0.0,0.0,0.0,0.0,0.355,0.0,9.4,11.1,27276.0,0.013638
2019-12-24,0.0,0.0,11.6,4.8,6.465,2670.9,421.5,76.7,0.4,1.0,-0.4,0.996,1.719,2.0,0.5,0.0,0.0,0.0,0.0,0.0,0.0,0.0,0.356,0.0,9.0,13.2,25427.0,0.0127135
2019-12-25,0.0,0.0,9.1,2.7,4.962,2484.8,239.8,68.9,0.2,1.0,-0.2,0.978,1.715,1.5,0.0,0.0,0.0,0.0,0.0,0.0,0.0,0.0,0.353,0.0,8.4,10.1,35469.0,0.0177345
2019-12-26,0.0,10.6,8.4,3.4,5.471,2660.1,261.3,78.6,0.0,0.7,10.6,0.984,1.687,1.3,0.7,0.0,0.0,0.0,0.0,0.0,0.0,0.0,0.35,0.0,5.8,11.2,26669.0,0.013334499999999999
2019-12-27,0.0,0.0,9.9,2.9,6.12,2931.8,88.6,81.1,0.2,0.8,-0.2,1.021,1.684,3.2,1.1,0.0,0.0,0.0,0.0,0.0,0.0,0.0,0.36,0.0,9.5,9.9,25936.0,0.012968
2019-12-28,0.0,0.0,7.4,2.1,4.803,2728.4,115.4,74.9,0.2,0.8,-0.2,0.997,1.686,2.0,0.0,0.0,0.0,0.0,0.0,0.0,0.0,0.0,0.356,0.0,6.4,8.6,35871.0,0.0179355
2019-12-29,0.0,0.0,3.8,1.8,3.778,2459.2,311.4,76.1,0.4,0.4,-0.4,0.979,1.671,1.5,0.0,0.0,0.0,0.0,0.0,0.0,0.0,0.0,0.353,0.0,1.8,5.5,33511.0,0.0167555
2019-12-30,0.0,0.0,3.9,1.3,3.701,2601.9,587.8,74.6,1.0,0.4,-1.0,0.959,1.603,1.2,0.0,0.0,0.0,0.0,0.0,0.0,0.0,0.0,0.35,0.0,1.3,6.7,44804.0,0.022402
2019-12-31,0.0,0.0,3.0,1.5,3.936,2651.8,451.4,84.0,0.7,0.2,-0.7,0.941,1.525,1.0,0.0,0.0,0.0,0.0,0.0,0.0,0.0,0.0,0.347,0.0,0.9,4.8,34340.0,0.01717
2020-01-01,0.0,1.3,3.3,2.0,4.534,2885.0,306.7,93.9,0.4,0.2,0.9,0.93,1.454,0.8,0.0,0.0,0.0,0.0,0.0,0.0,0.0,0.0,0.345,0.0,1.5,5.9,23301.0,0.0116505
2020-01-02,0.0,0.6,7.9,2.3,6.113,2967.9,63.9,92.3,-0.1,0.5,0.7,0.934,1.363,0.8,0.2,0.0,0.0,0.0,0.0,0.0,0.0,0.0,0.345,0.0,4.7,9.8,22675.0,0.0113375
2020-01-03,0.0,0.2,10.3,4.2,6.355,2786.4,65.1,82.0,0.0,1.0,0.2,0.929,1.265,0.8,0.0,0.0,0.0,0.0,0.0,0.0,0.0,0.0,0.345,0.0,9.0,12.3,18320.0,0.00916
2020-01-04,0.0,0.0,7.8,2.3,4.972,2566.9,307.2,76.1,0.1,0.6,-0.1,0.92,1.174,0.8,0.0,0.0,0.0,0.0,0.0,0.0,0.0,0.0,0.344,0.0,5.5,8.8,29030.0,0.014515
2020-01-05,0.0,0.0,7.9,1.0,5.022,2876.1,107.3,75.9,0.1,0.6,-0.1,0.912,1.081,0.7,0.0,0.0,0.0,0.0,0.0,0.0,0.0,0.0,0.342,0.0,7.5,8.8,38299.0,0.0191495
2020-01-06,0.0,0.1,5.7,3.3,4.455,2492.4,630.2,78.5,0.8,0.6,-0.7,0.9,0.971,0.7,0.0,0.0,0.0,0.0,0.0,0.0,0.0,0.0,0.341,0.0,3.2,8.3,36504.0,0.018252
2020-01-07,0.0,0.0,8.7,2.6,6.401,2980.9,123.4,91.5,-0.1,0.5,0.1,0.893,0.882,0.6,0.0,0.0,0.0,0.0,0.0,0.0,0.0,0.0,0.339,0.0,6.3,12.3,19942.0,0.009971
2020-01-08,0.0,0.8,12.1,3.1,7.895,3073.4,83.2,89.9,-0.1,0.6,0.9,0.893,0.815,0.6,0.1,0.0,0.0,0.0,0.0,0.0,0.0,0.0,0.339,0.0,9.3,12.4,28587.0,0.0142935
2020-01-09,0.0,4.5,11.7,4.7,7.417,2971.0,82.2,86.7,0.1,0.9,4.4,0.92,0.78,0.7,0.6,0.0,0.0,0.0,0.0,0.0,0.0,0.0,0.339,0.0,11.3,12.7,32952.0,0.016476
2020-01-10,0.0,0.4,8.6,3.4,5.527,2795.8,124.9,79.4,0.3,0.9,0.1,0.919,0.765,0.8,0.1,0.0,0.0,0.0,0.0,0.0,0.0,0.0,0.343,0.0,7.7,9.5,21136.0,0.010568
2020-01-11,0.0,0.0,6.6,2.3,4.371,2367.6,386.8,72.6,0.2,0.6,-0.2,0.909,0.755,0.7,0.0,0.0,0.0,0.0,0.0,0.0,0.0,0.0,0.342,0.0,5.7,8.7,41459.0,0.0207295
2020-01-12,0.0,0.0,7.6,3.4,5.49,2566.8,192.7,84.4,-0.1,0.6,0.1,0.902,0.741,0.7,0.0,0.0,0.0,0.0,0.0,0.0,0.0,0.0,0.34,0.0,4.3,9.2,38255.0,0.0191275
2020-01-13,0.0,0.1,9.0,4.7,6.035,2747.4,165.6,85.0,0.3,1.1,-0.2,0.897,0.737,0.6,0.0,0.0,0.0,0.0,0.0,0.0,0.0,0.0,0.34,0.0,7.2,10.4,31371.0,0.0156855
2020-01-14,0.0,0.0,11.1,7.1,5.642,2652.7,120.2,68.7,0.4,1.9,-0.4,0.887,0.736,0.6,0.0,0.0,0.0,0.0,0.0,0.0,0.0,0.0,0.339,0.0,10.3,12.4,29818.0,0.014909
2020-01-15,0.0,1.2,10.3,4.3,5.699,2682.1,240.6,73.5,0.3,1.3,0.9,0.88,0.729,0.5,0.0,0.0,0.0,0.0,0.0,0.0,0.0,0.0,0.337,0.0,9.4,12.5,25418.0,0.012709
2020-01-16,0.0,1.3,10.2,3.8,5.924,2774.0,619.7,77.6,0.9,0.8,0.4,0.884,0.728,0.6,0.3,0.0,0.0,0.0,0.0,0.0,0.0,0.0,0.338,0.0,5.4,12.8,42778.0,0.021389
2020-01-17,0.0,0.7,9.0,4.3,5.467,2596.5,251.3,76.1,0.3,1.1,0.4,0.883,0.739,0.5,0.1,0.0,0.0,0.0,0.0,0.0,0.0,0.0,0.337,0.0,6.8,11.6,16728.0,0.008364
2020-01-18,0.0,0.0,5.8,2.2,4.503,2286.2,685.0,79.2,0.6,0.5,-0.6,0.874,0.731,0.5,0.0,0.0,0.0,0.0,0.0,0.0,0.0,0.0,0.337,0.0,4.2,8.8,39736.0,0.019868
2020-01-19,0.0,0.0,5.1,3.5,4.187,2413.6,412.5,76.9,0.5,0.7,-0.5,0.864,0.686,0.5,0.0,0.0,0.0,0.0,0.0,0.0,0.0,0.0,0.336,0.0,3.4,7.2,43237.0,0.0216185
2020-01-20,0.0,0.0,3.6,3.3,4.003,2293.4,750.5,82.2,0.8,0.5,-0.8,0.853,0.633,0.4,0.0,0.0,0.0,0.0,0.0,0.0,0.0,0.0,0.334,0.001,2.1,5.6,38238.0,0.019119
2020-01-21,0.0,0.0,2.8,1.9,3.652,2370.2,744.8,79.1,0.8,0.3,-0.8,0.842,0.585,0.4,0.0,0.0,0.0,0.0,0.0,0.0,0.0,0.0,0.332,0.0,1.4,4.7,30659.0,0.015329500000000001
2020-01-22,0.0,0.0,1.1,2.9,3.345,2309.2,812.0,82.0,0.9,0.4,-0.9,0.83,0.528,0.4,0.0,0.0,0.0,0.0,0.0,0.0,0.0,0.0,0.33,0.001,-0.9,3.2,25527.0,0.0127635
2020-01-23,0.0,0.0,1.4,3.5,3.601,2477.1,470.9,86.2,0.5,0.4,-0.5,0.821,0.462,0.3,0.0,0.0,0.0,0.0,0.0,0.0,0.0,0.0,0.328,0.001,-0.4,3.3,19646.0,0.009823
2020-01-24,0.0,0.0,1.6,1.5,3.617,2670.2,716.9,85.3,0.9,0.2,-0.9,0.81,0.396,0.3,0.0,0.0,0.0,0.0,0.0,0.0,0.0,0.0,0.328,0.0,0.4,4.3,30904.0,0.015452
2020-01-25,0.0,0.2,3.3,1.1,4.501,2841.0,344.6,92.9,0.2,0.3,0.0,0.805,0.337,0.3,0.0,0.0,0.0,0.0,0.0,0.0,0.0,0.0,0.326,0.0,0.0,5.9,31875.0,0.0159375
2020-01-26,0.0,3.6,6.8,2.5,5.762,3013.7,175.8,93.4,0.1,0.5,3.5,0.814,0.279,0.3,0.2,0.0,0.0,0.0,0.0,0.0,0.0,0.0,0.326,0.0,4.1,9.4,24359.0,0.012179500000000001
2020-01-27,0.0,4.1,9.1,5.4,6.318,2910.7,110.8,88.0,0.4,0.8,3.7,0.847,0.24,0.3,0.4,0.0,0.0,0.0,0.0,0.0,0.0,0.0,0.33,0.0,8.8,9.4,15894.0,0.007947000000000001
2020-01-28,0.0,1.7,6.7,5.3,4.677,2584.6,267.8,76.7,0.6,1.2,1.1,0.861,0.22,0.4,0.4,0.0,0.0,0.0,0.0,0.0,0.0,0.0,0.334,0.0,5.9,7.4,29719.0,0.0148595
2020-01-29,0.0,0.0,7.7,3.6,4.899,2315.5,486.2,75.3,0.1,0.9,-0.1,0.86,0.212,0.4,0.0,0.0,0.0,0.0,0.0,0.0,0.0,0.0,0.335,0.0,6.0,9.9,36952.0,0.018476
2020-01-30,0.0,3.3,9.3,3.7,6.851,3055.7,141.2,92.3,-0.1,0.6,3.4,0.876,0.219,0.5,0.4,0.0,0.0,0.0,0.0,0.0,0.0,0.0,0.334,0.0,5.2,13.6,21337.0,0.010668500000000001
2020-01-31,0.0,3.4,12.6,3.9,7.889,3076.0,151.4,87.2,0.0,0.8,3.4,0.882,0.244,0.6,0.0,0.0,0.0,0.0,0.0,0.0,0.0,0.0,0.337,0.0,11.6,13.2,32569.0,0.0162845
2020-02-01,0.0,10.7,12.9,4.4,7.9,2964.4,275.2,85.9,0.2,0.9,10.5,0.936,0.33,1.4,1.2,0.0,0.0,0.0,0.0,0.0,0.0,0.0,0.341,0.0,12.8,13.4,25850.0,0.012924999999999999
2020-02-02,0.0,12.0,13.4,4.1,8.566,3252.8,174.6,90.0,0.4,0.9,11.6,0.993,0.465,3.6,2.4,0.0,0.0,0.0,0.0,0.0,0.0,0.0,0.351,0.0,11.4,16.0,30926.0,0.015463
2020-02-03,0.0,7.8,12.0,4.0,7.248,2993.0,331.3,83.5,1.0,1.0,6.8,1.013,0.604,4.7,1.8,0.0,0.0,0.0,0.0,0.0,0.0,0.0,0.357,0.0,11.5,14.0,42116.0,0.021058
2020-02-04,0.0,0.3,7.9,4.7,4.7,2574.4,482.7,71.5,1.0,1.3,-0.7,1.006,0.73,3.5,0.7,0.0,0.0,0.0,0.0,0.0,0.0,0.0,0.359,0.0,6.3,9.3,46403.0,0.0232015
2020-02-05,0.0,0.0,7.8,2.1,4.839,2494.4,264.1,73.9,0.1,0.8,-0.1,0.984,0.842,1.7,0.0,0.0,0.0,0.0,0.0,0.0,0.0,0.0,0.354,0.0,7.4,9.5,58680.0,0.02934
2020-02-06,0.0,0.0,6.1,2.1,3.955,2340.2,1026.0,69.3,1.5,0.9,-1.5,0.961,0.913,1.2,0.0,0.0,0.0,0.0,0.0,0.0,0.0,0.0,0.351,0.0,2.7,9.8,63120.0,0.03156
2020-02-07,0.0,0.0,7.4,2.4,4.38,2381.8,891.8,68.0,0.9,1.0,-0.9,0.94,0.955,0.9,0.0,0.0,0.0,0.0,0.0,0.0,0.0,0.0,0.347,0.0,2.9,10.1,56968.0,0.028484
2020-02-08,0.0,1.6,9.5,2.2,6.072,2691.6,360.6,83.0,0.0,0.7,1.6,0.935,1.008,0.8,0.2,0.0,0.0,0.0,0.0,0.0,0.0,0.0,0.345,0.0,9.0,10.8,40618.0,0.020309
2020-02-09,0.0,3.2,11.1,7.7,6.53,2892.9,171.2,79.4,1.5,1.6,1.7,0.939,1.057,0.9,0.3,0.0,0.0,0.0,0.0,0.0,0.0,0.0,0.346,0.0,8.2,14.2,39130.0,0.019565
2020-02-10,0.0,12.6,10.6,7.0,5.586,2746.7,373.1,70.3,1.5,1.9,11.1,0.979,1.121,1.3,1.0,0.0,0.0,0.0,0.0,0.0,0.0,0.0,0.346,0.0,8.8,11.7,33622.0,0.016811
2020-02-11,0.0,0.9,6.5,5.6,4.485,2542.7,486.3,74.8,1.3,1.6,-0.4,1.002,1.166,2.3,1.3,0.0,0.0,0.0,0.0,0.0,0.0,0.0,0.357,0.0,5.2,9.3,35530.0,0.017765
2020-02-12,0.0,0.1,6.8,3.3,4.447,2202.8,515.2,73.0,0.2,1.1,-0.1,0.981,1.164,1.6,0.0,0.0,0.0,0.0,0.0,0.0,0.0,0.0,0.353,0.0,4.8,9.0,55685.0,0.0278425
2020-02-13,0.0,3.0,9.7,5.8,5.157,2504.2,624.7,69.8,1.0,1.8,2.0,0.969,1.156,1.3,0.1,0.0,0.0,0.0,0.0,0.0,0.0,0.0,0.351,0.0,6.5,12.7,28453.0,0.0142265
2020-02-14,0.0,0.0,10.1,2.9,5.755,2616.9,227.2,75.6,0.0,1.2,0.0,0.971,1.165,1.3,0.4,0.0,0.0,0.0,0.0,0.0,0.0,0.0,0.351,0.0,9.4,11.2,55137.0,0.0275685
2020-02-15,0.0,0.4,11.4,4.5,6.189,2666.1,548.0,74.5,0.6,1.4,-0.2,0.959,1.173,1.2,0.1,0.0,0.0,0.0,0.0,0.0,0.0,0.0,0.35,0.0,8.1,13.8,63996.0,0.031998
2020-02-16,0.0,5.6,14.4,7.8,7.221,2770.7,289.9,70.9,1.0,2.1,4.6,0.952,1.196,1.0,0.3,0.0,0.0,0.0,0.0,0.0,0.0,0.0,0.348,0.0,12.8,16.5,40225.0,0.0201125
2020-02-17,0.0,0.6,9.1,4.0,5.568,2646.9,453.8,77.5,0.8,1.3,-0.2,0.97,1.255,1.3,0.6,0.0,0.0,0.0,0.0,0.0,0.0,0.0,0.351,0.0,8.1,11.9,25598.0,0.012799
2020-02-18,0.0,4.4,8.1,4.3,4.938,2406.2,431.5,74.2,0.4,1.3,4.0,0.963,1.327,1.1,0.2,0.0,0.0,0.0,0.0,0.0,0.0,0.0,0.349,0.0,4.9,10.3,62355.0,0.0311775
2020-02-19,0.0,0.7,8.1,3.5,5.348,2683.7,520.5,80.1,0.6,1.1,0.1,0.973,1.435,1.4,0.5,0.0,0.0,0.0,0.0,0.0,0.0,0.0,0.352,0.0,5.9,9.9,51679.0,0.0258395
2020-02-20,0.0,2.7,8.7,4.3,5.833,2841.1,227.6,83.4,0.5,1.0,2.2,0.979,1.498,1.5,0.5,0.0,0.0,0.0,0.0,0.0,0.0,0.0,0.35,0.0,8.3,10.5,65908.0,0.032954
2020-02-21,0.0,0.0,7.3,3.0,4.594,2283.7,669.1,73.1,0.5,1.2,-0.5,0.962,1.522,1.3,0.0,0.0,0.0,0.0,0.0,0.0,0.0,0.0,0.351,0.0,4.2,10.3,67540.0,0.03377
2020-02-22,0.0,0.0,10.1,3.5,5.726,2521.4,480.5,74.3,0.0,1.4,0.0,0.949,1.529,1.1,0.0,0.0,0.0,0.0,0.0,0.0,0.0,0.0,0.348,0.0,5.7,13.1,75618.0,0.037809
2020-02-23,0.0,0.9,12.1,4.8,7.613,2843.2,252.4,86.9,0.0,0.9,0.9,0.941,1.558,1.0,0.1,0.0,0.0,0.0,0.0,0.0,0.0,0.0,0.347,0.0,10.4,13.4,61683.0,0.0308415
2020-02-24,0.0,3.5,11.9,4.8,7.402,3081.6,235.2,85.5,0.7,1.0,2.8,0.941,1.585,0.9,0.2,0.0,0.0,0.0,0.0,0.0,0.0,0.0,0.346,0.0,11.5,12.8,63822.0,0.031911
2020-02-25,0.0,2.9,8.3,4.3,5.428,2675.2,244.8,79.5,0.7,1.1,2.2,0.964,1.649,1.3,0.7,0.0,0.0,0.0,0.0,0.0,0.0,0.0,0.348,0.0,7.8,9.8,37815.0,0.0189075
2020-02-26,0.0,5.3,5.0,4.4,4.325,2491.3,268.9,80.3,0.6,1.0,4.7,0.967,1.697,1.3,0.3,0.0,0.0,0.0,0.0,0.0,0.0,0.0,0.349,0.0,3.6,6.7,54745.0,0.0273725
2020-02-27,0.0,7.5,6.8,5.1,4.926,2523.6,236.4,79.8,0.4,1.2,7.1,1.016,1.751,3.1,1.8,0.0,0.0,0.0,0.0,0.0,0.0,0.0,0.352,0.0,4.2,12.1,25272.0,0.012636
2020-02-28,0.0,0.1,7.0,4.0,5.015,2432.4,328.2,79.5,-0.1,1.2,0.2,0.997,1.768,2.2,0.0,0.0,0.0,0.0,0.0,0.0,0.0,0.0,0.355,0.001,2.8,11.2,49054.0,0.024527
2020-02-29,0.0,3.4,9.1,4.8,5.8,2611.2,316.6,80.6,0.5,1.2,2.9,0.996,1.798,1.9,0.5,0.0,0.0,0.0,0.0,0.0,0.0,0.0,0.353,0.0,8.9,9.5,29711.0,0.0148555
2020-03-01,0.0,19.7,6.6,4.4,5.146,2571.5,348.4,85.3,0.6,0.9,19.1,1.033,1.807,2.7,1.3,0.0,0.0,0.0,0.0,0.0,0.0,0.0,0.354,0.0,5.0,8.4,43902.0,0.021951
2020-03-02,0.0,4.0,6.9,3.8,5.326,2690.5,268.0,86.4,0.4,0.8,3.6,1.085,1.906,7.6,3.5,0.0,0.0,0.0,0.0,0.0,0.0,0.0,0.37,0.0,5.2,7.9,32985.0,0.0164925
2020-03-03,0.0,0.0,5.9,3.0,4.504,2349.2,684.1,78.3,0.5,1.1,-0.5,1.047,1.965,2.9,0.0,0.0,0.0,0.0,0.0,0.0,0.0,0.0,0.364,0.0,2.9,8.5,33917.0,0.0169585
2020-03-04,0.0,4.8,6.8,3.5,5.369,2651.1,277.1,87.5,0.1,0.8,4.7,1.029,2.012,2.0,0.0,0.0,0.0,0.0,0.0,0.0,0.0,0.0,0.36,0.0,4.2,9.0,32046.0,0.016023
2020-03-05,0.0,13.9,9.2,4.4,6.79,3084.4,236.0,93.8,0.7,0.7,13.2,1.103,2.08,6.1,3.7,0.0,0.0,0.0,0.0,0.0,0.0,0.0,0.362,0.0,7.2,10.5,19100.0,0.00955
2020-03-06,0.0,0.0,7.8,4.0,4.749,2393.4,672.8,72.9,0.8,1.4,-0.8,1.068,2.113,3.3,0.0,0.0,0.0,0.0,0.0,0.0,0.0,0.0,0.368,0.0,6.1,9.6,48464.0,0.024232
2020-03-07,0.0,0.0,8.3,2.2,5.057,2537.9,607.5,75.0,0.4,1.2,-0.4,1.04,2.13,2.1,0.0,0.0,0.0,0.0,0.0,0.0,0.0,0.0,0.362,0.0,3.8,10.9,61647.0,0.0308235
2020-03-08,0.0,3.5,8.9,3.9,6.069,2795.5,320.6,85.5,0.6,1.0,2.9,1.036,2.136,2.0,0.5,0.0,0.0,0.0,0.0,0.0,0.0,0.0,0.359,0.0,8.1,10.6,54826.0,0.027413
2020-03-09,0.0,4.5,8.6,3.6,5.438,2618.6,652.5,78.7,0.9,1.3,3.6,1.03,2.141,1.9,0.2,0.0,0.0,0.0,0.0,0.0,0.0,0.0,0.36,0.0,6.1,10.8,60890.0,0.030445
2020-03-10,0.0,0.0,12.7,4.7,7.991,2962.4,375.2,87.6,0.1,1.0,-0.1,1.032,2.143,2.1,0.5,0.0,0.0,0.0,0.0,0.0,0.0,0.0,0.361,0.0,7.6,15.0,38534.0,0.019267
2020-03-11,0.0,0.9,14.7,4.8,7.769,2962.6,305.3,75.4,0.4,1.8,0.5,1.017,2.146,1.8,0.1,0.0,0.0,0.0,0.0,0.0,0.0,0.0,0.358,0.0,13.1,16.8,61000.0,0.0305
2020-03-12,0.0,0.3,10.9,4.1,5.559,2586.9,535.0,68.3,1.0,1.8,-0.7,0.999,2.138,1.6,0.1,0.0,0.0,0.0,0.0,0.0,0.0,0.0,0.356,0.0,11.2,11.6,47367.0,0.0236835
2020-03-13,0.0,0.0,9.0,3.1,4.505,2268.2,1090.8,63.7,1.3,1.8,-1.3,0.974,2.134,1.3,0.0,0.0,0.0,0.0,0.0,0.0,0.0,0.0,0.353,0.0,5.5,11.7,80937.0,0.0404685
2020-03-14,0.0,0.5,9.4,2.7,5.939,2546.8,206.1,80.8,-0.2,1.1,0.7,0.961,2.083,1.1,0.1,0.0,0.0,0.0,0.0,0.0,0.0,0.0,0.349,0.0,7.3,11.1,68999.0,0.0344995
2020-03-15,0.0,0.0,11.8,2.6,6.242,2572.0,869.0,73.7,0.9,1.6,-0.9,0.949,1.989,1.0,0.0,0.0,0.0,0.0,0.0,0.0,0.0,0.0,0.349,0.0,8.8,15.1,83730.0,0.041865
2020-03-16,0.0,0.0,9.9,1.9,6.15,2658.6,543.0,81.3,0.4,1.1,-0.4,0.936,1.888,0.9,0.0,0.0,0.0,0.0,0.0,0.0,0.0,0.0,0.346,0.0,8.2,11.0,37749.0,0.0188745
2020-03-17,0.0,0.0,11.8,0.7,6.556,2878.4,543.9,76.6,0.5,1.1,-0.5,0.924,1.789,0.8,0.0,0.0,0.0,0.0,0.0,0.0,0.0,0.0,0.344,0.0,9.2,13.7,55585.0,0.0277925
2020-03-18,0.0,0.0,13.6,0.6,7.382,2963.4,808.0,76.8,1.0,1.3,-1.0,0.908,1.683,0.7,0.0,0.0,0.0,0.0,0.0,0.0,0.0,0.0,0.343,0.0,11.0,17.0,89244.0,0.044622
2020-03-19,0.0,0.0,14.2,1.3,7.003,2785.6,1509.1,70.8,2.2,2.1,-2.2,0.884,1.569,0.6,0.0,0.0,0.0,0.0,0.0,0.0,0.0,0.0,0.34,0.0,8.0,19.2,85930.0,0.042965
2020-03-20,0.0,0.0,12.0,3.6,6.651,2668.3,910.5,76.2,1.4,1.9,-1.4,0.863,1.437,0.6,0.0,0.0,0.0,0.0,0.0,0.0,0.0,0.0,0.336,0.0,10.6,16.2,86893.0,0.0434465
2020-03-21,0.0,0.0,7.8,4.4,4.969,2735.1,269.3,76.0,0.6,1.3,-0.6,0.85,1.321,0.5,0.0,0.0,0.0,0.0,0.0,0.0,0.0,0.0,0.334,0.0,6.6,8.4,78439.0,0.0392195
2020-03-22,0.0,0.0,8.4,4.6,3.735,2533.3,1012.8,55.1,1.9,2.5,-1.9,0.83,1.197,0.5,0.0,0.0,0.0,0.0,0.0,0.0,0.0,0.0,0.332,0.0,5.8,11.4,70886.0,0.035443
2020-03-23,0.0,0.0,7.2,4.2,2.601,2118.5,2035.9,41.8,2.4,3.0,-2.4,0.803,1.085,0.4,0.0,0.0,0.0,0.0,0.0,0.0,0.0,0.0,0.328,0.0,2.4,10.4,71527.0,0.035763500000000004
2020-03-24,0.0,0.0,7.8,3.2,2.235,2170.1,1975.3,35.0,2.0,3.1,-2.0,0.778,0.99,0.4,0.0,0.0,0.0,0.0,0.0,0.0,0.0,0.0,0.324,0.0,2.3,11.9,79054.0,0.039527
2020-03-25,0.0,0.0,7.4,3.5,2.459,2105.9,2090.9,39.2,1.6,3.0,-1.6,0.758,0.908,0.4,0.0,0.0,0.0,0.0,0.0,0.0,0.0,0.0,0.321,0.001,2.4,11.3,96017.0,0.0480085
2020-03-26,0.0,0.0,7.2,3.7,2.519,2065.9,2080.8,40.0,1.4,3.0,-1.4,0.74,0.812,0.3,0.0,0.0,0.0,0.0,0.0,0.0,0.0,0.0,0.318,0.001,3.4,10.4,87793.0,0.0438965
2020-03-27,0.0,0.0,8.8,2.9,3.814,2286.4,2140.2,54.4,1.2,2.9,-1.2,0.725,0.7,0.3,0.0,0.0,0.0,0.0,0.0,0.0,0.0,0.0,0.315,0.0,3.6,13.1,90212.0,0.045106
2020-03-28,0.0,0.0,10.5,4.0,4.997,2502.6,1858.0,64.1,1.2,2.8,-1.2,0.711,0.579,0.3,0.0,0.0,0.0,0.0,0.0,0.0,0.0,0.0,0.314,0.0,5.6,15.3,95296.0,0.047648
2020-03-29,0.0,0.0,6.1,7.6,2.964,2211.8,1682.4,50.9,1.3,3.0,-1.3,0.697,0.459,0.3,0.0,0.0,0.0,0.0,0.0,0.0,0.0,0.0,0.312,0.0,4.7,8.8,61613.0,0.0308065
2020-03-30,0.0,0.0,5.3,5.9,2.513,1972.6,2234.0,45.7,1.2,3.2,-1.2,0.682,0.329,0.2,0.0,0.0,0.0,0.0,0.0,0.0,0.0,0.0,0.309,0.001,0.3,8.6,56833.0,0.0284165
2020-03-31,0.0,0.0,7.4,4.2,3.785,2363.5,1433.9,61.0,0.6,2.3,-0.6,0.673,0.204,0.2,0.0,0.0,0.0,0.0,0.0,0.0,0.0,0.0,0.307,0.0,2.8,11.0,88122.0,0.044061
2020-04-01,0.0,0.0,7.7,3.0,3.174,2164.3,2270.9,50.2,1.3,3.1,-1.3,0.66,0.097,0.2,0.0,0.0,0.0,0.0,0.0,0.0,0.0,0.0,0.306,0.0,2.2,12.3,86207.0,0.0431035
2020-04-02,0.0,0.1,7.4,2.4,3.993,2482.7,1080.5,63.4,0.4,1.9,-0.3,0.652,0.009,0.2,0.0,0.0,0.0,0.0,0.0,0.0,0.0,0.0,0.304,0.0,2.6,10.3,85657.0,0.0428285
2020-04-03,0.0,0.0,10.7,1.4,5.463,2661.7,935.2,69.6,0.5,1.7,-0.5,0.647,-0.062,0.2,0.0,0.0,0.0,0.0,0.0,0.0,0.0,0.0,0.304,0.0,8.0,13.3,98473.0,0.0492365
2020-04-04,0.0,0.0,12.1,2.6,4.804,2490.4,2199.9,57.7,1.5,3.2,-1.5,0.634,-0.135,0.2,0.0,0.0,0.0,0.0,0.0,0.0,0.0,0.0,0.303,0.0,5.7,17.1,113471.0,0.0567355
2020-04-05,0.0,0.0,15.6,2.8,5.02,2568.0,2300.5,47.6,1.3,4.1,-1.3,0.619,-0.201,0.2,0.0,0.0,0.0,0.0,0.0,0.0,0.0,0.0,0.3,0.0,8.3,21.3,107672.0,0.053836
2020-04-06,0.0,2.7,12.7,2.5,6.768,2851.8,842.1,73.9,0.3,1.9,2.4,0.617,-0.246,0.2,0.0,0.0,0.0,0.0,0.0,0.0,0.0,0.0,0.298,0.0,11.0,13.3,73469.0,0.036734499999999996
2020-04-07,0.0,0.0,16.3,2.3,7.687,2855.8,1612.3,68.9,1.6,2.9,-1.6,0.623,-0.291,0.1,0.1,0.0,0.0,0.0,0.0,0.0,0.0,0.0,0.301,0.0,10.9,21.0,86700.0,0.04335
2020-04-08,0.0,0.0,17.2,1.3,6.712,2868.2,2200.1,57.7,1.9,3.5,-1.9,0.605,-0.338,0.1,0.0,0.0,0.0,0.0,0.0,0.0,0.0,0.0,0.299,0.0,10.5,24.2,93063.0,0.0465315
2020-04-09,0.0,0.0,18.1,1.5,6.087,2878.6,2209.1,50.6,1.6,3.8,-1.6,0.588,-0.376,0.1,0.0,0.0,0.0,0.0,0.0,0.0,0.0,0.0,0.296,0.0,10.8,25.3,109102.0,0.054551
2020-04-10,0.0,0.0,18.8,1.7,6.731,2810.1,1934.7,52.2,1.1,3.6,-1.1,0.575,-0.398,0.1,0.0,0.0,0.0,0.0,0.0,0.0,0.0,0.0,0.294,0.0,11.6,24.7,108979.0,0.0544895
2020-04-11,0.0,0.0,18.8,1.3,6.864,2924.6,937.5,52.6,0.5,2.5,-0.5,0.568,-0.416,0.1,0.0,0.0,0.0,0.0,0.0,0.0,0.0,0.0,0.292,0.0,13.0,24.1,105023.0,0.0525115
2020-04-12,0.0,2.3,18.4,1.5,6.656,2743.6,1810.7,52.5,1.4,3.6,0.9,0.559,-0.432,0.1,0.0,0.0,0.0,0.0,0.0,0.0,0.0,0.0,0.291,0.0,13.1,25.5,84959.0,0.042479499999999996
2020-04-13,0.0,0.0,12.9,5.0,5.808,2596.7,1973.6,62.1,1.6,3.5,-1.6,0.56,-0.438,0.1,0.1,0.0,0.0,0.0,0.0,0.0,0.0,0.0,0.292,0.0,11.8,17.3,65235.0,0.0326175
2020-04-14,0.0,0.0,8.8,4.2,3.495,2216.4,2553.8,50.5,1.3,3.6,-1.3,0.546,-0.446,0.1,0.0,0.0,0.0,0.0,0.0,0.0,0.0,0.0,0.29,0.0,3.8,12.2,116658.0,0.058329
2020-04-15,0.0,0.0,12.7,2.9,4.12,2486.0,2556.3,46.9,1.3,4.2,-1.3,0.533,-0.45,0.1,0.0,0.0,0.0,0.0,0.0,0.0,0.0,0.0,0.288,0.0,5.9,18.2,105874.0,0.052937
2020-04-16,0.0,0.1,17.0,1.6,7.403,2770.4,1954.6,62.1,0.8,3.4,-0.7,0.523,-0.458,0.1,0.0,0.0,0.0,0.0,0.0,0.0,0.0,0.0,0.286,0.0,10.6,22.4,88420.0,0.04421
2020-04-17,0.0,0.1,19.3,2.2,8.249,2772.2,818.3,61.2,0.3,2.6,-0.2,0.519,-0.477,0.1,0.0,0.0,0.0,0.0,0.0,0.0,0.0,0.0,0.285,0.0,14.3,23.3,76609.0,0.0383045
2020-04-18,0.0,0.3,18.3,2.0,8.322,2808.1,1735.4,65.0,1.1,3.5,-0.8,0.511,-0.5,0.1,0.0,0.0,0.0,0.0,0.0,0.0,0.0,0.0,0.284,0.0,15.2,22.7,76252.0,0.038126
2020-04-19,0.0,0.0,15.9,3.3,7.85,2810.8,2099.4,71.4,1.2,3.7,-1.2,0.502,-0.526,0.1,0.0,0.0,0.0,0.0,0.0,0.0,0.0,0.0,0.283,0.0,12.8,20.1,37818.0,0.018909
2020-04-20,0.0,0.0,16.2,4.2,6.095,2647.2,2486.2,54.9,1.2,4.4,-1.2,0.49,-0.548,0.1,0.0,0.0,0.0,0.0,0.0,0.0,0.0,0.0,0.281,0.0,11.5,19.9,43208.0,0.021604
2020-04-21,0.0,0.0,16.2,3.1,5.353,2636.9,2372.0,46.5,1.1,4.4,-1.1,0.478,-0.572,0.1,0.0,0.0,0.0,0.0,0.0,0.0,0.0,0.0,0.279,0.0,11.4,20.1,38166.0,0.019083
2020-04-22,0.0,0.0,17.0,2.7,5.861,2670.6,2661.1,49.7,1.4,4.8,-1.4,0.465,-0.6,0.1,0.0,0.0,0.0,0.0,0.0,0.0,0.0,0.0,0.278,0.0,11.7,21.6,56185.0,0.0280925
2020-04-23,0.0,0.0,18.6,1.1,5.948,2803.1,2570.6,47.4,1.4,4.2,-1.4,0.451,-0.642,0.1,0.0,0.0,0.0,0.0,0.0,0.0,0.0,0.0,0.276,0.0,12.0,25.0,81756.0,0.040878
2020-04-24,0.0,0.0,18.9,1.6,6.776,2990.4,1602.5,50.7,0.7,3.4,-0.7,0.442,-0.69,0.1,0.0,0.0,0.0,0.0,0.0,0.0,0.0,0.0,0.274,0.0,13.4,24.0,93436.0,0.046718
2020-04-25,0.0,0.0,16.2,2.7,5.462,2726.5,1345.3,48.4,0.6,3.5,-0.6,0.435,-0.738,0.1,0.0,0.0,0.0,0.0,0.0,0.0,0.0,0.0,0.273,0.0,12.5,20.1,92673.0,0.0463365
2020-04-26,0.0,0.0,14.9,1.6,5.104,2502.6,2736.1,51.3,1.3,4.1,-1.3,0.424,-0.792,0.0,0.0,0.0,0.0,0.0,0.0,0.0,0.0,0.0,0.272,0.0,8.2,19.9,88668.0,0.044334
2020-04-27,0.0,3.1,17.5,1.9,7.532,2680.4,970.9,61.1,0.2,2.7,2.9,0.424,-0.844,0.0,0.0,0.0,0.0,0.0,0.0,0.0,0.0,0.0,0.27,0.0,12.2,23.4,61071.0,0.0305355
2020-04-28,0.0,2.5,14.9,3.4,7.865,2742.0,1144.2,75.2,0.9,2.5,1.6,0.443,-0.882,0.0,0.0,0.0,0.0,0.0,0.0,0.0,0.0,0.0,0.274,0.0,13.9,17.4,65497.0,0.0327485
2020-04-29,0.0,10.5,12.6,4.0,7.121,2819.0,746.9,79.2,1.1,2.2,9.4,0.48,-0.88,0.0,0.3,0.0,0.0,0.0,0.0,0.0,0.0,0.0,0.276,0.0,11.5,16.1,80918.0,0.040459
2020-04-30,0.0,5.7,11.2,3.7,6.586,2499.1,1002.3,80.0,1.3,1.9,4.4,0.545,-0.838,0.0,0.2,0.0,0.0,0.0,0.0,0.0,0.0,0.0,0.288,0.0,9.6,13.5,64225.0,0.0321125
2020-05-01,0.0,1.1,12.8,3.5,6.714,2737.0,1311.3,74.1,2.3,2.5,-1.2,0.577,-0.778,0.0,0.4,0.0,0.0,0.0,0.0,0.0,0.0,0.0,0.294,0.0,10.2,15.8,48686.0,0.024343
2020-05-02,0.0,0.0,13.3,2.5,5.54,2480.9,1400.7,59.8,2.0,2.8,-2.0,0.558,-0.724,0.0,0.0,0.0,0.0,0.0,0.0,0.0,0.0,0.0,0.292,0.0,9.6,16.5,63011.0,0.0315055
2020-05-03,0.0,0.1,14.5,1.5,8.212,2693.2,686.0,78.9,0.1,1.7,0.0,0.551,-0.667,0.0,0.0,0.0,0.0,0.0,0.0,0.0,0.0,0.0,0.289,0.0,11.5,18.9,93213.0,0.0466065
2020-05-04,0.0,0.2,15.5,2.8,7.864,2765.2,861.5,72.4,1.0,2.2,-0.8,0.547,-0.613,0.0,0.0,0.0,0.0,0.0,0.0,0.0,0.0,0.0,0.289,0.0,12.9,18.2,109786.0,0.054893
2020-05-05,0.0,2.0,12.9,3.0,6.867,2899.5,603.1,74.5,1.0,1.8,1.0,0.55,-0.568,0.0,0.1,0.0,0.0,0.0,0.0,0.0,0.0,0.0,0.288,0.0,11.2,15.1,89683.0,0.0448415
2020-05-06,0.0,0.0,16.2,2.5,5.566,2737.4,2555.9,50.2,3.1,4.6,-3.1,0.529,-0.516,0.0,0.0,0.0,0.0,0.0,0.0,0.0,0.0,0.0,0.289,0.0,12.6,20.6,116814.0,0.058407
2020-05-07,0.0,0.0,16.6,1.5,5.483,2694.6,2646.4,48.8,2.4,4.4,-2.4,0.503,-0.488,0.0,0.0,0.0,0.0,0.0,0.0,0.0,0.0,0.0,0.285,0.0,11.3,22.2,115554.0,0.057777
2020-05-08,0.0,0.0,18.9,1.4,7.089,2634.8,1341.2,53.6,1.0,3.2,-1.0,0.49,-0.481,0.0,0.0,0.0,0.0,0.0,0.0,0.0,0.0,0.0,0.281,0.0,12.9,24.1,97353.0,0.0486765
2020-05-09,0.0,38.1,18.9,1.3,10.348,2991.1,1039.1,76.8,1.0,2.3,37.1,0.56,-0.45,0.0,1.0,0.0,0.0,0.0,0.0,0.0,0.0,0.0,0.28,0.0,17.2,22.1,81510.0,0.040755
2020-05-10,0.0,9.9,16.9,3.4,10.597,3116.9,1150.2,88.5,3.1,2.2,6.8,0.774,-0.317,4.2,4.0,0.0,0.0,0.0,0.0,0.0,0.0,0.0,0.325,0.0,15.6,20.0,41188.0,0.020594
2020-05-11,0.0,0.0,10.4,7.3,4.74,2600.2,1237.5,61.8,3.7,2.9,-3.7,0.766,-0.203,2.9,1.1,0.0,0.0,0.0,0.0,0.0,0.0,0.0,0.326,0.0,6.8,13.2,42868.0,0.021434
2020-05-12,0.0,0.0,10.5,3.7,3.988,2243.6,2173.4,51.4,4.0,3.8,-4.0,0.716,-0.054,0.6,0.0,0.0,0.0,0.0,0.0,0.0,0.0,0.0,0.318,0.0,6.3,14.2,77073.0,0.0385365
2020-05-13,0.0,0.0,11.3,5.0,4.529,2328.2,2450.4,55.0,4.8,4.3,-4.8,0.672,0.068,0.2,0.0,0.0,0.0,0.0,0.0,0.0,0.0,0.0,0.311,0.0,8.3,15.2,52929.0,0.0264645
2020-05-14,0.0,0.0,11.0,4.8,4.302,2334.5,2649.9,53.8,3.6,4.3,-3.6,0.631,0.151,0.1,0.0,0.0,0.0,0.0,0.0,0.0,0.0,0.0,0.304,0.0,6.6,14.9,72121.0,0.0360605
2020-05-15,0.0,0.0,12.8,3.9,4.657,2376.8,3116.2,51.9,2.9,4.9,-2.9,0.601,0.21,0.0,0.0,0.0,0.0,0.0,0.0,0.0,0.0,0.0,0.299,0.0,7.3,17.0,93435.0,0.0467175
2020-05-16,0.0,0.0,14.3,2.4,5.239,2427.3,1472.2,52.8,1.4,3.3,-1.4,0.583,0.274,0.0,0.0,0.0,0.0,0.0,0.0,0.0,0.0,0.0,0.295,0.0,9.8,18.0,99241.0,0.0496205
2020-05-17,0.0,0.0,15.8,2.0,5.948,2573.5,3128.2,54.5,2.4,5.1,-2.4,0.562,0.351,0.0,0.0,0.0,0.0,0.0,0.0,0.0,0.0,0.0,0.293,0.0,10.8,19.9,116707.0,0.0583535
2020-05-18,0.0,0.0,17.5,2.2,6.621,2673.6,3127.8,54.6,2.2,5.4,-2.2,0.54,0.42,0.0,0.0,0.0,0.0,0.0,0.0,0.0,0.0,0.0,0.29,0.0,12.4,22.4,124914.0,0.062457
2020-05-19,0.0,0.0,18.5,2.6,7.25,2696.5,3133.3,54.8,2.0,5.6,-2.0,0.52,0.407,0.0,0.0,0.0,0.0,0.0,0.0,0.0,0.0,0.0,0.287,0.0,12.1,23.3,125088.0,0.062544
2020-05-20,0.0,0.0,21.2,2.0,9.412,2940.8,3115.6,61.1,2.0,5.8,-2.0,0.501,0.212,0.0,0.0,0.0,0.0,0.0,0.0,0.0,0.0,0.0,0.284,0.0,15.2,26.3,125338.0,0.062669
2020-05-21,0.0,0.0,23.4,1.5,10.557,3084.8,2549.4,60.0,1.7,5.1,-1.7,0.483,-0.037,0.0,0.0,0.0,0.0,0.0,0.0,0.0,0.0,0.0,0.281,0.0,18.2,28.1,119679.0,0.059839500000000004
2020-05-22,0.0,3.3,20.7,3.3,10.035,2781.7,1277.1,66.9,1.0,4.0,2.3,0.476,-0.241,0.0,0.0,0.0,0.0,0.0,0.0,0.0,0.0,0.0,0.278,0.0,18.4,26.3,105227.0,0.0526135
2020-05-23,0.0,0.3,16.2,3.8,7.032,2817.5,1500.3,62.9,2.2,3.5,-1.9,0.486,-0.377,0.0,0.1,0.0,0.0,0.0,0.0,0.0,0.0,0.0,0.281,0.0,12.2,19.1,66138.0,0.033069
2020-05-24,0.0,0.0,15.7,2.6,7.341,2713.1,1409.5,66.7,1.0,3.0,-1.0,0.473,-0.458,0.0,0.0,0.0,0.0,0.0,0.0,0.0,0.0,0.0,0.279,0.0,11.4,19.7,114554.0,0.057277
2020-05-25,0.0,0.0,18.8,2.1,7.895,2870.4,2038.5,60.1,1.6,4.1,-1.6,0.459,-0.515,0.0,0.0,0.0,0.0,0.0,0.0,0.0,0.0,0.0,0.277,0.0,13.9,22.8,123964.0,0.061982
2020-05-26,0.0,0.0,20.7,3.5,7.534,2791.9,2987.4,51.0,2.0,6.1,-2.0,0.441,-0.573,0.0,0.0,0.0,0.0,0.0,0.0,0.0,0.0,0.0,0.275,0.0,15.7,24.9,127242.0,0.063621
2020-05-27,0.0,0.0,20.8,3.7,7.28,2764.5,3211.6,48.2,1.8,6.7,-1.8,0.423,-0.64,0.0,0.0,0.0,0.0,0.0,0.0,0.0,0.0,0.0,0.272,0.0,16.4,25.1,123160.0,0.061579999999999996
2020-05-28,0.0,0.0,19.4,3.9,6.7,2667.8,3227.7,48.8,1.5,6.4,-1.5,0.407,-0.706,0.0,0.0,0.0,0.0,0.0,0.0,0.0,0.0,0.0,0.269,0.0,13.6,23.8,125504.0,0.062752
2020-05-29,0.0,0.0,19.7,3.6,5.713,2658.8,3242.6,40.8,1.7,6.7,-1.7,0.391,-0.766,0.0,0.0,0.0,0.0,0.0,0.0,0.0,0.0,0.0,0.267,0.0,15.2,23.9,121267.0,0.0606335
2020-05-30,0.0,0.0,20.2,2.9,6.509,2723.9,3248.1,45.5,1.4,6.5,-1.4,0.377,-0.818,0.0,0.0,0.0,0.0,0.0,0.0,0.0,0.0,0.0,0.265,0.0,15.5,24.9,121266.0,0.060633
2020-05-31,0.0,0.0,19.7,3.6,6.014,2662.0,3121.2,42.8,1.2,6.4,-1.2,0.364,-0.876,0.0,0.0,0.0,0.0,0.0,0.0,0.0,0.0,0.0,0.263,0.0,16.4,23.3,114962.0,0.057481
2020-06-01,0.0,0.0,21.4,2.6,7.161,2800.0,3261.0,45.8,1.2,6.6,-1.2,0.352,-0.976,0.0,0.0,0.0,0.0,0.0,0.0,0.0,0.0,0.0,0.261,0.0,16.1,26.3,101918.0,0.050959
2020-06-02,0.0,0.8,23.8,2.0,8.037,3004.6,3016.9,45.5,1.3,6.2,-0.5,0.341,-1.098,0.0,0.0,0.0,0.0,0.0,0.0,0.0,0.0,0.0,0.259,0.0,17.8,28.9,115588.0,0.057794
2020-06-03,0.0,25.8,21.1,2.6,9.357,2864.8,1719.5,61.4,1.4,4.2,24.4,0.369,-1.158,0.0,0.0,0.0,0.0,0.0,0.0,0.0,0.0,0.0,0.259,0.0,17.0,26.3,91349.0,0.0456745
2020-06-04,0.0,3.2,14.3,2.7,8.09,2869.0,878.9,80.4,2.0,2.0,1.2,0.574,-1.044,0.3,1.8,0.0,0.0,0.0,0.0,0.0,0.0,0.0,0.291,0.0,12.8,16.4,63834.0,0.031917
2020-06-05,0.0,0.9,13.7,4.3,7.27,2702.9,1666.2,75.1,3.5,3.1,-2.6,0.547,-0.937,0.3,0.0,0.0,0.0,0.0,0.0,0.0,0.0,0.0,0.292,0.0,12.2,16.4,71117.0,0.0355585
2020-06-06,0.0,0.0,14.6,4.1,6.21,2714.7,1666.1,62.0,3.5,3.7,-3.5,0.52,-0.817,0.1,0.1,0.0,0.0,0.0,0.0,0.0,0.0,0.0,0.288,0.0,11.9,17.5,87067.0,0.0435335
2020-06-07,0.0,0.0,15.2,2.4,7.129,2498.8,1942.5,66.7,2.5,3.5,-2.5,0.49,-0.703,0.0,0.0,0.0,0.0,0.0,0.0,0.0,0.0,0.0,0.283,0.0,11.4,19.0,91635.0,0.0458175
2020-06-08,0.0,0.0,15.0,3.4,7.287,2586.9,1650.7,69.2,2.0,3.3,-2.0,0.47,-0.604,0.0,0.0,0.0,0.0,0.0,0.0,0.0,0.0,0.0,0.279,0.0,13.4,17.4,97349.0,0.0486745
2020-06-09,0.0,0.0,14.7,2.9,6.878,2779.5,694.3,66.8,0.7,2.3,-0.7,0.461,-0.508,0.0,0.0,0.0,0.0,0.0,0.0,0.0,0.0,0.0,0.276,0.0,11.7,17.9,86237.0,0.043118500000000004
2020-06-10,0.0,0.4,15.6,2.0,7.051,2538.6,2473.5,65.4,2.2,4.2,-1.8,0.442,-0.424,0.0,0.0,0.0,0.0,0.0,0.0,0.0,0.0,0.0,0.275,0.0,12.2,19.5,81968.0,0.040984
2020-06-11,0.0,7.1,18.0,2.1,8.699,2759.3,1834.2,69.7,1.8,3.7,5.3,0.437,-0.346,0.0,0.1,0.0,0.0,0.0,0.0,0.0,0.0,0.0,0.273,0.0,12.9,22.6,66284.0,0.033142
2020-06-12,0.0,1.1,17.3,3.4,9.722,3181.8,698.2,80.0,1.3,2.1,-0.2,0.487,-0.241,0.0,0.4,0.0,0.0,0.0,0.0,0.0,0.0,0.0,0.279,0.0,14.6,20.4,76468.0,0.038234
2020-06-13,0.0,0.0,18.7,3.0,8.984,2908.6,1902.3,68.5,2.7,4.0,-2.7,0.465,-0.176,0.0,0.0,0.0,0.0,0.0,0.0,0.0,0.0,0.0,0.279,0.0,14.7,22.3,79319.0,0.0396595
2020-06-14,0.0,0.0,17.9,2.1,9.196,2940.2,1524.9,72.9,1.7,3.1,-1.7,0.447,-0.264,0.0,0.0,0.0,0.0,0.0,0.0,0.0,0.0,0.0,0.275,0.0,14.8,20.8,104523.0,0.0522615
2020-06-15,0.0,0.0,18.4,2.8,9.273,2854.4,1970.4,71.8,1.8,4.0,-1.8,0.429,-0.347,0.0,0.0,0.0,0.0,0.0,0.0,0.0,0.0,0.0,0.273,0.0,15.2,22.0,99871.0,0.0499355
2020-06-16,0.0,0.5,18.8,1.8,9.745,2889.1,1436.8,73.3,1.4,3.1,-0.9,0.419,-0.393,0.0,0.0,0.0,0.0,0.0,0.0,0.0,0.0,0.0,0.271,0.0,15.5,22.0,87488.0,0.043744
2020-06-17,0.0,0.0,17.9,1.9,9.303,2688.0,1711.0,73.4,1.1,3.3,-1.1,0.408,-0.416,0.0,0.0,0.0,0.0,0.0,0.0,0.0,0.0,0.0,0.269,0.0,15.4,20.2,91427.0,0.0457135
2020-06-18,0.0,0.3,17.8,2.9,9.048,2713.4,1612.6,72.1,1.1,3.4,-0.8,0.398,-0.422,0.0,0.0,0.0,0.0,0.0,0.0,0.0,0.0,0.0,0.268,0.0,15.5,20.6,94047.0,0.0470235
2020-06-19,0.0,0.0,17.5,2.0,8.808,2805.6,1899.3,71.4,1.1,3.5,-1.1,0.388,-0.429,0.0,0.0,0.0,0.0,0.0,0.0,0.0,0.0,0.0,0.266,0.0,14.9,19.8,106810.0,0.053405
2020-06-20,0.0,0.0,20.0,1.6,8.877,2883.5,2325.0,62.0,1.5,4.5,-1.5,0.375,-0.448,0.0,0.0,0.0,0.0,0.0,0.0,0.0,0.0,0.0,0.265,0.0,16.8,24.0,115840.0,0.05792
2020-06-21,0.0,1.8,17.8,2.8,9.573,3076.5,783.1,76.0,0.5,2.3,1.3,0.375,-0.463,0.0,0.0,0.0,0.0,0.0,0.0,0.0,0.0,0.0,0.263,0.0,16.6,21.0,107528.0,0.053764
2020-06-22,0.0,0.0,19.2,1.4,8.525,2946.3,2761.7,63.7,2.1,4.9,-2.1,0.367,-0.522,0.0,0.0,0.0,0.0,0.0,0.0,0.0,0.0,0.0,0.264,0.0,14.3,24.4,123286.0,0.061642999999999996
2020-06-23,0.0,0.0,23.5,2.7,8.734,3004.2,3301.7,50.5,2.0,6.9,-2.0,0.348,-0.586,0.0,0.0,0.0,0.0,0.0,0.0,0.0,0.0,0.0,0.261,0.0,16.0,29.3,130091.0,0.0650455
2020-06-24,0.0,0.0,26.9,2.9,8.632,3106.9,3293.0,40.4,1.7,7.8,-1.7,0.331,-0.629,0.0,0.0,0.0,0.0,0.0,0.0,0.0,0.0,0.0,0.258,0.0,20.5,31.9,126075.0,0.0630375
2020-06-25,0.0,0.0,28.1,2.0,10.25,3197.8,3064.8,43.4,1.2,7.0,-1.2,0.318,-0.688,0.0,0.0,0.0,0.0,0.0,0.0,0.0,0.0,0.0,0.256,0.0,22.2,33.4,117174.0,0.058587
2020-06-26,0.0,1.0,26.2,3.0,12.864,3202.3,1507.2,61.7,0.7,4.4,0.3,0.313,-0.745,0.0,0.0,0.0,0.0,0.0,0.0,0.0,0.0,0.0,0.254,0.0,23.7,28.7,92496.0,0.046248000000000004
2020-06-27,0.0,0.4,20.8,4.1,10.779,3149.1,1259.3,70.5,0.9,3.5,-0.5,0.313,-0.78,0.0,0.0,0.0,0.0,0.0,0.0,0.0,0.0,0.0,0.255,0.0,19.4,22.7,97971.0,0.0489855
2020-06-28,0.0,0.0,20.0,3.6,8.579,2569.6,1627.5,59.9,1.0,4.2,-1.0,0.306,-0.807,0.0,0.0,0.0,0.0,0.0,0.0,0.0,0.0,0.0,0.254,0.0,16.7,23.0,80267.0,0.0401335
2020-06-29,0.0,0.0,18.9,3.4,7.136,2736.8,2566.3,53.7,1.2,5.2,-1.2,0.295,-0.85,0.0,0.0,0.0,0.0,0.0,0.0,0.0,0.0,0.0,0.253,0.0,15.5,21.5,100190.0,0.050095
2020-06-30,0.0,0.0,19.9,3.5,9.304,3157.9,1006.2,64.2,0.3,3.2,-0.3,0.291,-0.902,0.0,0.0,0.0,0.0,0.0,0.0,0.0,0.0,0.0,0.251,0.0,16.7,22.4,109225.0,0.0546125
2020-07-01,0.0,2.5,20.9,3.7,11.125,3118.8,579.1,72.3,0.6,2.5,1.9,0.303,-0.959,0.0,0.0,0.0,0.0,0.0,0.0,0.0,0.0,0.0,0.251,0.0,19.3,23.2,80436.0,0.040218
2020-07-02,0.0,0.1,19.1,3.3,8.941,2917.6,1369.0,65.7,1.2,3.4,-1.1,0.3,-1.028,0.0,0.0,0.0,0.0,0.0,0.0,0.0,0.0,0.0,0.253,0.0,17.4,21.1,75623.0,0.0378115
2020-07-03,0.0,0.0,18.8,2.8,7.968,2714.4,1690.5,60.6,0.9,3.8,-0.9,0.291,-1.055,0.0,0.0,0.0,0.0,0.0,0.0,0.0,0.0,0.0,0.252,0.0,14.4,22.3,106385.0,0.0531925
2020-07-04,0.0,0.0,20.0,4.1,9.969,3129.6,539.6,68.4,0.1,2.7,-0.1,0.288,-1.054,0.0,0.0,0.0,0.0,0.0,0.0,0.0,0.0,0.0,0.251,0.0,16.0,22.6,114527.0,0.0572635
2020-07-05,0.0,0.0,20.8,4.3,11.024,3204.0,894.6,72.2,0.3,3.0,-0.3,0.285,-1.024,0.0,0.0,0.0,0.0,0.0,0.0,0.0,0.0,0.0,0.25,0.0,19.3,23.8,103900.0,0.05195
2020-07-06,0.0,0.0,17.4,3.8,6.893,2689.8,2309.6,57.1,1.1,4.8,-1.1,0.276,-0.987,0.0,0.0,0.0,0.0,0.0,0.0,0.0,0.0,0.0,0.25,0.0,13.7,20.9,117259.0,0.0586295
2020-07-07,0.0,0.0,19.4,1.6,7.477,2824.2,2298.7,55.1,0.8,4.6,-0.8,0.267,-0.994,0.0,0.0,0.0,0.0,0.0,0.0,0.0,0.0,0.0,0.248,0.0,14.3,25.0,128695.0,0.0643475
2020-07-08,0.0,0.0,21.9,2.8,10.053,2750.1,1473.3,61.5,0.3,4.0,-0.3,0.263,-1.009,0.0,0.0,0.0,0.0,0.0,0.0,0.0,0.0,0.0,0.247,0.0,16.1,26.7,124030.0,0.062015
2020-07-09,0.0,0.0,24.4,3.1,11.355,2988.5,1981.6,61.7,0.7,5.3,-0.7,0.257,-1.025,0.0,0.0,0.0,0.0,0.0,0.0,0.0,0.0,0.0,0.247,0.0,18.8,30.6,122255.0,0.0611275
2020-07-10,0.0,0.0,19.3,3.7,8.582,2733.6,1416.6,62.1,0.3,3.8,-0.3,0.253,-1.04,0.0,0.0,0.0,0.0,0.0,0.0,0.0,0.0,0.0,0.246,0.0,18.1,21.5,91340.0,0.04567
2020-07-11,0.0,0.0,18.7,2.8,6.788,2722.4,2428.5,52.5,0.8,4.9,-0.8,0.246,-1.067,0.0,0.0,0.0,0.0,0.0,0.0,0.0,0.0,0.0,0.245,0.0,14.2,22.8,125059.0,0.0625295
2020-07-12,0.0,0.0,20.0,3.2,7.226,2677.6,2693.6,51.2,0.6,5.6,-0.6,0.24,-1.095,0.0,0.0,0.0,0.0,0.0,0.0,0.0,0.0,0.0,0.244,0.0,14.0,24.9,120579.0,0.060289499999999996
2020-07-13,0.0,0.0,21.4,2.1,7.048,2641.6,2508.7,45.9,0.6,5.3,-0.6,0.234,-1.115,0.0,0.0,0.0,0.0,0.0,0.0,0.0,0.0,0.0,0.243,0.0,16.0,26.0,124369.0,0.0621845
2020-07-14,0.0,0.1,19.4,2.4,8.808,2818.2,883.9,62.4,0.1,2.9,0.0,0.231,-1.128,0.0,0.0,0.0,0.0,0.0,0.0,0.0,0.0,0.0,0.242,0.0,17.1,21.9,106682.0,0.053341
2020-07-15,0.0,0.1,19.0,2.9,9.258,2964.5,1431.5,68.6,0.3,3.3,-0.2,0.23,-1.12,0.0,0.0,0.0,0.0,0.0,0.0,0.0,0.0,0.0,0.242,0.0,16.8,21.3,74885.0,0.037442500000000004
2020-07-16,0.0,0.0,18.4,3.2,9.677,3122.4,466.5,73.9,0.1,2.0,-0.1,0.23,-1.133,0.0,0.0,0.0,0.0,0.0,0.0,0.0,0.0,0.0,0.242,0.0,16.0,20.6,73353.0,0.0366765
2020-07-17,0.0,0.0,21.3,1.6,9.947,2956.8,952.0,63.7,0.2,2.8,-0.2,0.228,-1.163,0.0,0.0,0.0,0.0,0.0,0.0,0.0,0.0,0.0,0.242,0.0,17.5,26.0,93694.0,0.046847
2020-07-18,0.0,0.0,22.5,2.1,10.221,2875.9,2652.6,61.8,0.8,5.3,-0.8,0.222,-1.195,0.0,0.0,0.0,0.0,0.0,0.0,0.0,0.0,0.0,0.242,0.0,16.9,28.1,123535.0,0.061767499999999996
2020-07-19,0.0,0.0,23.4,1.8,9.629,2801.1,2446.9,55.5,0.6,5.2,-0.6,0.216,-1.227,0.0,0.0,0.0,0.0,0.0,0.0,0.0,0.0,0.0,0.241,0.0,17.7,29.1,124403.0,0.0622015
2020-07-20,0.0,0.0,21.0,3.8,8.858,2919.0,2174.9,58.7,0.4,5.1,-0.4,0.212,-1.242,0.0,0.0,0.0,0.0,0.0,0.0,0.0,0.0,0.0,0.24,0.0,17.3,24.9,117784.0,0.058892
2020-07-21,0.0,0.0,20.3,3.7,6.764,2725.9,3107.7,47.3,0.7,6.5,-0.7,0.206,-1.273,0.0,0.0,0.0,0.0,0.0,0.0,0.0,0.0,0.0,0.239,0.0,15.2,25.0,114276.0,0.057138
2020-07-22,0.0,0.0,20.2,2.9,6.776,2542.2,2189.8,47.4,0.3,5.0,-0.3,0.202,-1.276,0.0,0.0,0.0,0.0,0.0,0.0,0.0,0.0,0.0,0.238,0.0,14.6,24.4,100687.0,0.0503435
2020-07-23,0.0,0.0,22.2,1.8,6.998,2641.2,1366.7,43.4,0.3,3.9,-0.3,0.199,-1.275,0.0,0.0,0.0,0.0,0.0,0.0,0.0,0.0,0.0,0.238,0.0,17.1,26.5,103082.0,0.051541
2020-07-24,0.0,0.0,21.0,2.4,9.403,2941.8,1259.7,60.8,0.2,3.4,-0.2,0.197,-1.277,0.0,0.0,0.0,0.0,0.0,0.0,0.0,0.0,0.0,0.237,0.0,17.8,23.7,115698.0,0.057849
2020-07-25,0.0,4.5,22.0,3.0,10.628,3130.3,1100.4,65.7,0.5,3.5,4.0,0.205,-1.26,0.0,0.0,0.0,0.0,0.0,0.0,0.0,0.0,0.0,0.237,0.0,19.7,26.1,105916.0,0.052958
2020-07-26,0.0,0.0,21.0,2.8,9.842,2933.7,1710.4,65.5,1.7,3.9,-1.7,0.222,-1.294,0.0,0.0,0.0,0.0,0.0,0.0,0.0,0.0,0.0,0.243,0.0,17.4,24.6,102676.0,0.051338
2020-07-27,0.0,0.0,24.5,3.9,9.246,2935.4,2419.3,50.7,1.4,6.7,-1.4,0.208,-1.34,0.0,0.0,0.0,0.0,0.0,0.0,0.0,0.0,0.0,0.24,0.0,18.3,29.7,117813.0,0.0589065
2020-07-28,0.0,0.0,20.8,3.8,8.472,2676.5,1666.3,56.0,0.3,4.5,-0.3,0.203,-1.344,0.0,0.0,0.0,0.0,0.0,0.0,0.0,0.0,0.0,0.238,0.0,18.4,23.3,85414.0,0.042707
2020-07-29,0.0,0.0,20.5,1.4,8.059,2775.9,2438.9,55.6,0.7,4.6,-0.7,0.197,-1.345,0.0,0.0,0.0,0.0,0.0,0.0,0.0,0.0,0.0,0.238,0.0,15.2,26.0,116884.0,0.058442
2020-07-30,0.0,0.0,24.7,1.8,8.093,3080.4,2937.2,44.8,0.7,6.1,-0.7,0.19,-1.373,0.0,0.0,0.0,0.0,0.0,0.0,0.0,0.0,0.0,0.237,0.0,17.3,31.4,116130.0,0.058065
2020-07-31,0.0,0.0,28.8,2.1,10.392,3279.5,2319.8,42.9,0.4,6.4,-0.4,0.185,-1.419,0.0,0.0,0.0,0.0,0.0,0.0,0.0,0.0,0.0,0.236,0.0,21.7,38.1,108300.0,0.05415
2020-08-01,0.0,0.0,23.8,2.6,11.779,3256.8,920.1,64.8,0.2,3.0,-0.2,0.183,-1.428,0.0,0.0,0.0,0.0,0.0,0.0,0.0,0.0,0.0,0.235,0.0,19.9,26.5,94830.0,0.047415
2020-08-02,0.0,0.0,20.1,3.1,8.429,2815.5,1651.9,58.5,0.2,4.0,-0.2,0.181,-1.447,0.0,0.0,0.0,0.0,0.0,0.0,0.0,0.0,0.0,0.235,0.0,16.7,22.7,90918.0,0.045459
2020-08-03,0.0,0.0,18.5,3.4,8.112,2729.6,1542.9,61.8,0.2,3.8,-0.2,0.179,-1.462,0.0,0.0,0.0,0.0,0.0,0.0,0.0,0.0,0.0,0.235,0.0,16.3,21.3,93712.0,0.046856
2020-08-04,0.0,0.0,20.1,1.5,7.65,2810.1,2021.4,54.9,0.5,4.0,-0.5,0.175,-1.475,0.0,0.0,0.0,0.0,0.0,0.0,0.0,0.0,0.0,0.234,0.0,14.7,25.3,123182.0,0.061591
2020-08-05,0.0,0.0,23.5,1.8,7.514,2997.8,2849.0,43.8,0.7,5.8,-0.7,0.169,-1.479,0.0,0.0,0.0,0.0,0.0,0.0,0.0,0.0,0.0,0.234,0.0,17.1,29.8,126462.0,0.063231
2020-08-06,0.0,0.0,26.3,1.3,8.424,3068.0,2323.8,42.2,0.4,5.0,-0.4,0.164,-1.482,0.0,0.0,0.0,0.0,0.0,0.0,0.0,0.0,0.0,0.233,0.0,18.4,32.8,123151.0,0.0615755
2020-08-07,0.0,0.0,28.8,2.0,10.218,3320.0,2855.3,43.0,0.3,6.7,-0.3,0.161,-1.52,0.0,0.0,0.0,0.0,0.0,0.0,0.0,0.0,0.0,0.232,0.0,21.7,35.3,118074.0,0.059037
2020-08-08,0.0,0.0,29.4,1.4,10.792,3220.8,1594.5,43.9,0.2,4.5,-0.2,0.158,-1.538,0.0,0.0,0.0,0.0,0.0,0.0,0.0,0.0,0.0,0.232,0.0,23.0,35.3,111840.0,0.05592
2020-08-09,0.0,0.0,31.0,1.8,11.718,3216.9,1844.2,43.6,0.4,5.3,-0.4,0.155,-1.545,0.0,0.0,0.0,0.0,0.0,0.0,0.0,0.0,0.0,0.231,0.0,24.5,37.1,99712.0,0.049856
2020-08-10,0.0,0.0,28.5,1.7,12.365,3096.1,1641.2,52.0,0.2,4.4,-0.2,0.153,-1.567,0.0,0.0,0.0,0.0,0.0,0.0,0.0,0.0,0.0,0.231,0.0,23.7,32.7,91416.0,0.045708
2020-08-11,0.0,1.4,27.5,1.0,12.754,3194.5,2022.8,57.4,0.3,4.6,1.1,0.153,-1.552,0.0,0.0,0.0,0.0,0.0,0.0,0.0,0.0,0.0,0.231,0.0,23.6,35.8,96727.0,0.048363500000000004
2020-08-12,0.0,5.6,26.5,1.8,14.015,3280.4,1997.2,66.8,1.2,5.0,4.4,0.163,-1.567,0.0,0.0,0.0,0.0,0.0,0.0,0.0,0.0,0.0,0.232,0.0,23.1,34.2,76248.0,0.038124
2020-08-13,0.0,4.8,23.2,2.6,14.075,3440.3,1132.7,80.1,2.3,3.3,2.5,0.211,-1.57,0.0,0.1,0.0,0.0,0.0,0.0,0.0,0.0,0.0,0.238,0.0,21.2,27.9,68082.0,0.034041
2020-08-14,0.0,0.0,22.0,2.4,13.209,3288.3,1035.2,81.1,1.3,2.7,-1.3,0.219,-1.566,0.0,0.0,0.0,0.0,0.0,0.0,0.0,0.0,0.0,0.242,0.0,19.8,25.4,96607.0,0.0483035
2020-08-15,0.0,0.0,23.0,1.3,12.489,3233.2,1422.8,72.5,1.2,3.1,-1.2,0.207,-1.563,0.0,0.0,0.0,0.0,0.0,0.0,0.0,0.0,0.0,0.24,0.0,19.7,26.5,104659.0,0.0523295
2020-08-16,0.0,7.2,22.2,1.3,12.854,3248.3,1237.2,77.4,2.4,2.7,4.8,0.244,-1.569,0.0,0.2,0.0,0.0,0.0,0.0,0.0,0.0,0.0,0.238,0.0,20.6,25.0,84086.0,0.042043
2020-08-17,0.0,3.2,20.0,2.0,11.679,3143.2,1122.1,80.3,1.8,2.5,1.4,0.262,-1.496,0.0,0.1,0.0,0.0,0.0,0.0,0.0,0.0,0.0,0.245,0.0,17.5,23.1,84790.0,0.042395
2020-08-18,0.0,0.4,21.7,1.6,10.936,3124.5,1338.8,68.6,1.6,3.0,-1.2,0.249,-1.401,0.0,0.0,0.0,0.0,0.0,0.0,0.0,0.0,0.0,0.246,0.0,17.8,25.4,94126.0,0.047063
2020-08-19,0.0,0.3,22.1,2.8,12.381,3188.3,631.8,75.2,0.6,2.4,-0.3,0.246,-1.328,0.0,0.0,0.0,0.0,0.0,0.0,0.0,0.0,0.0,0.245,0.0,18.9,24.8,97162.0,0.048581
2020-08-20,0.0,1.6,26.5,1.9,13.202,3153.3,1223.3,63.3,1.6,3.4,0.0,0.245,-1.249,0.0,0.0,0.0,0.0,0.0,0.0,0.0,0.0,0.0,0.244,0.0,21.1,30.9,103970.0,0.051985
2020-08-21,0.0,0.0,24.9,3.9,10.938,2964.5,1540.4,56.6,1.6,4.5,-1.6,0.233,-1.168,0.0,0.0,0.0,0.0,0.0,0.0,0.0,0.0,0.0,0.244,0.0,21.6,28.1,88984.0,0.044492000000000004
2020-08-22,0.0,0.0,21.3,4.1,9.671,2897.2,1191.6,62.2,0.8,3.7,-0.8,0.223,-1.099,0.0,0.0,0.0,0.0,0.0,0.0,0.0,0.0,0.0,0.242,0.0,17.6,24.6,94846.0,0.047423
2020-08-23,0.0,0.0,19.1,2.8,8.845,2837.1,1538.1,65.1,0.8,3.3,-0.8,0.215,-1.08,0.0,0.0,0.0,0.0,0.0,0.0,0.0,0.0,0.0,0.241,0.0,16.1,21.3,96901.0,0.0484505
2020-08-24,0.0,0.1,18.2,1.7,8.778,2869.8,984.8,68.5,0.6,2.4,-0.5,0.211,-1.079,0.0,0.0,0.0,0.0,0.0,0.0,0.0,0.0,0.0,0.24,0.0,15.1,21.0,104400.0,0.052199999999999996
2020-08-25,0.0,0.8,21.8,4.3,10.083,3006.6,1149.4,64.0,1.0,4.1,-0.2,0.209,-1.068,0.0,0.0,0.0,0.0,0.0,0.0,0.0,0.0,0.0,0.239,0.0,15.2,27.1,104103.0,0.0520515
2020-08-26,0.0,0.0,19.9,3.7,8.754,2757.8,1432.8,61.8,0.7,3.8,-0.7,0.202,-1.117,0.0,0.0,0.0,0.0,0.0,0.0,0.0,0.0,0.0,0.239,0.0,16.9,22.9,96241.0,0.0481205
2020-08-27,0.0,0.2,20.4,2.8,9.712,3054.1,1353.6,66.7,0.7,3.3,-0.5,0.196,-1.203,0.0,0.0,0.0,0.0,0.0,0.0,0.0,0.0,0.0,0.238,0.0,15.5,24.3,101740.0,0.05087
2020-08-28,0.0,1.7,17.0,3.6,9.347,2913.4,609.6,77.7,0.1,1.9,1.6,0.197,-1.244,0.0,0.0,0.0,0.0,0.0,0.0,0.0,0.0,0.0,0.237,0.0,15.7,19.2,54685.0,0.0273425
2020-08-29,0.0,1.9,15.3,3.7,8.572,3079.4,566.8,79.8,0.9,1.8,1.0,0.219,-1.286,0.0,0.1,0.0,0.0,0.0,0.0,0.0,0.0,0.0,0.239,0.0,13.2,17.7,61888.0,0.030944
2020-08-30,0.0,0.7,16.3,3.5,9.272,3009.4,943.1,80.6,0.6,2.1,0.1,0.216,-1.326,0.0,0.0,0.0,0.0,0.0,0.0,0.0,0.0,0.0,0.24,0.0,13.8,19.8,77573.0,0.0387865
2020-08-31,0.0,0.0,16.4,2.3,7.698,2817.1,1105.3,68.0,1.1,2.5,-1.1,0.212,-1.331,0.0,0.0,0.0,0.0,0.0,0.0,0.0,0.0,0.0,0.24,0.0,13.5,19.0,92362.0,0.046181
2020-09-01,0.0,0.0,16.1,2.0,7.368,2901.5,1557.2,66.8,0.9,2.8,-0.9,0.203,-1.339,0.0,0.0,0.0,0.0,0.0,0.0,0.0,0.0,0.0,0.239,0.0,11.4,19.6,101219.0,0.0506095
2020-09-02,0.0,0.0,17.1,1.3,7.417,2971.5,1477.0,63.2,0.8,2.6,-0.8,0.195,-1.369,0.0,0.0,0.0,0.0,0.0,0.0,0.0,0.0,0.0,0.238,0.0,11.9,20.9,110204.0,0.055102
2020-09-03,0.0,0.0,22.4,2.1,8.619,3167.1,812.5,51.8,0.5,3.0,-0.5,0.19,-1.406,0.0,0.0,0.0,0.0,0.0,0.0,0.0,0.0,0.0,0.237,0.0,17.3,26.0,108374.0,0.054187
2020-09-04,0.0,0.2,22.8,2.3,10.379,2867.4,1288.3,61.8,0.6,3.5,-0.4,0.185,-1.391,0.0,0.0,0.0,0.0,0.0,0.0,0.0,0.0,0.0,0.236,0.0,18.8,27.6,108809.0,0.0544045
2020-09-05,0.0,0.0,17.3,3.0,8.147,2968.8,778.7,66.9,0.4,2.4,-0.4,0.182,-1.406,0.0,0.0,0.0,0.0,0.0,0.0,0.0,0.0,0.0,0.235,0.0,15.6,19.6,95859.0,0.0479295
2020-09-06,0.0,0.1,15.0,2.0,7.716,2886.4,772.0,73.4,0.1,1.8,0.0,0.181,-1.413,0.0,0.0,0.0,0.0,0.0,0.0,0.0,0.0,0.0,0.235,0.0,12.3,17.7,82767.0,0.0413835
2020-09-07,0.0,0.0,17.4,2.0,7.787,2864.5,1559.2,65.4,0.7,2.9,-0.7,0.176,-1.42,0.0,0.0,0.0,0.0,0.0,0.0,0.0,0.0,0.0,0.235,0.0,12.2,21.6,103566.0,0.051783
2020-09-08,0.0,0.0,20.3,1.7,10.082,3231.3,1285.9,68.4,0.4,2.7,-0.4,0.172,-1.429,0.0,0.0,0.0,0.0,0.0,0.0,0.0,0.0,0.0,0.234,0.0,16.1,23.6,104028.0,0.052014
2020-09-09,0.0,0.0,22.4,2.4,9.904,3229.2,1106.0,60.8,0.6,3.4,-0.6,0.166,-1.429,0.0,0.0,0.0,0.0,0.0,0.0,0.0,0.0,0.0,0.233,0.0,19.1,26.8,80401.0,0.0402005
2020-09-10,0.0,0.0,21.3,1.9,11.071,3161.6,1357.7,71.2,0.2,2.7,-0.2,0.164,-1.424,0.0,0.0,0.0,0.0,0.0,0.0,0.0,0.0,0.0,0.232,0.0,17.5,24.7,77099.0,0.0385495
2020-09-11,0.0,0.0,20.5,1.7,9.748,2970.4,1530.5,65.9,0.3,3.0,-0.3,0.161,-1.44,0.0,0.0,0.0,0.0,0.0,0.0,0.0,0.0,0.0,0.232,0.0,15.6,25.3,92885.0,0.0464425
2020-09-12,0.0,0.0,17.8,2.1,8.85,2875.2,1654.6,70.6,0.3,2.8,-0.3,0.158,-1.465,0.0,0.0,0.0,0.0,0.0,0.0,0.0,0.0,0.0,0.232,0.0,14.0,21.3,102589.0,0.0512945
2020-09-13,0.0,0.0,19.4,1.0,8.697,3195.5,1883.3,64.6,0.6,2.9,-0.6,0.153,-1.493,0.0,0.0,0.0,0.0,0.0,0.0,0.0,0.0,0.0,0.231,0.0,13.1,25.4,103797.0,0.0518985
2020-09-14,0.0,0.0,21.6,1.1,9.106,3262.6,1990.3,59.9,0.4,3.4,-0.4,0.148,-1.535,0.0,0.0,0.0,0.0,0.0,0.0,0.0,0.0,0.0,0.23,0.0,10.4,31.1,99685.0,0.0498425
2020-09-15,0.0,0.0,24.9,1.3,10.373,3187.0,1544.7,55.1,0.3,3.3,-0.3,0.145,-1.575,0.0,0.0,0.0,0.0,0.0,0.0,0.0,0.0,0.0,0.23,0.0,17.4,32.8,85359.0,0.0426795
2020-09-16,0.0,0.0,23.3,2.4,11.101,3177.2,1660.2,64.1,0.1,3.4,-0.1,0.143,-1.599,0.0,0.0,0.0,0.0,0.0,0.0,0.0,0.0,0.0,0.229,0.0,15.1,28.3,90348.0,0.045174
2020-09-17,0.0,0.0,20.8,4.6,8.632,2898.5,1920.2,57.2,0.3,4.3,-0.3,0.141,-1.609,0.0,0.0,0.0,0.0,0.0,0.0,0.0,0.0,0.0,0.229,0.0,17.5,25.1,94855.0,0.0474275
2020-09-18,0.0,0.0,20.8,2.7,8.5,2888.0,1671.6,55.1,0.2,3.6,-0.2,0.139,-1.613,0.0,0.0,0.0,0.0,0.0,0.0,0.0,0.0,0.0,0.229,0.0,13.7,26.1,64832.0,0.032416
2020-09-19,0.0,3.1,23.1,1.9,11.382,3247.0,846.7,66.1,0.2,2.5,2.9,0.144,-1.644,0.0,0.0,0.0,0.0,0.0,0.0,0.0,0.0,0.0,0.228,0.0,20.4,28.3,57566.0,0.028783
2020-09-20,0.0,0.0,22.0,1.1,10.724,3119.3,769.6,66.7,0.7,1.9,-0.7,0.161,-1.656,0.0,0.0,0.0,0.0,0.0,0.0,0.0,0.0,0.0,0.232,0.0,17.8,26.2,59238.0,0.029619
2020-09-21,0.0,0.0,20.0,2.3,7.675,2834.6,1708.3,54.0,1.0,3.4,-1.0,0.151,-1.654,0.0,0.0,0.0,0.0,0.0,0.0,0.0,0.0,0.0,0.232,0.0,15.0,25.0,59658.0,0.029829
2020-09-22,0.0,0.0,18.7,1.2,8.224,2914.0,1598.8,63.2,0.5,2.5,-0.5,0.145,-1.652,0.0,0.0,0.0,0.0,0.0,0.0,0.0,0.0,0.0,0.23,0.0,11.8,24.3,50511.0,0.0252555
2020-09-23,0.0,5.8,17.8,3.3,10.394,3283.4,273.8,82.0,0.8,1.8,5.0,0.182,-1.624,0.0,0.1,0.0,0.0,0.0,0.0,0.0,0.0,0.0,0.229,0.0,16.2,21.8,71416.0,0.035708
2020-09-24,0.0,9.2,13.1,4.4,7.698,2783.0,642.2,82.0,1.5,1.5,7.7,0.218,-1.566,0.0,0.1,0.0,0.0,0.0,0.0,0.0,0.0,0.0,0.236,0.0,11.5,15.8,48833.0,0.0244165
2020-09-25,0.0,4.0,11.1,4.8,6.267,2874.3,372.8,76.8,1.3,1.6,2.7,0.285,-1.452,0.0,0.4,0.0,0.0,0.0,0.0,0.0,0.0,0.0,0.247,0.0,10.2,13.2,56951.0,0.0284755
2020-09-26,0.0,6.1,11.8,5.7,5.813,2532.2,895.2,68.6,1.7,2.4,4.4,0.283,-1.335,0.0,0.0,0.0,0.0,0.0,0.0,0.0,0.0,0.0,0.25,0.0,9.5,14.7,53350.0,0.026675
2020-09-27,0.0,11.8,12.4,6.1,8.109,3114.1,249.2,90.4,0.7,0.9,11.1,0.352,-1.162,0.0,0.6,0.0,0.0,0.0,0.0,0.0,0.0,0.0,0.256,0.0,10.4,14.0,42767.0,0.0213835
2020-09-28,0.0,3.6,13.6,3.6,8.515,3221.0,294.5,88.4,0.8,1.1,2.8,0.432,-0.931,0.7,1.1,0.0,0.0,0.0,0.0,0.0,0.0,0.0,0.27,0.0,12.2,14.9,59919.0,0.0299595
2020-09-29,0.0,1.9,15.8,1.5,10.237,3269.0,267.4,91.4,0.3,0.8,1.6,0.442,-0.702,1.0,0.3,0.0,0.0,0.0,0.0,0.0,0.0,0.0,0.272,0.0,14.2,17.2,62117.0,0.0310585
2020-09-30,0.0,3.1,17.1,2.5,9.531,3031.0,860.5,79.2,1.6,1.8,1.5,0.429,-0.516,0.7,0.0,0.0,0.0,0.0,0.0,0.0,0.0,0.0,0.273,0.0,15.4,19.6,79431.0,0.0397155
2020-10-01,0.0,13.6,14.4,3.5,8.106,2948.4,513.7,79.7,1.3,1.6,12.3,0.472,-0.336,1.1,0.9,0.0,0.0,0.0,0.0,0.0,0.0,0.0,0.273,0.0,13.8,16.4,45511.0,0.0227555
2020-10-02,0.0,16.0,12.9,2.2,8.418,3223.1,272.2,91.2,1.1,0.8,14.9,0.567,-0.133,5.8,3.7,0.0,0.0,0.0,0.0,0.0,0.0,0.0,0.286,0.0,11.9,14.7,25220.0,0.01261
2020-10-03,0.0,1.6,11.9,2.2,7.203,2985.5,765.1,83.8,1.7,1.3,-0.1,0.562,0.042,4.0,0.7,0.0,0.0,0.0,0.0,0.0,0.0,0.0,0.293,0.0,9.6,14.1,38875.0,0.0194375
2020-10-04,0.0,7.5,11.9,4.4,6.966,2721.4,437.4,80.6,0.7,1.4,6.8,0.548,0.215,1.3,0.0,0.0,0.0,0.0,0.0,0.0,0.0,0.0,0.289,0.0,9.4,14.4,46327.0,0.0231635
2020-10-05,0.0,6.9,12.6,4.4,8.025,3158.0,210.1,88.5,0.8,0.9,6.1,0.605,0.388,3.3,1.9,0.0,0.0,0.0,0.0,0.0,0.0,0.0,0.295,0.0,11.0,14.0,48944.0,0.024472
2020-10-06,0.0,0.9,14.0,5.3,7.877,2955.6,743.7,79.4,1.9,1.7,-1.0,0.59,0.547,2.0,0.4,0.0,0.0,0.0,0.0,0.0,0.0,0.0,0.297,0.0,12.5,16.1,29664.0,0.014832
2020-10-07,0.0,0.1,14.6,3.7,7.711,2862.1,675.1,75.4,1.0,1.8,-0.9,0.571,0.656,0.9,0.0,0.0,0.0,0.0,0.0,0.0,0.0,0.0,0.293,0.0,12.5,17.2,61147.0,0.0305735
2020-10-08,0.0,1.4,16.5,4.4,9.251,3058.8,847.5,79.6,1.5,1.7,-0.1,0.555,0.705,0.5,0.0,0.0,0.0,0.0,0.0,0.0,0.0,0.0,0.291,0.0,14.5,18.0,62565.0,0.0312825
2020-10-09,0.0,1.2,14.7,2.8,8.357,3049.4,390.1,80.4,0.9,1.2,0.3,0.56,0.747,0.4,0.3,0.0,0.0,0.0,0.0,0.0,0.0,0.0,0.29,0.0,14.4,16.0,53634.0,0.026817
2020-10-10,0.0,2.0,12.1,2.8,6.244,2593.0,875.3,72.2,1.4,1.7,0.6,0.548,0.778,0.3,0.0,0.0,0.0,0.0,0.0,0.0,0.0,0.0,0.29,0.0,10.1,15.2,65220.0,0.03261
2020-10-11,0.0,0.2,11.3,2.9,6.338,2728.8,686.8,77.1,1.1,1.5,-0.9,0.549,0.782,0.3,0.2,0.0,0.0,0.0,0.0,0.0,0.0,0.0,0.29,0.0,10.0,14.2,56658.0,0.028329
2020-10-12,0.0,1.9,10.8,2.1,6.327,2531.2,1006.0,79.4,1.4,1.3,0.5,0.537,0.731,0.2,0.0,0.0,0.0,0.0,0.0,0.0,0.0,0.0,0.288,0.0,7.4,13.7,62283.0,0.0311415
2020-10-13,0.0,1.4,10.5,2.3,6.914,2857.4,339.1,87.9,0.6,0.8,0.8,0.552,0.7,0.2,0.3,0.0,0.0,0.0,0.0,0.0,0.0,0.0,0.288,0.0,9.6,12.3,47382.0,0.023691
2020-10-14,0.0,0.4,10.6,3.3,6.298,2663.3,643.5,80.2,1.0,1.3,-0.6,0.547,0.683,0.2,0.1,0.0,0.0,0.0,0.0,0.0,0.0,0.0,0.289,0.0,7.7,13.4,51687.0,0.0258435
2020-10-15,0.0,0.0,10.3,4.1,5.721,2690.4,466.6,74.1,0.8,1.4,-0.8,0.538,0.633,0.2,0.0,0.0,0.0,0.0,0.0,0.0,0.0,0.0,0.288,0.0,8.2,12.8,50087.0,0.0250435
2020-10-16,0.0,0.0,11.0,2.7,5.87,2788.0,495.4,72.6,0.7,1.3,-0.7,0.53,0.592,0.1,0.0,0.0,0.0,0.0,0.0,0.0,0.0,0.0,0.287,0.0,9.3,13.7,47544.0,0.023772
2020-10-17,0.0,0.0,10.4,1.3,6.222,2880.5,232.6,79.8,0.2,0.8,-0.2,0.526,0.568,0.1,0.0,0.0,0.0,0.0,0.0,0.0,0.0,0.0,0.286,0.0,9.7,12.8,63579.0,0.0317895
2020-10-18,0.0,0.0,9.6,1.1,5.974,2791.8,932.9,81.5,1.4,1.0,-1.4,0.514,0.556,0.1,0.0,0.0,0.0,0.0,0.0,0.0,0.0,0.0,0.285,0.0,6.3,14.8,79199.0,0.0395995
2020-10-19,0.0,0.5,10.6,3.2,5.819,2718.6,1013.3,75.1,1.7,1.4,-1.2,0.502,0.538,0.1,0.0,0.0,0.0,0.0,0.0,0.0,0.0,0.0,0.283,0.0,6.3,13.8,67585.0,0.0337925
2020-10-20,0.0,9.6,13.2,4.2,8.113,3159.7,185.3,85.8,0.3,1.1,9.3,0.541,0.532,0.1,0.8,0.0,0.0,0.0,0.0,0.0,0.0,0.0,0.281,0.0,10.4,14.5,26269.0,0.0131345
2020-10-21,0.0,0.2,17.0,3.5,9.294,2971.5,384.4,77.7,0.3,1.5,-0.1,0.575,0.534,0.3,0.1,0.0,0.0,0.0,0.0,0.0,0.0,0.0,0.293,0.0,13.3,20.6,47276.0,0.023638
2020-10-22,0.0,0.0,16.7,2.0,9.667,2870.9,458.7,81.9,0.1,1.2,-0.1,0.571,0.539,0.3,0.0,0.0,0.0,0.0,0.0,0.0,0.0,0.0,0.292,0.0,14.7,19.7,28779.0,0.0143895
2020-10-23,0.0,0.0,15.8,2.0,9.02,3013.4,613.5,81.2,0.9,1.1,-0.9,0.563,0.528,0.2,0.0,0.0,0.0,0.0,0.0,0.0,0.0,0.0,0.292,0.0,15.1,18.0,30243.0,0.0151215
2020-10-24,0.0,1.5,14.4,4.6,8.66,3060.6,147.5,84.7,0.3,1.2,1.2,0.562,0.511,0.2,0.1,0.0,0.0,0.0,0.0,0.0,0.0,0.0,0.29,0.0,13.2,15.3,51547.0,0.025773499999999998
2020-10-25,0.0,9.4,11.7,3.2,7.486,3075.9,234.7,87.9,1.1,0.9,8.3,0.607,0.52,0.4,1.1,0.0,0.0,0.0,0.0,0.0,0.0,0.0,0.291,0.0,11.0,12.3,28325.0,0.0141625
2020-10-26,0.0,0.0,10.8,4.0,6.283,2607.5,524.1,79.0,0.7,1.3,-0.7,0.623,0.545,0.9,0.1,0.0,0.0,0.0,0.0,0.0,0.0,0.0,0.301,0.0,8.0,13.5,43839.0,0.0219195
2020-10-27,0.0,3.3,10.8,4.7,7.141,2999.8,211.7,88.4,0.5,0.8,2.8,0.625,0.57,0.7,0.4,0.0,0.0,0.0,0.0,0.0,0.0,0.0,0.299,0.0,8.6,12.3,40145.0,0.0200725
2020-10-28,0.0,2.3,12.7,4.3,7.294,2613.4,375.2,80.5,0.3,1.1,2.0,0.631,0.594,0.8,0.0,0.0,0.0,0.0,0.0,0.0,0.0,0.0,0.301,0.0,10.8,13.8,39664.0,0.019832
2020-10-29,0.0,0.0,13.5,3.5,7.961,2851.7,426.6,82.8,0.2,1.0,-0.2,0.638,0.628,0.8,0.3,0.0,0.0,0.0,0.0,0.0,0.0,0.0,0.302,0.0,11.3,14.7,44737.0,0.0223685
2020-10-30,0.0,0.0,14.6,2.8,8.417,3124.9,311.5,81.7,0.4,1.0,-0.4,0.628,0.655,0.6,0.0,0.0,0.0,0.0,0.0,0.0,0.0,0.0,0.301,0.0,14.2,15.4,60321.0,0.0301605
2020-10-31,0.0,1.0,14.4,3.3,8.304,2861.2,807.3,81.3,1.1,1.1,-0.1,0.615,0.666,0.4,0.0,0.0,0.0,0.0,0.0,0.0,0.0,0.0,0.3,0.0,12.3,16.3,60809.0,0.0304045
2020-11-01,0.0,0.7,16.5,4.0,10.173,3316.9,139.1,87.1,0.1,1.0,0.6,0.621,0.681,0.4,0.2,0.0,0.0,0.0,0.0,0.0,0.0,0.0,0.299,0.0,14.0,18.6,36144.0,0.018072
2020-11-02,0.0,0.9,16.1,4.1,9.247,3131.6,178.7,79.7,0.6,1.4,0.3,0.622,0.691,0.4,0.1,0.0,0.0,0.0,0.0,0.0,0.0,0.0,0.299,0.0,13.7,19.8,38179.0,0.0190895
2020-11-03,0.0,0.1,9.6,3.0,5.535,2557.6,568.3,75.1,1.1,1.1,-1.0,0.611,0.69,0.3,0.0,0.0,0.0,0.0,0.0,0.0,0.0,0.0,0.299,0.0,8.6,12.5,27935.0,0.013967499999999999
2020-11-04,0.0,0.0,7.4,2.0,5.099,2470.9,900.4,80.1,1.2,0.6,-1.2,0.598,0.657,0.2,0.0,0.0,0.0,0.0,0.0,0.0,0.0,0.0,0.297,0.0,3.2,11.6,52227.0,0.0261135
2020-11-05,0.0,0.0,8.0,3.2,4.87,2418.5,986.2,74.2,1.5,1.0,-1.5,0.583,0.6,0.1,0.0,0.0,0.0,0.0,0.0,0.0,0.0,0.0,0.295,0.0,4.7,12.0,62358.0,0.031179
2020-11-06,0.0,0.0,8.8,2.3,5.526,2564.4,567.3,78.8,0.4,0.8,-0.4,0.575,0.536,0.1,0.0,0.0,0.0,0.0,0.0,0.0,0.0,0.0,0.293,0.0,4.7,13.6,51193.0,0.0255965
2020-11-07,0.0,0.0,11.7,2.0,7.14,2805.7,748.0,83.9,0.7,0.7,-0.7,0.568,0.459,0.1,0.0,0.0,0.0,0.0,0.0,0.0,0.0,0.0,0.292,0.0,7.5,15.3,25501.0,0.0127505
2020-11-08,0.0,0.0,13.6,1.5,8.335,3117.3,369.6,86.0,0.2,0.7,-0.2,0.565,0.383,0.1,0.0,0.0,0.0,0.0,0.0,0.0,0.0,0.0,0.291,0.0,11.5,17.0,41444.0,0.020722
2020-11-09,0.0,1.5,14.4,1.3,8.542,2880.5,668.5,84.6,0.6,0.6,0.9,0.561,0.313,0.1,0.0,0.0,0.0,0.0,0.0,0.0,0.0,0.0,0.291,0.0,11.3,18.0,43141.0,0.0215705
2020-11-10,0.0,1.4,13.2,0.9,8.409,3168.5,144.4,89.3,0.1,0.6,1.3,0.575,0.254,0.1,0.2,0.0,0.0,0.0,0.0,0.0,0.0,0.0,0.292,0.0,12.7,14.5,39883.0,0.0199415
2020-11-11,0.0,0.2,11.3,2.0,7.728,2970.1,122.9,93.2,0.1,0.5,0.1,0.581,0.194,0.1,0.1,0.0,0.0,0.0,0.0,0.0,0.0,0.0,0.293,0.0,10.7,11.6,49613.0,0.024806500000000002
2020-11-12,0.0,0.0,11.3,2.2,6.633,2752.5,571.6,80.4,0.7,0.8,-0.7,0.576,0.133,0.1,0.0,0.0,0.0,0.0,0.0,0.0,0.0,0.0,0.293,0.0,10.1,14.2,47993.0,0.0239965
2020-11-13,0.0,0.2,12.9,2.5,7.793,2898.7,173.5,84.5,-0.1,0.8,0.3,0.574,0.074,0.1,0.0,0.0,0.0,0.0,0.0,0.0,0.0,0.0,0.292,0.0,8.7,15.4,36946.0,0.018473
2020-11-14,0.0,0.0,14.3,3.4,7.542,2722.2,393.3,75.0,0.2,1.2,-0.2,0.573,0.027,0.1,0.0,0.0,0.0,0.0,0.0,0.0,0.0,0.0,0.292,0.0,11.7,16.7,49433.0,0.024716500000000002
2020-11-15,0.0,4.4,13.4,5.1,7.409,2860.0,130.5,77.4,0.3,1.4,4.1,0.586,0.003,0.1,0.2,0.0,0.0,0.0,0.0,0.0,0.0,0.0,0.292,0.0,12.3,14.5,24250.0,0.012125
2020-11-16,0.0,0.0,11.7,3.5,6.762,2786.5,178.1,79.4,0.0,1.0,0.0,0.606,-0.006,0.1,0.2,0.0,0.0,0.0,0.0,0.0,0.0,0.0,0.297,0.0,11.1,12.3,37137.0,0.0185685
2020-11-17,0.0,0.0,11.9,2.4,7.121,3065.7,159.4,82.5,0.3,0.8,-0.3,0.603,-0.01,0.2,0.0,0.0,0.0,0.0,0.0,0.0,0.0,0.0,0.297,0.0,11.3,13.2,51215.0,0.0256075
2020-11-18,0.0,1.0,11.9,2.7,6.931,2984.1,710.4,80.8,1.3,0.6,-0.3,0.595,-0.022,0.1,0.0,0.0,0.0,0.0,0.0,0.0,0.0,0.0,0.296,0.0,7.7,14.7,57249.0,0.0286245
2020-11-19,0.0,2.0,10.2,4.2,6.042,2754.4,420.0,78.3,0.9,1.0,1.1,0.595,-0.029,0.1,0.1,0.0,0.0,0.0,0.0,0.0,0.0,0.0,0.296,0.0,8.8,12.0,42057.0,0.0210285
2020-11-20,0.0,0.0,7.3,1.2,5.116,2677.7,302.7,80.8,0.3,0.5,-0.3,0.602,-0.043,0.1,0.1,0.0,0.0,0.0,0.0,0.0,0.0,0.0,0.297,0.0,5.6,9.7,45816.0,0.022908
2020-11-21,0.0,0.0,8.0,2.2,5.18,2746.9,296.8,78.0,0.4,0.8,-0.4,0.598,-0.06,0.1,0.0,0.0,0.0,0.0,0.0,0.0,0.0,0.0,0.296,0.0,5.8,10.6,54469.0,0.027234500000000002
2020-11-22,0.0,0.5,8.8,1.4,5.615,2659.8,122.0,80.1,0.0,0.7,0.5,0.596,-0.073,0.1,0.0,0.0,0.0,0.0,0.0,0.0,0.0,0.0,0.296,0.0,6.5,10.6,53894.0,0.026947
2020-11-23,0.0,1.1,10.0,1.3,6.833,2938.5,352.1,89.6,0.3,0.3,0.8,0.604,-0.081,0.1,0.1,0.0,0.0,0.0,0.0,0.0,0.0,0.0,0.296,0.0,8.9,11.6,48801.0,0.0244005
2020-11-24,0.0,0.0,7.8,2.0,5.428,2515.2,455.5,82.9,0.4,0.4,-0.4,0.601,-0.095,0.1,0.0,0.0,0.0,0.0,0.0,0.0,0.0,0.0,0.297,0.0,6.5,9.8,42821.0,0.0214105
2020-11-25,0.0,0.0,8.4,1.7,5.553,2649.3,80.7,81.5,0.0,0.7,0.0,0.599,-0.12,0.1,0.0,0.0,0.0,0.0,0.0,0.0,0.0,0.0,0.296,0.0,5.9,11.3,42826.0,0.021413
2020-11-26,0.0,0.0,7.6,0.9,5.475,2756.4,703.7,85.3,0.8,0.2,-0.8,0.593,-0.16,0.1,0.0,0.0,0.0,0.0,0.0,0.0,0.0,0.0,0.296,0.0,4.7,11.6,40232.0,0.020116
2020-11-27,0.0,0.1,8.3,1.2,5.86,2745.0,414.5,86.7,0.4,0.3,-0.3,0.587,-0.202,0.1,0.0,0.0,0.0,0.0,0.0,0.0,0.0,0.0,0.295,0.0,7.1,11.0,32831.0,0.0164155
2020-11-28,0.0,0.0,7.0,2.2,5.194,2640.2,679.4,84.1,0.8,0.3,-0.8,0.58,-0.239,0.1,0.0,0.0,0.0,0.0,0.0,0.0,0.0,0.0,0.294,0.0,4.1,10.6,34071.0,0.0170355
2020-11-29,0.0,0.0,3.5,2.5,4.096,2730.1,169.5,84.4,0.6,0.5,-0.6,0.574,-0.27,0.1,0.0,0.0,0.0,0.0,0.0,0.0,0.0,0.0,0.293,0.0,2.6,3.9,44943.0,0.022471500000000002
2020-11-30,0.0,1.7,4.0,1.6,4.193,2806.0,305.8,82.4,0.5,0.4,1.2,0.572,-0.303,0.1,0.1,0.0,0.0,0.0,0.0,0.0,0.0,0.0,0.292,0.0,0.9,7.4,42710.0,0.021355
2020-12-01,0.0,0.0,7.4,4.0,5.01,2707.8,170.8,78.5,0.2,0.8,-0.2,0.58,-0.327,0.1,0.1,0.0,0.0,0.0,0.0,0.0,0.0,0.0,0.293,0.0,5.3,8.6,18233.0,0.0091165
2020-12-02,0.0,0.5,7.6,2.3,5.246,2598.2,130.7,81.2,0.0,0.7,0.5,0.579,-0.363,0.1,0.0,0.0,0.0,0.0,0.0,0.0,0.0,0.0,0.293,0.0,7.0,8.3,24085.0,0.012042500000000001
2020-12-03,0.0,10.0,7.0,4.5,5.553,2900.2,77.5,89.4,0.4,0.7,9.6,0.636,-0.366,0.1,1.0,0.0,0.0,0.0,0.0,0.0,0.0,0.0,0.294,0.0,6.1,8.0,23519.0,0.0117595
2020-12-04,0.0,2.2,5.9,4.2,4.519,2409.9,373.5,78.5,0.4,0.8,1.8,0.664,-0.353,0.4,0.2,0.0,0.0,0.0,0.0,0.0,0.0,0.0,0.305,0.0,4.9,7.6,16271.0,0.0081355
2020-12-05,0.0,1.1,5.1,4.0,4.448,2472.8,106.7,82.1,0.0,0.7,1.1,0.679,-0.328,0.6,0.2,0.0,0.0,0.0,0.0,0.0,0.0,0.0,0.307,0.0,3.6,6.0,22356.0,0.011178
2020-12-06,0.0,0.0,5.1,1.6,4.441,2480.8,182.4,81.8,0.1,0.5,-0.1,0.674,-0.306,0.5,0.0,0.0,0.0,0.0,0.0,0.0,0.0,0.0,0.307,0.0,4.8,6.3,27062.0,0.013531
2020-12-07,0.0,0.1,4.1,1.7,4.502,2591.0,153.7,89.0,0.1,0.4,0.0,0.669,-0.286,0.4,0.0,0.0,0.0,0.0,0.0,0.0,0.0,0.0,0.306,0.0,2.0,5.5,19609.0,0.0098045
2020-12-08,0.0,0.0,3.4,2.0,4.199,2496.0,358.0,86.9,0.4,0.3,-0.4,0.664,-0.269,0.4,0.0,0.0,0.0,0.0,0.0,0.0,0.0,0.0,0.306,0.0,2.8,5.2,24300.0,0.01215
2020-12-09,0.0,0.1,2.4,2.1,4.273,2889.7,97.3,94.5,0.3,0.3,-0.2,0.658,-0.256,0.3,0.0,0.0,0.0,0.0,0.0,0.0,0.0,0.0,0.305,0.0,0.9,4.1,25946.0,0.012973
2020-12-10,0.0,4.8,5.8,3.7,4.761,2494.5,364.6,83.4,0.1,0.5,4.7,0.659,-0.238,0.2,0.0,0.0,0.0,0.0,0.0,0.0,0.0,0.0,0.304,0.0,3.4,8.1,18318.0,0.009159
2020-12-11,0.0,7.5,9.3,3.3,6.686,3018.9,156.4,91.7,0.0,0.5,7.5,0.726,-0.19,1.1,1.3,0.0,0.0,0.0,0.0,0.0,0.0,0.0,0.31,0.0,6.1,11.1,13563.0,0.0067815
2020-12-12,0.0,1.7,9.2,3.1,6.183,2893.2,111.5,85.4,0.2,0.7,1.5,0.742,-0.134,1.8,0.6,0.0,0.0,0.0,0.0,0.0,0.0,0.0,0.317,0.0,9.0,11.0,27719.0,0.0138595
2020-12-13,0.0,0.4,6.7,2.8,5.48,2736.0,315.6,89.5,0.3,0.4,0.1,0.731,-0.119,1.2,0.1,0.0,0.0,0.0,0.0,0.0,0.0,0.0,0.316,0.0,3.8,9.8,27867.0,0.0139335
2020-12-14,0.0,6.8,10.9,3.0,7.117,2981.2,142.2,87.9,0.0,0.6,6.8,0.734,-0.101,0.8,0.3,0.0,0.0,0.0,0.0,0.0,0.0,0.0,0.315,0.0,8.1,12.1,18645.0,0.0093225
2020-12-15,0.0,1.0,10.1,2.5,6.901,2981.1,226.5,90.0,0.3,0.5,0.7,0.769,-0.068,2.0,0.9,0.0,0.0,0.0,0.0,0.0,0.0,0.0,0.321,0.0,9.8,11.8,17573.0,0.0087865
2020-12-16,0.0,2.8,8.5,3.2,6.425,2947.1,147.9,93.3,0.1,0.4,2.7,0.758,-0.046,1.2,0.2,0.0,0.0,0.0,0.0,0.0,0.0,0.0,0.319,0.0,6.6,10.4,27242.0,0.013621
2020-12-17,0.0,0.1,9.4,2.7,6.746,2933.9,158.3,92.2,0.1,0.4,0.0,0.764,-0.016,1.3,0.3,0.0,0.0,0.0,0.0,0.0,0.0,0.0,0.321,0.0,9.0,10.3,22270.0,0.011134999999999999
2020-12-18,0.0,0.1,8.7,3.3,6.062,2554.1,442.1,87.3,0.3,0.4,-0.2,0.753,0.014,0.9,0.0,0.0,0.0,0.0,0.0,0.0,0.0,0.0,0.319,0.0,7.2,10.2,29752.0,0.014876
2020-12-19,0.0,1.5,9.6,3.5,6.728,2847.3,119.7,90.4,-0.1,0.5,1.6,0.752,0.047,0.7,0.2,0.0,0.0,0.0,0.0,0.0,0.0,0.0,0.318,0.0,7.1,11.4,16884.0,0.008442
2020-12-20,0.0,5.5,9.8,2.7,6.396,2678.4,173.0,85.0,0.0,0.7,5.5,0.757,0.085,0.7,0.0,0.0,0.0,0.0,0.0,0.0,0.0,0.0,0.319,0.0,9.1,11.2,25617.0,0.0128085
2020-12-21,0.0,8.2,10.8,4.8,7.459,3145.0,67.7,92.2,0.1,0.7,8.1,0.824,0.126,2.7,2.0,0.0,0.0,0.0,0.0,0.0,0.0,0.0,0.324,0.0,8.6,14.2,14666.0,0.007333
2020-12-22,0.0,16.1,14.5,4.1,9.274,3208.5,80.3,90.5,-0.1,0.7,16.2,0.882,0.195,6.2,2.8,0.0,0.0,0.0,0.0,0.0,0.0,0.0,0.329,0.0,13.6,15.2,28497.0,0.0142485
2020-12-23,0.0,6.9,12.2,4.1,7.677,2976.2,125.2,86.4,0.5,0.9,6.4,0.902,0.283,5.1,1.8,0.0,0.0,0.0,0.0,0.0,0.0,0.0,0.339,0.0,11.4,13.3,12250.0,0.006125
2020-12-24,0.0,2.3,6.8,4.0,5.239,2786.8,88.6,85.1,0.7,0.7,1.6,0.891,0.349,2.5,0.6,0.0,0.0,0.0,0.0,0.0,0.0,0.0,0.339,0.0,5.3,7.9,18941.0,0.0094705
2020-12-25,0.0,0.0,4.7,3.9,4.268,2462.5,141.9,80.8,0.2,0.7,-0.2,0.874,0.38,1.5,0.0,0.0,0.0,0.0,0.0,0.0,0.0,0.0,0.337,0.0,4.3,5.9,30514.0,0.015257
2020-12-26,0.0,0.0,4.3,3.0,4.181,2427.5,203.7,81.2,0.1,0.7,-0.1,0.862,0.413,1.0,0.0,0.0,0.0,0.0,0.0,0.0,0.0,0.0,0.335,0.0,2.5,6.1,34053.0,0.0170265
2020-12-27,0.0,10.0,5.9,6.8,5.108,2807.6,74.1,89.0,0.9,0.6,9.1,0.901,0.459,1.7,1.4,0.0,0.0,0.0,0.0,0.0,0.0,0.0,0.334,0.0,4.5,7.6,12306.0,0.0061530000000000005
2020-12-28,1.9,10.2,4.4,2.8,4.544,2735.1,185.5,87.8,0.3,0.5,11.8,0.927,0.536,2.2,1.4,0.1,0.0,0.0,0.0,0.002,0.0,2.9,0.342,0.0,3.8,5.7,19619.0,0.0098095
2020-12-29,0.0,1.5,4.5,2.9,4.705,2729.3,107.9,90.0,0.2,0.4,1.3,0.957,0.642,4.7,1.3,0.0,0.0,0.0,0.0,0.003,0.0,0.0,0.35,0.0,2.9,5.2,23846.0,0.011923
2020-12-30,0.0,2.9,4.9,2.9,4.638,2526.3,280.2,86.4,0.1,0.4,2.8,0.938,0.746,2.1,0.1,0.0,0.0,0.0,0.0,0.0,0.0,0.0,0.347,0.0,3.6,6.4,27771.0,0.0138855
2020-12-31,0.0,0.4,4.3,2.3,4.546,2579.3,390.5,87.7,0.6,0.3,-0.2,0.938,0.802,1.9,0.5,0.0,0.0,0.0,0.0,0.0,0.0,0.0,0.347,0.0,3.8,6.2,19741.0,0.0098705
2021-01-01,0.0,0.1,2.0,1.8,3.593,2323.5,274.7,82.6,0.2,0.4,-0.1,0.923,0.861,1.3,0.0,0.0,0.0,0.0,0.0,0.0,0.0,0.0,0.343,0.002,0.8,3.7,21280.0,0.01064
2021-01-02,0.0,0.0,1.9,1.1,3.794,2516.1,387.4,87.0,0.3,0.1,-0.3,0.91,0.835,1.0,0.0,0.0,0.0,0.0,0.0,0.0,0.0,0.0,0.341,0.001,-0.9,3.3,16590.0,0.008295
2021-01-03,0.0,0.0,3.6,1.9,4.103,2522.5,267.3,84.0,0.2,0.4,-0.2,0.899,0.811,0.8,0.0,0.0,0.0,0.0,0.0,0.0,0.0,0.0,0.341,0.0,3.1,4.2,22752.0,0.011376
2021-01-04,0.0,0.1,3.3,3.5,4.022,2396.0,101.7,84.2,-0.1,0.6,0.2,0.892,0.798,0.7,0.0,0.0,0.0,0.0,0.0,0.0,0.0,0.0,0.339,0.001,3.0,3.5,16702.0,0.008350999999999999
2021-01-05,0.0,0.1,3.2,3.0,4.066,2451.0,79.4,85.6,0.0,0.6,0.1,0.886,0.793,0.7,0.0,0.0,0.0,0.0,0.0,0.0,0.0,0.0,0.337,0.001,3.1,3.4,13517.0,0.0067585
2021-01-06,0.1,0.2,3.6,2.5,4.133,2527.7,103.4,84.2,0.0,0.5,0.3,0.881,0.772,0.6,0.0,0.0,0.0,0.0,0.0,0.0,0.0,0.1,0.336,0.001,2.9,4.2,21206.0,0.010603
2021-01-07,0.1,0.4,3.1,2.3,4.075,2585.2,89.1,86.3,0.0,0.5,0.5,0.88,0.733,0.6,0.1,0.0,0.0,0.0,0.0,0.0,0.0,0.1,0.336,0.001,2.9,3.7,30354.0,0.015177
2021-01-08,0.0,0.0,2.7,1.4,3.615,2291.7,180.4,78.6,0.0,0.5,0.0,0.875,0.675,0.6,0.0,0.0,0.0,0.0,0.0,0.0,0.0,0.0,0.336,0.001,2.1,4.1,37909.0,0.0189545
2021-01-09,0.0,0.0,1.5,2.9,3.435,2387.2,540.1,81.8,0.5,0.4,-0.5,0.867,0.621,0.5,0.0,0.0,0.0,0.0,0.0,0.0,0.0,0.0,0.331,0.004,0.3,3.8,26737.0,0.0133685
2021-01-10,0.0,0.0,1.6,1.9,3.629,2400.8,552.3,85.6,0.5,0.2,-0.5,0.857,0.568,0.5,0.0,0.0,0.0,0.0,0.0,0.0,0.0,0.0,0.333,0.001,-0.1,3.5,34764.0,0.017382
2021-01-11,0.0,0.8,3.7,2.5,4.119,2528.5,164.2,83.5,-0.1,0.5,0.9,0.855,0.526,0.5,0.1,0.0,0.0,0.0,0.0,0.0,0.0,0.0,0.332,0.001,0.1,6.2,37795.0,0.0188975
2021-01-12,0.0,5.6,7.3,3.7,5.67,2911.9,88.8,88.9,0.0,0.7,5.6,0.882,0.514,0.6,0.8,0.0,0.0,0.0,0.0,0.0,0.0,0.0,0.334,0.0,5.3,9.0,17754.0,0.008877000000000001
2021-01-13,0.0,2.0,8.6,3.2,6.423,2961.1,103.7,92.4,0.0,0.5,2.0,0.902,0.53,0.9,0.2,0.0,0.0,0.0,0.0,0.0,0.0,0.0,0.34,0.0,6.3,10.0,23769.0,0.011884500000000001
2021-01-14,0.0,3.1,8.7,4.5,6.203,2895.5,178.3,88.5,0.6,0.7,2.5,0.915,0.563,1.2,0.5,0.0,0.0,0.0,0.0,0.0,0.0,0.0,0.341,0.0,9.3,9.9,24563.0,0.012281499999999999
2021-01-15,0.0,0.0,2.5,4.4,3.312,2287.7,482.1,73.1,0.8,0.7,-0.8,0.903,0.588,1.0,0.0,0.0,0.0,0.0,0.0,0.0,0.0,0.0,0.342,0.0,1.7,3.8,27210.0,0.013605
2021-01-16,2.9,7.7,1.2,2.6,3.597,2650.6,92.3,86.3,0.0,0.7,10.6,0.927,0.63,1.0,1.2,0.3,0.0,0.002,0.0,0.01,0.2,2.9,0.337,0.002,0.0,5.8,27663.0,0.0138315
2021-01-17,0.0,0.9,5.7,2.3,4.875,2681.4,378.8,85.8,0.4,0.4,0.5,0.958,0.71,2.7,0.7,0.0,0.0,0.0,0.0,0.0,0.0,0.0,0.35,0.0,2.0,7.3,34501.0,0.0172505
2021-01-18,0.0,0.2,5.6,2.5,4.502,2560.1,223.4,80.4,0.1,0.6,0.1,0.941,0.778,1.6,0.0,0.0,0.0,0.0,0.0,0.0,0.0,0.0,0.347,0.0,3.1,7.5,45999.0,0.0229995
2021-01-19,0.0,3.3,6.3,4.3,4.843,2678.3,117.2,82.1,0.2,0.8,3.1,0.946,0.86,1.5,0.5,0.0,0.0,0.0,0.0,0.0,0.0,0.0,0.345,0.0,5.7,7.6,48151.0,0.0240755
2021-01-20,0.0,5.7,10.2,4.8,4.755,2478.0,192.8,61.6,0.3,1.7,5.4,0.946,0.959,1.4,0.2,0.0,0.0,0.0,0.0,0.0,0.0,0.0,0.346,0.0,6.3,12.1,21286.0,0.010643
2021-01-21,0.0,11.5,8.8,5.6,5.879,2784.1,252.8,83.7,0.5,0.9,11.0,0.987,1.11,2.4,1.8,0.0,0.0,0.0,0.0,0.0,0.0,0.0,0.351,0.0,6.5,10.0,17003.0,0.0085015
2021-01-22,0.0,0.1,6.3,1.8,5.002,2508.2,256.8,84.4,0.0,0.5,0.1,1.008,1.259,4.4,1.0,0.0,0.0,0.0,0.0,0.0,0.0,0.0,0.359,0.0,5.2,7.3,18181.0,0.0090905
2021-01-23,0.0,4.5,4.0,3.6,4.506,2683.2,135.6,89.4,0.4,0.6,4.1,1.005,1.365,2.7,0.8,0.0,0.0,0.0,0.0,0.0,0.0,0.0,0.354,0.0,3.3,5.6,20782.0,0.010391000000000001
2021-01-24,0.5,2.1,2.2,2.7,3.762,2414.1,150.0,85.1,0.1,0.5,2.5,0.997,1.454,2.1,0.3,0.0,0.0,0.0,0.0,0.0,0.0,0.5,0.353,0.001,0.7,3.1,36513.0,0.0182565
2021-01-25,0.0,0.0,3.5,3.7,3.688,2278.0,277.5,76.2,0.1,0.8,-0.1,0.989,1.573,1.9,0.1,0.0,0.0,0.0,0.0,0.0,0.0,0.0,0.354,0.001,2.3,5.2,35846.0,0.017923
2021-01-26,0.0,3.6,3.3,2.6,3.433,2252.1,309.4,72.0,0.1,0.8,3.5,0.978,1.637,1.4,0.0,0.0,0.0,0.0,0.0,0.0,0.0,0.0,0.347,0.005,2.2,4.3,40166.0,0.020083
2021-01-27,0.0,6.8,6.1,2.5,5.555,2936.9,100.2,93.6,-0.2,0.7,7.0,1.003,1.637,1.9,1.2,0.0,0.0,0.0,0.0,0.0,0.0,0.0,0.352,0.002,2.6,11.2,22639.0,0.0113195
2021-01-28,0.0,3.8,12.1,3.8,7.926,3088.9,136.5,90.4,-0.2,0.7,4.0,1.033,1.673,3.7,1.2,0.0,0.0,0.0,0.0,0.0,0.0,0.0,0.359,0.0,8.4,13.8,24751.0,0.0123755
2021-01-29,0.0,9.1,10.9,5.1,6.302,2676.2,183.4,77.6,0.3,1.4,8.8,1.038,1.731,3.3,0.8,0.0,0.0,0.0,0.0,0.0,0.0,0.0,0.358,0.0,10.3,12.4,34070.0,0.017035
2021-01-30,0.0,7.3,10.5,3.1,6.93,3048.1,278.9,87.7,0.3,0.8,7.0,1.067,1.814,4.7,1.8,0.0,0.0,0.0,0.0,0.0,0.0,0.0,0.364,0.0,8.1,13.5,17097.0,0.0085485
2021-01-31,0.0,7.7,8.4,1.5,6.608,3091.0,158.1,96.4,0.3,0.4,7.4,1.084,1.897,5.2,2.0,0.0,0.0,0.0,0.0,0.0,0.0,0.0,0.365,0.0,6.6,9.9,29323.0,0.0146615
2021-02-01,0.0,2.6,9.2,2.9,6.089,2723.8,200.0,84.1,0.1,0.7,2.5,1.065,2.05,3.5,0.2,0.0,0.0,0.0,0.0,0.0,0.0,0.0,0.366,0.0,8.3,10.5,20525.0,0.0102625
2021-02-02,0.0,1.9,12.1,4.6,7.192,2998.6,195.7,82.3,0.1,1.0,1.8,1.061,2.144,3.0,0.6,0.0,0.0,0.0,0.0,0.0,0.0,0.0,0.364,0.0,7.9,14.2,31263.0,0.0156315
2021-02-03,0.0,6.5,11.2,4.5,6.844,2761.4,239.7,82.3,0.3,1.1,6.2,1.073,2.203,3.5,1.2,0.0,0.0,0.0,0.0,0.0,0.0,0.0,0.362,0.0,9.5,13.2,30408.0,0.015204
2021-02-04,0.0,0.0,8.9,2.0,6.092,2719.1,378.8,86.1,0.2,0.6,-0.2,1.048,2.187,2.7,0.0,0.0,0.0,0.0,0.0,0.0,0.0,0.0,0.364,0.0,6.9,10.9,25657.0,0.0128285
2021-02-05,0.0,2.1,10.2,2.0,6.475,2751.5,449.8,84.4,0.2,0.7,1.9,1.028,2.175,2.0,0.0,0.0,0.0,0.0,0.0,0.0,0.0,0.0,0.36,0.0,7.8,11.9,27611.0,0.0138055
2021-02-06,0.0,18.0,8.4,2.7,6.395,3045.9,247.1,93.6,0.8,0.5,17.2,1.072,2.169,3.0,2.7,0.0,0.0,0.0,0.0,0.0,0.0,0.0,0.359,0.0,8.1,9.0,13327.0,0.0066635
2021-02-07,0.4,1.5,2.9,3.4,4.141,2731.5,152.5,87.1,1.1,0.6,0.8,1.098,2.192,6.1,1.5,0.0,0.0,0.0,0.0,0.0,0.0,0.4,0.372,0.0,1.5,4.6,30843.0,0.0154215
2021-02-08,0.0,0.0,-0.3,2.3,2.9,2515.3,195.8,78.4,0.9,0.6,-0.9,1.06,2.248,2.8,0.0,0.0,0.0,0.0,0.0,0.0,0.0,0.0,0.365,0.0,-0.6,0.4,25529.0,0.0127645
2021-02-09,0.2,1.0,-1.7,3.4,2.805,2461.2,176.1,84.2,0.8,0.5,0.4,1.035,2.235,1.9,0.1,0.1,0.0,0.0,0.0,0.001,0.0,0.0,0.358,0.003,-2.4,-1.0,24750.0,0.012375
2021-02-10,0.0,0.0,-2.7,4.7,2.181,2074.5,844.7,70.2,0.9,0.7,-0.9,1.016,2.108,1.5,0.0,0.2,0.2,0.001,0.001,0.002,0.1,0.0,0.348,0.011,-4.2,-1.9,39542.0,0.019771
2021-02-11,0.0,0.0,-1.6,4.3,2.051,1886.1,818.2,61.7,0.6,1.0,-0.6,0.998,1.962,1.2,0.0,0.1,0.1,0.0,0.001,0.001,0.0,0.0,0.335,0.021,-4.0,0.5,48545.0,0.0242725
2021-02-12,0.0,0.0,-1.2,4.4,1.924,2010.4,493.5,55.8,0.3,1.2,-0.3,0.984,1.863,1.0,0.0,0.0,0.1,0.0,0.0,0.0,0.0,0.0,0.329,0.024,-2.5,0.0,19223.0,0.0096115
2021-02-13,0.0,0.0,-2.0,3.5,1.624,1811.2,924.9,50.1,0.6,1.1,-0.6,0.97,1.802,0.9,0.0,0.0,0.0,0.0,0.0,0.0,0.0,0.0,0.321,0.03,-4.4,-0.5,44903.0,0.0224515
2021-02-14,0.0,0.7,-0.2,4.2,2.119,2027.9,702.9,55.8,0.3,1.2,0.4,0.96,1.777,0.8,0.0,0.0,0.0,0.0,0.0,0.0,0.0,0.0,0.315,0.035,-3.8,3.3,52456.0,0.026228
2021-02-15,0.0,0.3,6.7,3.2,4.472,2495.9,318.0,73.1,-0.2,1.0,0.5,0.96,1.755,0.7,0.2,0.0,0.0,0.0,0.0,0.0,0.0,0.0,0.318,0.031,1.7,9.5,52470.0,0.026235
2021-02-16,0.0,1.1,9.2,4.0,5.66,2546.4,354.8,78.5,-0.3,1.1,1.4,0.959,1.661,0.7,0.1,0.0,0.0,0.0,0.0,0.0,0.0,0.0,0.332,0.016,7.1,10.4,40932.0,0.020465999999999998
2021-02-17,0.0,0.0,10.3,3.9,6.202,2565.7,300.5,80.1,-0.2,1.1,0.2,0.959,1.527,1.0,0.1,0.0,0.0,0.0,0.0,0.0,0.0,0.0,0.347,0.002,8.7,12.5,68437.0,0.0342185
2021-02-18,0.0,6.7,8.6,3.3,5.799,2796.0,283.4,83.7,0.3,1.0,6.4,0.988,1.488,1.3,1.0,0.0,0.0,0.0,0.0,0.0,0.0,0.0,0.348,0.0,8.1,10.6,28508.0,0.014254000000000001
2021-02-19,0.0,0.0,9.9,3.0,6.511,2701.8,265.8,86.0,-0.2,0.8,0.2,0.986,1.505,1.5,0.0,0.0,0.0,0.0,0.0,0.0,0.0,0.0,0.354,0.0,6.0,13.3,54157.0,0.027078500000000002
2021-02-20,0.0,0.0,13.4,4.4,6.089,2524.4,1036.9,64.9,1.4,2.0,-1.4,0.966,1.511,1.2,0.0,0.0,0.0,0.0,0.0,0.0,0.0,0.0,0.352,0.0,9.0,16.4,57811.0,0.0289055
2021-02-21,0.0,0.0,13.6,2.9,5.25,2478.8,813.2,55.0,0.7,2.1,-0.7,0.947,1.522,1.0,0.0,0.0,0.0,0.0,0.0,0.0,0.0,0.0,0.348,0.0,9.4,16.9,51118.0,0.025559
2021-02-22,0.0,0.0,13.5,1.8,5.868,2668.0,466.6,61.2,0.2,1.4,-0.2,0.935,1.508,0.9,0.0,0.0,0.0,0.0,0.0,0.0,0.0,0.0,0.346,0.0,11.0,14.7,20553.0,0.010276500000000001
2021-02-23,0.0,0.0,14.8,2.7,7.495,2947.6,615.0,71.7,0.6,1.5,-0.6,0.923,1.512,0.8,0.0,0.0,0.0,0.0,0.0,0.0,0.0,0.0,0.345,0.0,12.4,16.7,65660.0,0.03283
2021-02-24,0.0,0.0,14.4,2.5,6.961,2656.2,1343.1,69.4,2.0,1.8,-2.0,0.9,1.5,0.7,0.0,0.0,0.0,0.0,0.0,0.0,0.0,0.0,0.343,0.0,10.5,18.3,75739.0,0.0378695
2021-02-25,0.0,1.7,13.3,1.9,6.513,2652.6,800.9,69.6,0.7,1.5,1.0,0.886,1.459,0.6,0.0,0.0,0.0,0.0,0.0,0.0,0.0,0.0,0.339,0.0,10.1,16.7,65024.0,0.032512
2021-02-26,0.0,0.4,9.8,3.2,5.147,2613.2,1057.6,68.9,2.0,1.6,-1.6,0.881,1.386,0.6,0.2,0.0,0.0,0.0,0.0,0.0,0.0,0.0,0.339,0.0,8.5,12.6,56216.0,0.028108
2021-02-27,0.0,0.0,7.4,3.6,4.302,2262.0,1455.1,68.0,2.1,1.7,-2.1,0.856,1.263,0.5,0.0,0.0,0.0,0.0,0.0,0.0,0.0,0.0,0.336,0.0,4.5,10.5,78884.0,0.039442
2021-02-28,0.0,0.0,7.4,3.2,4.254,2293.6,1463.1,67.5,1.9,1.6,-1.9,0.833,1.077,0.5,0.0,0.0,0.0,0.0,0.0,0.0,0.0,0.0,0.332,0.0,3.6,9.9,78246.0,0.039123
2021-03-01,0.0,0.0,8.6,1.9,4.213,2373.9,1488.5,61.7,1.8,1.6,-1.8,0.812,0.889,0.4,0.0,0.0,0.0,0.0,0.0,0.0,0.0,0.0,0.329,0.0,4.1,12.5,81903.0,0.0409515
2021-03-02,0.0,0.0,10.0,0.7,4.82,2533.4,1421.7,63.9,1.5,1.2,-1.5,0.792,0.733,0.4,0.0,0.0,0.0,0.0,0.0,0.0,0.0,0.0,0.326,0.0,4.1,14.1,60874.0,0.030437
2021-03-03,0.0,0.9,12.8,1.2,5.707,2635.7,871.7,63.1,0.7,1.5,0.2,0.781,0.589,0.4,0.0,0.0,0.0,0.0,0.0,0.0,0.0,0.0,0.323,0.0,7.4,17.7,54059.0,0.0270295
2021-03-04,0.0,0.5,9.9,2.2,6.123,2667.0,591.5,80.8,0.5,1.1,0.0,0.783,0.45,0.3,0.1,0.0,0.0,0.0,0.0,0.0,0.0,0.0,0.323,0.0,9.3,11.7,63471.0,0.0317355
2021-03-05,0.0,0.0,5.5,3.9,3.245,2453.5,333.3,58.2,0.6,1.5,-0.6,0.775,0.31,0.3,0.0,0.0,0.0,0.0,0.0,0.0,0.0,0.0,0.322,0.0,4.7,6.4,64962.0,0.032481
2021-03-06,0.0,0.0,5.0,3.3,2.811,2004.5,1621.8,52.9,1.5,2.0,-1.5,0.759,0.174,0.3,0.0,0.0,0.0,0.0,0.0,0.0,0.0,0.0,0.319,0.002,1.2,8.1,68117.0,0.0340585
2021-03-07,0.0,0.0,4.7,2.6,3.029,2071.9,1642.7,58.2,1.2,1.8,-1.2,0.743,0.04,0.3,0.0,0.0,0.0,0.0,0.0,0.0,0.0,0.0,0.317,0.001,0.2,8.8,55613.0,0.0278065
2021-03-08,0.0,0.0,4.6,2.5,3.153,2039.2,1560.4,60.9,0.9,1.5,-0.9,0.731,-0.089,0.3,0.0,0.0,0.0,0.0,0.0,0.0,0.0,0.0,0.315,0.002,0.7,7.4,72192.0,0.036096
2021-03-09,0.0,0.0,7.5,2.0,3.979,2220.4,1252.6,62.5,0.7,1.6,-0.7,0.721,-0.192,0.3,0.0,0.0,0.0,0.0,0.0,0.0,0.0,0.0,0.313,0.001,2.9,11.3,83798.0,0.041899
2021-03-10,0.0,1.4,7.7,4.0,4.491,2548.5,286.5,69.2,0.0,1.7,1.4,0.719,-0.27,0.2,0.0,0.0,0.0,0.0,0.0,0.0,0.0,0.0,0.313,0.0,4.9,11.7,83106.0,0.041553
2021-03-11,0.0,2.7,11.2,5.3,6.112,2792.9,602.4,73.9,1.1,2.3,1.6,0.741,-0.307,0.2,0.3,0.0,0.0,0.0,0.0,0.0,0.0,0.0,0.315,0.0,8.5,15.1,55197.0,0.0275985
2021-03-12,0.0,4.6,8.4,4.1,5.052,2299.0,680.5,74.0,0.4,1.7,4.2,0.741,-0.323,0.2,0.0,0.0,0.0,0.0,0.0,0.0,0.0,0.0,0.317,0.0,5.5,11.3,70731.0,0.0353655
2021-03-13,0.0,7.8,7.9,5.0,5.314,2697.2,953.9,80.1,1.9,1.6,5.9,0.805,-0.264,0.2,0.8,0.0,0.0,0.0,0.0,0.0,0.0,0.0,0.322,0.0,7.0,9.9,65722.0,0.032861
2021-03-14,0.0,3.0,7.9,3.8,4.841,2582.4,637.8,74.0,0.8,1.6,2.2,0.828,-0.175,0.2,0.4,0.0,0.0,0.0,0.0,0.0,0.0,0.0,0.329,0.0,3.7,11.1,77450.0,0.038725
2021-03-15,0.0,1.9,8.8,3.9,5.642,2636.9,591.9,80.5,0.8,1.2,1.1,0.846,-0.055,0.3,0.4,0.0,0.0,0.0,0.0,0.0,0.0,0.0,0.331,0.0,7.2,10.0,56503.0,0.0282515
2021-03-16,0.0,2.5,8.1,2.3,5.643,2815.1,341.1,84.4,0.5,1.0,2.0,0.856,0.093,0.3,0.3,0.0,0.0,0.0,0.0,0.0,0.0,0.0,0.332,0.0,5.5,10.4,71620.0,0.03581
2021-03-17,0.0,2.3,7.5,4.1,4.995,2782.8,529.9,78.0,1.2,1.5,1.1,0.862,0.255,0.4,0.2,0.0,0.0,0.0,0.0,0.0,0.0,0.0,0.334,0.0,6.4,10.2,73327.0,0.0366635
2021-03-18,0.0,2.5,6.4,3.1,4.913,2616.7,270.0,82.3,0.3,0.9,2.2,0.866,0.41,0.4,0.2,0.0,0.0,0.0,0.0,0.0,0.0,0.0,0.335,0.0,5.2,7.4,64208.0,0.032104
2021-03-19,0.0,0.0,6.4,4.9,3.987,2329.1,1123.8,67.6,1.9,1.8,-1.9,0.861,0.54,0.4,0.1,0.0,0.0,0.0,0.0,0.0,0.0,0.0,0.337,0.0,4.7,8.4,59790.0,0.029895
2021-03-20,0.0,0.0,6.0,3.1,4.144,2414.7,1255.0,72.0,1.9,1.6,-1.9,0.839,0.648,0.4,0.0,0.0,0.0,0.0,0.0,0.0,0.0,0.0,0.333,0.0,2.7,8.5,99424.0,0.049712
2021-03-21,0.0,0.0,7.7,3.5,4.843,2539.6,448.8,74.5,0.4,1.3,-0.4,0.829,0.724,0.3,0.0,0.0,0.0,0.0,0.0,0.0,0.0,0.0,0.33,0.0,5.2,9.8,80509.0,0.0402545
2021-03-22,0.0,0.0,6.4,2.5,4.007,2629.5,481.1,67.3,0.7,1.3,-0.7,0.819,0.781,0.3,0.0,0.0,0.0,0.0,0.0,0.0,0.0,0.0,0.329,0.0,4.7,8.4,89837.0,0.0449185
2021-03-23,0.0,0.0,8.2,0.6,4.25,2434.2,1961.6,64.1,2.5,1.9,-2.5,0.797,0.793,0.3,0.0,0.0,0.0,0.0,0.0,0.0,0.0,0.0,0.328,0.0,2.4,12.9,101733.0,0.0508665
2021-03-24,0.0,1.7,11.4,1.3,4.962,2576.2,1826.1,61.7,2.3,2.2,-0.6,0.772,0.78,0.3,0.0,0.0,0.0,0.0,0.0,0.0,0.0,0.0,0.324,0.0,4.6,16.7,102691.0,0.0513455
2021-03-25,0.0,0.4,10.2,1.4,6.037,2792.1,534.6,78.6,0.5,1.2,-0.1,0.778,0.76,0.3,0.2,0.0,0.0,0.0,0.0,0.0,0.0,0.0,0.322,0.0,8.7,13.1,79358.0,0.039679
2021-03-26,0.0,2.2,10.3,3.5,5.313,2538.9,634.6,69.1,0.6,1.9,1.6,0.776,0.726,0.3,0.1,0.0,0.0,0.0,0.0,0.0,0.0,0.0,0.322,0.0,6.6,14.2,73827.0,0.0369135
2021-03-27,0.0,0.0,9.2,3.6,4.668,2555.4,1188.2,65.8,1.7,2.1,-1.7,0.773,0.681,0.2,0.1,0.0,0.0,0.0,0.0,0.0,0.0,0.0,0.323,0.0,5.0,12.2,92327.0,0.046163499999999996
2021-03-28,0.0,0.0,11.7,2.2,4.972,2374.8,1328.6,59.5,1.5,2.3,-1.5,0.756,0.62,0.2,0.0,0.0,0.0,0.0,0.0,0.0,0.0,0.0,0.321,0.0,6.6,15.4,101300.0,0.05065
2021-03-29,0.0,0.0,14.4,1.0,4.999,2549.6,1866.7,51.9,2.1,2.6,-2.1,0.735,0.547,0.2,0.0,0.0,0.0,0.0,0.0,0.0,0.0,0.0,0.318,0.0,6.5,20.5,104543.0,0.0522715
2021-03-30,0.0,0.0,16.3,1.0,5.577,2698.6,2108.0,50.2,2.1,3.0,-2.1,0.713,0.461,0.2,0.0,0.0,0.0,0.0,0.0,0.0,0.0,0.0,0.315,0.0,8.7,22.8,101995.0,0.0509975
2021-03-31,0.0,0.0,17.1,0.9,6.021,2778.8,2142.3,52.6,1.9,3.1,-1.9,0.692,0.368,0.2,0.0,0.0,0.0,0.0,0.0,0.0,0.0,0.0,0.312,0.0,9.4,24.2,98398.0,0.049199
2021-04-01,0.0,0.0,17.1,2.8,6.696,2705.2,1821.5,56.8,1.5,3.9,-1.5,0.675,0.279,0.2,0.0,0.0,0.0,0.0,0.0,0.0,0.0,0.0,0.309,0.0,10.6,24.4,110199.0,0.0550995
2021-04-02,0.0,0.0,10.0,5.4,4.688,2520.8,1985.0,62.2,1.4,3.1,-1.4,0.66,0.2,0.2,0.0,0.0,0.0,0.0,0.0,0.0,0.0,0.0,0.306,0.0,7.0,13.4,109547.0,0.0547735
2021-04-03,0.0,0.0,8.2,4.7,4.202,2573.7,752.7,62.6,0.6,2.1,-0.6,0.651,0.138,0.2,0.0,0.0,0.0,0.0,0.0,0.0,0.0,0.0,0.304,0.0,6.3,10.6,114970.0,0.057485
2021-04-04,0.0,0.0,8.3,2.6,4.509,2307.1,2245.3,67.5,1.2,2.6,-1.2,0.639,0.054,0.2,0.0,0.0,0.0,0.0,0.0,0.0,0.0,0.0,0.303,0.0,3.6,12.1,118830.0,0.059415
2021-04-05,0.0,0.7,5.1,3.4,4.188,2422.4,644.7,76.3,0.3,1.4,0.4,0.638,-0.029,0.2,0.0,0.0,0.0,0.0,0.0,0.0,0.0,0.0,0.301,0.0,4.9,6.5,103216.0,0.051608
2021-04-06,0.0,0.1,4.1,2.9,2.696,2004.4,1749.7,54.1,1.2,2.2,-1.1,0.629,-0.1,0.1,0.0,0.0,0.0,0.0,0.0,0.0,0.0,0.0,0.3,0.002,1.1,8.1,109171.0,0.0545855
2021-04-07,0.0,0.0,5.3,2.8,3.117,2176.0,1823.5,58.8,1.1,2.2,-1.1,0.618,-0.179,0.1,0.0,0.0,0.0,0.0,0.0,0.0,0.0,0.0,0.299,0.001,0.6,8.3,122525.0,0.0612625
2021-04-08,0.0,0.0,8.3,1.2,3.755,2394.6,939.2,56.2,0.4,1.7,-0.4,0.612,-0.247,0.1,0.0,0.0,0.0,0.0,0.0,0.0,0.0,0.0,0.298,0.0,5.2,11.8,122986.0,0.061493
2021-04-09,0.0,15.0,10.7,1.4,5.045,2569.2,454.2,63.9,0.0,1.6,15.0,0.628,-0.276,0.1,0.0,0.0,0.0,0.0,0.0,0.0,0.0,0.0,0.297,0.0,5.4,16.0,80551.0,0.0402755
2021-04-10,0.0,13.8,10.4,2.4,6.984,3055.2,398.0,89.3,0.9,1.0,12.9,0.796,-0.131,0.2,1.9,0.0,0.0,0.0,0.0,0.0,0.0,0.0,0.317,0.0,8.4,13.1,50760.0,0.02538
2021-04-11,0.0,0.8,6.3,3.8,4.512,2635.1,693.0,76.3,1.6,1.4,-0.8,0.839,0.066,0.7,0.8,0.0,0.0,0.0,0.0,0.0,0.0,0.0,0.332,0.0,4.8,7.7,47879.0,0.0239395
2021-04-12,0.0,0.6,6.8,2.4,3.945,2368.2,1421.0,65.9,2.2,2.2,-1.6,0.816,0.243,0.5,0.0,0.0,0.0,0.0,0.0,0.0,0.0,0.0,0.33,0.0,2.8,10.8,107853.0,0.0539265
2021-04-13,0.0,0.0,7.1,2.6,3.534,2242.9,1983.4,58.7,3.3,2.5,-3.3,0.788,0.387,0.3,0.0,0.0,0.0,0.0,0.0,0.0,0.0,0.0,0.327,0.0,2.8,10.1,122062.0,0.061031
2021-04-14,0.0,0.0,7.4,2.9,3.272,2107.5,1570.1,52.4,2.2,2.7,-2.2,0.762,0.492,0.2,0.0,0.0,0.0,0.0,0.0,0.0,0.0,0.0,0.321,0.001,3.2,11.3,124342.0,0.062171
2021-04-15,0.0,0.0,7.1,3.2,3.555,2179.8,1644.0,58.2,2.4,2.5,-2.4,0.738,0.56,0.2,0.0,0.0,0.0,0.0,0.0,0.0,0.0,0.0,0.318,0.0,3.4,10.3,122908.0,0.061454
2021-04-16,0.0,0.0,7.7,3.5,3.552,2239.1,1062.1,55.7,1.3,2.4,-1.3,0.721,0.612,0.1,0.0,0.0,0.0,0.0,0.0,0.0,0.0,0.0,0.314,0.001,3.8,10.6,107071.0,0.0535355
2021-04-17,0.0,0.0,9.3,4.0,4.248,2276.3,1767.6,59.5,2.0,2.9,-2.0,0.702,0.664,0.1,0.0,0.0,0.0,0.0,0.0,0.0,0.0,0.0,0.313,0.0,4.6,13.3,93991.0,0.0469955
2021-04-18,0.0,0.0,9.8,2.5,4.55,2282.3,1592.6,61.7,1.4,2.6,-1.4,0.686,0.709,0.1,0.0,0.0,0.0,0.0,0.0,0.0,0.0,0.0,0.31,0.0,4.8,14.2,106901.0,0.0534505
2021-04-19,0.0,0.0,11.5,1.6,4.863,2448.3,2298.7,59.4,1.8,3.1,-1.8,0.668,0.745,0.1,0.0,0.0,0.0,0.0,0.0,0.0,0.0,0.0,0.308,0.0,6.5,15.5,118074.0,0.059037
2021-04-20,0.0,0.0,13.1,1.6,5.1,2493.3,1683.7,56.0,1.4,2.9,-1.4,0.653,0.691,0.1,0.0,0.0,0.0,0.0,0.0,0.0,0.0,0.0,0.305,0.0,8.4,17.5,99358.0,0.049679
2021-04-21,0.0,0.3,13.4,2.4,5.686,2636.6,1563.3,61.0,1.4,3.1,-1.1,0.64,0.606,0.1,0.0,0.0,0.0,0.0,0.0,0.0,0.0,0.0,0.303,0.0,9.3,18.6,90783.0,0.0453915
2021-04-22,0.0,0.0,12.2,3.9,4.514,2288.4,2511.4,53.2,1.7,4.0,-1.7,0.624,0.533,0.1,0.0,0.0,0.0,0.0,0.0,0.0,0.0,0.0,0.301,0.0,6.6,16.6,126797.0,0.0633985
2021-04-23,0.0,0.0,13.6,3.3,3.995,2340.4,2668.9,42.8,1.7,4.6,-1.7,0.607,0.473,0.1,0.0,0.0,0.0,0.0,0.0,0.0,0.0,0.0,0.299,0.0,7.8,18.4,134969.0,0.0674845
2021-04-24,0.0,0.0,14.1,3.2,4.265,2333.1,2204.8,43.8,1.2,4.3,-1.2,0.593,0.42,0.1,0.0,0.0,0.0,0.0,0.0,0.0,0.0,0.0,0.296,0.0,8.5,19.4,131069.0,0.0655345
2021-04-25,0.0,0.0,12.3,5.1,3.972,2314.0,2334.7,45.9,1.3,4.6,-1.3,0.579,0.365,0.1,0.0,0.0,0.0,0.0,0.0,0.0,0.0,0.0,0.294,0.0,7.9,16.6,88598.0,0.044299
2021-04-26,0.0,0.0,12.6,4.4,3.824,2235.1,2446.1,43.9,1.3,4.5,-1.3,0.566,0.298,0.1,0.0,0.0,0.0,0.0,0.0,0.0,0.0,0.0,0.293,0.0,6.6,17.3,69200.0,0.0346
2021-04-27,0.0,0.0,13.3,2.1,3.973,2346.5,2328.8,44.1,1.2,3.9,-1.2,0.553,0.228,0.1,0.0,0.0,0.0,0.0,0.0,0.0,0.0,0.0,0.291,0.0,6.9,18.6,87791.0,0.043895500000000004
2021-04-28,0.0,2.7,12.8,1.9,4.908,2593.2,1326.2,55.0,0.7,3.1,2.0,0.549,0.163,0.1,0.0,0.0,0.0,0.0,0.0,0.0,0.0,0.0,0.289,0.0,8.4,20.0,64704.0,0.032352
2021-04-29,0.0,0.0,10.7,2.8,4.983,2496.9,2034.1,63.4,1.7,3.0,-1.7,0.554,0.101,0.1,0.1,0.0,0.0,0.0,0.0,0.0,0.0,0.0,0.291,0.0,8.2,13.3,65765.0,0.0328825
2021-04-30,0.0,0.0,10.8,2.1,4.29,2403.2,978.9,54.1,0.7,2.3,-0.7,0.545,0.018,0.1,0.0,0.0,0.0,0.0,0.0,0.0,0.0,0.0,0.289,0.0,8.5,13.0,67440.0,0.03372
2021-05-01,0.0,0.6,9.8,1.7,5.254,2688.2,706.1,70.2,0.5,1.6,0.1,0.543,-0.073,0.1,0.0,0.0,0.0,0.0,0.0,0.0,0.0,0.0,0.288,0.0,8.5,11.2,63435.0,0.0317175
2021-05-02,0.0,1.0,9.3,1.5,5.303,2704.5,1522.9,73.8,1.3,2.2,-0.3,0.541,-0.156,0.1,0.0,0.0,0.0,0.0,0.0,0.0,0.0,0.0,0.288,0.0,6.6,11.9,109503.0,0.0547515
2021-05-03,0.0,0.2,11.9,3.2,4.633,2537.2,1340.7,56.8,1.0,3.0,-0.8,0.531,-0.228,0.1,0.0,0.0,0.0,0.0,0.0,0.0,0.0,0.0,0.287,0.0,6.2,16.8,134103.0,0.0670515
2021-05-04,0.0,0.1,12.1,5.2,5.698,2560.8,696.6,65.4,0.4,2.3,-0.3,0.528,-0.288,0.1,0.0,0.0,0.0,0.0,0.0,0.0,0.0,0.0,0.286,0.0,10.6,14.3,91621.0,0.0458105
2021-05-05,0.0,1.2,9.5,3.4,4.651,2333.0,1540.3,63.4,0.7,2.7,0.5,0.522,-0.345,0.1,0.0,0.0,0.0,0.0,0.0,0.0,0.0,0.0,0.285,0.0,7.2,11.8,106130.0,0.053065
2021-05-06,0.0,6.4,8.8,1.8,5.942,2853.5,570.5,84.5,0.9,1.3,5.5,0.57,-0.363,0.1,0.3,0.0,0.0,0.0,0.0,0.0,0.0,0.0,0.286,0.0,7.8,10.4,66240.0,0.033120000000000004
2021-05-07,0.0,0.0,11.5,2.2,4.64,2380.3,2185.4,57.8,2.3,3.4,-2.3,0.563,-0.38,0.1,0.0,0.0,0.0,0.0,0.0,0.0,0.0,0.0,0.293,0.0,6.9,15.0,103071.0,0.0515355
2021-05-08,0.0,0.5,16.4,3.3,7.32,2686.8,809.4,62.3,0.3,2.8,0.2,0.556,-0.4,0.1,0.0,0.0,0.0,0.0,0.0,0.0,0.0,0.0,0.29,0.0,11.0,21.4,125821.0,0.0629105
2021-05-09,0.0,3.2,19.9,3.9,9.463,3050.6,1192.4,66.9,1.8,4.2,1.4,0.559,-0.418,0.1,0.1,0.0,0.0,0.0,0.0,0.0,0.0,0.0,0.29,0.0,16.1,26.4,75341.0,0.0376705
2021-05-10,0.0,0.7,15.8,3.0,7.887,2949.8,1542.6,71.8,2.2,3.2,-1.5,0.56,-0.434,0.1,0.1,0.0,0.0,0.0,0.0,0.0,0.0,0.0,0.292,0.0,13.1,18.6,74089.0,0.0370445
2021-05-11,0.0,1.0,13.6,2.4,7.015,2690.1,1088.4,72.8,1.2,2.3,-0.2,0.554,-0.471,0.1,0.0,0.0,0.0,0.0,0.0,0.0,0.0,0.0,0.29,0.0,11.7,16.0,86763.0,0.0433815
2021-05-12,0.0,5.2,13.2,2.8,6.259,2541.8,1399.9,67.4,1.3,2.7,3.9,0.553,-0.475,0.0,0.1,0.0,0.0,0.0,0.0,0.0,0.0,0.0,0.289,0.0,9.4,15.7,95504.0,0.047752
2021-05-13,0.0,0.2,12.4,2.5,6.403,2687.5,1474.5,72.5,2.1,2.6,-1.9,0.573,-0.443,0.0,0.2,0.0,0.0,0.0,0.0,0.0,0.0,0.0,0.294,0.0,9.0,14.5,96348.0,0.048174
2021-05-14,0.0,5.1,12.1,2.6,7.234,2825.2,958.0,82.7,1.4,1.8,3.7,0.578,-0.42,0.0,0.1,0.0,0.0,0.0,0.0,0.0,0.0,0.0,0.291,0.0,10.2,13.6,102456.0,0.051228
2021-05-15,0.0,7.6,12.1,3.7,7.487,3062.0,1096.8,85.7,2.1,1.9,5.5,0.639,-0.317,0.1,0.6,0.0,0.0,0.0,0.0,0.0,0.0,0.0,0.296,0.0,9.9,14.4,58666.0,0.029333
2021-05-16,0.0,2.0,12.6,3.2,7.202,2922.1,1551.1,79.8,2.7,2.7,-0.7,0.639,-0.223,0.1,0.2,0.0,0.0,0.0,0.0,0.0,0.0,0.0,0.303,0.0,10.8,16.3,67333.0,0.0336665
2021-05-17,0.0,2.2,13.1,4.0,7.181,2836.1,817.5,77.0,1.4,2.1,0.8,0.644,-0.112,0.1,0.2,0.0,0.0,0.0,0.0,0.0,0.0,0.0,0.302,0.0,11.2,15.5,105648.0,0.052824
2021-05-18,0.0,2.7,13.4,2.7,6.61,2592.8,1438.8,70.1,2.1,2.8,0.6,0.632,0.009,0.1,0.0,0.0,0.0,0.0,0.0,0.0,0.0,0.0,0.302,0.0,11.4,16.0,80758.0,0.040379
2021-05-19,0.0,3.0,12.5,3.1,6.819,2730.5,1438.7,76.3,2.4,2.7,0.6,0.652,0.13,0.1,0.4,0.0,0.0,0.0,0.0,0.0,0.0,0.0,0.303,0.0,11.2,15.4,110931.0,0.0554655
2021-05-20,0.0,0.0,13.9,3.2,6.167,2499.6,2461.5,63.5,3.1,4.0,-3.1,0.626,0.21,0.1,0.0,0.0,0.0,0.0,0.0,0.0,0.0,0.0,0.303,0.0,10.2,17.4,127797.0,0.0638985
2021-05-21,0.0,0.5,14.2,5.6,5.962,2478.9,1915.9,60.3,2.6,4.2,-2.1,0.604,0.238,0.1,0.0,0.0,0.0,0.0,0.0,0.0,0.0,0.0,0.299,0.0,11.9,17.7,75887.0,0.0379435
2021-05-22,0.0,3.2,12.8,5.2,6.54,2672.8,1462.8,71.3,2.4,3.1,0.8,0.604,0.253,0.0,0.2,0.0,0.0,0.0,0.0,0.0,0.0,0.0,0.296,0.0,11.0,15.8,93195.0,0.0465975
2021-05-23,0.0,2.2,13.8,4.1,5.944,2597.5,1510.3,62.5,1.9,3.3,0.3,0.59,0.25,0.0,0.0,0.0,0.0,0.0,0.0,0.0,0.0,0.0,0.296,0.0,9.5,17.7,105899.0,0.0529495
2021-05-24,0.0,5.5,12.1,4.4,6.585,2722.5,1382.1,75.3,2.7,2.6,2.8,0.626,0.299,0.0,0.5,0.0,0.0,0.0,0.0,0.0,0.0,0.0,0.297,0.0,10.4,15.0,85222.0,0.042611
2021-05-25,0.0,9.4,12.1,3.9,6.702,2824.2,1233.8,77.1,2.4,2.5,7.0,0.643,0.333,0.1,0.4,0.0,0.0,0.0,0.0,0.0,0.0,0.0,0.3,0.0,9.1,14.8,110891.0,0.0554455
2021-05-26,0.0,0.7,13.1,3.7,6.872,2727.0,1297.1,74.6,2.2,2.6,-1.5,0.675,0.392,0.1,0.4,0.0,0.0,0.0,0.0,0.0,0.0,0.0,0.308,0.0,10.5,15.5,106060.0,0.05303
2021-05-27,0.0,0.0,15.6,1.3,6.434,2615.9,2558.6,60.5,3.7,4.1,-3.7,0.642,0.42,0.1,0.0,0.0,0.0,0.0,0.0,0.0,0.0,0.0,0.306,0.0,11.2,19.6,130095.0,0.0650475
2021-05-28,0.0,0.0,17.4,2.7,7.043,2638.4,1720.0,58.6,2.2,3.9,-2.2,0.617,0.443,0.1,0.0,0.0,0.0,0.0,0.0,0.0,0.0,0.0,0.301,0.0,12.8,21.2,129481.0,0.0647405
2021-05-29,0.0,0.0,18.5,3.0,7.05,2683.0,1878.1,54.8,2.3,4.3,-2.3,0.595,0.436,0.1,0.0,0.0,0.0,0.0,0.0,0.0,0.0,0.0,0.298,0.0,14.1,22.4,112738.0,0.056369
2021-05-30,0.0,0.0,18.8,3.1,6.555,2598.2,2478.5,49.7,2.3,5.3,-2.3,0.572,0.429,0.0,0.0,0.0,0.0,0.0,0.0,0.0,0.0,0.0,0.294,0.0,14.5,22.7,123376.0,0.061688
2021-05-31,0.0,0.0,19.8,2.8,6.265,2690.8,3252.4,44.7,2.5,6.4,-2.5,0.548,0.439,0.0,0.0,0.0,0.0,0.0,0.0,0.0,0.0,0.0,0.291,0.0,16.0,23.7,135402.0,0.067701
2021-06-01,0.0,0.0,22.2,2.6,7.771,2828.4,3157.8,47.3,2.2,6.4,-2.2,0.525,0.45,0.0,0.0,0.0,0.0,0.0,0.0,0.0,0.0,0.0,0.288,0.0,16.0,27.1,109461.0,0.0547305
2021-06-02,0.0,0.0,22.4,2.6,10.974,3022.4,2082.5,65.2,1.2,4.6,-1.2,0.511,0.458,0.0,0.0,0.0,0.0,0.0,0.0,0.0,0.0,0.0,0.284,0.0,19.2,26.8,90739.0,0.0453695
2021-06-03,0.0,27.2,21.8,1.5,11.332,3062.1,1592.6,70.5,1.4,3.6,25.8,0.533,0.422,0.0,0.0,0.0,0.0,0.0,0.0,0.0,0.0,0.0,0.283,0.0,19.5,26.0,100390.0,0.050195000000000004
2021-06-04,0.0,2.6,18.2,2.3,10.756,3212.1,1132.1,83.1,2.6,2.4,0.0,0.73,0.477,0.8,2.6,0.0,0.0,0.0,0.0,0.0,0.0,0.0,0.316,0.0,16.4,21.3,70693.0,0.0353465
2021-06-05,0.0,0.0,16.6,3.1,8.836,3032.5,704.8,75.4,1.4,2.1,-1.4,0.709,0.482,0.6,0.0,0.0,0.0,0.0,0.0,0.0,0.0,0.0,0.314,0.0,13.9,19.5,114666.0,0.057333
2021-06-06,0.0,0.0,18.8,2.3,8.25,2653.6,1788.0,61.9,2.7,3.9,-2.7,0.681,0.497,0.3,0.0,0.0,0.0,0.0,0.0,0.0,0.0,0.0,0.311,0.0,14.0,22.7,109512.0,0.054756
2021-06-07,0.0,0.0,19.9,2.3,8.414,2874.8,2517.9,59.9,4.8,5.0,-4.8,0.639,0.502,0.1,0.0,0.0,0.0,0.0,0.0,0.0,0.0,0.0,0.307,0.0,15.6,23.7,110854.0,0.055427
2021-06-08,0.0,0.0,21.0,1.8,8.737,2902.6,2505.6,57.5,3.5,4.9,-3.5,0.6,0.5,0.1,0.0,0.0,0.0,0.0,0.0,0.0,0.0,0.0,0.3,0.0,16.9,24.9,129499.0,0.0647495
2021-06-09,0.0,0.0,22.8,1.7,9.26,2872.6,2288.8,54.4,2.6,4.9,-2.6,0.571,0.497,0.1,0.0,0.0,0.0,0.0,0.0,0.0,0.0,0.0,0.295,0.0,18.3,26.6,130856.0,0.065428
2021-06-10,0.0,0.0,22.9,2.1,9.414,2999.6,2376.4,54.6,2.4,5.1,-2.4,0.547,0.495,0.0,0.0,0.0,0.0,0.0,0.0,0.0,0.0,0.0,0.291,0.0,18.8,26.3,131540.0,0.06577
2021-06-11,0.0,0.0,22.8,2.4,10.798,2981.9,2472.8,63.1,2.0,5.2,-2.0,0.526,0.503,0.0,0.0,0.0,0.0,0.0,0.0,0.0,0.0,0.0,0.287,0.0,19.3,26.1,129052.0,0.064526
2021-06-12,0.0,0.0,20.7,2.3,10.222,3028.8,1725.2,67.7,1.4,3.8,-1.4,0.512,0.513,0.0,0.0,0.0,0.0,0.0,0.0,0.0,0.0,0.0,0.285,0.0,18.5,23.2,119982.0,0.059991
2021-06-13,0.0,0.0,22.1,3.0,7.743,2929.7,3053.7,48.3,2.3,6.4,-2.3,0.49,0.498,0.0,0.0,0.0,0.0,0.0,0.0,0.0,0.0,0.0,0.283,0.0,18.0,26.1,134180.0,0.06709
2021-06-14,0.0,0.0,24.6,2.0,8.423,3060.9,3288.1,45.3,2.2,6.8,-2.2,0.469,0.358,0.0,0.0,0.0,0.0,0.0,0.0,0.0,0.0,0.0,0.279,0.0,18.7,29.2,142300.0,0.07115
2021-06-15,0.0,0.0,24.8,1.8,10.458,3023.1,2872.8,54.3,1.5,5.9,-1.5,0.452,0.216,0.0,0.0,0.0,0.0,0.0,0.0,0.0,0.0,0.0,0.276,0.0,19.9,28.9,138036.0,0.069018
2021-06-16,0.0,14.7,27.7,2.1,11.964,3201.2,2866.1,52.6,2.0,6.5,12.7,0.457,0.093,0.0,0.0,0.0,0.0,0.0,0.0,0.0,0.0,0.0,0.274,0.0,22.3,31.6,117637.0,0.0588185
2021-06-17,0.0,8.9,24.2,2.1,13.766,3300.1,1516.7,74.1,3.4,3.8,5.5,0.556,0.066,0.0,0.9,0.0,0.0,0.0,0.0,0.0,0.0,0.0,0.291,0.0,21.2,27.6,73318.0,0.036659
2021-06-18,0.0,0.9,22.7,2.9,12.761,3363.7,1573.9,74.8,3.6,3.7,-2.7,0.59,0.091,0.1,0.6,0.0,0.0,0.0,0.0,0.0,0.0,0.0,0.297,0.0,19.8,25.2,110918.0,0.055459
2021-06-19,0.0,17.6,21.5,1.1,12.722,3411.2,1186.7,80.0,3.0,2.8,14.6,0.62,0.156,0.1,1.2,0.0,0.0,0.0,0.0,0.0,0.0,0.0,0.293,0.0,19.7,25.7,92435.0,0.0462175
2021-06-20,0.0,3.2,20.8,2.3,11.149,3099.2,1950.1,73.7,4.1,4.2,-0.9,0.675,0.257,0.9,0.8,0.0,0.0,0.0,0.0,0.0,0.0,0.0,0.311,0.0,17.5,25.1,83759.0,0.0418795
2021-06-21,0.0,0.1,21.1,2.0,10.406,3100.2,1895.5,68.2,4.0,4.0,-3.9,0.653,0.355,0.5,0.2,0.0,0.0,0.0,0.0,0.0,0.0,0.0,0.308,0.0,17.8,24.5,105823.0,0.0529115
2021-06-22,0.0,14.2,15.9,2.9,9.905,3156.1,591.0,88.5,1.6,1.5,12.6,0.709,0.518,1.0,1.8,0.0,0.0,0.0,0.0,0.0,0.0,0.0,0.302,0.0,14.6,17.6,91616.0,0.045808
2021-06-23,0.0,0.0,14.9,2.9,8.597,2965.1,786.2,81.8,1.6,1.8,-1.6,0.714,0.705,1.3,0.0,0.0,0.0,0.0,0.0,0.0,0.0,0.0,0.315,0.0,13.9,16.1,82875.0,0.0414375
2021-06-24,0.0,0.0,16.9,2.6,7.7,2947.7,882.2,65.2,1.4,2.7,-1.4,0.695,0.868,0.6,0.0,0.0,0.0,0.0,0.0,0.0,0.0,0.0,0.312,0.0,13.3,20.9,93612.0,0.046806
2021-06-25,0.0,8.9,17.5,1.7,9.629,2963.6,1080.4,77.2,1.6,2.3,7.3,0.687,1.014,0.3,0.1,0.0,0.0,0.0,0.0,0.0,0.0,0.0,0.309,0.0,14.8,19.9,122745.0,0.061372499999999997
2021-06-26,0.0,1.6,18.9,1.4,11.216,3129.6,711.0,83.1,0.8,1.8,0.8,0.742,1.097,1.1,1.2,0.0,0.0,0.0,0.0,0.0,0.0,0.0,0.317,0.0,15.9,21.7,122331.0,0.0611655
2021-06-27,0.0,0.8,19.8,1.4,12.012,3039.1,908.4,83.5,1.1,2.1,-0.3,0.728,1.141,0.9,0.1,0.0,0.0,0.0,0.0,0.0,0.0,0.0,0.316,0.0,17.6,22.9,73474.0,0.036737
2021-06-28,0.0,0.6,19.8,1.8,10.961,3038.3,2024.5,77.0,3.9,3.8,-3.3,0.701,1.195,0.5,0.1,0.0,0.0,0.0,0.0,0.0,0.0,0.0,0.314,0.0,17.2,23.0,88968.0,0.044484
2021-06-29,0.0,2.7,16.8,1.8,9.084,2758.2,1244.3,77.0,2.0,2.6,0.7,0.68,1.244,0.2,0.0,0.0,0.0,0.0,0.0,0.0,0.0,0.0,0.309,0.0,15.4,19.5,97469.0,0.0487345
2021-06-30,0.0,1.0,16.2,3.0,9.208,3160.9,647.2,80.8,1.4,1.8,-0.4,0.689,1.285,0.2,0.3,0.0,0.0,0.0,0.0,0.0,0.0,0.0,0.309,0.0,14.5,17.7,100544.0,0.050272
2021-07-01,0.0,0.0,18.6,1.7,9.595,2864.9,1009.0,72.7,0.9,2.5,-0.9,0.679,1.344,0.2,0.0,0.0,0.0,0.0,0.0,0.0,0.0,0.0,0.309,0.0,14.7,23.1,122800.0,0.0614
2021-07-02,0.0,0.0,22.2,1.4,10.653,3142.7,1874.2,65.5,3.3,3.9,-3.3,0.652,1.352,0.1,0.0,0.0,0.0,0.0,0.0,0.0,0.0,0.0,0.307,0.0,16.9,25.7,125438.0,0.062719
2021-07-03,0.0,7.3,21.7,1.9,11.431,3081.1,1621.6,71.1,3.0,3.6,4.3,0.639,1.318,0.1,0.1,0.0,0.0,0.0,0.0,0.0,0.0,0.0,0.302,0.0,20.1,23.6,85195.0,0.042597499999999996
2021-07-04,0.0,5.8,19.3,2.4,10.853,3095.9,1158.0,78.4,2.3,2.8,3.5,0.693,1.332,0.2,0.9,0.0,0.0,0.0,0.0,0.0,0.0,0.0,0.308,0.0,17.1,22.6,76965.0,0.0384825
2021-07-05,0.0,0.2,19.3,2.4,10.497,3119.4,848.7,75.8,1.4,2.3,-1.2,0.696,1.363,0.2,0.2,0.0,0.0,0.0,0.0,0.0,0.0,0.0,0.311,0.0,15.4,21.9,116337.0,0.0581685
2021-07-06,0.0,0.0,19.5,4.0,8.555,3002.1,1686.4,61.1,3.6,4.1,-3.6,0.666,1.348,0.2,0.0,0.0,0.0,0.0,0.0,0.0,0.0,0.0,0.309,0.0,16.9,21.8,77865.0,0.0389325
2021-07-07,0.0,0.0,18.9,2.8,9.186,2848.6,2119.0,67.9,3.0,4.3,-3.0,0.634,1.307,0.1,0.0,0.0,0.0,0.0,0.0,0.0,0.0,0.0,0.304,0.0,16.2,22.9,103073.0,0.0515365
2021-07-08,0.0,0.0,19.5,2.0,9.108,2895.6,1455.2,65.0,2.0,3.3,-2.0,0.611,1.246,0.1,0.0,0.0,0.0,0.0,0.0,0.0,0.0,0.0,0.3,0.0,17.1,21.8,102291.0,0.051145499999999997
2021-07-09,0.0,0.0,19.4,1.3,9.666,2942.3,1778.7,69.6,1.9,3.4,-1.9,0.591,1.17,0.1,0.0,0.0,0.0,0.0,0.0,0.0,0.0,0.0,0.297,0.0,16.9,21.7,123268.0,0.061634
2021-07-10,0.0,1.2,18.1,1.8,10.069,2842.5,1560.3,78.3,1.2,2.9,0.0,0.58,1.066,0.1,0.0,0.0,0.0,0.0,0.0,0.0,0.0,0.0,0.294,0.0,17.4,19.2,106641.0,0.0533205
2021-07-11,0.0,0.0,19.5,1.2,10.308,3039.0,1690.6,74.0,1.8,3.3,-1.8,0.572,0.964,0.1,0.1,0.0,0.0,0.0,0.0,0.0,0.0,0.0,0.294,0.0,16.3,23.9,130719.0,0.0653595
2021-07-12,0.0,5.0,19.2,2.7,11.263,3087.2,965.5,81.3,1.0,2.4,4.0,0.57,0.914,0.1,0.0,0.0,0.0,0.0,0.0,0.0,0.0,0.0,0.291,0.0,17.2,22.1,66824.0,0.033412
2021-07-13,0.0,46.2,17.4,2.8,11.439,3443.8,490.4,92.8,1.5,1.3,44.7,0.758,0.967,1.1,4.6,0.0,0.0,0.0,0.0,0.0,0.0,0.0,0.296,0.0,17.0,18.1,77644.0,0.038822
2021-07-14,0.0,0.4,18.2,4.8,10.124,3220.9,489.4,78.6,1.3,2.0,-0.9,0.872,1.037,8.8,3.1,0.0,0.0,0.0,0.0,0.0,0.0,0.0,0.342,0.0,15.9,19.9,75596.0,0.037798
2021-07-15,0.0,0.0,20.8,4.9,10.28,3109.4,2038.2,67.9,4.5,4.7,-4.5,0.817,1.073,1.3,0.0,0.0,0.0,0.0,0.0,0.0,0.0,0.0,0.333,0.0,17.8,23.9,94059.0,0.0470295
2021-07-16,0.0,0.0,18.5,3.5,9.664,3153.4,730.3,73.1,1.5,2.5,-1.5,0.789,1.111,0.4,0.0,0.0,0.0,0.0,0.0,0.0,0.0,0.0,0.325,0.0,17.3,21.7,105402.0,0.052701
2021-07-17,0.0,0.0,20.0,3.3,10.666,3224.9,981.2,73.2,1.7,3.0,-1.7,0.77,1.178,0.3,0.0,0.0,0.0,0.0,0.0,0.0,0.0,0.0,0.323,0.0,15.0,25.9,129483.0,0.0647415
2021-07-18,0.0,0.0,23.8,4.1,11.387,3053.7,3162.2,63.5,5.2,6.7,-5.2,0.726,1.232,0.2,0.0,0.0,0.0,0.0,0.0,0.0,0.0,0.0,0.32,0.0,18.0,28.3,138707.0,0.0693535
2021-07-19,0.0,0.0,24.9,3.0,11.887,3066.9,2727.9,61.6,3.4,6.0,-3.4,0.686,1.287,0.2,0.0,0.0,0.0,0.0,0.0,0.0,0.0,0.0,0.312,0.0,19.7,29.5,142253.0,0.0711265
2021-07-20,0.0,0.0,24.5,2.2,11.024,3074.5,3152.6,58.5,3.0,6.3,-3.0,0.655,1.352,0.2,0.0,0.0,0.0,0.0,0.0,0.0,0.0,0.0,0.307,0.0,20.6,27.5,139573.0,0.0697865
2021-07-21,0.0,0.0,24.9,2.0,10.785,3089.0,3052.6,55.5,2.5,6.2,-2.5,0.627,1.403,0.1,0.0,0.0,0.0,0.0,0.0,0.0,0.0,0.0,0.303,0.0,20.7,28.5,131265.0,0.0656325
2021-07-22,0.0,0.0,24.4,3.0,10.086,3018.1,2936.7,53.8,2.3,6.3,-2.3,0.603,1.445,0.1,0.0,0.0,0.0,0.0,0.0,0.0,0.0,0.0,0.299,0.0,20.0,27.9,137884.0,0.068942
2021-07-23,0.0,0.0,24.9,3.4,10.382,2847.0,2189.5,54.3,1.6,5.5,-1.6,0.585,1.426,0.1,0.0,0.0,0.0,0.0,0.0,0.0,0.0,0.0,0.296,0.0,19.1,29.1,108123.0,0.0540615
2021-07-24,0.0,1.6,21.7,3.0,10.557,3020.4,1531.7,65.9,1.2,4.0,0.4,0.573,1.366,0.1,0.0,0.0,0.0,0.0,0.0,0.0,0.0,0.0,0.293,0.0,19.3,24.9,94789.0,0.0473945
2021-07-25,0.0,6.8,19.5,2.7,11.798,3331.5,840.7,83.6,1.8,2.1,5.0,0.622,1.342,0.1,0.5,0.0,0.0,0.0,0.0,0.0,0.0,0.0,0.293,0.0,17.9,21.6,101279.0,0.0506395
2021-07-26,0.0,7.8,20.4,2.3,11.663,3160.4,696.8,78.6,1.0,2.1,6.8,0.678,1.327,0.1,0.6,0.0,0.0,0.0,0.0,0.0,0.0,0.0,0.3,0.0,17.5,23.0,108760.0,0.05438
2021-07-27,0.0,9.9,18.4,2.5,11.384,3287.6,945.9,86.3,2.3,2.0,7.6,0.713,1.327,0.2,0.8,0.0,0.0,0.0,0.0,0.0,0.0,0.0,0.308,0.0,18.3,18.9,86961.0,0.0434805
2021-07-28,0.0,0.0,19.6,3.4,9.339,2917.5,1947.5,67.2,4.1,4.0,-4.1,0.716,1.339,0.3,0.1,0.0,0.0,0.0,0.0,0.0,0.0,0.0,0.317,0.0,16.5,22.8,97052.0,0.048526
2021-07-29,0.0,0.0,19.2,2.7,8.501,2782.0,2221.2,62.6,3.8,4.3,-3.8,0.676,1.353,0.2,0.0,0.0,0.0,0.0,0.0,0.0,0.0,0.0,0.311,0.0,15.5,22.4,119137.0,0.0595685
2021-07-30,0.0,0.0,19.8,4.1,8.345,2870.1,2197.9,59.1,3.1,5.0,-3.1,0.643,1.371,0.1,0.0,0.0,0.0,0.0,0.0,0.0,0.0,0.0,0.306,0.0,17.1,23.3,91962.0,0.045981
2021-07-31,0.0,0.0,19.0,3.0,8.781,2754.4,2448.0,64.9,2.3,4.5,-2.3,0.618,1.392,0.1,0.0,0.0,0.0,0.0,0.0,0.0,0.0,0.0,0.301,0.0,15.8,21.9,73986.0,0.036993
2021-08-01,0.0,0.6,19.1,2.8,8.678,2899.1,2133.6,64.3,1.9,4.2,-1.3,0.598,1.421,0.1,0.0,0.0,0.0,0.0,0.0,0.0,0.0,0.0,0.298,0.0,15.5,22.1,107793.0,0.0538965
2021-08-02,0.0,6.5,19.0,1.5,10.056,2921.4,1292.2,73.9,1.3,2.8,5.2,0.597,1.457,0.1,0.0,0.0,0.0,0.0,0.0,0.0,0.0,0.0,0.296,0.0,16.7,22.7,116571.0,0.0582855
2021-08-03,0.0,0.2,17.4,2.0,9.615,3044.8,1429.7,78.4,2.4,2.6,-2.2,0.626,1.516,0.1,0.4,0.0,0.0,0.0,0.0,0.0,0.0,0.0,0.302,0.0,15.4,19.4,76436.0,0.038218
2021-08-04,0.0,0.1,17.8,1.1,8.98,2907.8,755.4,71.1,0.7,1.9,-0.6,0.615,1.536,0.1,0.0,0.0,0.0,0.0,0.0,0.0,0.0,0.0,0.299,0.0,14.9,20.1,68017.0,0.034008500000000004
2021-08-05,0.0,0.2,19.6,3.2,9.922,3119.9,1484.3,70.5,1.8,3.5,-1.6,0.6,1.549,0.1,0.0,0.0,0.0,0.0,0.0,0.0,0.0,0.0,0.298,0.0,17.5,22.7,101459.0,0.0507295
2021-08-06,0.0,0.0,19.4,4.3,9.688,3026.6,1172.3,69.8,1.4,3.2,-1.4,0.586,1.51,0.1,0.0,0.0,0.0,0.0,0.0,0.0,0.0,0.0,0.296,0.0,17.1,22.1,96760.0,0.04838
2021-08-07,0.0,10.1,17.3,3.7,9.688,3080.1,1168.2,79.2,2.5,2.7,7.6,0.642,1.487,0.1,0.7,0.0,0.0,0.0,0.0,0.0,0.0,0.0,0.293,0.0,15.2,19.9,81834.0,0.040917
2021-08-08,0.0,0.2,18.0,3.4,8.57,2741.9,1537.2,67.7,2.3,3.4,-2.1,0.632,1.476,0.1,0.0,0.0,0.0,0.0,0.0,0.0,0.0,0.0,0.303,0.0,14.7,20.4,104854.0,0.052427
2021-08-09,0.0,2.7,18.9,3.2,9.724,2949.0,902.4,72.0,1.1,2.5,1.6,0.622,1.47,0.1,0.0,0.0,0.0,0.0,0.0,0.0,0.0,0.0,0.3,0.0,15.3,21.5,117839.0,0.0589195
2021-08-10,0.0,0.2,20.5,2.0,11.127,3244.9,1016.0,74.9,1.6,2.5,-1.4,0.629,1.479,0.1,0.2,0.0,0.0,0.0,0.0,0.0,0.0,0.0,0.302,0.0,17.0,23.3,126825.0,0.0634125
2021-08-11,0.0,0.0,21.6,0.9,10.88,3018.7,1580.8,69.1,2.0,3.1,-2.0,0.61,1.481,0.1,0.0,0.0,0.0,0.0,0.0,0.0,0.0,0.0,0.3,0.0,17.4,25.2,134062.0,0.06703100000000001
2021-08-12,0.0,0.0,23.7,1.1,11.997,3163.3,2021.8,66.5,2.1,4.0,-2.1,0.589,1.476,0.1,0.0,0.0,0.0,0.0,0.0,0.0,0.0,0.0,0.297,0.0,17.9,29.0,113051.0,0.0565255
2021-08-13,0.0,0.0,23.1,1.7,11.16,3123.0,1848.7,64.1,1.8,3.9,-1.8,0.57,1.456,0.1,0.0,0.0,0.0,0.0,0.0,0.0,0.0,0.0,0.294,0.0,18.4,27.5,120234.0,0.060117
2021-08-14,0.0,0.0,23.3,1.2,10.108,3184.3,2664.5,57.9,2.2,4.9,-2.2,0.548,1.422,0.1,0.0,0.0,0.0,0.0,0.0,0.0,0.0,0.0,0.291,0.0,17.4,28.6,132551.0,0.0662755
2021-08-15,0.0,0.0,23.2,2.8,10.569,3203.9,1838.0,60.6,1.5,4.7,-1.5,0.532,1.374,0.1,0.0,0.0,0.0,0.0,0.0,0.0,0.0,0.0,0.288,0.0,18.6,29.4,102609.0,0.0513045
2021-08-16,0.0,0.7,18.3,3.8,8.956,2975.7,644.0,68.8,0.7,2.3,0.0,0.528,1.36,0.1,0.0,0.0,0.0,0.0,0.0,0.0,0.0,0.0,0.286,0.0,17.6,19.3,96218.0,0.048109
2021-08-17,0.0,0.0,16.9,2.6,8.746,2999.6,862.4,73.4,0.7,2.2,-0.7,0.521,1.296,0.1,0.0,0.0,0.0,0.0,0.0,0.0,0.0,0.0,0.285,0.0,13.8,19.0,97798.0,0.048899
2021-08-18,0.0,0.0,18.7,2.9,10.07,3159.5,830.7,75.3,0.5,2.3,-0.5,0.515,1.237,0.1,0.0,0.0,0.0,0.0,0.0,0.0,0.0,0.0,0.284,0.0,16.2,20.7,82780.0,0.04139
2021-08-19,0.0,0.0,18.2,1.9,9.47,3153.9,699.0,72.9,0.5,2.0,-0.5,0.509,1.167,0.1,0.0,0.0,0.0,0.0,0.0,0.0,0.0,0.0,0.283,0.0,17.2,19.8,87344.0,0.043672
2021-08-20,0.0,0.0,19.7,1.3,9.425,3146.6,762.8,66.6,0.7,2.1,-0.7,0.503,1.086,0.1,0.0,0.0,0.0,0.0,0.0,0.0,0.0,0.0,0.283,0.0,16.7,22.4,126258.0,0.063129
2021-08-21,0.0,0.0,21.0,2.2,11.218,3072.9,905.3,73.0,0.5,2.6,-0.5,0.497,1.013,0.1,0.0,0.0,0.0,0.0,0.0,0.0,0.0,0.0,0.282,0.0,16.7,26.3,110881.0,0.0554405
2021-08-22,0.0,0.0,19.2,3.2,9.756,3051.3,1294.5,70.9,0.9,3.0,-0.9,0.489,0.943,0.1,0.0,0.0,0.0,0.0,0.0,0.0,0.0,0.0,0.281,0.0,16.5,21.6,94273.0,0.0471365
2021-08-23,0.0,0.5,18.6,3.3,10.38,3142.7,686.7,77.8,0.5,2.1,0.0,0.487,0.892,0.1,0.0,0.0,0.0,0.0,0.0,0.0,0.0,0.0,0.279,0.0,17.3,20.2,112629.0,0.0563145
2021-08-24,0.0,0.0,19.3,4.6,8.342,2940.1,1940.6,61.9,1.6,4.5,-1.6,0.474,0.858,0.1,0.0,0.0,0.0,0.0,0.0,0.0,0.0,0.0,0.279,0.0,15.4,23.5,106364.0,0.053182
2021-08-25,0.0,0.0,19.3,3.9,8.409,2730.1,2186.9,61.3,1.2,4.6,-1.2,0.462,0.83,0.1,0.0,0.0,0.0,0.0,0.0,0.0,0.0,0.0,0.277,0.0,14.2,23.8,129288.0,0.064644
2021-08-26,0.0,0.0,17.7,3.7,9.102,3036.4,435.5,72.5,0.2,2.1,-0.2,0.457,0.816,0.1,0.0,0.0,0.0,0.0,0.0,0.0,0.0,0.0,0.275,0.0,15.3,20.4,123198.0,0.061599
2021-08-27,0.0,0.0,17.9,3.5,8.209,2780.3,1631.5,65.3,0.9,3.6,-0.9,0.449,0.817,0.1,0.0,0.0,0.0,0.0,0.0,0.0,0.0,0.0,0.275,0.0,15.0,21.4,120126.0,0.060063
2021-08-28,0.0,0.0,17.5,3.6,9.246,2993.5,1327.4,74.5,0.5,2.8,-0.5,0.443,0.822,0.0,0.0,0.0,0.0,0.0,0.0,0.0,0.0,0.0,0.274,0.0,13.9,20.7,123957.0,0.0619785
2021-08-29,0.0,0.1,16.8,3.1,9.112,3068.0,740.2,77.1,0.3,2.0,-0.2,0.44,0.824,0.0,0.0,0.0,0.0,0.0,0.0,0.0,0.0,0.0,0.273,0.0,14.6,18.6,112247.0,0.0561235
2021-08-30,0.0,0.0,18.5,4.2,10.136,3133.0,472.8,77.1,0.2,2.0,-0.2,0.438,0.82,0.0,0.0,0.0,0.0,0.0,0.0,0.0,0.0,0.0,0.273,0.0,15.5,20.7,107228.0,0.053614
2021-08-31,0.0,0.0,19.2,4.1,9.443,3009.9,1514.3,69.1,0.9,3.5,-0.9,0.431,0.797,0.0,0.0,0.0,0.0,0.0,0.0,0.0,0.0,0.0,0.272,0.0,16.6,22.1,116489.0,0.0582445
2021-09-01,0.0,0.0,18.1,4.6,9.08,2977.8,1478.9,71.0,0.7,3.5,-0.7,0.423,0.77,0.0,0.0,0.0,0.0,0.0,0.0,0.0,0.0,0.0,0.271,0.0,14.7,22.4,121049.0,0.0605245
2021-09-02,0.0,0.0,19.1,3.6,8.928,2917.3,2388.0,66.1,1.2,4.4,-1.2,0.412,0.726,0.0,0.0,0.0,0.0,0.0,0.0,0.0,0.0,0.0,0.27,0.0,12.9,23.9,88914.0,0.044457
2021-09-03,0.0,0.0,21.7,1.5,10.383,3106.9,2050.2,65.5,0.9,3.6,-0.9,0.402,0.689,0.0,0.0,0.0,0.0,0.0,0.0,0.0,0.0,0.0,0.268,0.0,15.0,26.3,82207.0,0.0411035
2021-09-04,0.0,2.9,22.3,1.1,12.162,3260.6,894.8,73.0,0.4,2.1,2.5,0.403,0.622,0.0,0.0,0.0,0.0,0.0,0.0,0.0,0.0,0.0,0.267,0.0,18.8,26.4,104571.0,0.0522855
2021-09-05,0.0,0.3,22.6,0.9,11.938,3261.1,1484.7,71.2,1.7,2.8,-1.4,0.413,0.603,0.0,0.0,0.0,0.0,0.0,0.0,0.0,0.0,0.0,0.27,0.0,18.7,27.9,125244.0,0.062622
2021-09-06,0.0,0.0,23.3,2.2,10.36,3089.6,1643.7,59.8,1.3,3.7,-1.3,0.4,0.594,0.0,0.0,0.0,0.0,0.0,0.0,0.0,0.0,0.0,0.268,0.0,17.8,28.6,126142.0,0.063071
2021-09-07,0.0,0.0,23.3,2.7,8.915,3123.2,2091.6,51.9,1.4,4.6,-1.4,0.386,0.579,0.0,0.0,0.0,0.0,0.0,0.0,0.0,0.0,0.0,0.266,0.0,16.5,28.7,114051.0,0.0570255
2021-09-08,0.0,2.2,24.0,2.3,12.078,3170.5,1735.1,64.6,0.7,3.7,1.5,0.381,0.521,0.0,0.0,0.0,0.0,0.0,0.0,0.0,0.0,0.0,0.264,0.0,18.4,28.4,94016.0,0.047008
2021-09-09,0.0,1.6,22.3,2.5,12.976,3293.8,981.4,77.8,1.5,2.6,0.1,0.398,0.465,0.0,0.1,0.0,0.0,0.0,0.0,0.0,0.0,0.0,0.266,0.0,20.5,26.2,61308.0,0.030654
2021-09-10,0.0,1.6,20.6,2.3,11.935,3293.2,1389.7,79.2,1.3,2.7,0.3,0.394,0.414,0.0,0.0,0.0,0.0,0.0,0.0,0.0,0.0,0.0,0.266,0.0,19.4,23.4,76135.0,0.0380675
2021-09-11,0.0,0.0,18.4,2.1,9.366,3142.7,900.9,71.7,0.9,2.2,-0.9,0.391,0.378,0.0,0.0,0.0,0.0,0.0,0.0,0.0,0.0,0.0,0.267,0.0,15.7,21.3,111521.0,0.0557605
2021-09-12,0.0,0.1,18.1,1.0,8.581,3069.0,1422.4,67.1,1.1,2.3,-1.0,0.382,0.348,0.0,0.0,0.0,0.0,0.0,0.0,0.0,0.0,0.0,0.265,0.0,14.4,21.0,121897.0,0.0609485
2021-09-13,0.0,1.3,20.9,2.1,10.038,2879.6,1238.1,66.0,0.8,2.8,0.5,0.377,0.325,0.0,0.0,0.0,0.0,0.0,0.0,0.0,0.0,0.0,0.264,0.0,15.0,25.3,103807.0,0.0519035
2021-09-14,0.0,8.8,21.1,2.2,13.094,3200.0,1042.4,84.3,0.6,2.2,8.2,0.394,0.314,0.0,0.1,0.0,0.0,0.0,0.0,0.0,0.0,0.0,0.264,0.0,18.1,24.1,62629.0,0.0313145
2021-09-15,0.0,18.4,19.7,1.5,12.826,3467.9,343.6,89.3,1.0,1.1,17.4,0.59,0.393,0.3,1.9,0.0,0.0,0.0,0.0,0.0,0.0,0.0,0.275,0.0,19.5,21.5,62724.0,0.031362
2021-09-16,0.0,0.0,18.3,1.5,9.241,3114.3,956.1,71.9,2.1,2.1,-2.1,0.593,0.474,0.4,0.0,0.0,0.0,0.0,0.0,0.0,0.0,0.0,0.297,0.0,15.8,22.0,64333.0,0.0321665
2021-09-17,0.0,0.0,17.8,1.4,8.847,3058.5,1425.5,71.5,2.8,2.4,-2.8,0.564,0.557,0.2,0.0,0.0,0.0,0.0,0.0,0.0,0.0,0.0,0.294,0.0,13.2,22.3,103713.0,0.0518565
2021-09-18,0.0,0.0,19.7,1.6,9.815,3030.8,1172.8,69.4,1.9,2.4,-1.9,0.542,0.641,0.1,0.0,0.0,0.0,0.0,0.0,0.0,0.0,0.0,0.29,0.0,15.4,24.3,75332.0,0.037666
2021-09-19,0.0,25.4,18.1,2.9,9.84,2881.8,1102.7,76.5,1.9,2.4,23.5,0.568,0.731,0.1,0.6,0.0,0.0,0.0,0.0,0.0,0.0,0.0,0.287,0.0,15.5,22.0,75619.0,0.037809499999999996
2021-09-20,0.0,0.9,16.6,2.2,10.04,3239.4,539.8,85.7,1.1,1.3,-0.2,0.707,0.907,3.3,2.7,0.0,0.0,0.0,0.0,0.0,0.0,0.0,0.315,0.0,14.1,18.7,76248.0,0.038124
2021-09-21,0.0,0.0,15.0,2.8,7.663,2914.9,1044.0,73.3,2.4,2.2,-2.4,0.67,1.054,1.2,0.0,0.0,0.0,0.0,0.0,0.0,0.0,0.0,0.31,0.0,11.6,18.1,89676.0,0.044838
2021-09-22,0.0,0.0,15.7,1.6,7.381,2950.9,1762.0,68.4,3.8,2.5,-3.8,0.634,1.201,0.4,0.0,0.0,0.0,0.0,0.0,0.0,0.0,0.0,0.305,0.0,11.1,20.5,116590.0,0.058295
2021-09-23,0.0,0.0,16.7,1.5,8.263,3022.5,1666.2,71.6,3.1,2.4,-3.1,0.599,1.34,0.1,0.0,0.0,0.0,0.0,0.0,0.0,0.0,0.0,0.299,0.0,11.9,21.5,116962.0,0.058481
2021-09-24,0.0,0.0,17.2,1.1,9.575,3217.4,1386.0,79.0,2.5,2.0,-2.5,0.573,1.472,0.1,0.0,0.0,0.0,0.0,0.0,0.0,0.0,0.0,0.295,0.0,14.5,20.8,107308.0,0.053654
2021-09-25,0.0,0.0,18.1,1.1,9.971,3054.0,1204.9,78.2,1.6,2.0,-1.6,0.554,1.462,0.0,0.0,0.0,0.0,0.0,0.0,0.0,0.0,0.0,0.291,0.0,12.3,23.4,74875.0,0.0374375
2021-09-26,0.0,10.1,18.6,2.5,11.524,3324.5,530.2,86.8,1.0,1.5,9.1,0.587,1.474,0.0,0.5,0.0,0.0,0.0,0.0,0.0,0.0,0.0,0.289,0.0,16.5,21.7,72137.0,0.036068499999999996
2021-09-27,0.0,4.5,15.4,1.9,9.724,3300.0,350.8,89.3,1.4,1.0,3.1,0.65,1.551,0.2,0.8,0.0,0.0,0.0,0.0,0.0,0.0,0.0,0.3,0.0,14.6,16.6,70462.0,0.035231
2021-09-28,0.0,0.7,14.8,1.9,7.347,2880.3,831.7,71.9,1.5,1.7,-0.8,0.641,1.651,0.2,0.0,0.0,0.0,0.0,0.0,0.0,0.0,0.0,0.304,0.0,10.9,17.9,80971.0,0.0404855
2021-09-29,0.0,1.1,13.5,3.4,7.131,2675.8,1361.3,74.5,2.6,1.9,-1.5,0.626,1.715,0.2,0.1,0.0,0.0,0.0,0.0,0.0,0.0,0.0,0.302,0.0,13.1,14.1,88968.0,0.044484
2021-09-30,0.0,0.2,12.7,1.7,6.148,2867.3,1264.9,69.1,2.4,1.8,-2.2,0.609,1.65,0.1,0.1,0.0,0.0,0.0,0.0,0.0,0.0,0.0,0.3,0.0,6.7,17.0,111244.0,0.055622
2021-10-01,0.0,4.5,13.4,3.3,7.725,2989.5,460.7,80.8,0.6,1.4,3.9,0.609,1.586,0.1,0.2,0.0,0.0,0.0,0.0,0.0,0.0,0.0,0.296,0.0,9.8,17.3,80236.0,0.040118
2021-10-02,0.0,18.4,15.8,4.5,9.678,3021.4,536.4,87.1,0.7,1.5,17.7,0.664,1.558,0.1,1.0,0.0,0.0,0.0,0.0,0.0,0.0,0.0,0.301,0.0,13.2,17.2,71950.0,0.035975
2021-10-03,0.0,6.6,14.4,3.0,8.853,3027.0,389.2,86.5,1.0,1.0,5.6,0.788,1.627,4.3,2.9,0.0,0.0,0.0,0.0,0.0,0.0,0.0,0.322,0.0,14.3,14.6,33425.0,0.0167125
2021-10-04,0.0,0.0,14.2,2.7,7.875,2731.8,1194.4,78.7,1.9,1.8,-1.9,0.755,1.691,1.7,0.0,0.0,0.0,0.0,0.0,0.0,0.0,0.0,0.322,0.0,9.8,17.8,63586.0,0.031793
2021-10-05,0.0,7.4,13.7,4.9,7.778,2854.0,682.3,80.2,1.7,1.7,5.7,0.743,1.768,0.7,0.0,0.0,0.0,0.0,0.0,0.0,0.0,0.0,0.317,0.0,12.7,16.2,53872.0,0.026936
2021-10-06,0.0,0.2,13.2,3.5,6.912,2805.0,1083.0,74.2,2.1,2.0,-1.9,0.763,1.854,1.1,1.0,0.0,0.0,0.0,0.0,0.0,0.0,0.0,0.323,0.0,11.0,16.8,91174.0,0.045587
2021-10-07,0.0,0.0,13.0,1.4,7.153,2922.2,1101.9,78.0,2.0,1.5,-2.0,0.738,1.883,0.6,0.0,0.0,0.0,0.0,0.0,0.0,0.0,0.0,0.319,0.0,8.4,18.2,98404.0,0.049202
2021-10-08,0.0,0.0,14.0,2.6,7.528,2903.6,1369.2,76.7,2.5,1.9,-2.5,0.711,1.901,0.3,0.0,0.0,0.0,0.0,0.0,0.0,0.0,0.0,0.315,0.0,9.6,19.0,104290.0,0.052145
2021-10-09,0.0,0.0,13.6,2.3,7.439,2935.2,1475.1,77.8,2.8,1.8,-2.8,0.683,1.933,0.2,0.0,0.0,0.0,0.0,0.0,0.0,0.0,0.0,0.311,0.0,10.0,17.8,87895.0,0.0439475
2021-10-10,0.0,0.0,13.1,2.0,7.156,2958.7,1130.6,77.4,1.9,1.5,-1.9,0.661,1.967,0.1,0.0,0.0,0.0,0.0,0.0,0.0,0.0,0.0,0.307,0.0,8.5,17.5,95193.0,0.0475965
2021-10-11,0.0,0.0,13.2,2.5,7.13,2865.4,748.2,76.4,1.2,1.5,-1.2,0.646,1.996,0.1,0.0,0.0,0.0,0.0,0.0,0.0,0.0,0.0,0.304,0.0,12.1,16.4,96654.0,0.048327
2021-10-12,0.0,0.1,12.1,2.4,6.866,2772.2,484.0,78.8,0.4,1.2,-0.3,0.639,1.961,0.1,0.0,0.0,0.0,0.0,0.0,0.0,0.0,0.0,0.302,0.0,8.2,15.5,92080.0,0.04604
2021-10-13,0.0,0.0,10.8,1.1,5.836,2670.6,642.6,73.4,0.7,1.1,-0.7,0.633,1.784,0.1,0.0,0.0,0.0,0.0,0.0,0.0,0.0,0.0,0.302,0.0,8.1,14.4,93443.0,0.0467215
2021-10-14,0.0,0.0,10.4,1.0,5.652,2783.2,1293.1,73.5,1.7,1.2,-1.7,0.617,1.598,0.1,0.0,0.0,0.0,0.0,0.0,0.0,0.0,0.0,0.3,0.0,5.5,16.6,105885.0,0.052942499999999997
2021-10-15,0.0,0.0,12.6,0.9,7.153,2862.3,575.2,79.1,0.4,1.0,-0.4,0.61,1.427,0.1,0.0,0.0,0.0,0.0,0.0,0.0,0.0,0.0,0.298,0.0,8.1,17.1,88259.0,0.0441295
2021-10-16,0.0,0.0,12.6,1.4,6.514,2840.3,847.5,73.0,1.1,1.3,-1.1,0.6,1.238,0.1,0.0,0.0,0.0,0.0,0.0,0.0,0.0,0.0,0.297,0.0,9.4,17.5,94332.0,0.047166
2021-10-17,0.0,0.0,11.3,1.7,6.112,2764.5,823.5,74.5,0.9,1.3,-0.9,0.59,1.102,0.1,0.0,0.0,0.0,0.0,0.0,0.0,0.0,0.0,0.296,0.0,6.9,15.9,88057.0,0.0440285
2021-10-18,0.0,3.3,13.8,2.0,8.438,3146.0,819.2,84.6,0.6,1.1,2.7,0.59,1.018,0.1,0.1,0.0,0.0,0.0,0.0,0.0,0.0,0.0,0.294,0.0,8.0,17.2,75102.0,0.037551
2021-10-19,0.0,0.1,18.7,2.5,9.798,3019.0,960.9,73.7,1.4,1.8,-1.3,0.601,0.972,0.1,0.1,0.0,0.0,0.0,0.0,0.0,0.0,0.0,0.298,0.0,16.3,22.4,81699.0,0.0408495
2021-10-20,0.0,1.9,17.4,5.7,9.484,3025.6,384.7,76.5,0.9,2.0,1.0,0.603,0.931,0.1,0.1,0.0,0.0,0.0,0.0,0.0,0.0,0.0,0.296,0.0,16.3,19.0,43617.0,0.021808499999999998
2021-10-21,0.0,16.6,10.8,3.8,6.625,2955.8,262.0,82.1,1.3,1.2,15.3,0.704,0.941,0.2,1.6,0.0,0.0,0.0,0.0,0.0,0.0,0.0,0.297,0.0,9.5,12.8,61227.0,0.0306135
2021-10-22,0.0,0.0,9.4,2.2,5.767,2784.2,733.1,79.7,1.2,1.1,-1.2,0.725,0.966,0.3,0.0,0.0,0.0,0.0,0.0,0.0,0.0,0.0,0.316,0.0,4.9,13.7,74181.0,0.0370905
2021-10-23,0.0,0.0,11.0,1.5,6.149,2758.2,576.0,76.0,0.9,1.0,-0.9,0.714,0.984,0.2,0.0,0.0,0.0,0.0,0.0,0.0,0.0,0.0,0.314,0.0,9.7,14.7,93707.0,0.0468535
2021-10-24,0.0,1.5,9.3,1.9,5.701,2593.0,992.0,79.2,1.5,0.9,0.0,0.7,1.002,0.2,0.0,0.0,0.0,0.0,0.0,0.0,0.0,0.0,0.312,0.0,5.5,13.0,93465.0,0.0467325
2021-10-25,0.0,0.0,11.2,2.3,7.705,3047.3,207.5,92.7,0.1,0.6,-0.1,0.705,1.028,0.2,0.1,0.0,0.0,0.0,0.0,0.0,0.0,0.0,0.312,0.0,8.2,13.3,63086.0,0.031543
2021-10-26,0.0,0.0,12.3,2.5,7.776,2839.5,564.8,87.8,0.5,0.8,-0.5,0.699,1.063,0.2,0.0,0.0,0.0,0.0,0.0,0.0,0.0,0.0,0.311,0.0,8.7,14.9,64149.0,0.0320745
2021-10-27,0.0,0.1,12.1,1.9,7.637,2847.8,908.8,87.5,1.2,0.8,-1.1,0.689,1.101,0.2,0.0,0.0,0.0,0.0,0.0,0.0,0.0,0.0,0.31,0.0,9.5,14.8,83164.0,0.041582
2021-10-28,0.0,0.0,12.7,2.8,7.215,2802.2,1121.3,80.3,1.7,1.2,-1.7,0.672,1.129,0.1,0.0,0.0,0.0,0.0,0.0,0.0,0.0,0.0,0.309,0.0,8.2,16.5,81716.0,0.040858
2021-10-29,0.0,6.3,12.6,3.4,8.049,2998.5,265.0,88.9,0.1,0.8,6.2,0.68,1.154,0.1,0.3,0.0,0.0,0.0,0.0,0.0,0.0,0.0,0.306,0.0,11.3,13.9,40840.0,0.02042
2021-10-30,0.0,5.4,13.2,3.1,8.999,3142.4,170.7,95.7,0.3,0.6,5.1,0.752,1.231,0.4,1.0,0.0,0.0,0.0,0.0,0.0,0.0,0.0,0.314,0.0,12.8,14.7,27813.0,0.0139065
2021-10-31,0.0,3.2,12.8,4.1,8.286,3057.9,250.9,89.8,0.6,0.9,2.6,0.774,1.271,0.7,0.4,0.0,0.0,0.0,0.0,0.0,0.0,0.0,0.319,0.0,10.9,17.3,43207.0,0.0216035
2021-11-01,0.0,4.2,10.6,3.5,6.453,2690.1,374.5,82.2,0.5,1.2,3.7,0.775,1.287,0.7,0.2,0.0,0.0,0.0,0.0,0.0,0.0,0.0,0.321,0.0,9.3,14.1,58620.0,0.02931
2021-11-02,0.0,4.4,10.1,2.4,6.498,2787.6,298.4,85.3,0.3,0.8,4.1,0.795,1.31,1.0,0.4,0.0,0.0,0.0,0.0,0.0,0.0,0.0,0.325,0.0,9.0,12.2,51292.0,0.025646
2021-11-03,0.0,1.4,9.2,2.7,6.078,2706.0,409.4,84.8,0.6,0.8,0.8,0.812,1.353,1.4,0.7,0.0,0.0,0.0,0.0,0.0,0.0,0.0,0.328,0.0,7.9,12.0,45088.0,0.022544
2021-11-04,0.0,4.4,8.6,3.0,5.998,2802.4,167.5,87.0,0.2,0.8,4.2,0.832,1.409,1.8,0.8,0.0,0.0,0.0,0.0,0.0,0.0,0.0,0.327,0.0,6.2,10.7,56037.0,0.028018500000000002
2021-11-05,0.0,0.0,9.3,2.0,5.719,2633.5,588.2,79.3,0.8,0.7,-0.8,0.816,1.461,1.3,0.0,0.0,0.0,0.0,0.0,0.0,0.0,0.0,0.329,0.0,8.1,11.6,58871.0,0.0294355
2021-11-06,0.0,0.1,8.0,1.8,5.226,2579.7,674.7,79.3,0.8,0.7,-0.7,0.799,1.492,0.8,0.0,0.0,0.0,0.0,0.0,0.0,0.0,0.0,0.327,0.0,3.3,11.7,73429.0,0.0367145
2021-11-07,0.0,0.1,10.2,2.8,6.496,2782.4,148.0,84.3,0.0,0.8,0.1,0.793,1.527,0.6,0.0,0.0,0.0,0.0,0.0,0.0,0.0,0.0,0.325,0.0,8.4,13.0,45485.0,0.0227425
2021-11-08,0.0,0.0,8.7,1.1,5.507,2749.6,383.2,79.8,0.4,0.7,-0.4,0.786,1.547,0.5,0.0,0.0,0.0,0.0,0.0,0.0,0.0,0.0,0.324,0.0,6.3,12.9,64336.0,0.032168
2021-11-09,0.0,0.0,7.2,1.0,5.087,2722.9,899.6,81.7,1.6,0.4,-1.6,0.77,1.514,0.4,0.0,0.0,0.0,0.0,0.0,0.0,0.0,0.0,0.323,0.0,4.0,12.5,70809.0,0.0354045
2021-11-10,0.0,0.0,5.7,0.9,4.919,2728.3,775.0,87.1,1.2,0.3,-1.2,0.754,1.436,0.3,0.0,0.0,0.0,0.0,0.0,0.0,0.0,0.0,0.32,0.0,2.6,10.9,47037.0,0.0235185
2021-11-11,0.0,0.0,5.3,1.4,5.046,2731.6,844.7,91.0,1.0,0.3,-1.0,0.74,1.365,0.3,0.0,0.0,0.0,0.0,0.0,0.0,0.0,0.0,0.318,0.0,1.7,10.2,57274.0,0.028637
2021-11-12,0.0,0.1,7.8,2.3,5.994,2834.6,557.0,90.1,0.4,0.4,-0.3,0.731,1.294,0.2,0.0,0.0,0.0,0.0,0.0,0.0,0.0,0.0,0.316,0.0,2.7,11.5,50528.0,0.025264
2021-11-13,0.0,0.9,11.7,2.8,7.701,2986.3,78.8,90.4,-0.1,0.6,1.0,0.733,1.2,0.2,0.0,0.0,0.0,0.0,0.0,0.0,0.0,0.0,0.315,0.0,11.3,12.9,29504.0,0.014752
2021-11-14,0.0,0.1,10.7,3.1,7.333,2931.2,176.9,91.8,0.1,0.6,0.0,0.737,1.1,0.2,0.1,0.0,0.0,0.0,0.0,0.0,0.0,0.0,0.316,0.0,10.3,12.0,29176.0,0.014588
2021-11-15,0.0,0.0,7.3,2.6,5.808,2948.2,199.1,91.9,0.4,0.5,-0.4,0.732,0.998,0.2,0.0,0.0,0.0,0.0,0.0,0.0,0.0,0.0,0.316,0.0,6.3,7.7,18648.0,0.009324
2021-11-16,0.0,0.5,7.9,1.7,5.662,2945.4,147.8,85.8,0.2,0.6,0.3,0.728,0.917,0.2,0.0,0.0,0.0,0.0,0.0,0.0,0.0,0.0,0.315,0.0,7.0,9.2,25216.0,0.012608
2021-11-17,0.0,0.0,10.3,1.5,7.004,2981.7,209.6,90.0,0.2,0.5,-0.2,0.728,0.854,0.2,0.0,0.0,0.0,0.0,0.0,0.0,0.0,0.0,0.315,0.0,8.3,12.6,27614.0,0.013807
2021-11-18,0.0,0.0,8.0,1.3,5.908,2867.9,702.4,89.1,0.9,0.3,-0.9,0.719,0.787,0.2,0.0,0.0,0.0,0.0,0.0,0.0,0.0,0.0,0.315,0.0,4.8,11.9,53430.0,0.026715
2021-11-19,0.0,0.0,9.6,1.2,6.431,2959.2,158.3,87.2,0.0,0.5,0.0,0.715,0.729,0.2,0.0,0.0,0.0,0.0,0.0,0.0,0.0,0.0,0.313,0.0,7.3,11.3,62101.0,0.031050499999999998
2021-11-20,0.0,0.0,7.6,1.7,6.074,3050.6,105.4,93.7,0.2,0.4,-0.2,0.711,0.688,0.2,0.0,0.0,0.0,0.0,0.0,0.0,0.0,0.0,0.313,0.0,7.0,7.9,47202.0,0.023601
2021-11-21,0.0,1.4,7.3,2.5,5.862,2935.2,113.6,92.6,0.3,0.5,1.1,0.718,0.662,0.2,0.1,0.0,0.0,0.0,0.0,0.0,0.0,0.0,0.312,0.0,6.6,8.4,22141.0,0.0110705
2021-11-22,0.0,0.0,5.7,5.0,4.48,2408.2,604.7,78.9,1.0,0.8,-1.0,0.71,0.641,0.2,0.0,0.0,0.0,0.0,0.0,0.0,0.0,0.0,0.313,0.0,4.8,8.0,37194.0,0.018597
2021-11-23,0.0,0.1,5.3,4.1,3.952,2263.6,798.6,72.0,1.0,1.0,-0.9,0.699,0.613,0.2,0.0,0.0,0.0,0.0,0.0,0.0,0.0,0.0,0.311,0.001,1.9,8.7,53213.0,0.0266065
2021-11-24,0.0,0.0,5.1,2.2,4.561,2694.0,599.9,84.2,0.6,0.3,-0.6,0.692,0.575,0.2,0.0,0.0,0.0,0.0,0.0,0.0,0.0,0.0,0.31,0.0,3.4,6.0,29112.0,0.014556
2021-11-25,0.0,0.3,5.7,2.7,4.678,2443.0,153.4,82.1,-0.1,0.7,0.4,0.689,0.536,0.1,0.0,0.0,0.0,0.0,0.0,0.0,0.0,0.0,0.309,0.0,3.7,7.3,20193.0,0.0100965
2021-11-26,0.0,1.3,5.9,3.8,4.881,2556.3,247.9,85.1,0.1,0.7,1.2,0.695,0.495,0.1,0.1,0.0,0.0,0.0,0.0,0.0,0.0,0.0,0.309,0.0,4.4,6.9,28684.0,0.014342
2021-11-27,0.0,4.5,4.1,4.1,4.497,2542.2,96.3,88.6,0.1,0.5,4.4,0.715,0.463,0.2,0.1,0.0,0.0,0.0,0.0,0.0,0.0,0.0,0.311,0.0,3.0,5.3,29932.0,0.014966
2021-11-28,0.0,0.2,4.6,5.4,4.364,2536.2,68.8,83.1,0.2,0.8,0.0,0.736,0.448,0.2,0.3,0.0,0.0,0.0,0.0,0.0,0.0,0.0,0.316,0.0,3.5,5.2,31019.0,0.015509499999999999
2021-11-29,0.0,0.2,3.6,2.8,4.017,2379.4,447.4,81.9,0.3,0.4,-0.1,0.732,0.437,0.2,0.0,0.0,0.0,0.0,0.0,0.0,0.0,0.0,0.315,0.0,1.6,5.9,37246.0,0.018623
2021-11-30,0.0,2.3,7.3,4.7,5.476,2740.8,90.6,86.0,-0.1,0.8,2.4,0.735,0.437,0.2,0.0,0.0,0.0,0.0,0.0,0.0,0.0,0.0,0.315,0.0,3.4,9.3,45257.0,0.0226285
2021-12-01,0.0,1.7,8.9,4.6,5.988,2723.6,198.7,84.7,0.2,0.7,1.5,0.76,0.452,0.3,0.4,0.0,0.0,0.0,0.0,0.0,0.0,0.0,0.318,0.0,8.0,10.9,23343.0,0.0116715
2021-12-02,0.1,0.7,5.0,4.1,4.154,2493.1,351.1,77.1,0.7,0.8,0.1,0.757,0.46,0.3,0.0,0.0,0.0,0.0,0.0,0.0,0.0,0.1,0.32,0.0,4.4,5.7,38459.0,0.0192295
2021-12-03,0.0,13.2,4.7,3.4,4.972,2788.4,77.5,92.4,0.0,0.6,13.2,0.805,0.503,0.5,1.4,0.0,0.0,0.0,0.0,0.0,0.0,0.0,0.319,0.0,3.1,11.9,32663.0,0.0163315
2021-12-04,0.0,3.9,8.5,4.0,6.221,2849.3,92.5,88.7,0.3,0.6,3.6,0.868,0.591,2.8,1.2,0.0,0.0,0.0,0.0,0.0,0.0,0.0,0.334,0.0,5.7,11.4,20781.0,0.0103905
2021-12-05,0.0,5.2,5.4,4.4,4.912,2811.9,95.1,88.2,0.4,0.6,4.8,0.874,0.694,2.3,0.8,0.0,0.0,0.0,0.0,0.0,0.0,0.0,0.334,0.0,4.3,6.2,33474.0,0.016737
2021-12-06,0.0,1.8,6.6,3.4,5.237,2706.5,161.2,86.9,0.1,0.6,1.7,0.877,0.802,2.1,0.3,0.0,0.0,0.0,0.0,0.0,0.0,0.0,0.336,0.0,5.8,7.7,31291.0,0.0156455
2021-12-07,0.0,1.9,6.2,5.2,5.22,2750.9,78.7,89.1,0.4,0.7,1.5,0.869,0.889,1.5,0.3,0.0,0.0,0.0,0.0,0.0,0.0,0.0,0.335,0.0,4.4,7.5,21368.0,0.010684
2021-12-08,0.0,0.0,5.7,3.0,4.485,2241.1,539.1,79.2,0.4,0.6,-0.4,0.859,0.957,1.1,0.0,0.0,0.0,0.0,0.0,0.0,0.0,0.0,0.335,0.0,4.4,7.8,24286.0,0.012143
2021-12-09,0.0,14.6,5.4,4.1,4.553,2452.9,325.8,82.2,0.1,0.6,14.5,0.878,1.036,0.9,1.1,0.0,0.0,0.0,0.0,0.0,0.0,0.0,0.333,0.001,3.8,8.2,30544.0,0.015271999999999999
2021-12-10,0.0,1.0,7.2,5.2,4.87,2454.1,163.4,77.5,0.2,1.0,0.8,0.934,1.148,4.5,1.6,0.0,0.0,0.0,0.0,0.0,0.0,0.0,0.347,0.0,5.1,8.2,19009.0,0.009504499999999999
2021-12-11,0.0,1.0,6.1,2.5,4.812,2487.9,146.0,82.4,-0.1,0.6,1.1,0.913,1.219,1.9,0.0,0.0,0.0,0.0,0.0,0.0,0.0,0.0,0.342,0.001,3.8,8.2,35416.0,0.017708
2021-12-12,0.0,0.4,9.6,2.1,7.085,3116.3,117.7,95.4,-0.1,0.4,0.5,0.908,1.314,1.5,0.2,0.0,0.0,0.0,0.0,0.0,0.0,0.0,0.342,0.0,6.9,10.8,32524.0,0.016262
2021-12-13,0.0,0.0,8.2,2.3,6.354,2965.8,91.2,94.2,0.2,0.4,-0.2,0.896,1.382,1.2,0.0,0.0,0.0,0.0,0.0,0.0,0.0,0.0,0.34,0.0,7.6,9.2,42999.0,0.0214995
2021-12-14,0.0,0.0,7.3,1.3,5.896,3006.9,174.7,93.3,0.2,0.3,-0.2,0.884,1.362,0.9,0.0,0.0,0.0,0.0,0.0,0.0,0.0,0.0,0.339,0.0,5.8,8.2,44022.0,0.022011
2021-12-15,0.0,0.0,8.3,1.0,5.985,3041.4,99.5,88.4,0.2,0.4,-0.2,0.875,1.311,0.8,0.0,0.0,0.0,0.0,0.0,0.0,0.0,0.0,0.337,0.0,7.6,9.3,38577.0,0.0192885
2021-12-16,0.0,0.0,9.5,1.7,6.174,2864.0,509.9,84.0,0.7,0.3,-0.7,0.863,1.251,0.7,0.0,0.0,0.0,0.0,0.0,0.0,0.0,0.0,0.336,0.0,7.8,11.2,41115.0,0.0205575
2021-12-17,0.0,0.0,7.6,2.9,5.727,2872.9,129.6,88.5,0.2,0.5,-0.2,0.854,1.2,0.6,0.0,0.0,0.0,0.0,0.0,0.0,0.0,0.0,0.334,0.0,6.9,9.5,50508.0,0.025254
2021-12-18,0.0,0.0,6.5,2.9,5.122,2770.9,536.6,85.5,0.9,0.4,-0.9,0.842,1.15,0.5,0.0,0.0,0.0,0.0,0.0,0.0,0.0,0.0,0.333,0.0,5.2,8.3,55392.0,0.027696000000000002
2021-12-19,0.0,0.0,5.4,3.3,5.228,2939.9,105.3,93.8,0.4,0.4,-0.4,0.833,1.078,0.4,0.0,0.0,0.0,0.0,0.0,0.0,0.0,0.0,0.331,0.0,5.1,5.8,40193.0,0.0200965
2021-12-20,0.0,0.0,5.5,3.0,4.478,2739.7,105.9,79.9,0.4,0.7,-0.4,0.825,0.948,0.4,0.0,0.0,0.0,0.0,0.0,0.0,0.0,0.0,0.33,0.0,5.2,6.0,36854.0,0.018427
2021-12-21,0.0,0.0,2.4,2.1,3.693,2268.9,644.2,82.1,0.7,0.3,-0.7,0.816,0.833,0.4,0.0,0.0,0.0,0.0,0.0,0.0,0.0,0.0,0.328,0.0,2.0,4.3,47456.0,0.023728
2021-12-22,0.0,0.0,-0.2,2.7,3.264,2646.4,137.0,87.9,0.5,0.4,-0.5,0.807,0.722,0.3,0.0,0.0,0.0,0.0,0.0,0.0,0.0,0.0,0.327,0.0,-0.8,0.5,41770.0,0.020885
2021-12-23,0.0,0.0,5.2,2.4,4.83,2913.7,168.5,86.4,0.1,0.5,-0.1,0.802,0.625,0.3,0.0,0.0,0.0,0.0,0.0,0.0,0.0,0.0,0.326,0.0,-0.8,8.9,36758.0,0.018379
2021-12-24,0.0,7.4,9.4,1.8,6.967,3160.5,40.8,95.4,0.0,0.5,7.4,0.825,0.544,0.3,0.6,0.0,0.0,0.0,0.0,0.0,0.0,0.0,0.325,0.0,8.7,10.1,20169.0,0.0100845
2021-12-25,0.0,1.4,9.8,1.1,7.362,3189.4,93.5,97.9,0.1,0.3,1.3,0.86,0.494,0.6,0.3,0.0,0.0,0.0,0.0,0.0,0.0,0.0,0.334,0.0,9.2,10.5,26903.0,0.0134515
2021-12-26,0.0,5.1,9.9,2.2,7.339,3207.8,69.3,97.0,0.2,0.4,4.9,0.884,0.471,0.8,0.6,0.0,0.0,0.0,0.0,0.0,0.0,0.0,0.335,0.0,8.9,10.7,26336.0,0.013168000000000001
2021-12-27,0.0,11.2,10.6,3.6,7.529,3187.9,88.4,94.8,0.3,0.5,10.9,0.936,0.479,2.1,1.8,0.0,0.0,0.0,0.0,0.0,0.0,0.0,0.339,0.0,10.2,12.5,19558.0,0.009779
2021-12-28,0.0,1.5,12.2,5.4,6.644,2648.9,280.0,75.7,0.6,1.2,0.9,0.943,0.509,3.0,0.4,0.0,0.0,0.0,0.0,0.0,0.0,0.0,0.348,0.0,10.4,13.3,14912.0,0.007456
2021-12-29,0.0,5.1,13.2,3.9,8.837,3240.5,72.9,93.1,-0.2,0.8,5.3,0.959,0.56,2.6,1.0,0.0,0.0,0.0,0.0,0.0,0.0,0.0,0.346,0.0,9.7,15.3,18744.0,0.009372
2021-12-30,0.0,0.0,14.1,3.4,8.93,3132.6,143.8,89.5,0.1,0.6,-0.1,0.945,0.615,2.0,0.0,0.0,0.0,0.0,0.0,0.0,0.0,0.0,0.348,0.0,14.3,14.8,41098.0,0.020549
2021-12-31,0.0,0.0,12.3,1.8,7.89,2973.6,568.3,89.1,0.8,0.3,-0.8,0.926,0.662,1.3,0.0,0.0,0.0,0.0,0.0,0.0,0.0,0.0,0.345,0.0,9.5,15.1,53645.0,0.0268225
2022-01-01,0.0,0.0,11.2,2.5,7.113,2869.6,412.9,86.5,0.5,0.4,-0.5,0.91,0.768,0.9,0.0,0.0,0.0,0.0,0.0,0.0,0.0,0.0,0.343,0.0,9.2,13.1,55286.0,0.027643
2022-01-02,0.0,0.0,12.7,4.7,7.082,2689.7,147.5,77.7,-0.1,1.2,0.1,0.901,0.81,0.8,0.0,0.0,0.0,0.0,0.0,0.0,0.0,0.0,0.341,0.0,10.4,13.8,31274.0,0.015637
2022-01-03,0.0,27.1,11.9,4.4,7.433,2721.3,71.5,86.0,-0.2,0.8,27.3,0.948,0.876,1.0,2.2,0.0,0.0,0.0,0.0,0.0,0.0,0.0,0.34,0.0,11.3,12.6,35848.0,0.017924
2022-01-04,0.0,1.6,8.5,3.1,6.174,2830.9,88.5,88.8,0.3,0.7,1.3,1.039,0.994,8.9,3.5,0.0,0.0,0.0,0.0,0.0,0.0,0.0,0.365,0.0,8.2,9.3,23074.0,0.011537
2022-01-05,0.0,0.0,4.9,2.9,4.121,2203.2,666.7,76.9,0.8,0.6,-0.8,1.001,1.068,2.4,0.0,0.0,0.0,0.0,0.0,0.0,0.0,0.0,0.357,0.0,3.3,6.7,51214.0,0.025607
2022-01-06,0.0,0.6,4.1,2.4,4.088,2435.9,351.7,80.9,0.3,0.4,0.3,0.982,1.104,1.5,0.0,0.0,0.0,0.0,0.0,0.0,0.0,0.0,0.353,0.0,1.4,6.0,58994.0,0.029497
2022-01-07,0.0,4.5,6.1,4.4,4.784,2592.3,247.1,82.0,0.3,0.7,4.2,0.999,1.149,1.8,0.8,0.0,0.0,0.0,0.0,0.0,0.0,0.0,0.351,0.0,4.1,7.8,42077.0,0.021038499999999998
2022-01-08,0.0,11.3,7.0,4.0,5.555,2868.9,89.6,89.0,0.3,0.7,11.0,1.031,1.214,2.9,1.6,0.0,0.0,0.0,0.0,0.0,0.0,0.0,0.354,0.0,4.9,8.9,29294.0,0.014647
2022-01-09,0.0,8.2,5.4,2.5,5.056,2908.2,127.1,90.8,0.5,0.5,7.7,1.064,1.313,5.0,1.9,0.0,0.0,0.0,0.0,0.0,0.0,0.0,0.361,0.0,5.0,5.7,21849.0,0.0109245
2022-01-10,0.0,0.0,3.9,1.5,4.819,2893.7,143.5,96.3,0.5,0.3,-0.5,1.04,1.411,3.1,0.1,0.0,0.0,0.0,0.0,0.0,0.0,0.0,0.363,0.0,3.3,4.5,26174.0,0.013087
2022-01-11,0.0,0.0,2.0,1.9,4.068,2771.6,150.6,93.1,0.6,0.3,-0.6,1.014,1.521,1.9,0.0,0.0,0.0,0.0,0.0,0.0,0.0,0.0,0.359,0.0,1.8,2.7,60992.0,0.030496
2022-01-12,0.0,0.0,3.0,1.2,4.337,2848.4,161.8,92.4,0.3,0.3,-0.3,0.994,1.627,1.5,0.0,0.0,0.0,0.0,0.0,0.0,0.0,0.0,0.355,0.0,0.4,5.1,62211.0,0.0311055
2022-01-13,0.0,0.0,2.8,2.2,4.365,2832.6,374.6,94.6,0.7,0.2,-0.7,0.976,1.684,1.3,0.0,0.0,0.0,0.0,0.0,0.0,0.0,0.0,0.353,0.0,2.2,3.2,63797.0,0.0318985
2022-01-14,0.0,0.0,3.4,1.3,4.004,2528.9,737.7,83.2,0.9,0.3,-0.9,0.956,1.639,1.1,0.0,0.0,0.0,0.0,0.0,0.0,0.0,0.0,0.35,0.0,0.8,7.1,68500.0,0.03425
2022-01-15,0.0,0.0,3.1,1.1,4.06,2539.5,716.0,86.1,1.0,0.2,-1.0,0.939,1.62,0.9,0.0,0.0,0.0,0.0,0.0,0.0,0.0,0.0,0.347,0.0,0.7,7.1,67073.0,0.0335365
2022-01-16,0.0,0.5,2.8,2.2,4.409,2851.6,242.9,94.0,0.3,0.3,0.2,0.926,1.604,0.8,0.0,0.0,0.0,0.0,0.0,0.0,0.0,0.0,0.345,0.0,-0.6,6.0,55052.0,0.027526000000000002
2022-01-17,0.0,0.0,5.9,0.8,5.387,2779.1,211.7,93.6,0.1,0.3,-0.1,0.92,1.59,0.8,0.0,0.0,0.0,0.0,0.0,0.0,0.0,0.0,0.344,0.0,5.2,7.6,44779.0,0.0223895
2022-01-18,0.0,0.0,5.8,2.4,4.834,2623.0,678.7,84.8,0.8,0.4,-0.8,0.907,1.493,0.7,0.0,0.0,0.0,0.0,0.0,0.0,0.0,0.0,0.342,0.0,2.3,9.5,45417.0,0.0227085
2022-01-19,0.0,1.6,6.1,2.1,5.129,2757.0,147.2,87.9,0.0,0.5,1.6,0.904,1.354,0.6,0.2,0.0,0.0,0.0,0.0,0.0,0.0,0.0,0.34,0.0,5.2,6.7,24015.0,0.0120075
2022-01-20,0.0,0.0,5.3,3.5,4.584,2596.8,425.6,82.9,0.7,0.5,-0.7,0.902,1.232,0.6,0.0,0.0,0.0,0.0,0.0,0.0,0.0,0.0,0.341,0.0,3.8,7.5,43567.0,0.0217835
2022-01-21,0.0,0.0,4.3,2.3,4.163,2686.5,172.7,81.1,0.2,0.6,-0.2,0.892,1.119,0.6,0.0,0.0,0.0,0.0,0.0,0.0,0.0,0.0,0.34,0.0,2.9,5.3,68959.0,0.0344795
2022-01-22,0.0,0.0,5.5,2.1,4.329,2771.7,123.1,77.5,0.1,0.7,-0.1,0.886,1.023,0.6,0.0,0.0,0.0,0.0,0.0,0.0,0.0,0.0,0.338,0.0,4.4,6.2,61491.0,0.0307455
2022-01-23,0.0,0.0,4.3,2.4,4.352,2726.7,148.4,84.4,0.3,0.6,-0.3,0.878,0.926,0.5,0.0,0.0,0.0,0.0,0.0,0.0,0.0,0.0,0.337,0.0,4.1,5.1,62958.0,0.031479
2022-01-24,0.0,0.0,3.6,1.8,4.063,2544.9,814.7,83.4,1.1,0.4,-1.1,0.865,0.843,0.5,0.0,0.0,0.0,0.0,0.0,0.0,0.0,0.0,0.336,0.0,1.3,6.8,77094.0,0.038547
2022-01-25,0.0,0.0,0.7,1.2,3.894,2827.2,387.1,97.7,0.3,0.2,-0.3,0.855,0.775,0.5,0.0,0.0,0.0,0.0,0.0,0.0,0.0,0.0,0.334,0.0,0.0,1.6,67143.0,0.033571500000000004
2022-01-26,0.0,0.0,2.7,1.3,4.031,2774.4,164.7,87.7,0.2,0.4,-0.2,0.848,0.696,0.4,0.0,0.0,0.0,0.0,0.0,0.0,0.0,0.0,0.333,0.0,0.4,3.7,60880.0,0.03044
2022-01-27,0.0,0.1,5.6,2.6,4.942,2847.9,258.2,87.2,0.2,0.5,-0.1,0.842,0.606,0.4,0.0,0.0,0.0,0.0,0.0,0.0,0.0,0.0,0.332,0.0,3.2,7.9,56207.0,0.0281035
2022-01-28,0.0,0.0,7.2,2.1,5.622,2779.1,247.1,89.3,0.1,0.5,-0.1,0.837,0.534,0.4,0.0,0.0,0.0,0.0,0.0,0.0,0.0,0.0,0.331,0.0,6.7,7.6,48136.0,0.024068
2022-01-29,0.0,0.0,9.2,3.4,6.608,2945.0,180.9,91.2,0.0,0.6,0.0,0.833,0.471,0.4,0.0,0.0,0.0,0.0,0.0,0.0,0.0,0.0,0.331,0.0,7.0,10.8,42588.0,0.021294
2022-01-30,0.0,0.0,8.7,1.8,4.849,2706.6,402.6,69.5,0.5,0.8,-0.5,0.826,0.396,0.4,0.0,0.0,0.0,0.0,0.0,0.0,0.0,0.0,0.33,0.0,8.2,9.6,51917.0,0.0259585
2022-01-31,0.0,0.5,6.7,5.1,4.236,2377.6,208.9,69.2,0.4,1.4,0.1,0.82,0.321,0.3,0.0,0.0,0.0,0.0,0.0,0.0,0.0,0.0,0.329,0.0,6.1,8.2,45373.0,0.0226865
2022-02-01,0.0,0.7,8.1,4.3,5.99,2927.2,152.3,88.3,0.0,0.8,0.7,0.825,0.252,0.3,0.1,0.0,0.0,0.0,0.0,0.0,0.0,0.0,0.328,0.0,2.8,11.0,43913.0,0.0219565
2022-02-02,0.0,0.0,10.4,3.1,6.327,2679.3,221.4,81.0,0.0,1.0,0.0,0.822,0.184,0.3,0.0,0.0,0.0,0.0,0.0,0.0,0.0,0.0,0.329,0.0,10.2,10.8,42663.0,0.0213315
2022-02-03,0.0,0.0,8.2,2.9,5.301,2577.9,117.8,78.7,-0.1,0.9,0.1,0.819,0.135,0.3,0.0,0.0,0.0,0.0,0.0,0.0,0.0,0.0,0.328,0.0,7.8,8.7,41417.0,0.0207085
2022-02-04,0.0,0.7,7.8,3.6,5.433,2639.7,224.4,82.4,0.2,0.8,0.5,0.821,0.102,0.3,0.1,0.0,0.0,0.0,0.0,0.0,0.0,0.0,0.328,0.0,6.9,10.3,38161.0,0.0190805
2022-02-05,0.0,0.0,7.1,3.5,4.686,2253.1,522.9,75.0,0.1,1.0,-0.1,0.818,0.079,0.3,0.0,0.0,0.0,0.0,0.0,0.0,0.0,0.0,0.328,0.0,3.8,10.0,83330.0,0.041665
2022-02-06,0.0,5.0,9.5,6.0,6.026,2808.8,122.8,81.7,0.4,1.3,4.6,0.841,0.081,0.3,0.5,0.0,0.0,0.0,0.0,0.0,0.0,0.0,0.328,0.0,7.8,10.7,42944.0,0.021471999999999998
2022-02-07,0.0,0.0,8.2,2.8,4.5,2347.7,896.2,66.9,1.0,1.1,-1.0,0.845,0.089,0.4,0.0,0.0,0.0,0.0,0.0,0.0,0.0,0.0,0.333,0.0,6.2,10.2,73947.0,0.0369735
2022-02-08,0.0,0.0,9.0,2.5,5.97,2664.3,227.4,83.9,-0.1,0.7,0.1,0.839,0.095,0.3,0.0,0.0,0.0,0.0,0.0,0.0,0.0,0.0,0.331,0.0,7.3,10.8,87874.0,0.043937000000000004
2022-02-09,0.0,0.0,7.8,1.7,5.214,2698.6,1003.5,80.4,1.3,0.7,-1.3,0.827,0.095,0.3,0.0,0.0,0.0,0.0,0.0,0.0,0.0,0.0,0.331,0.0,3.5,11.2,89184.0,0.044592
2022-02-10,0.0,1.9,7.4,3.5,5.364,2808.7,253.9,84.4,0.4,0.9,1.5,0.827,0.093,0.3,0.2,0.0,0.0,0.0,0.0,0.0,0.0,0.0,0.329,0.0,6.7,9.8,70539.0,0.0352695
2022-02-11,0.0,0.0,5.3,2.0,4.278,2419.6,635.9,78.2,0.7,0.7,-0.7,0.825,0.09,0.3,0.0,0.0,0.0,0.0,0.0,0.0,0.0,0.0,0.33,0.0,3.4,7.9,81059.0,0.0405295
2022-02-12,0.0,0.0,4.7,2.3,3.487,2208.2,966.9,67.0,1.2,1.0,-1.2,0.811,0.088,0.3,0.0,0.0,0.0,0.0,0.0,0.0,0.0,0.0,0.328,0.0,1.6,7.8,87209.0,0.0436045
2022-02-13,0.0,0.4,8.3,4.0,4.821,2366.4,723.5,70.2,0.4,1.4,0.0,0.803,0.076,0.3,0.0,0.0,0.0,0.0,0.0,0.0,0.0,0.0,0.324,0.002,1.1,13.3,76709.0,0.0383545
2022-02-14,0.0,2.2,9.4,3.9,5.64,2668.8,519.9,77.7,0.5,1.3,1.7,0.805,0.064,0.3,0.1,0.0,0.0,0.0,0.0,0.0,0.0,0.0,0.326,0.0,8.3,11.3,39179.0,0.0195895
2022-02-15,0.0,4.3,8.7,4.3,5.708,2586.9,544.9,81.9,0.4,1.2,3.9,0.815,0.066,0.3,0.1,0.0,0.0,0.0,0.0,0.0,0.0,0.0,0.327,0.0,5.8,11.2,58644.0,0.029322
2022-02-16,0.0,0.5,13.0,5.3,8.263,2979.6,117.6,88.5,-0.2,0.9,0.7,0.848,0.069,0.3,0.5,0.0,0.0,0.0,0.0,0.0,0.0,0.0,0.332,0.0,9.5,14.4,27904.0,0.013952
2022-02-17,0.0,0.3,12.6,4.7,5.717,2479.1,460.8,63.4,0.4,1.8,-0.1,0.843,0.071,0.4,0.0,0.0,0.0,0.0,0.0,0.0,0.0,0.0,0.332,0.0,11.6,13.3,58062.0,0.029031
2022-02-18,0.0,3.5,10.5,5.5,6.32,2772.1,370.4,79.1,0.9,1.4,2.6,0.859,0.095,0.4,0.4,0.0,0.0,0.0,0.0,0.0,0.0,0.0,0.332,0.0,9.7,12.0,65816.0,0.032908
2022-02-19,0.0,0.0,8.0,5.1,4.438,2234.8,899.4,67.0,1.1,1.7,-1.1,0.849,0.128,0.4,0.0,0.0,0.0,0.0,0.0,0.0,0.0,0.0,0.334,0.0,4.4,9.8,82954.0,0.041477
2022-02-20,0.0,4.2,11.3,5.2,6.214,2569.7,379.7,75.0,0.4,1.6,3.8,0.853,0.167,0.4,0.1,0.0,0.0,0.0,0.0,0.0,0.0,0.0,0.332,0.0,9.1,13.4,58851.0,0.0294255
2022-02-21,0.0,0.0,8.9,6.9,5.088,2606.4,303.5,72.1,0.8,1.6,-0.8,0.865,0.222,0.5,0.4,0.0,0.0,0.0,0.0,0.0,0.0,0.0,0.336,0.0,6.4,10.2,64720.0,0.03236
2022-02-22,0.0,0.2,9.7,3.3,6.308,2843.6,305.9,83.9,0.2,0.9,0.0,0.858,0.288,0.4,0.0,0.0,0.0,0.0,0.0,0.0,0.0,0.0,0.334,0.0,6.5,12.3,72084.0,0.036042
2022-02-23,0.0,0.0,9.6,1.5,5.575,2713.0,518.5,76.1,0.6,0.9,-0.6,0.849,0.357,0.4,0.0,0.0,0.0,0.0,0.0,0.0,0.0,0.0,0.333,0.0,5.5,11.4,93700.0,0.04685
2022-02-24,0.0,2.3,8.8,4.3,4.95,2505.9,471.4,70.2,0.9,1.5,1.4,0.855,0.43,0.4,0.3,0.0,0.0,0.0,0.0,0.0,0.0,0.0,0.332,0.0,7.6,11.9,61590.0,0.030795
2022-02-25,0.0,0.0,6.7,3.0,4.268,2250.5,1116.0,70.4,1.5,1.3,-1.5,0.841,0.48,0.4,0.0,0.0,0.0,0.0,0.0,0.0,0.0,0.0,0.333,0.0,4.1,9.5,105851.0,0.0529255
2022-02-26,0.0,0.0,5.1,2.7,3.635,2277.8,1399.3,68.5,2.1,1.3,-2.1,0.819,0.471,0.3,0.0,0.0,0.0,0.0,0.0,0.0,0.0,0.0,0.33,0.0,-1.4,9.5,129381.0,0.0646905
2022-02-27,0.0,0.0,5.8,3.3,3.316,2147.6,1461.7,58.4,2.0,1.7,-2.0,0.796,0.444,0.3,0.0,0.0,0.0,0.0,0.0,0.0,0.0,0.0,0.326,0.001,2.0,8.7,109090.0,0.054544999999999996
2022-02-28,0.0,0.0,6.6,1.8,3.327,2306.3,1309.4,56.7,1.6,1.4,-1.6,0.776,0.386,0.3,0.0,0.0,0.0,0.0,0.0,0.0,0.0,0.0,0.323,0.0,1.4,10.3,120348.0,0.060174
2022-03-01,0.0,0.0,9.0,1.8,4.185,2473.7,323.1,59.7,0.1,1.3,-0.1,0.769,0.328,0.2,0.0,0.0,0.0,0.0,0.0,0.0,0.0,0.0,0.321,0.0,5.1,12.0,97219.0,0.0486095
2022-03-02,0.0,0.0,9.5,1.2,4.424,2436.7,468.9,60.5,0.1,1.1,-0.1,0.766,0.262,0.2,0.0,0.0,0.0,0.0,0.0,0.0,0.0,0.0,0.321,0.0,6.9,11.8,49653.0,0.0248265
2022-03-03,0.0,0.0,10.2,1.1,6.132,2754.4,317.5,79.6,0.0,0.8,0.0,0.763,0.181,0.2,0.0,0.0,0.0,0.0,0.0,0.0,0.0,0.0,0.32,0.0,7.5,12.0,77742.0,0.038870999999999996
2022-03-04,0.0,0.0,10.0,1.6,6.161,2810.8,615.0,81.2,0.5,1.1,-0.5,0.758,0.082,0.2,0.0,0.0,0.0,0.0,0.0,0.0,0.0,0.0,0.32,0.0,9.0,11.9,69659.0,0.0348295
2022-03-05,0.0,0.0,9.1,2.2,5.348,2681.1,1034.7,75.2,1.3,1.4,-1.3,0.746,-0.023,0.2,0.0,0.0,0.0,0.0,0.0,0.0,0.0,0.0,0.319,0.0,7.5,12.0,85813.0,0.0429065
2022-03-06,0.0,0.0,5.5,4.5,3.406,2298.4,1512.3,62.1,1.7,1.9,-1.7,0.728,-0.146,0.2,0.0,0.0,0.0,0.0,0.0,0.0,0.0,0.0,0.317,0.0,2.4,8.3,104700.0,0.05235
2022-03-07,0.0,0.0,3.8,4.3,2.636,1963.2,1658.2,53.9,1.3,2.0,-1.3,0.712,-0.26,0.2,0.0,0.0,0.0,0.0,0.0,0.0,0.0,0.0,0.312,0.002,0.3,6.3,128422.0,0.064211
2022-03-08,0.0,0.0,6.8,2.4,3.321,2175.1,1673.2,54.1,1.2,2.0,-1.2,0.698,-0.365,0.2,0.0,0.0,0.0,0.0,0.0,0.0,0.0,0.0,0.31,0.002,0.9,11.2,86537.0,0.0432685
2022-03-09,0.0,0.0,10.0,2.4,5.031,2358.2,1415.9,66.1,0.8,1.7,-0.8,0.688,-0.449,0.2,0.0,0.0,0.0,0.0,0.0,0.0,0.0,0.0,0.31,0.0,4.9,13.7,110518.0,0.055259
2022-03-10,0.0,0.0,11.6,2.9,5.226,2383.2,1152.4,62.5,0.8,2.1,-0.8,0.679,-0.519,0.2,0.0,0.0,0.0,0.0,0.0,0.0,0.0,0.0,0.309,0.0,6.6,16.0,79007.0,0.0395035
2022-03-11,0.0,3.7,10.1,3.8,6.066,2699.8,543.7,78.9,0.4,1.3,3.3,0.69,-0.574,0.2,0.2,0.0,0.0,0.0,0.0,0.0,0.0,0.0,0.307,0.0,8.0,12.4,50626.0,0.025313
2022-03-12,0.0,0.5,9.0,3.7,6.008,2652.7,384.6,84.7,0.1,1.0,0.4,0.704,-0.606,0.2,0.1,0.0,0.0,0.0,0.0,0.0,0.0,0.0,0.311,0.0,7.0,10.6,60699.0,0.0303495
2022-03-13,0.0,1.7,9.0,3.7,5.739,2779.2,268.5,80.7,0.2,1.2,1.5,0.71,-0.621,0.2,0.1,0.0,0.0,0.0,0.0,0.0,0.0,0.0,0.312,0.0,8.3,11.5,45404.0,0.022702
2022-03-14,0.0,1.8,10.0,2.3,5.438,2419.7,1391.1,72.7,1.5,1.7,0.3,0.709,-0.607,0.1,0.0,0.0,0.0,0.0,0.0,0.0,0.0,0.0,0.313,0.0,5.5,13.6,77715.0,0.0388575
2022-03-15,0.0,4.0,10.6,1.6,7.3,3097.3,254.5,92.1,0.2,0.8,3.8,0.745,-0.546,0.1,0.4,0.0,0.0,0.0,0.0,0.0,0.0,0.0,0.313,0.0,9.6,11.5,57507.0,0.028753499999999998
2022-03-16,0.0,0.0,11.9,2.1,7.189,2620.3,1360.5,83.6,1.3,1.6,-1.3,0.741,-0.469,0.2,0.0,0.0,0.0,0.0,0.0,0.0,0.0,0.0,0.318,0.0,9.7,13.5,46919.0,0.0234595
2022-03-17,0.0,0.0,8.5,3.7,5.212,2404.9,823.9,75.6,0.9,1.5,-0.9,0.73,-0.378,0.1,0.0,0.0,0.0,0.0,0.0,0.0,0.0,0.0,0.316,0.0,7.9,9.1,38559.0,0.0192795
2022-03-18,0.0,0.0,10.3,4.8,3.868,2317.4,1526.3,52.3,2.1,3.0,-2.1,0.711,-0.287,0.1,0.0,0.0,0.0,0.0,0.0,0.0,0.0,0.0,0.315,0.0,5.2,14.1,73031.0,0.0365155
2022-03-19,0.0,0.0,11.1,4.5,3.706,2265.1,1916.2,45.6,1.9,3.4,-1.9,0.691,-0.21,0.1,0.0,0.0,0.0,0.0,0.0,0.0,0.0,0.0,0.311,0.0,6.5,15.2,102847.0,0.0514235
2022-03-20,0.0,0.0,8.8,2.0,3.739,2336.7,1469.4,53.8,1.2,2.0,-1.2,0.676,-0.138,0.1,0.0,0.0,0.0,0.0,0.0,0.0,0.0,0.0,0.308,0.0,4.1,11.9,73082.0,0.036541
2022-03-21,0.0,0.0,12.8,2.2,5.779,2566.4,1634.8,63.9,1.2,2.5,-1.2,0.663,-0.09,0.1,0.0,0.0,0.0,0.0,0.0,0.0,0.0,0.0,0.307,0.0,7.8,17.4,110739.0,0.0553695
2022-03-22,0.0,0.2,12.7,2.5,4.668,2480.3,1778.6,53.6,1.7,2.8,-1.5,0.649,-0.083,0.1,0.0,0.0,0.0,0.0,0.0,0.0,0.0,0.0,0.305,0.0,7.7,17.3,133600.0,0.0668
2022-03-23,0.0,0.0,12.2,1.5,4.007,2425.6,1644.9,47.8,1.2,2.4,-1.2,0.635,-0.111,0.1,0.0,0.0,0.0,0.0,0.0,0.0,0.0,0.0,0.303,0.0,5.3,17.6,144381.0,0.0721905
2022-03-24,0.0,0.0,13.8,2.1,4.008,2473.6,1859.1,43.1,1.3,3.1,-1.3,0.621,-0.163,0.1,0.0,0.0,0.0,0.0,0.0,0.0,0.0,0.0,0.301,0.0,6.1,20.0,142896.0,0.071448
2022-03-25,0.0,0.0,13.9,3.2,4.169,2377.3,2059.1,43.4,1.2,3.8,-1.2,0.608,-0.261,0.1,0.0,0.0,0.0,0.0,0.0,0.0,0.0,0.0,0.299,0.0,8.2,19.2,132363.0,0.0661815
2022-03-26,0.0,0.0,14.1,3.5,4.314,2425.0,2065.6,45.1,1.2,3.9,-1.2,0.595,-0.367,0.1,0.0,0.0,0.0,0.0,0.0,0.0,0.0,0.0,0.297,0.0,7.8,19.3,143469.0,0.0717345
2022-03-27,0.0,0.0,14.4,2.2,4.815,2509.1,2090.6,48.8,1.1,3.4,-1.1,0.583,-0.475,0.1,0.0,0.0,0.0,0.0,0.0,0.0,0.0,0.0,0.295,0.0,8.8,19.8,127794.0,0.063897
2022-03-28,0.0,0.0,15.1,1.6,5.119,2593.9,1215.3,51.1,0.7,2.5,-0.7,0.575,-0.572,0.1,0.0,0.0,0.0,0.0,0.0,0.0,0.0,0.0,0.293,0.0,8.1,21.3,119126.0,0.059563
2022-03-29,0.0,1.3,14.1,1.4,5.763,2535.6,445.9,58.8,0.0,1.6,1.3,0.574,-0.647,0.1,0.0,0.0,0.0,0.0,0.0,0.0,0.0,0.0,0.292,0.0,12.4,18.3,76619.0,0.038309499999999996
2022-03-30,0.0,8.7,11.1,1.9,6.929,2975.2,388.4,84.2,0.9,1.1,7.8,0.634,-0.666,0.1,0.5,0.0,0.0,0.0,0.0,0.0,0.0,0.0,0.294,0.0,10.5,13.2,45749.0,0.0228745
2022-03-31,0.3,1.4,5.8,5.1,4.399,2434.9,536.1,76.4,0.9,1.3,0.8,0.648,-0.661,0.1,0.0,0.0,0.0,0.0,0.0,0.0,0.0,0.3,0.304,0.0,5.8,6.2,83115.0,0.0415575
2022-04-01,0.4,1.6,3.0,5.9,3.707,2439.1,416.0,79.0,0.9,1.1,1.1,0.668,-0.627,0.1,0.2,0.0,0.0,0.0,0.0,0.0,0.0,0.5,0.305,0.0,2.4,3.8,85444.0,0.042721999999999996
2022-04-02,0.0,0.0,4.7,5.2,2.855,2187.2,1219.7,54.8,1.8,2.4,-1.8,0.655,-0.6,0.1,0.0,0.0,0.0,0.0,0.0,0.0,0.0,0.0,0.305,0.001,1.6,7.5,88709.0,0.0443545
2022-04-03,0.0,0.0,5.4,3.3,2.983,2102.4,1553.1,54.8,1.6,2.3,-1.6,0.638,-0.582,0.1,0.0,0.0,0.0,0.0,0.0,0.0,0.0,0.0,0.302,0.001,1.7,8.8,93344.0,0.046672
2022-04-04,0.0,0.0,7.0,3.6,3.818,2387.8,998.0,62.6,0.9,2.2,-0.9,0.626,-0.564,0.1,0.0,0.0,0.0,0.0,0.0,0.0,0.0,0.0,0.3,0.001,2.2,10.4,147335.0,0.0736675
2022-04-05,0.0,1.0,10.7,3.3,6.724,2908.4,349.6,84.5,0.1,1.3,0.9,0.631,-0.525,0.1,0.0,0.0,0.0,0.0,0.0,0.0,0.0,0.0,0.3,0.0,8.5,12.6,109423.0,0.0547115
2022-04-06,0.0,0.4,11.3,4.3,6.057,2609.1,360.8,72.9,0.0,1.7,0.4,0.631,-0.47,0.1,0.0,0.0,0.0,0.0,0.0,0.0,0.0,0.0,0.301,0.0,8.8,12.8,66210.0,0.033105
2022-04-07,0.0,2.3,12.4,6.0,6.294,2587.8,570.8,70.4,0.8,2.2,1.5,0.635,-0.414,0.1,0.1,0.0,0.0,0.0,0.0,0.0,0.0,0.0,0.301,0.0,11.3,14.4,66916.0,0.033458
2022-04-08,0.7,32.7,5.8,2.8,5.156,2866.6,365.4,90.0,1.1,1.0,32.3,0.81,-0.208,0.9,3.4,0.0,0.0,0.0,0.0,0.0,0.0,0.7,0.303,0.0,2.6,7.5,75666.0,0.037833
2022-04-09,0.0,0.0,6.4,1.9,4.652,2443.0,1145.9,78.9,1.6,1.6,-1.6,0.872,0.036,3.3,1.0,0.0,0.0,0.0,0.0,0.0,0.0,0.0,0.34,0.0,2.9,10.3,133798.0,0.066899
2022-04-10,0.0,0.0,8.3,1.9,4.064,2354.1,1855.4,62.1,2.9,2.4,-2.9,0.834,0.246,1.0,0.0,0.0,0.0,0.0,0.0,0.0,0.0,0.0,0.334,0.0,1.6,12.9,169599.0,0.0847995
2022-04-11,0.0,0.0,13.4,3.5,5.15,2395.0,1732.6,53.6,2.5,3.5,-2.5,0.803,0.395,0.4,0.0,0.0,0.0,0.0,0.0,0.0,0.0,0.0,0.329,0.0,6.6,17.9,130066.0,0.065033
2022-04-12,0.0,2.3,16.2,3.0,6.982,2550.6,1506.3,61.5,2.1,3.3,0.2,0.781,0.518,0.2,0.0,0.0,0.0,0.0,0.0,0.0,0.0,0.0,0.325,0.0,11.7,20.4,95549.0,0.0477745
2022-04-13,0.0,6.7,14.1,1.0,8.724,3164.4,416.7,87.5,0.6,1.1,6.1,0.836,0.664,0.5,1.1,0.0,0.0,0.0,0.0,0.0,0.0,0.0,0.324,0.0,12.7,15.9,91515.0,0.0457575
2022-04-14,0.0,0.0,15.8,1.4,7.793,2735.2,1910.2,71.9,3.1,2.9,-3.1,0.815,0.769,0.5,0.0,0.0,0.0,0.0,0.0,0.0,0.0,0.0,0.331,0.0,11.2,19.9,149889.0,0.0749445
2022-04-15,0.0,0.0,15.9,2.1,7.28,2768.4,2411.8,66.2,4.4,3.7,-4.4,0.773,0.832,0.2,0.0,0.0,0.0,0.0,0.0,0.0,0.0,0.0,0.326,0.0,11.0,20.3,152037.0,0.0760185
2022-04-16,0.0,0.0,14.9,3.0,6.042,2558.9,2340.5,59.0,3.6,3.7,-3.6,0.735,0.879,0.2,0.0,0.0,0.0,0.0,0.0,0.0,0.0,0.0,0.32,0.0,9.9,19.0,169973.0,0.0849865
2022-04-17,0.0,0.0,15.3,2.4,4.089,2370.4,2119.5,39.2,2.7,4.1,-2.7,0.704,0.921,0.1,0.0,0.0,0.0,0.0,0.0,0.0,0.0,0.0,0.314,0.0,8.8,19.9,172042.0,0.086021
2022-04-18,0.0,0.0,14.5,1.8,5.063,2402.5,1685.1,51.3,1.8,3.2,-1.8,0.683,0.877,0.1,0.0,0.0,0.0,0.0,0.0,0.0,0.0,0.0,0.31,0.0,8.2,19.6,139926.0,0.069963
2022-04-19,0.0,0.0,13.6,3.0,6.473,2488.7,2006.7,67.8,1.5,3.2,-1.5,0.666,0.801,0.1,0.0,0.0,0.0,0.0,0.0,0.0,0.0,0.0,0.307,0.0,9.0,17.6,114176.0,0.057088
2022-04-20,0.0,0.0,14.5,3.4,5.359,2476.5,1960.2,54.6,1.8,3.9,-1.8,0.648,0.726,0.1,0.0,0.0,0.0,0.0,0.0,0.0,0.0,0.0,0.305,0.0,9.3,20.1,77956.0,0.038978
2022-04-21,0.0,0.0,15.2,3.4,5.056,2441.1,2676.6,47.9,1.9,4.8,-1.9,0.628,0.652,0.1,0.0,0.0,0.0,0.0,0.0,0.0,0.0,0.0,0.302,0.0,10.0,19.2,102502.0,0.051251
2022-04-22,0.0,0.0,15.3,3.5,6.074,2521.4,2195.8,57.2,1.3,4.1,-1.3,0.613,0.586,0.1,0.0,0.0,0.0,0.0,0.0,0.0,0.0,0.0,0.3,0.0,10.8,19.4,139812.0,0.069906
2022-04-23,0.0,1.1,15.3,3.2,6.837,2507.7,763.2,63.7,0.2,2.6,0.9,0.61,0.505,0.1,0.0,0.0,0.0,0.0,0.0,0.0,0.0,0.0,0.297,0.0,10.9,19.8,62637.0,0.0313185
2022-04-24,0.0,0.0,15.3,2.5,6.712,2655.6,1465.3,63.3,1.4,2.9,-1.4,0.606,0.435,0.1,0.0,0.0,0.0,0.0,0.0,0.0,0.0,0.0,0.299,0.0,11.3,18.4,80738.0,0.040369
2022-04-25,0.0,0.0,12.9,3.2,5.911,2499.4,1936.4,64.9,1.3,3.3,-1.3,0.593,0.371,0.1,0.0,0.0,0.0,0.0,0.0,0.0,0.0,0.0,0.297,0.0,9.6,16.3,125452.0,0.062726
2022-04-26,0.0,0.0,11.8,3.0,5.797,2553.3,981.6,68.3,0.4,2.2,-0.4,0.586,0.307,0.1,0.0,0.0,0.0,0.0,0.0,0.0,0.0,0.0,0.294,0.0,8.6,15.0,164078.0,0.082039
2022-04-27,0.0,0.0,13.4,3.8,5.593,2518.1,2354.6,59.5,1.5,3.9,-1.5,0.573,0.246,0.1,0.0,0.0,0.0,0.0,0.0,0.0,0.0,0.0,0.294,0.0,7.1,18.0,149457.0,0.0747285
2022-04-28,0.0,0.0,15.6,3.0,5.586,2503.8,1985.1,52.6,1.3,4.0,-1.3,0.559,0.189,0.1,0.0,0.0,0.0,0.0,0.0,0.0,0.0,0.0,0.292,0.0,9.6,20.1,136034.0,0.068017
2022-04-29,0.0,0.0,15.2,3.1,6.225,2486.6,1794.9,58.4,0.8,3.6,-0.8,0.549,0.127,0.1,0.0,0.0,0.0,0.0,0.0,0.0,0.0,0.0,0.289,0.0,11.8,19.1,139889.0,0.06994449999999999
2022-04-30,0.0,0.0,12.5,3.5,5.241,2471.8,2228.1,59.9,1.2,3.7,-1.2,0.537,0.043,0.1,0.0,0.0,0.0,0.0,0.0,0.0,0.0,0.0,0.288,0.0,8.5,16.7,152614.0,0.076307
2022-05-01,0.0,0.0,12.7,3.1,5.177,2350.4,2035.5,57.6,0.9,3.5,-0.9,0.527,-0.049,0.1,0.0,0.0,0.0,0.0,0.0,0.0,0.0,0.0,0.286,0.0,8.3,16.4,159217.0,0.0796085
2022-05-02,0.0,0.0,14.3,2.7,6.041,2547.1,1367.9,60.2,0.6,3.0,-0.6,0.52,-0.138,0.1,0.0,0.0,0.0,0.0,0.0,0.0,0.0,0.0,0.285,0.0,10.2,17.8,142161.0,0.0710805
2022-05-03,0.0,0.0,15.0,3.7,6.226,2719.4,1449.5,60.1,0.9,3.6,-0.9,0.512,-0.223,0.1,0.0,0.0,0.0,0.0,0.0,0.0,0.0,0.0,0.284,0.0,10.5,19.4,126062.0,0.063031
2022-05-04,0.0,0.1,14.7,2.5,6.72,2605.9,1234.2,65.8,0.5,2.8,-0.4,0.505,-0.305,0.1,0.0,0.0,0.0,0.0,0.0,0.0,0.0,0.0,0.283,0.0,10.6,18.2,123675.0,0.0618375
2022-05-05,0.0,0.0,14.7,2.7,7.16,2734.0,1771.2,69.8,0.9,3.0,-0.9,0.498,-0.389,0.1,0.0,0.0,0.0,0.0,0.0,0.0,0.0,0.0,0.282,0.0,11.6,17.2,127765.0,0.0638825
2022-05-06,0.0,0.0,16.7,2.4,7.024,2600.6,2159.7,61.3,1.1,3.9,-1.1,0.487,-0.475,0.1,0.0,0.0,0.0,0.0,0.0,0.0,0.0,0.0,0.281,0.0,11.3,20.9,138096.0,0.069048
2022-05-07,0.0,0.0,16.5,2.6,7.952,2674.9,1739.1,68.7,0.6,3.2,-0.6,0.479,-0.56,0.1,0.0,0.0,0.0,0.0,0.0,0.0,0.0,0.0,0.279,0.0,12.1,20.0,155201.0,0.0776005
2022-05-08,0.0,0.0,16.8,3.1,8.595,2979.2,2113.4,73.3,0.9,3.6,-0.9,0.471,-0.635,0.1,0.0,0.0,0.0,0.0,0.0,0.0,0.0,0.0,0.278,0.0,12.3,20.4,148426.0,0.074213
2022-05-09,0.0,0.0,19.2,1.4,7.793,2786.0,2555.3,58.2,1.5,4.5,-1.5,0.456,-0.706,0.0,0.0,0.0,0.0,0.0,0.0,0.0,0.0,0.0,0.277,0.0,12.6,24.7,172452.0,0.086226
2022-05-10,0.0,0.0,21.6,2.6,8.552,2811.2,2396.5,54.6,1.3,5.1,-1.3,0.444,-0.779,0.0,0.0,0.0,0.0,0.0,0.0,0.0,0.0,0.0,0.275,0.0,15.5,26.5,170595.0,0.0852975
2022-05-11,0.0,0.0,19.9,2.9,9.012,2883.2,2818.1,63.6,1.3,5.3,-1.3,0.43,-0.866,0.0,0.0,0.0,0.0,0.0,0.0,0.0,0.0,0.0,0.273,0.0,16.5,24.2,176792.0,0.088396
2022-05-12,0.0,0.0,16.9,1.9,7.459,2573.8,1521.6,63.0,0.5,3.1,-0.5,0.422,-0.955,0.0,0.0,0.0,0.0,0.0,0.0,0.0,0.0,0.0,0.271,0.0,13.5,19.9,130065.0,0.06503250000000001
2022-05-13,0.0,0.0,16.9,2.0,6.628,2592.1,2972.2,56.5,1.4,4.9,-1.4,0.411,-1.036,0.0,0.0,0.0,0.0,0.0,0.0,0.0,0.0,0.0,0.27,0.0,12.5,20.8,154179.0,0.0770895
2022-05-14,0.0,0.0,18.7,1.4,7.159,2667.4,2371.4,54.6,1.0,4.2,-1.0,0.4,-1.115,0.0,0.0,0.0,0.0,0.0,0.0,0.0,0.0,0.0,0.268,0.0,13.4,22.8,170124.0,0.085062
2022-05-15,0.0,6.8,22.1,2.6,8.965,2857.7,1723.8,56.2,1.1,4.6,5.7,0.401,-1.165,0.0,0.0,0.0,0.0,0.0,0.0,0.0,0.0,0.0,0.266,0.0,16.3,28.2,156474.0,0.078237
2022-05-16,0.0,0.3,20.9,2.0,10.441,3087.6,1574.7,69.7,2.3,3.4,-2.0,0.436,-1.184,0.0,0.2,0.0,0.0,0.0,0.0,0.0,0.0,0.0,0.274,0.0,16.2,24.5,160063.0,0.0800315
2022-05-17,0.0,0.0,24.0,1.3,10.422,2972.9,2068.6,57.9,1.9,4.4,-1.9,0.417,-1.216,0.0,0.0,0.0,0.0,0.0,0.0,0.0,0.0,0.0,0.271,0.0,18.7,28.2,176810.0,0.088405
2022-05-18,0.0,0.0,24.1,1.9,11.009,2816.3,2230.0,59.8,1.3,4.8,-1.3,0.402,-1.245,0.0,0.0,0.0,0.0,0.0,0.0,0.0,0.0,0.0,0.269,0.0,18.1,27.8,170822.0,0.085411
2022-05-19,0.0,0.0,22.8,2.0,10.731,2996.4,1996.2,62.4,1.2,4.4,-1.2,0.391,-1.264,0.0,0.0,0.0,0.0,0.0,0.0,0.0,0.0,0.0,0.267,0.0,22.2,25.1,147936.0,0.073968
2022-05-20,0.0,5.3,18.5,2.4,10.185,3056.9,1836.7,76.4,1.9,3.6,3.4,0.397,-1.276,0.0,0.0,0.0,0.0,0.0,0.0,0.0,0.0,0.0,0.265,0.0,17.3,23.5,143742.0,0.071871
2022-05-21,0.0,0.0,19.1,1.5,8.745,2785.2,1822.3,65.1,2.0,3.6,-2.0,0.404,-1.264,0.0,0.1,0.0,0.0,0.0,0.0,0.0,0.0,0.0,0.27,0.0,13.5,23.4,171546.0,0.085773
2022-05-22,0.0,0.3,19.1,2.0,9.12,2789.6,1164.8,66.9,0.8,2.9,-0.5,0.394,-1.254,0.0,0.0,0.0,0.0,0.0,0.0,0.0,0.0,0.0,0.267,0.0,16.6,21.4,136191.0,0.0680955
2022-05-23,0.0,7.3,16.5,2.0,10.273,3176.3,828.8,88.1,1.3,1.8,6.0,0.431,-1.213,0.0,0.2,0.0,0.0,0.0,0.0,0.0,0.0,0.0,0.266,0.0,16.4,17.3,95015.0,0.0475075
2022-05-24,0.0,0.1,14.4,2.9,7.236,2694.8,2152.2,72.1,2.4,3.6,-2.3,0.433,-1.155,0.0,0.0,0.0,0.0,0.0,0.0,0.0,0.0,0.0,0.274,0.0,12.1,17.2,121164.0,0.060582
2022-05-25,0.0,0.1,16.2,2.9,7.223,2889.9,1873.5,64.7,1.7,3.7,-1.6,0.415,-1.114,0.0,0.0,0.0,0.0,0.0,0.0,0.0,0.0,0.0,0.271,0.0,10.8,19.9,137410.0,0.068705
2022-05-26,0.0,0.2,17.0,3.1,8.165,2917.8,862.2,68.2,0.8,2.5,-0.6,0.408,-1.108,0.0,0.0,0.0,0.0,0.0,0.0,0.0,0.0,0.0,0.269,0.0,14.6,19.2,119058.0,0.059529
2022-05-27,0.0,0.0,16.8,3.1,8.321,2926.3,687.7,70.4,0.4,2.5,-0.4,0.404,-1.103,0.0,0.0,0.0,0.0,0.0,0.0,0.0,0.0,0.0,0.268,0.0,13.9,20.9,146590.0,0.073295
2022-05-28,0.0,0.0,15.8,3.3,6.678,2539.2,2417.4,61.4,1.6,4.3,-1.6,0.391,-1.097,0.0,0.0,0.0,0.0,0.0,0.0,0.0,0.0,0.0,0.267,0.0,12.4,19.5,186107.0,0.0930535
2022-05-29,0.0,0.0,13.3,3.4,5.531,2481.2,1742.8,59.2,0.9,3.5,-0.9,0.38,-1.092,0.0,0.0,0.0,0.0,0.0,0.0,0.0,0.0,0.0,0.265,0.0,10.5,16.2,188660.0,0.09433
2022-05-30,0.0,0.0,14.9,2.0,5.625,2458.3,2384.9,55.3,1.2,4.0,-1.2,0.369,-1.091,0.0,0.0,0.0,0.0,0.0,0.0,0.0,0.0,0.0,0.264,0.0,10.2,18.3,170231.0,0.0851155
2022-05-31,0.0,0.0,16.7,2.0,5.96,2678.8,1660.8,51.2,0.9,3.7,-0.9,0.36,-1.111,0.0,0.0,0.0,0.0,0.0,0.0,0.0,0.0,0.0,0.262,0.0,14.0,19.9,155343.0,0.0776715
2022-06-01,0.0,0.0,17.3,2.0,6.194,2594.8,2596.0,51.7,1.1,4.7,-1.1,0.35,-1.163,0.0,0.0,0.0,0.0,0.0,0.0,0.0,0.0,0.0,0.261,0.0,13.0,21.1,172300.0,0.08615
2022-06-02,0.0,0.0,19.1,2.5,6.45,2614.1,2198.5,48.0,1.0,4.8,-1.0,0.34,-1.244,0.0,0.0,0.0,0.0,0.0,0.0,0.0,0.0,0.0,0.259,0.0,14.0,23.6,157763.0,0.0788815
2022-06-03,0.0,2.0,19.3,1.5,9.804,2969.2,875.3,69.8,0.2,2.3,1.8,0.34,-1.295,0.0,0.0,0.0,0.0,0.0,0.0,0.0,0.0,0.0,0.258,0.0,16.3,22.4,133887.0,0.0669435
2022-06-04,0.0,18.2,20.2,1.8,11.405,3181.5,2124.8,79.2,1.9,4.4,16.3,0.384,-1.3,0.0,0.3,0.0,0.0,0.0,0.0,0.0,0.0,0.0,0.26,0.0,17.1,27.7,137306.0,0.068653
2022-06-05,0.0,2.4,18.2,1.8,11.294,3268.7,1099.9,87.1,2.5,2.2,-0.1,0.499,-1.21,0.1,0.7,0.0,0.0,0.0,0.0,0.0,0.0,0.0,0.282,0.0,17.5,19.7,124421.0,0.0622105
2022-06-06,0.0,1.0,18.1,2.6,8.226,2733.7,2176.8,65.2,3.7,4.1,-2.7,0.473,-1.118,0.1,0.0,0.0,0.0,0.0,0.0,0.0,0.0,0.0,0.281,0.0,14.8,20.7,143552.0,0.07177599999999999
2022-06-07,0.0,7.0,19.3,3.4,9.427,2859.4,2066.4,68.7,3.1,4.1,3.9,0.458,-1.025,0.0,0.1,0.0,0.0,0.0,0.0,0.0,0.0,0.0,0.277,0.0,16.2,21.9,146238.0,0.073119
2022-06-08,0.0,12.2,17.0,4.0,9.6,3146.9,1221.1,79.6,3.1,2.6,9.1,0.576,-0.828,0.4,1.7,0.0,0.0,0.0,0.0,0.0,0.0,0.0,0.282,0.0,14.7,20.1,97534.0,0.048767
2022-06-09,0.0,0.0,17.6,2.8,8.212,2783.0,1794.9,66.6,3.3,3.7,-3.3,0.552,-0.639,0.3,0.0,0.0,0.0,0.0,0.0,0.0,0.0,0.0,0.293,0.0,14.3,20.3,153470.0,0.076735
2022-06-10,0.0,0.0,19.8,2.1,9.709,3009.3,1769.7,67.9,3.1,3.7,-3.1,0.52,-0.482,0.1,0.0,0.0,0.0,0.0,0.0,0.0,0.0,0.0,0.288,0.0,16.5,22.9,183524.0,0.091762
2022-06-11,0.0,0.0,21.0,1.8,9.914,2988.4,1870.7,65.2,3.2,3.9,-3.2,0.49,-0.36,0.1,0.0,0.0,0.0,0.0,0.0,0.0,0.0,0.0,0.283,0.0,16.7,25.1,185165.0,0.0925825
2022-06-12,0.0,0.0,19.4,3.1,7.389,2739.9,3076.3,53.7,3.4,6.0,-3.4,0.455,-0.277,0.0,0.0,0.0,0.0,0.0,0.0,0.0,0.0,0.0,0.278,0.0,15.6,23.4,163580.0,0.08179
2022-06-13,0.0,0.0,18.9,2.4,7.485,2693.8,2820.2,56.7,2.4,5.2,-2.4,0.429,-0.215,0.0,0.0,0.0,0.0,0.0,0.0,0.0,0.0,0.0,0.274,0.0,14.4,22.8,181290.0,0.090645
2022-06-14,0.0,0.0,21.5,2.0,7.963,2767.4,3068.8,50.8,2.4,5.9,-2.4,0.406,-0.199,0.0,0.0,0.0,0.0,0.0,0.0,0.0,0.0,0.0,0.27,0.0,16.4,26.5,183261.0,0.0916305
2022-06-15,0.0,0.0,24.2,2.4,8.888,3042.5,2537.0,48.6,2.0,5.9,-2.0,0.386,-0.277,0.0,0.0,0.0,0.0,0.0,0.0,0.0,0.0,0.0,0.267,0.0,18.3,29.2,174887.0,0.0874435
2022-06-16,0.0,0.0,24.3,2.0,8.304,2804.8,2738.0,45.5,1.9,6.0,-1.9,0.367,-0.327,0.0,0.0,0.0,0.0,0.0,0.0,0.0,0.0,0.0,0.264,0.0,19.3,28.7,175596.0,0.087798
2022-06-17,0.0,0.0,27.1,2.0,9.887,3114.1,2754.4,45.0,1.7,6.5,-1.7,0.351,-0.368,0.0,0.0,0.0,0.0,0.0,0.0,0.0,0.0,0.0,0.261,0.0,20.7,33.0,182278.0,0.091139
2022-06-18,0.0,1.0,30.0,2.3,11.843,3348.4,3269.3,46.8,1.8,7.9,-0.8,0.335,-0.495,0.0,0.0,0.0,0.0,0.0,0.0,0.0,0.0,0.0,0.259,0.0,23.0,35.7,180330.0,0.090165
2022-06-19,0.0,11.9,20.0,4.1,11.472,3354.4,1653.2,79.2,3.2,3.5,8.7,0.365,-0.589,0.0,0.2,0.0,0.0,0.0,0.0,0.0,0.0,0.0,0.258,0.0,15.9,23.4,165780.0,0.08289
2022-06-20,0.0,0.8,18.6,2.7,10.007,3185.0,735.1,76.2,1.5,2.3,-0.7,0.414,-0.645,0.0,0.3,0.0,0.0,0.0,0.0,0.0,0.0,0.0,0.269,0.0,15.4,22.3,148026.0,0.074013
2022-06-21,0.0,0.0,21.2,2.4,10.248,2931.4,2637.6,66.0,2.8,5.0,-2.8,0.39,-0.694,0.0,0.0,0.0,0.0,0.0,0.0,0.0,0.0,0.0,0.268,0.0,15.4,25.8,122468.0,0.061234000000000004
2022-06-22,0.0,0.5,21.4,2.6,10.86,2898.2,1125.9,68.1,1.0,3.0,-0.5,0.377,-0.723,0.0,0.0,0.0,0.0,0.0,0.0,0.0,0.0,0.0,0.264,0.0,17.0,25.0,121168.0,0.060584
2022-06-23,0.0,6.3,23.5,2.1,11.525,3111.4,1710.3,65.4,2.0,4.0,4.3,0.374,-0.742,0.0,0.0,0.0,0.0,0.0,0.0,0.0,0.0,0.0,0.264,0.0,19.3,26.7,133685.0,0.0668425
2022-06-24,0.0,0.9,21.0,3.4,10.998,3058.1,1442.5,71.5,2.7,3.4,-1.8,0.405,-0.69,0.0,0.3,0.0,0.0,0.0,0.0,0.0,0.0,0.0,0.269,0.0,18.3,23.0,128876.0,0.064438
2022-06-25,0.0,0.6,17.6,2.3,9.381,2692.7,858.9,75.4,0.7,2.2,-0.1,0.394,-0.648,0.0,0.0,0.0,0.0,0.0,0.0,0.0,0.0,0.0,0.267,0.0,17.2,18.6,118131.0,0.0590655
2022-06-26,0.0,0.0,18.4,2.3,8.318,2749.2,1665.1,64.6,2.0,3.7,-2.0,0.382,-0.599,0.0,0.0,0.0,0.0,0.0,0.0,0.0,0.0,0.0,0.266,0.0,15.0,21.8,102890.0,0.051445
2022-06-27,0.0,0.0,19.6,2.3,8.236,2845.9,2250.0,59.9,2.0,4.6,-2.0,0.363,-0.545,0.0,0.0,0.0,0.0,0.0,0.0,0.0,0.0,0.0,0.264,0.0,16.5,22.8,125512.0,0.06275599999999999
2022-06-28,0.0,0.0,21.6,1.6,7.798,2753.6,2546.5,50.6,1.8,5.1,-1.8,0.344,-0.49,0.0,0.0,0.0,0.0,0.0,0.0,0.0,0.0,0.0,0.261,0.0,16.1,26.8,177171.0,0.0885855
2022-06-29,0.0,1.3,21.5,2.1,8.556,2878.3,2218.5,54.6,1.3,4.9,0.0,0.331,-0.479,0.0,0.0,0.0,0.0,0.0,0.0,0.0,0.0,0.0,0.258,0.0,17.9,25.2,165062.0,0.08253100000000001
2022-06-30,0.0,10.3,15.7,2.0,9.556,3168.5,774.3,86.2,1.9,1.8,8.4,0.403,-0.448,0.0,0.5,0.0,0.0,0.0,0.0,0.0,0.0,0.0,0.258,0.0,14.5,18.1,95271.0,0.0476355
2022-07-01,0.0,0.0,17.3,1.7,7.558,2703.6,3083.5,63.0,3.6,5.0,-3.6,0.39,-0.413,0.0,0.0,0.0,0.0,0.0,0.0,0.0,0.0,0.0,0.269,0.0,13.8,21.1,168737.0,0.0843685
2022-07-02,0.0,0.0,20.9,1.3,8.022,2905.1,2919.5,53.7,2.6,5.3,-2.6,0.362,-0.409,0.0,0.0,0.0,0.0,0.0,0.0,0.0,0.0,0.0,0.264,0.0,14.3,26.6,193530.0,0.096765
2022-07-03,0.0,0.0,19.7,2.6,8.129,2737.4,2722.8,57.4,1.8,5.2,-1.8,0.343,-0.43,0.0,0.0,0.0,0.0,0.0,0.0,0.0,0.0,0.0,0.26,0.0,16.5,23.2,176660.0,0.08833
2022-07-04,0.0,0.0,20.4,2.2,8.059,2734.0,2863.6,55.5,1.7,5.5,-1.7,0.326,-0.508,0.0,0.0,0.0,0.0,0.0,0.0,0.0,0.0,0.0,0.258,0.0,16.0,25.4,155042.0,0.077521
2022-07-05,0.0,0.0,20.2,2.8,8.547,2873.3,2558.9,59.7,1.3,5.1,-1.3,0.313,-0.551,0.0,0.0,0.0,0.0,0.0,0.0,0.0,0.0,0.0,0.255,0.0,14.9,25.2,186802.0,0.093401
2022-07-06,0.0,0.0,20.8,2.6,8.437,2808.2,2486.0,56.2,1.2,5.2,-1.2,0.301,-0.574,0.0,0.0,0.0,0.0,0.0,0.0,0.0,0.0,0.0,0.254,0.0,16.2,25.1,180155.0,0.0900775
2022-07-07,0.0,0.0,19.0,3.6,9.173,2918.3,780.2,67.5,0.2,2.8,-0.2,0.297,-0.603,0.0,0.0,0.0,0.0,0.0,0.0,0.0,0.0,0.0,0.252,0.0,17.4,21.8,166640.0,0.08332
2022-07-08,0.0,0.0,21.1,2.9,8.49,2795.1,3118.3,55.6,1.4,6.2,-1.4,0.285,-0.628,0.0,0.0,0.0,0.0,0.0,0.0,0.0,0.0,0.0,0.252,0.0,14.7,26.8,196634.0,0.098317
2022-07-09,0.0,0.0,23.2,3.4,9.598,2835.2,2441.1,55.3,0.9,5.9,-0.9,0.276,-0.652,0.0,0.0,0.0,0.0,0.0,0.0,0.0,0.0,0.0,0.25,0.0,18.6,28.1,190479.0,0.0952395
2022-07-10,0.0,0.0,21.7,3.5,8.775,2872.0,3039.9,55.2,0.9,6.2,-0.9,0.267,-0.74,0.0,0.0,0.0,0.0,0.0,0.0,0.0,0.0,0.0,0.248,0.0,15.9,26.3,193604.0,0.096802
2022-07-11,0.0,0.0,24.7,3.3,9.911,2923.4,2915.5,51.9,0.8,6.7,-0.8,0.259,-0.82,0.0,0.0,0.0,0.0,0.0,0.0,0.0,0.0,0.0,0.247,0.0,19.7,29.1,189700.0,0.09485
2022-07-12,0.0,0.0,26.9,1.2,9.274,2902.0,2428.2,44.6,0.9,5.3,-0.9,0.251,-0.886,0.0,0.0,0.0,0.0,0.0,0.0,0.0,0.0,0.0,0.246,0.0,21.2,32.3,187864.0,0.093932
2022-07-13,0.0,0.0,29.0,1.7,9.405,2870.4,1876.0,39.0,0.6,5.3,-0.6,0.244,-0.939,0.0,0.0,0.0,0.0,0.0,0.0,0.0,0.0,0.0,0.245,0.0,23.0,34.8,179930.0,0.089965
2022-07-14,0.0,0.0,25.3,4.1,9.126,2893.2,2301.4,46.4,0.6,6.8,-0.6,0.239,-0.978,0.0,0.0,0.0,0.0,0.0,0.0,0.0,0.0,0.0,0.244,0.0,22.1,29.6,183814.0,0.091907
2022-07-15,0.0,0.0,22.0,2.8,7.245,2827.9,2881.0,45.7,0.7,6.1,-0.7,0.232,-0.994,0.0,0.0,0.0,0.0,0.0,0.0,0.0,0.0,0.0,0.243,0.0,16.8,26.2,183571.0,0.0917855
2022-07-16,0.0,0.0,23.3,2.8,7.59,2837.8,2911.0,43.8,0.6,6.4,-0.6,0.226,-1.028,0.0,0.0,0.0,0.0,0.0,0.0,0.0,0.0,0.0,0.242,0.0,17.9,27.6,185170.0,0.092585
2022-07-17,0.0,0.0,25.4,2.5,7.245,2929.9,2586.0,37.2,0.6,6.4,-0.6,0.22,-1.086,0.0,0.0,0.0,0.0,0.0,0.0,0.0,0.0,0.0,0.241,0.0,18.8,31.1,181050.0,0.090525
2022-07-18,0.0,0.0,29.7,1.8,8.007,3296.9,2583.8,32.6,0.7,6.5,-0.7,0.214,-1.142,0.0,0.0,0.0,0.0,0.0,0.0,0.0,0.0,0.0,0.24,0.0,22.2,36.4,175642.0,0.087821
2022-07-19,0.0,3.7,30.7,3.6,10.1,3312.0,2706.0,38.3,0.7,8.8,3.0,0.212,-1.195,0.0,0.0,0.0,0.0,0.0,0.0,0.0,0.0,0.0,0.239,0.0,24.9,39.3,160769.0,0.0803845
2022-07-20,0.0,3.0,21.0,2.3,12.973,3499.2,851.4,83.7,1.9,2.3,1.1,0.248,-1.193,0.0,0.1,0.0,0.0,0.0,0.0,0.0,0.0,0.0,0.243,0.0,19.9,21.4,130704.0,0.065352
2022-07-21,0.0,0.0,22.6,1.9,12.2,3226.6,1681.9,72.2,1.3,3.7,-1.3,0.241,-1.203,0.0,0.0,0.0,0.0,0.0,0.0,0.0,0.0,0.0,0.245,0.0,19.2,26.6,167908.0,0.083954
2022-07-22,0.0,2.2,21.0,1.9,12.328,3123.8,1968.7,79.7,0.8,3.7,1.4,0.237,-1.185,0.0,0.0,0.0,0.0,0.0,0.0,0.0,0.0,0.0,0.243,0.0,18.4,23.6,132415.0,0.0662075
2022-07-23,0.0,0.0,22.1,1.9,12.183,3272.3,1486.4,74.3,1.4,3.4,-1.4,0.241,-1.156,0.0,0.0,0.0,0.0,0.0,0.0,0.0,0.0,0.0,0.245,0.0,19.3,26.7,157452.0,0.078726
2022-07-24,0.0,0.0,26.3,2.0,10.872,3194.0,2776.1,53.2,1.5,6.2,-1.5,0.226,-1.138,0.0,0.0,0.0,0.0,0.0,0.0,0.0,0.0,0.0,0.243,0.0,20.2,32.3,182058.0,0.091029
2022-07-25,0.0,0.0,22.9,3.4,10.275,3080.7,1494.1,59.5,0.4,4.3,-0.4,0.221,-1.113,0.0,0.0,0.0,0.0,0.0,0.0,0.0,0.0,0.0,0.241,0.0,20.2,25.4,130409.0,0.0652045
2022-07-26,0.0,0.0,20.0,2.8,9.17,3056.8,1427.5,63.7,0.5,3.6,-0.5,0.215,-1.14,0.0,0.0,0.0,0.0,0.0,0.0,0.0,0.0,0.0,0.24,0.0,18.2,22.7,150933.0,0.07546649999999999
2022-07-27,0.0,0.0,20.5,2.4,7.878,2787.2,2086.7,54.1,0.8,4.5,-0.8,0.208,-1.173,0.0,0.0,0.0,0.0,0.0,0.0,0.0,0.0,0.0,0.24,0.0,15.8,24.2,171634.0,0.085817
2022-07-28,0.0,0.0,22.0,1.9,7.065,2683.7,1269.8,44.0,0.5,3.8,-0.5,0.203,-1.174,0.0,0.0,0.0,0.0,0.0,0.0,0.0,0.0,0.0,0.239,0.0,17.2,26.5,153110.0,0.076555
2022-07-29,0.0,0.0,24.2,1.7,7.929,2942.7,1641.9,43.1,0.5,4.3,-0.5,0.198,-1.172,0.0,0.0,0.0,0.0,0.0,0.0,0.0,0.0,0.0,0.238,0.0,19.0,28.9,121366.0,0.060683
2022-07-30,0.0,0.0,25.0,1.7,9.285,3032.2,2219.3,47.9,0.5,5.0,-0.5,0.193,-1.229,0.0,0.0,0.0,0.0,0.0,0.0,0.0,0.0,0.0,0.237,0.0,20.1,29.3,162926.0,0.08146300000000001
2022-07-31,0.0,0.0,23.5,2.8,11.355,3174.1,1910.7,63.6,0.2,4.5,-0.2,0.19,-1.3,0.0,0.0,0.0,0.0,0.0,0.0,0.0,0.0,0.0,0.236,0.0,19.9,27.0,173676.0,0.086838
2022-08-01,0.0,0.0,23.3,2.0,11.166,3079.0,1363.9,63.4,0.2,3.5,-0.2,0.188,-1.339,0.0,0.0,0.0,0.0,0.0,0.0,0.0,0.0,0.0,0.236,0.0,20.8,26.4,167410.0,0.083705
2022-08-02,0.0,0.0,25.4,1.4,10.973,3135.0,2888.5,55.5,0.7,5.8,-0.7,0.182,-1.397,0.0,0.0,0.0,0.0,0.0,0.0,0.0,0.0,0.0,0.236,0.0,19.5,31.2,183001.0,0.0915005
2022-08-03,0.0,0.0,28.2,1.5,11.424,3269.6,2449.2,50.4,0.5,5.6,-0.5,0.177,-1.441,0.0,0.0,0.0,0.0,0.0,0.0,0.0,0.0,0.0,0.235,0.0,22.3,34.8,176347.0,0.0881735
2022-08-04,0.0,6.3,23.6,2.9,12.906,3362.9,1292.4,71.3,1.6,3.4,4.7,0.194,-1.452,0.0,0.0,0.0,0.0,0.0,0.0,0.0,0.0,0.0,0.234,0.0,20.3,26.8,156600.0,0.0783
2022-08-05,0.0,0.0,20.8,3.0,9.133,3072.6,1859.2,61.8,2.1,4.4,-2.1,0.205,-1.418,0.0,0.0,0.0,0.0,0.0,0.0,0.0,0.0,0.0,0.241,0.0,17.1,26.1,155663.0,0.0778315
2022-08-06,0.0,0.0,20.1,4.0,5.969,2693.8,2669.2,42.4,1.3,6.2,-1.3,0.191,-1.395,0.0,0.0,0.0,0.0,0.0,0.0,0.0,0.0,0.0,0.238,0.0,14.3,25.6,182722.0,0.091361
2022-08-07,0.0,0.0,21.5,4.3,6.939,2809.4,2916.3,44.6,0.7,6.9,-0.7,0.183,-1.409,0.0,0.0,0.0,0.0,0.0,0.0,0.0,0.0,0.0,0.236,0.0,15.9,27.2,188109.0,0.0940545
2022-08-08,0.0,0.0,23.1,3.8,7.962,2923.9,2823.4,47.3,0.6,6.9,-0.6,0.177,-1.408,0.0,0.0,0.0,0.0,0.0,0.0,0.0,0.0,0.0,0.235,0.0,16.7,29.7,185221.0,0.0926105
2022-08-09,0.0,0.0,24.6,4.1,8.757,2996.5,2847.1,47.7,0.5,7.2,-0.5,0.173,-1.4,0.0,0.0,0.0,0.0,0.0,0.0,0.0,0.0,0.0,0.234,0.0,17.5,30.9,178601.0,0.0893005
2022-08-10,0.0,0.0,26.1,3.0,8.289,3034.9,2491.8,40.9,0.5,6.4,-0.5,0.168,-1.41,0.0,0.0,0.0,0.0,0.0,0.0,0.0,0.0,0.0,0.233,0.0,20.0,31.6,176742.0,0.088371
2022-08-11,0.0,0.0,26.1,2.7,7.581,3069.2,2371.5,37.7,0.5,6.1,-0.5,0.163,-1.396,0.0,0.0,0.0,0.0,0.0,0.0,0.0,0.0,0.0,0.233,0.0,20.5,31.6,171735.0,0.0858675
2022-08-12,0.0,0.0,27.2,2.8,7.487,3147.3,2798.8,35.1,0.5,7.2,-0.5,0.158,-1.418,0.0,0.0,0.0,0.0,0.0,0.0,0.0,0.0,0.0,0.232,0.0,20.9,34.4,173105.0,0.0865525
2022-08-13,0.0,0.0,26.6,2.2,7.116,2989.8,2628.6,34.1,0.3,6.1,-0.3,0.154,-1.472,0.0,0.0,0.0,0.0,0.0,0.0,0.0,0.0,0.0,0.231,0.0,19.9,32.2,163278.0,0.081639
2022-08-14,0.0,7.2,22.0,2.5,9.972,3033.5,1558.1,61.7,0.4,3.9,6.8,0.17,-1.531,0.0,0.0,0.0,0.0,0.0,0.0,0.0,0.0,0.0,0.231,0.0,19.1,27.5,94382.0,0.047191000000000004
2022-08-15,0.0,0.1,21.1,2.0,12.446,3210.7,1138.5,80.5,1.3,2.6,-1.2,0.21,-1.56,0.0,0.1,0.0,0.0,0.0,0.0,0.0,0.0,0.0,0.24,0.0,18.0,25.0,130090.0,0.065045
2022-08-16,0.0,35.0,21.3,1.7,12.051,3183.4,1203.1,77.3,1.4,2.9,33.6,0.286,-1.55,0.0,1.0,0.0,0.0,0.0,0.0,0.0,0.0,0.0,0.239,0.0,19.3,26.5,124378.0,0.062189
2022-08-17,0.0,0.5,20.2,1.4,12.837,3339.6,1401.3,87.2,2.9,2.6,-2.4,0.47,-1.286,1.9,1.8,0.0,0.0,0.0,0.0,0.0,0.0,0.0,0.281,0.0,18.7,22.1,102568.0,0.051284
2022-08-18,0.0,0.0,22.7,2.3,11.27,3041.3,1645.1,67.6,3.3,3.8,-3.3,0.435,-1.036,0.6,0.0,0.0,0.0,0.0,0.0,0.0,0.0,0.0,0.275,0.0,17.6,27.6,114340.0,0.05717
2022-08-19,0.0,0.5,20.6,1.8,11.521,3251.7,549.4,76.1,0.9,1.8,-0.4,0.42,-0.813,0.3,0.0,0.0,0.0,0.0,0.0,0.0,0.0,0.0,0.27,0.0,18.9,23.1,121496.0,0.060748
2022-08-20,0.0,0.0,20.2,1.3,9.331,2961.2,2004.2,65.3,3.9,3.6,-3.9,0.388,-0.61,0.2,0.0,0.0,0.0,0.0,0.0,0.0,0.0,0.0,0.269,0.0,15.2,24.3,154341.0,0.0771705
2022-08-21,0.0,0.0,21.4,1.6,9.779,2955.7,966.6,62.9,1.1,2.6,-1.1,0.369,-0.424,0.1,0.0,0.0,0.0,0.0,0.0,0.0,0.0,0.0,0.264,0.0,16.2,25.8,129728.0,0.064864
2022-08-22,0.0,0.0,21.9,1.6,10.538,3059.8,1231.1,64.8,1.9,2.9,-1.9,0.354,-0.255,0.0,0.0,0.0,0.0,0.0,0.0,0.0,0.0,0.0,0.262,0.0,18.2,25.1,127492.0,0.063746
2022-08-23,0.0,0.0,23.5,1.2,12.048,3200.5,1998.4,67.7,2.8,3.8,-2.8,0.328,-0.106,0.0,0.0,0.0,0.0,0.0,0.0,0.0,0.0,0.0,0.259,0.0,19.4,27.2,138535.0,0.0692675
2022-08-24,0.0,0.0,25.5,1.5,11.387,3135.1,1925.4,58.6,2.4,4.2,-2.4,0.304,0.01,0.0,0.0,0.0,0.0,0.0,0.0,0.0,0.0,0.0,0.255,0.0,19.8,30.6,165776.0,0.082888
2022-08-25,0.0,0.0,24.2,2.6,10.595,3068.7,1644.6,57.7,1.8,4.6,-1.8,0.285,0.071,0.0,0.0,0.0,0.0,0.0,0.0,0.0,0.0,0.0,0.252,0.0,19.7,31.1,132966.0,0.066483
2022-08-26,0.0,0.0,21.8,2.9,10.861,3050.4,1366.9,68.0,1.3,3.6,-1.3,0.272,0.068,0.0,0.0,0.0,0.0,0.0,0.0,0.0,0.0,0.0,0.249,0.0,18.8,26.4,134748.0,0.067374
2022-08-27,0.0,0.0,20.8,2.8,8.687,2711.0,1405.2,58.3,1.2,3.6,-1.2,0.26,-0.089,0.0,0.0,0.0,0.0,0.0,0.0,0.0,0.0,0.0,0.248,0.0,16.9,24.2,151189.0,0.0755945
2022-08-28,0.0,0.0,21.1,2.4,8.933,2833.0,1636.6,58.5,1.1,3.6,-1.1,0.25,-0.257,0.0,0.0,0.0,0.0,0.0,0.0,0.0,0.0,0.0,0.246,0.0,15.8,24.9,164925.0,0.0824625
2022-08-29,0.0,3.4,22.8,3.2,8.243,3030.3,1996.0,48.2,1.6,5.1,1.8,0.242,-0.43,0.0,0.0,0.0,0.0,0.0,0.0,0.0,0.0,0.0,0.245,0.0,17.9,28.4,133044.0,0.066522
2022-08-30,0.0,0.0,22.0,1.9,9.673,3027.8,1585.2,59.5,1.9,3.4,-1.9,0.25,-0.569,0.0,0.1,0.0,0.0,0.0,0.0,0.0,0.0,0.0,0.247,0.0,16.4,26.1,129754.0,0.064877
2022-08-31,0.0,0.0,22.3,2.4,9.62,2911.8,1917.3,58.4,1.3,4.3,-1.3,0.235,-0.693,0.0,0.0,0.0,0.0,0.0,0.0,0.0,0.0,0.0,0.244,0.0,17.2,27.7,127259.0,0.0636295
2022-09-01,0.0,0.4,23.0,1.9,9.649,3054.9,1010.3,57.2,1.0,3.0,-0.6,0.229,-0.795,0.0,0.0,0.0,0.0,0.0,0.0,0.0,0.0,0.0,0.242,0.0,18.4,28.0,145443.0,0.0727215
2022-09-02,0.0,0.1,20.7,1.7,10.53,2976.3,413.5,69.4,0.0,1.8,0.1,0.227,-0.885,0.0,0.0,0.0,0.0,0.0,0.0,0.0,0.0,0.0,0.241,0.0,17.7,23.0,111086.0,0.055543
2022-09-03,0.0,0.0,20.8,2.2,11.272,3038.3,661.8,74.0,0.3,2.0,-0.3,0.226,-0.955,0.0,0.0,0.0,0.0,0.0,0.0,0.0,0.0,0.0,0.242,0.0,18.4,23.0,120763.0,0.0603815
2022-09-04,0.0,4.9,23.1,1.9,9.619,3115.1,1878.0,56.7,1.5,3.9,3.4,0.223,-0.979,0.0,0.0,0.0,0.0,0.0,0.0,0.0,0.0,0.0,0.241,0.0,16.3,28.0,156964.0,0.078482
2022-09-05,0.0,10.7,21.9,1.4,11.075,3216.4,1502.1,70.5,2.5,3.3,8.2,0.264,-0.966,0.0,0.3,0.0,0.0,0.0,0.0,0.0,0.0,0.0,0.246,0.0,18.2,28.7,146293.0,0.0731465
2022-09-06,0.0,0.3,21.5,1.7,11.62,3162.9,1149.4,74.3,1.9,2.5,-1.6,0.32,-0.891,0.0,0.3,0.0,0.0,0.0,0.0,0.0,0.0,0.0,0.257,0.0,16.6,25.8,130341.0,0.0651705
2022-09-07,0.0,4.4,18.6,2.0,10.517,3013.1,605.8,79.3,0.7,1.8,3.7,0.321,-0.813,0.0,0.1,0.0,0.0,0.0,0.0,0.0,0.0,0.0,0.255,0.0,17.4,21.7,95245.0,0.0476225
2022-09-08,0.0,0.1,18.6,3.4,10.379,3032.3,984.8,78.6,1.7,2.3,-1.6,0.338,-0.715,0.0,0.2,0.0,0.0,0.0,0.0,0.0,0.0,0.0,0.259,0.0,16.0,21.5,121977.0,0.0609885
2022-09-09,0.0,2.8,17.2,4.2,9.589,3026.0,572.6,79.1,1.0,2.1,1.8,0.334,-0.607,0.0,0.1,0.0,0.0,0.0,0.0,0.0,0.0,0.0,0.257,0.0,15.9,19.4,111596.0,0.055798
2022-09-10,0.0,3.4,16.9,2.3,10.485,3211.5,399.9,87.8,0.5,1.2,2.9,0.353,-0.46,0.0,0.1,0.0,0.0,0.0,0.0,0.0,0.0,0.0,0.259,0.0,15.7,19.7,135785.0,0.0678925
2022-09-11,0.0,0.0,17.8,1.3,9.899,3107.3,1483.4,79.9,2.5,2.5,-2.5,0.357,-0.326,0.0,0.2,0.0,0.0,0.0,0.0,0.0,0.0,0.0,0.263,0.0,13.1,23.1,161786.0,0.080893
2022-09-12,0.0,0.0,20.9,1.9,9.989,3049.0,1749.9,66.8,2.8,3.2,-2.8,0.329,-0.237,0.0,0.0,0.0,0.0,0.0,0.0,0.0,0.0,0.0,0.259,0.0,14.2,26.4,143384.0,0.071692
2022-09-13,0.0,1.2,22.4,1.6,11.989,3051.9,824.9,71.5,0.8,2.2,0.4,0.323,-0.163,0.0,0.0,0.0,0.0,0.0,0.0,0.0,0.0,0.0,0.255,0.0,19.5,26.4,82024.0,0.041012
2022-09-14,0.0,0.1,22.4,2.6,12.369,3137.1,748.9,74.3,0.7,2.4,-0.6,0.32,-0.099,0.0,0.0,0.0,0.0,0.0,0.0,0.0,0.0,0.0,0.256,0.0,20.0,26.2,95653.0,0.0478265
2022-09-15,0.0,0.0,18.9,2.7,9.203,2850.0,1284.1,68.6,1.9,2.9,-1.9,0.305,-0.096,0.0,0.0,0.0,0.0,0.0,0.0,0.0,0.0,0.0,0.255,0.0,15.4,23.3,120232.0,0.060116
2022-09-16,0.0,0.0,15.2,3.8,6.924,2762.2,735.0,65.0,1.3,2.4,-1.3,0.292,-0.15,0.0,0.0,0.0,0.0,0.0,0.0,0.0,0.0,0.0,0.252,0.0,13.7,18.2,119585.0,0.0597925
2022-09-17,0.0,0.0,12.9,2.8,5.615,2523.3,1198.8,62.0,1.3,2.5,-1.3,0.278,-0.211,0.0,0.0,0.0,0.0,0.0,0.0,0.0,0.0,0.0,0.25,0.0,10.1,16.4,159001.0,0.0795005
2022-09-18,0.0,0.0,14.1,2.8,6.26,2557.2,1137.5,64.7,1.0,2.6,-1.0,0.268,-0.282,0.0,0.0,0.0,0.0,0.0,0.0,0.0,0.0,0.0,0.249,0.0,8.9,19.8,160455.0,0.0802275
2022-09-19,0.0,0.0,14.2,2.4,6.073,2673.9,1386.2,62.6,1.2,2.6,-1.2,0.257,-0.356,0.0,0.0,0.0,0.0,0.0,0.0,0.0,0.0,0.0,0.247,0.0,10.1,19.2,158207.0,0.0791035
2022-09-20,0.0,0.0,13.8,1.5,6.387,2803.3,807.0,66.5,0.6,1.8,-0.6,0.25,-0.447,0.0,0.0,0.0,0.0,0.0,0.0,0.0,0.0,0.0,0.245,0.0,9.8,18.2,152372.0,0.076186
2022-09-21,0.0,0.0,14.3,2.5,6.524,2841.9,1315.0,66.3,0.9,2.6,-0.9,0.242,-0.522,0.0,0.0,0.0,0.0,0.0,0.0,0.0,0.0,0.0,0.245,0.0,9.9,20.1,156810.0,0.078405
2022-09-22,0.0,0.0,14.4,0.9,5.998,2673.9,1480.4,61.0,0.8,2.0,-0.8,0.234,-0.576,0.0,0.0,0.0,0.0,0.0,0.0,0.0,0.0,0.0,0.243,0.0,8.2,20.3,153946.0,0.076973
2022-09-23,0.0,0.7,15.7,0.7,6.809,2724.0,458.1,63.0,0.0,1.4,0.7,0.232,-0.63,0.0,0.0,0.0,0.0,0.0,0.0,0.0,0.0,0.0,0.242,0.0,10.6,21.3,82474.0,0.041237
2022-09-24,0.0,0.9,15.2,2.0,8.585,2804.6,416.4,80.2,0.1,1.3,0.8,0.244,-0.679,0.0,0.0,0.0,0.0,0.0,0.0,0.0,0.0,0.0,0.243,0.0,13.2,17.6,74428.0,0.037214
2022-09-25,0.0,0.2,15.3,3.4,7.26,2671.4,1103.0,68.1,1.1,2.6,-0.9,0.239,-0.724,0.0,0.0,0.0,0.0,0.0,0.0,0.0,0.0,0.0,0.244,0.0,12.4,19.1,100781.0,0.0503905
2022-09-26,0.0,9.9,12.6,3.8,7.422,2911.9,307.6,81.7,0.8,1.3,9.1,0.281,-0.737,0.0,0.2,0.0,0.0,0.0,0.0,0.0,0.0,0.0,0.243,0.0,12.3,13.7,93522.0,0.046761
2022-09-27,0.0,5.2,12.5,4.0,7.836,3168.3,665.4,87.1,1.7,1.2,3.5,0.339,-0.708,0.0,0.4,0.0,0.0,0.0,0.0,0.0,0.0,0.0,0.255,0.0,11.2,13.9,84119.0,0.0420595
2022-09-28,0.0,0.1,12.7,2.1,7.117,2811.9,629.3,78.4,0.9,1.4,-0.8,0.346,-0.675,0.0,0.0,0.0,0.0,0.0,0.0,0.0,0.0,0.0,0.26,0.0,11.6,15.0,76932.0,0.038466
2022-09-29,0.0,2.2,11.1,1.0,7.036,2820.5,590.6,86.0,1.0,1.0,1.2,0.355,-0.616,0.0,0.1,0.0,0.0,0.0,0.0,0.0,0.0,0.0,0.259,0.0,10.8,12.0,83123.0,0.0415615
2022-09-30,0.0,3.1,13.0,2.6,6.799,2907.4,990.8,74.8,1.5,2.0,1.6,0.349,-0.558,0.0,0.0,0.0,0.0,0.0,0.0,0.0,0.0,0.0,0.26,0.0,7.6,17.8,116131.0,0.0580655
2022-10-01,0.0,0.5,17.0,4.4,9.162,3050.8,863.5,77.0,1.4,2.0,-0.9,0.359,-0.505,0.0,0.2,0.0,0.0,0.0,0.0,0.0,0.0,0.0,0.262,0.0,12.6,19.5,71004.0,0.035502
2022-10-02,0.0,4.1,15.9,2.5,9.752,3271.8,282.4,87.0,0.7,1.1,3.4,0.386,-0.436,0.1,0.3,0.0,0.0,0.0,0.0,0.0,0.0,0.0,0.261,0.0,14.8,18.8,97162.0,0.048581
2022-10-03,0.0,0.1,12.1,1.3,7.998,3136.0,1231.3,91.7,1.9,1.3,-1.8,0.376,-0.373,0.1,0.0,0.0,0.0,0.0,0.0,0.0,0.0,0.0,0.265,0.0,11.2,14.4,107163.0,0.0535815
2022-10-04,0.0,0.1,13.6,1.7,8.168,2931.1,1182.7,84.7,1.6,1.5,-1.5,0.36,-0.324,0.0,0.0,0.0,0.0,0.0,0.0,0.0,0.0,0.0,0.262,0.0,7.4,17.6,132280.0,0.06614
2022-10-05,0.0,0.0,16.6,3.1,8.846,3040.0,911.0,76.2,1.3,2.1,-1.3,0.347,-0.275,0.0,0.0,0.0,0.0,0.0,0.0,0.0,0.0,0.0,0.26,0.0,12.4,21.5,120869.0,0.0604345
2022-10-06,0.0,0.0,13.9,1.2,6.727,2708.3,1090.7,69.7,1.4,1.6,-1.4,0.333,-0.26,0.0,0.0,0.0,0.0,0.0,0.0,0.0,0.0,0.0,0.259,0.0,10.4,19.0,104171.0,0.0520855
2022-10-07,0.0,0.0,13.0,1.2,6.349,2781.0,1316.4,70.2,1.6,1.6,-1.6,0.317,-0.279,0.0,0.0,0.0,0.0,0.0,0.0,0.0,0.0,0.0,0.256,0.0,7.2,18.6,117386.0,0.058693
2022-10-08,0.0,0.0,13.8,1.9,6.704,2697.4,1123.8,70.0,1.2,1.8,-1.2,0.305,-0.312,0.0,0.0,0.0,0.0,0.0,0.0,0.0,0.0,0.0,0.254,0.0,11.4,18.5,86591.0,0.0432955
2022-10-09,0.0,0.0,12.5,2.1,6.368,2826.5,1366.1,71.8,1.2,1.8,-1.2,0.293,-0.364,0.0,0.0,0.0,0.0,0.0,0.0,0.0,0.0,0.0,0.252,0.0,7.2,18.3,120937.0,0.0604685
2022-10-10,0.0,0.0,14.8,2.1,8.463,3116.4,678.5,81.0,0.3,1.3,-0.3,0.288,-0.426,0.0,0.0,0.0,0.0,0.0,0.0,0.0,0.0,0.0,0.251,0.0,10.6,19.7,81550.0,0.040775
2022-10-11,0.0,0.0,13.5,2.3,6.488,2629.8,1163.9,68.5,1.1,1.9,-1.1,0.279,-0.501,0.0,0.0,0.0,0.0,0.0,0.0,0.0,0.0,0.0,0.25,0.0,10.3,18.3,83878.0,0.041939
2022-10-12,0.0,0.7,13.1,0.8,7.018,2828.0,1186.1,75.2,0.7,1.2,0.0,0.272,-0.605,0.0,0.0,0.0,0.0,0.0,0.0,0.0,0.0,0.0,0.249,0.0,8.5,17.8,92416.0,0.046208
2022-10-13,0.0,3.1,14.6,2.2,9.119,3147.1,243.3,88.2,0.1,0.8,3.0,0.284,-0.69,0.0,0.1,0.0,0.0,0.0,0.0,0.0,0.0,0.0,0.249,0.0,13.8,15.3,54291.0,0.0271455
2022-10-14,0.0,7.6,15.6,2.1,10.473,3313.9,290.4,94.9,0.2,0.7,7.4,0.321,-0.733,0.0,0.2,0.0,0.0,0.0,0.0,0.0,0.0,0.0,0.253,0.0,14.8,17.4,49716.0,0.024857999999999998
2022-10-15,0.0,1.2,16.6,2.5,10.302,3097.9,316.6,87.7,0.2,1.0,1.0,0.378,-0.719,0.0,0.3,0.0,0.0,0.0,0.0,0.0,0.0,0.0,0.263,0.0,15.4,18.2,87232.0,0.043616
2022-10-16,0.0,0.1,17.3,1.9,10.637,2987.3,444.3,86.8,0.1,1.1,0.0,0.378,-0.692,0.0,0.0,0.0,0.0,0.0,0.0,0.0,0.0,0.0,0.264,0.0,14.9,19.1,96164.0,0.048082
2022-10-17,0.0,10.6,17.5,1.7,11.581,3525.5,208.0,93.3,0.6,0.7,10.0,0.428,-0.623,0.1,0.8,0.0,0.0,0.0,0.0,0.0,0.0,0.0,0.264,0.0,16.9,18.3,65815.0,0.0329075
2022-10-18,0.0,0.1,17.0,1.3,11.224,3373.0,375.4,93.5,0.6,0.8,-0.5,0.459,-0.528,0.5,0.2,0.0,0.0,0.0,0.0,0.0,0.0,0.0,0.276,0.0,15.6,19.0,100627.0,0.0503135
2022-10-19,0.0,2.5,17.9,2.8,11.031,3247.6,740.6,87.2,1.4,1.4,1.1,0.463,-0.423,0.4,0.3,0.0,0.0,0.0,0.0,0.0,0.0,0.0,0.275,0.0,14.9,21.5,77006.0,0.038503
2022-10-20,0.0,8.5,18.0,2.7,10.706,3042.1,680.2,84.3,1.0,1.5,7.5,0.465,-0.323,0.3,0.1,0.0,0.0,0.0,0.0,0.0,0.0,0.0,0.276,0.0,16.7,21.5,55350.0,0.027674999999999998
2022-10-21,0.0,2.5,17.4,2.6,10.117,3028.5,610.1,82.7,1.0,1.4,1.5,0.52,-0.195,1.4,1.2,0.0,0.0,0.0,0.0,0.0,0.0,0.0,0.284,0.0,15.0,20.8,50233.0,0.0251165
2022-10-22,0.0,0.3,17.4,2.2,9.682,2942.4,948.1,78.8,1.4,1.5,-1.1,0.502,-0.083,0.9,0.0,0.0,0.0,0.0,0.0,0.0,0.0,0.0,0.284,0.0,14.6,21.0,93843.0,0.0469215
2022-10-23,0.0,0.0,18.9,3.2,9.497,2817.9,433.2,71.3,0.3,2.1,-0.3,0.491,0.008,0.5,0.0,0.0,0.0,0.0,0.0,0.0,0.0,0.0,0.281,0.0,15.5,24.1,55551.0,0.027775499999999998
2022-10-24,0.0,0.0,16.7,4.1,9.351,2880.1,455.0,79.5,0.4,1.5,-0.4,0.484,0.068,0.4,0.0,0.0,0.0,0.0,0.0,0.0,0.0,0.0,0.28,0.0,15.6,18.6,80002.0,0.040001
2022-10-25,0.0,0.1,16.3,2.6,9.47,2916.3,704.4,82.5,0.9,1.2,-0.8,0.474,0.089,0.3,0.0,0.0,0.0,0.0,0.0,0.0,0.0,0.0,0.279,0.0,14.1,18.5,65646.0,0.032823
2022-10-26,0.0,0.0,17.4,2.4,9.751,3044.5,1027.9,79.3,1.7,1.5,-1.7,0.457,0.103,0.2,0.0,0.0,0.0,0.0,0.0,0.0,0.0,0.0,0.277,0.0,15.1,21.8,87564.0,0.043782
2022-10-27,0.0,0.0,18.3,2.5,9.799,2884.9,596.7,75.5,0.3,1.5,-0.3,0.45,0.082,0.1,0.0,0.0,0.0,0.0,0.0,0.0,0.0,0.0,0.275,0.0,14.5,22.1,62815.0,0.0314075
2022-10-28,0.0,0.0,18.9,2.5,10.414,2886.6,626.4,76.9,0.3,1.5,-0.3,0.446,0.034,0.1,0.0,0.0,0.0,0.0,0.0,0.0,0.0,0.0,0.274,0.0,16.7,22.3,73100.0,0.03655
2022-10-29,0.0,0.0,18.9,1.8,9.833,2970.4,899.4,73.4,1.3,1.4,-1.3,0.436,-0.027,0.1,0.0,0.0,0.0,0.0,0.0,0.0,0.0,0.0,0.273,0.0,16.4,23.2,71100.0,0.03555
2022-10-30,0.0,0.0,15.7,1.5,8.974,2822.7,441.6,81.4,0.2,0.9,-0.2,0.431,-0.086,0.1,0.0,0.0,0.0,0.0,0.0,0.0,0.0,0.0,0.272,0.0,13.9,18.3,74142.0,0.037071
2022-10-31,0.0,1.7,16.6,3.2,9.228,2949.7,584.7,79.3,0.7,1.6,1.0,0.439,-0.164,0.1,0.1,0.0,0.0,0.0,0.0,0.0,0.0,0.0,0.271,0.0,12.6,21.3,60714.0,0.030357
2022-11-01,0.0,0.0,14.6,3.9,7.53,2671.1,597.6,73.5,0.8,1.6,-0.8,0.432,-0.233,0.1,0.0,0.0,0.0,0.0,0.0,0.0,0.0,0.0,0.272,0.0,11.2,17.8,84822.0,0.042411
2022-11-02,0.0,0.2,13.2,2.7,7.353,2471.1,638.0,78.5,0.4,1.0,-0.2,0.427,-0.297,0.0,0.0,0.0,0.0,0.0,0.0,0.0,0.0,0.0,0.271,0.0,11.1,15.2,95102.0,0.047550999999999996
2022-11-03,0.0,3.4,12.4,3.6,7.401,2783.0,249.1,82.9,0.3,1.1,3.1,0.435,-0.346,0.0,0.1,0.0,0.0,0.0,0.0,0.0,0.0,0.0,0.271,0.0,11.5,14.6,26475.0,0.0132375
2022-11-04,0.0,1.2,10.5,2.9,6.372,2601.7,299.9,81.1,0.1,0.9,1.1,0.455,-0.378,0.1,0.2,0.0,0.0,0.0,0.0,0.0,0.0,0.0,0.275,0.0,10.2,12.1,57366.0,0.028683
2022-11-05,0.0,0.0,9.8,2.7,6.272,2738.6,365.0,83.4,0.2,0.8,-0.2,0.461,-0.408,0.1,0.1,0.0,0.0,0.0,0.0,0.0,0.0,0.0,0.276,0.0,7.2,12.5,82018.0,0.041009
2022-11-06,0.0,7.9,10.5,3.7,7.093,2939.1,120.4,89.7,0.1,0.8,7.8,0.505,-0.412,0.3,0.8,0.0,0.0,0.0,0.0,0.0,0.0,0.0,0.276,0.0,9.4,12.8,68842.0,0.034421
2022-11-07,0.0,0.1,14.0,4.4,8.428,2783.2,544.1,85.0,0.5,1.1,-0.4,0.517,-0.412,0.6,0.0,0.0,0.0,0.0,0.0,0.0,0.0,0.0,0.285,0.0,11.8,16.4,84889.0,0.0424445
2022-11-08,0.0,0.6,14.2,3.9,7.795,2554.8,554.3,77.7,0.2,1.3,0.4,0.51,-0.408,0.4,0.0,0.0,0.0,0.0,0.0,0.0,0.0,0.0,0.283,0.0,11.0,18.2,42487.0,0.0212435
2022-11-09,0.0,0.1,12.3,2.5,7.368,2790.6,451.7,83.3,0.4,0.9,-0.3,0.508,-0.403,0.4,0.1,0.0,0.0,0.0,0.0,0.0,0.0,0.0,0.283,0.0,11.3,15.5,34256.0,0.017128
2022-11-10,0.0,0.0,10.1,3.0,6.883,3001.3,488.8,89.8,0.9,0.5,-0.9,0.5,-0.41,0.3,0.0,0.0,0.0,0.0,0.0,0.0,0.0,0.0,0.282,0.0,7.6,11.6,74835.0,0.0374175
2022-11-11,0.0,0.1,10.2,2.3,6.859,3064.6,327.1,88.7,0.7,0.6,-0.6,0.49,-0.424,0.2,0.0,0.0,0.0,0.0,0.0,0.0,0.0,0.0,0.281,0.0,9.2,11.4,83925.0,0.0419625
2022-11-12,0.0,0.1,11.0,1.3,7.432,3140.1,705.8,91.4,1.2,0.4,-1.1,0.48,-0.442,0.1,0.0,0.0,0.0,0.0,0.0,0.0,0.0,0.0,0.28,0.0,8.5,14.4,81189.0,0.0405945
2022-11-13,0.0,0.0,10.0,1.3,6.731,3126.4,701.6,88.7,1.4,0.4,-1.4,0.467,-0.459,0.1,0.0,0.0,0.0,0.0,0.0,0.0,0.0,0.0,0.278,0.0,7.6,15.4,70443.0,0.0352215
2022-11-14,0.0,0.3,10.0,2.0,7.111,3055.9,498.7,93.0,0.5,0.4,-0.2,0.459,-0.488,0.1,0.0,0.0,0.0,0.0,0.0,0.0,0.0,0.0,0.276,0.0,6.7,13.4,30031.0,0.0150155
2022-11-15,0.0,4.0,11.1,3.3,7.757,3001.1,113.9,94.6,0.1,0.5,3.9,0.481,-0.5,0.1,0.3,0.0,0.0,0.0,0.0,0.0,0.0,0.0,0.275,0.0,8.8,13.3,25643.0,0.0128215
2022-11-16,0.0,8.7,11.8,5.7,7.458,3040.7,401.6,87.0,1.4,0.9,7.3,0.523,-0.513,0.2,0.9,0.0,0.0,0.0,0.0,0.0,0.0,0.0,0.28,0.0,9.6,13.5,63705.0,0.0318525
2022-11-17,0.0,0.9,12.1,4.9,6.81,2590.6,616.3,77.7,1.0,1.2,-0.1,0.543,-0.517,0.6,0.0,0.0,0.0,0.0,0.0,0.0,0.0,0.0,0.289,0.0,11.3,14.1,48297.0,0.0241485
2022-11-18,0.0,0.1,10.0,2.9,6.216,2638.6,230.8,82.0,0.1,0.9,0.0,0.542,-0.519,0.4,0.1,0.0,0.0,0.0,0.0,0.0,0.0,0.0,0.288,0.0,8.6,12.6,55766.0,0.027883
2022-11-19,0.0,0.1,9.0,2.3,5.766,2693.9,522.0,81.7,0.7,0.6,-0.6,0.534,-0.53,0.4,0.0,0.0,0.0,0.0,0.0,0.0,0.0,0.0,0.287,0.0,7.1,12.1,63730.0,0.031865
2022-11-20,0.0,1.1,8.2,3.2,5.917,2794.1,113.6,87.7,0.3,0.7,0.8,0.535,-0.547,0.3,0.1,0.0,0.0,0.0,0.0,0.0,0.0,0.0,0.286,0.0,6.7,9.4,56837.0,0.0284185
2022-11-21,0.0,3.6,7.7,3.2,5.899,2807.6,316.2,90.6,0.6,0.4,3.0,0.54,-0.55,0.3,0.1,0.0,0.0,0.0,0.0,0.0,0.0,0.0,0.287,0.0,6.9,8.8,18554.0,0.009277
2022-11-22,0.0,0.6,8.7,4.3,5.569,2666.5,194.0,80.2,0.2,1.0,0.4,0.558,-0.524,0.4,0.3,0.0,0.0,0.0,0.0,0.0,0.0,0.0,0.29,0.0,5.8,10.9,48928.0,0.024464
2022-11-23,0.0,4.5,9.0,3.4,6.494,2863.4,109.9,90.9,0.0,0.6,4.5,0.582,-0.48,0.7,0.6,0.0,0.0,0.0,0.0,0.0,0.0,0.0,0.29,0.0,7.1,10.4,45587.0,0.0227935
2022-11-24,0.0,0.7,10.7,3.4,6.733,2601.1,461.1,84.7,0.1,0.7,0.6,0.581,-0.44,0.8,0.0,0.0,0.0,0.0,0.0,0.0,0.0,0.0,0.294,0.0,8.3,13.6,49958.0,0.024979
2022-11-25,0.0,0.2,9.8,2.3,6.63,2699.7,568.2,88.5,0.6,0.3,-0.4,0.577,-0.419,0.6,0.1,0.0,0.0,0.0,0.0,0.0,0.0,0.0,0.294,0.0,8.6,12.0,49072.0,0.024536
2022-11-26,0.0,0.0,7.2,2.5,5.928,2828.0,82.5,94.1,0.1,0.4,-0.1,0.57,-0.424,0.5,0.0,0.0,0.0,0.0,0.0,0.0,0.0,0.0,0.292,0.0,5.5,8.8,50333.0,0.0251665
2022-11-27,0.0,5.6,8.2,2.8,6.058,2880.6,146.3,89.6,0.1,0.5,5.5,0.576,-0.437,0.4,0.3,0.0,0.0,0.0,0.0,0.0,0.0,0.0,0.291,0.0,6.8,9.6,44639.0,0.0223195
2022-11-28,0.0,0.0,9.4,2.3,6.634,2753.1,278.7,90.9,0.1,0.4,-0.1,0.604,-0.428,0.9,0.4,0.0,0.0,0.0,0.0,0.0,0.0,0.0,0.297,0.0,8.6,11.1,30155.0,0.015077499999999999
2022-11-29,0.0,0.0,7.7,1.1,5.908,2923.0,111.6,90.6,0.3,0.4,-0.3,0.595,-0.41,0.7,0.0,0.0,0.0,0.0,0.0,0.0,0.0,0.0,0.296,0.0,7.6,8.2,37895.0,0.0189475
2022-11-30,0.0,0.0,6.6,2.7,5.401,2801.9,547.7,89.3,0.9,0.3,-0.9,0.582,-0.395,0.4,0.0,0.0,0.0,0.0,0.0,0.0,0.0,0.0,0.295,0.0,4.8,7.7,45945.0,0.0229725
2022-12-01,0.0,0.0,5.9,3.9,4.874,2465.8,140.7,84.6,0.1,0.6,-0.1,0.576,-0.384,0.3,0.0,0.0,0.0,0.0,0.0,0.0,0.0,0.0,0.293,0.0,5.2,6.5,31778.0,0.015889
2022-12-02,0.0,2.1,4.9,3.5,4.573,2519.1,208.9,85.4,0.3,0.5,1.8,0.578,-0.397,0.3,0.2,0.0,0.0,0.0,0.0,0.0,0.0,0.0,0.292,0.0,3.8,5.6,21594.0,0.010797
2022-12-03,0.0,0.0,3.4,4.3,4.076,2519.7,103.0,84.4,0.2,0.6,-0.2,0.584,-0.42,0.3,0.1,0.0,0.0,0.0,0.0,0.0,0.0,0.0,0.294,0.0,2.8,4.2,17139.0,0.0085695
2022-12-04,0.5,2.8,3.4,3.2,4.123,2466.3,105.9,85.2,0.1,0.5,3.2,0.589,-0.442,0.3,0.1,0.0,0.0,0.0,0.0,0.0,0.0,0.5,0.293,0.0,2.4,4.3,26103.0,0.0130515
2022-12-05,0.2,0.8,3.0,1.9,4.328,2794.4,94.2,92.5,0.2,0.4,0.8,0.61,-0.446,0.5,0.4,0.0,0.0,0.0,0.0,0.0,0.0,0.2,0.297,0.0,2.2,3.9,49484.0,0.024742
2022-12-06,0.0,0.0,3.7,1.4,4.65,2787.1,176.9,94.1,0.3,0.3,-0.3,0.604,-0.454,0.5,0.0,0.0,0.0,0.0,0.0,0.0,0.0,0.0,0.297,0.0,3.1,4.5,36593.0,0.0182965
2022-12-07,0.0,0.0,4.4,1.0,4.782,2848.2,449.6,92.1,0.6,0.1,-0.6,0.595,-0.471,0.4,0.0,0.0,0.0,0.0,0.0,0.0,0.0,0.0,0.296,0.0,2.1,6.7,44888.0,0.022444
2022-12-08,0.0,0.0,3.8,1.4,4.429,2761.6,161.3,89.0,0.4,0.3,-0.4,0.588,-0.513,0.3,0.0,0.0,0.0,0.0,0.0,0.0,0.0,0.0,0.295,0.0,3.4,4.0,21323.0,0.010661499999999999
2022-12-09,0.0,0.0,2.2,2.1,3.861,2623.4,347.4,87.3,0.6,0.2,-0.6,0.58,-0.554,0.2,0.0,0.0,0.0,0.0,0.0,0.0,0.0,0.0,0.294,0.0,1.5,2.7,27803.0,0.013901499999999999
2022-12-10,0.0,0.0,1.9,1.9,3.701,2516.7,377.7,85.7,0.5,0.2,-0.5,0.574,-0.585,0.2,0.0,0.0,0.0,0.0,0.0,0.0,0.0,0.0,0.293,0.0,1.4,3.8,42740.0,0.02137
2022-12-11,0.0,0.0,-1.2,2.5,3.086,2180.1,174.4,89.2,0.1,0.3,-0.1,0.57,-0.615,0.1,0.0,0.0,0.0,0.0,0.0,0.0,0.0,0.0,0.29,0.002,-1.8,-0.5,43859.0,0.0219295
2022-12-12,0.0,0.0,-1.2,2.1,2.909,2346.1,515.3,84.1,0.4,0.2,-0.4,0.566,-0.658,0.1,0.0,0.0,0.0,0.0,0.0,0.0,0.0,0.0,0.284,0.008,-1.7,-0.3,27612.0,0.013806
2022-12-13,0.1,0.0,-0.4,2.2,2.555,2084.3,281.2,69.9,0.0,0.5,0.1,0.564,-0.709,0.1,0.0,0.0,0.0,0.0,0.0,0.0,0.0,0.0,0.28,0.011,-2.8,1.3,21282.0,0.010641
2022-12-14,0.2,0.0,0.9,2.3,3.023,2358.9,246.2,75.3,0.1,0.4,0.1,0.565,-0.74,0.1,0.0,0.1,0.1,0.001,0.001,0.002,0.1,0.2,0.277,0.013,-0.2,1.9,23490.0,0.011745
2022-12-15,0.0,0.0,0.1,3.1,2.822,2092.4,274.3,74.4,0.0,0.6,0.0,0.564,-0.774,0.1,0.0,0.1,0.1,0.001,0.001,0.001,0.1,0.0,0.276,0.015,-2.1,1.4,16808.0,0.008404
2022-12-16,0.0,0.0,0.1,2.3,3.284,2377.1,422.5,86.5,0.2,0.2,-0.2,0.564,-0.808,0.0,0.0,0.0,0.1,0.0,0.001,0.001,0.0,0.1,0.272,0.019,-0.6,1.3,41763.0,0.0208815
2022-12-17,0.0,0.0,-1.4,1.6,3.046,2412.0,75.2,89.1,0.0,0.3,0.0,0.563,-0.837,0.0,0.0,0.0,0.0,0.0,0.0,0.0,0.0,0.0,0.277,0.014,-1.6,-0.6,49040.0,0.02452
2022-12-18,0.0,5.1,-0.2,3.1,3.28,2504.5,189.8,86.0,-0.1,0.5,5.2,0.573,-0.861,0.0,0.2,0.0,0.0,0.0,0.0,0.0,0.0,0.0,0.271,0.02,-4.1,7.7,39924.0,0.019962
2022-12-19,0.0,0.4,9.8,3.4,5.923,2718.8,198.6,79.2,-0.4,0.8,0.8,0.61,-0.869,0.2,0.3,0.0,0.0,0.0,0.0,0.0,0.0,0.0,0.288,0.009,3.1,12.3,27507.0,0.0137535
2022-12-20,0.0,6.4,11.6,3.5,7.247,3020.9,142.0,85.9,-0.2,0.8,6.6,0.638,-0.862,0.5,0.8,0.0,0.0,0.0,0.0,0.0,0.0,0.0,0.297,0.0,11.0,11.9,14356.0,0.0071779999999999995
2022-12-21,0.0,7.8,11.1,3.9,7.68,3058.5,92.7,93.2,-0.1,0.5,7.9,0.682,-0.837,1.5,1.0,0.0,0.0,0.0,0.0,0.0,0.0,0.0,0.305,0.0,9.3,12.8,31217.0,0.015608499999999999
2022-12-22,0.0,8.0,12.9,4.1,8.031,3056.4,114.4,86.7,-0.1,0.8,8.1,0.708,-0.803,2.5,0.3,0.0,0.0,0.0,0.0,0.0,0.0,0.0,0.312,0.0,12.1,14.0,22178.0,0.011089
2022-12-23,0.0,0.9,13.9,4.0,8.518,2966.4,97.1,86.5,-0.1,0.8,1.0,0.734,-0.747,3.5,1.4,0.0,0.0,0.0,0.0,0.0,0.0,0.0,0.318,0.0,13.2,15.8,24002.0,0.012001
2022-12-24,0.0,1.5,11.3,2.8,7.503,3016.1,87.8,90.5,0.0,0.5,1.5,0.719,-0.691,1.7,0.1,0.0,0.0,0.0,0.0,0.0,0.0,0.0,0.314,0.0,11.0,11.7,38744.0,0.019372
2022-12-25,0.0,0.0,12.1,3.2,7.771,2938.4,97.7,88.9,-0.2,0.6,0.2,0.716,-0.632,1.3,0.1,0.0,0.0,0.0,0.0,0.0,0.0,0.0,0.314,0.0,10.8,13.2,37073.0,0.0185365
2022-12-26,0.0,1.3,10.1,3.5,6.454,2718.2,77.3,83.1,0.1,0.9,1.2,0.715,-0.562,1.0,0.2,0.0,0.0,0.0,0.0,0.0,0.0,0.0,0.312,0.0,7.8,12.3,29648.0,0.014824
2022-12-27,0.0,0.1,7.4,3.5,5.229,2515.1,503.3,82.1,0.5,0.7,-0.4,0.705,-0.488,0.8,0.0,0.0,0.0,0.0,0.0,0.0,0.0,0.0,0.312,0.0,5.3,9.7,43765.0,0.0218825
2022-12-28,0.0,4.9,10.9,5.8,6.881,2845.4,57.0,85.4,0.0,1.0,4.9,0.715,-0.413,0.7,0.5,0.0,0.0,0.0,0.0,0.0,0.0,0.0,0.311,0.0,7.5,11.8,41207.0,0.0206035
2022-12-29,0.0,0.0,9.9,4.7,5.998,2452.1,336.0,79.0,0.2,0.9,-0.2,0.728,-0.357,1.1,0.2,0.0,0.0,0.0,0.0,0.0,0.0,0.0,0.316,0.0,8.1,11.8,21783.0,0.0108915
2022-12-30,0.0,3.5,11.2,5.8,7.834,3057.9,62.7,93.5,-0.2,0.6,3.7,0.738,-0.315,1.0,0.5,0.0,0.0,0.0,0.0,0.0,0.0,0.0,0.314,0.0,7.0,15.8,19461.0,0.0097305
2022-12-31,0.0,0.0,15.6,6.3,7.479,2730.9,329.5,67.8,0.6,1.8,-0.6,0.735,-0.3,1.1,0.0,0.0,0.0,0.0,0.0,0.0,0.0,0.0,0.317,0.0,14.6,16.2,34017.0,0.0170085
2023-01-01,0.0,4.7,13.5,4.3,7.145,2771.2,80.9,75.0,-0.1,1.6,4.8,0.736,-0.217,0.8,0.2,0.0,0.0,0.0,0.0,0.0,0.0,0.0,0.315,0.0,12.1,14.5,32578.0,0.016288999999999998
2023-01-02,0.0,1.7,10.7,2.8,7.21,2981.6,251.1,90.3,0.4,0.5,1.3,0.763,-0.217,1.4,0.8,0.0,0.0,0.0,0.0,0.0,0.0,0.0,0.32,0.0,9.8,11.6,27312.0,0.013656
2023-01-03,0.0,1.6,8.5,3.7,6.389,2925.7,365.1,92.7,0.6,0.3,1.0,0.759,-0.215,1.1,0.2,0.0,0.0,0.0,0.0,0.0,0.0,0.0,0.319,0.0,7.0,11.0,44324.0,0.022162
2023-01-04,0.0,1.3,12.3,5.0,8.141,3048.0,75.0,91.5,-0.1,0.7,1.4,0.757,-0.21,0.9,0.2,0.0,0.0,0.0,0.0,0.0,0.0,0.0,0.319,0.0,9.7,13.7,42219.0,0.0211095
2023-01-05,0.0,0.5,12.6,2.9,7.814,2957.8,140.5,86.0,0.0,0.7,0.5,0.753,-0.21,0.8,0.0,0.0,0.0,0.0,0.0,0.0,0.0,0.0,0.319,0.0,11.9,13.8,38749.0,0.0193745
2023-01-06,0.0,0.0,11.9,2.8,7.13,2924.5,88.6,82.6,0.0,0.9,0.0,0.749,-0.206,0.7,0.1,0.0,0.0,0.0,0.0,0.0,0.0,0.0,0.318,0.0,10.9,12.8,36289.0,0.0181445
2023-01-07,0.0,2.7,10.4,5.0,6.064,2639.1,259.0,77.8,0.3,1.1,2.4,0.745,-0.209,0.5,0.0,0.0,0.0,0.0,0.0,0.0,0.0,0.0,0.317,0.0,9.5,10.9,38095.0,0.0190475
2023-01-08,0.0,1.3,9.6,4.9,6.049,2812.2,200.1,81.7,0.4,1.1,0.9,0.762,-0.203,0.7,0.5,0.0,0.0,0.0,0.0,0.0,0.0,0.0,0.319,0.0,8.8,11.2,21151.0,0.0105755
2023-01-09,0.0,3.3,7.7,5.1,5.087,2402.6,206.5,78.0,0.3,1.2,3.0,0.776,-0.193,0.9,0.4,0.0,0.0,0.0,0.0,0.0,0.0,0.0,0.319,0.0,6.8,9.4,44882.0,0.022441
2023-01-10,0.0,4.7,8.4,4.0,6.252,2786.1,71.2,90.3,-0.2,0.8,4.9,0.793,-0.169,1.2,0.6,0.0,0.0,0.0,0.0,0.0,0.0,0.0,0.322,0.0,5.5,12.6,47070.0,0.023535
2023-01-11,0.0,0.0,11.0,4.4,6.633,2667.8,169.6,81.3,0.0,1.0,0.0,0.796,-0.151,1.4,0.2,0.0,0.0,0.0,0.0,0.0,0.0,0.0,0.326,0.0,10.4,11.6,36229.0,0.0181145
2023-01-12,0.0,2.8,11.2,5.4,7.149,2920.8,87.0,86.7,0.2,0.8,2.6,0.796,-0.147,1.0,0.3,0.0,0.0,0.0,0.0,0.0,0.0,0.0,0.324,0.0,9.9,11.7,41569.0,0.0207845
2023-01-13,0.0,0.3,9.8,4.4,5.864,2481.7,401.2,78.2,0.3,0.9,0.0,0.795,-0.138,1.1,0.1,0.0,0.0,0.0,0.0,0.0,0.0,0.0,0.326,0.0,9.2,10.8,48976.0,0.024488
2023-01-14,0.0,12.7,10.6,5.4,7.159,2943.1,84.8,89.6,0.2,0.8,12.5,0.835,-0.101,1.7,2.2,0.0,0.0,0.0,0.0,0.0,0.0,0.0,0.324,0.0,8.6,12.7,38115.0,0.0190575
2023-01-15,0.0,5.4,7.8,5.9,4.852,2315.4,240.2,74.5,0.7,1.2,4.7,0.857,-0.047,3.0,0.0,0.0,0.0,0.0,0.0,0.0,0.0,0.0,0.335,0.0,6.8,8.9,47118.0,0.023559
2023-01-16,0.0,2.6,5.5,5.9,4.862,2766.9,110.6,86.7,0.8,0.7,1.8,0.875,0.023,2.9,1.3,0.0,0.0,0.0,0.0,0.0,0.0,0.0,0.337,0.0,5.0,6.3,28484.0,0.014242
2023-01-17,0.1,0.3,2.8,2.5,4.087,2323.2,146.9,88.2,0.0,0.5,0.4,0.86,0.091,1.7,0.1,0.0,0.0,0.0,0.0,0.0,0.0,0.1,0.335,0.0,0.8,4.6,27447.0,0.0137235
2023-01-18,0.0,0.1,2.8,2.3,3.697,2176.6,647.5,80.3,0.3,0.5,-0.2,0.847,0.143,1.1,0.0,0.0,0.0,0.0,0.0,0.0,0.0,0.0,0.329,0.004,0.4,6.5,49743.0,0.0248715
2023-01-19,0.3,1.0,1.9,2.0,4.01,2677.0,108.9,92.4,0.3,0.4,1.0,0.842,0.185,0.9,0.2,0.0,0.0,0.0,0.0,0.0,0.0,0.3,0.331,0.001,0.9,3.1,34370.0,0.017185
2023-01-20,0.0,0.1,3.6,2.8,4.184,2577.4,437.7,86.0,0.6,0.4,-0.5,0.835,0.216,0.8,0.0,0.0,0.0,0.0,0.0,0.0,0.0,0.0,0.331,0.0,0.6,5.3,58483.0,0.0292415
2023-01-21,0.0,0.0,2.3,4.2,3.426,2339.2,296.5,76.8,0.5,0.7,-0.5,0.824,0.244,0.6,0.0,0.0,0.0,0.0,0.0,0.0,0.0,0.0,0.33,0.0,1.1,3.5,63040.0,0.03152
2023-01-22,0.0,0.0,1.3,3.7,3.227,2326.6,210.8,77.4,0.1,0.6,-0.1,0.817,0.26,0.5,0.0,0.0,0.0,0.0,0.0,0.0,0.0,0.0,0.325,0.003,0.3,2.0,41447.0,0.0207235
2023-01-23,0.0,0.0,2.5,4.1,3.589,2672.5,120.0,79.4,0.3,0.7,-0.3,0.811,0.273,0.4,0.0,0.0,0.0,0.0,0.0,0.0,0.0,0.0,0.325,0.002,1.5,3.3,26204.0,0.013101999999999999
2023-01-24,0.0,0.0,2.8,3.5,3.793,2743.8,124.6,81.7,0.3,0.7,-0.3,0.804,0.246,0.4,0.0,0.0,0.0,0.0,0.0,0.0,0.0,0.0,0.326,0.0,1.9,3.4,35211.0,0.0176055
2023-01-25,0.0,0.1,1.2,2.8,3.739,2746.8,419.7,90.8,0.7,0.3,-0.6,0.794,0.197,0.4,0.0,0.0,0.0,0.0,0.0,0.0,0.0,0.0,0.325,0.0,-0.1,1.9,25951.0,0.0129755
2023-01-26,0.1,0.4,3.5,2.8,4.506,2796.1,358.7,92.7,0.4,0.4,0.1,0.791,0.125,0.3,0.1,0.0,0.0,0.0,0.0,0.0,0.0,0.1,0.324,0.0,0.1,5.6,35006.0,0.017503
2023-01-27,0.0,0.0,5.0,4.4,4.189,2616.6,182.7,77.6,0.3,0.9,-0.3,0.786,0.052,0.3,0.0,0.0,0.0,0.0,0.0,0.0,0.0,0.0,0.324,0.0,4.8,5.3,37901.0,0.0189505
2023-01-28,0.0,0.0,3.2,3.6,3.532,2198.9,219.4,74.1,0.1,0.8,-0.1,0.781,-0.016,0.3,0.0,0.0,0.0,0.0,0.0,0.0,0.0,0.0,0.323,0.0,2.5,4.0,30167.0,0.0150835
2023-01-29,0.0,0.0,3.0,1.6,3.631,2435.9,233.5,77.7,0.0,0.6,0.0,0.778,-0.08,0.3,0.0,0.0,0.0,0.0,0.0,0.0,0.0,0.0,0.318,0.004,-0.8,5.0,65990.0,0.032995000000000003
2023-01-30,0.0,0.2,6.0,2.5,5.067,2659.9,266.4,87.2,0.0,0.6,0.2,0.777,-0.144,0.3,0.0,0.0,0.0,0.0,0.0,0.0,0.0,0.0,0.321,0.001,4.4,8.0,65877.0,0.0329385
2023-01-31,0.0,0.0,6.3,2.8,5.013,2555.7,206.8,84.6,-0.2,0.7,0.2,0.775,-0.194,0.3,0.0,0.0,0.0,0.0,0.0,0.0,0.0,0.0,0.322,0.0,2.8,8.6,63368.0,0.031684000000000004
2023-02-01,0.0,0.0,8.6,3.5,5.045,2228.5,203.7,73.3,-0.2,1.0,0.2,0.775,-0.235,0.3,0.0,0.0,0.0,0.0,0.0,0.0,0.0,0.0,0.322,0.0,7.4,9.6,60137.0,0.0300685
2023-02-02,0.0,0.0,8.9,3.6,5.248,2507.9,289.9,74.6,0.0,1.1,0.0,0.773,-0.259,0.3,0.0,0.0,0.0,0.0,0.0,0.0,0.0,0.0,0.321,0.0,7.0,10.1,75140.0,0.03757
2023-02-03,0.0,0.0,9.5,2.9,5.909,2844.9,209.1,80.4,0.0,0.9,0.0,0.771,-0.273,0.3,0.0,0.0,0.0,0.0,0.0,0.0,0.0,0.0,0.321,0.0,8.3,10.6,86264.0,0.043132000000000004
2023-02-04,0.0,1.1,9.6,2.4,6.337,3015.3,181.5,85.3,0.2,0.8,0.9,0.774,-0.275,0.3,0.1,0.0,0.0,0.0,0.0,0.0,0.0,0.0,0.321,0.0,9.5,10.3,66505.0,0.0332525
2023-02-05,0.0,0.0,7.6,4.1,4.663,2381.6,460.3,72.3,0.5,1.2,-0.5,0.77,-0.285,0.3,0.0,0.0,0.0,0.0,0.0,0.0,0.0,0.0,0.322,0.0,7.5,9.3,66336.0,0.033168
2023-02-06,0.0,0.0,4.8,3.6,4.133,2283.2,750.3,78.3,0.8,0.9,-0.8,0.762,-0.293,0.2,0.0,0.0,0.0,0.0,0.0,0.0,0.0,0.0,0.32,0.0,2.6,8.2,98159.0,0.0490795
2023-02-07,0.0,0.0,3.1,2.7,3.357,2173.4,1066.3,71.3,1.3,0.8,-1.3,0.749,-0.308,0.2,0.0,0.0,0.0,0.0,0.0,0.0,0.0,0.0,0.318,0.001,1.1,5.5,90344.0,0.045172
2023-02-08,0.0,0.0,2.7,1.6,2.847,2186.0,1058.5,63.0,1.2,0.7,-1.2,0.735,-0.339,0.2,0.0,0.0,0.0,0.0,0.0,0.0,0.0,0.0,0.316,0.002,-0.1,5.9,116322.0,0.058161
2023-02-09,0.0,0.0,3.1,0.9,3.117,2366.6,755.5,66.2,0.6,0.6,-0.6,0.727,-0.383,0.2,0.0,0.0,0.0,0.0,0.0,0.0,0.0,0.0,0.313,0.003,-1.2,6.6,106804.0,0.053402
2023-02-10,0.0,0.0,7.0,1.7,4.718,2716.1,292.3,76.5,0.0,0.8,0.0,0.723,-0.426,0.2,0.0,0.0,0.0,0.0,0.0,0.0,0.0,0.0,0.314,0.0,4.4,10.3,113532.0,0.056766
2023-02-11,0.0,0.0,6.9,1.6,5.147,2663.2,358.6,83.7,0.0,0.7,0.0,0.721,-0.463,0.2,0.0,0.0,0.0,0.0,0.0,0.0,0.0,0.0,0.314,0.0,2.1,9.8,119140.0,0.05957
2023-02-12,0.0,0.0,7.4,2.0,5.169,2561.1,455.8,81.3,0.2,0.8,-0.2,0.718,-0.502,0.2,0.0,0.0,0.0,0.0,0.0,0.0,0.0,0.0,0.314,0.0,7.1,9.3,116365.0,0.0581825
2023-02-13,0.0,0.0,6.4,1.0,4.87,2669.1,1101.1,82.8,1.1,0.7,-1.1,0.708,-0.562,0.1,0.0,0.0,0.0,0.0,0.0,0.0,0.0,0.0,0.313,0.0,2.7,12.2,124560.0,0.06228
2023-02-14,0.0,0.0,6.1,1.2,4.62,2666.0,1129.1,79.6,1.2,0.7,-1.2,0.695,-0.637,0.1,0.0,0.0,0.0,0.0,0.0,0.0,0.0,0.0,0.311,0.0,0.7,10.9,119653.0,0.0598265
2023-02-15,0.0,0.0,7.6,1.7,4.984,2605.5,660.9,77.7,0.5,0.8,-0.5,0.687,-0.707,0.1,0.0,0.0,0.0,0.0,0.0,0.0,0.0,0.0,0.31,0.0,3.1,11.0,115053.0,0.0575265
2023-02-16,0.0,0.0,10.1,3.3,6.232,2641.4,412.9,80.8,-0.1,1.0,0.1,0.685,-0.754,0.1,0.0,0.0,0.0,0.0,0.0,0.0,0.0,0.0,0.309,0.0,6.1,12.8,102653.0,0.0513265
2023-02-17,0.0,0.0,13.2,3.0,8.008,2878.2,259.4,85.2,-0.1,0.9,0.1,0.685,-0.783,0.1,0.0,0.0,0.0,0.0,0.0,0.0,0.0,0.0,0.309,0.0,11.4,14.9,86323.0,0.0431615
2023-02-18,0.0,0.0,11.8,4.0,6.295,2931.9,216.0,73.6,0.3,1.4,-0.3,0.682,-0.811,0.1,0.0,0.0,0.0,0.0,0.0,0.0,0.0,0.0,0.308,0.0,11.6,12.2,94109.0,0.0470545
2023-02-19,0.0,0.0,10.5,2.5,5.85,2784.8,346.4,74.7,0.3,1.1,-0.3,0.679,-0.851,0.1,0.0,0.0,0.0,0.0,0.0,0.0,0.0,0.0,0.308,0.0,10.8,11.9,84927.0,0.0424635
2023-02-20,0.0,0.0,7.6,1.5,5.352,2709.3,992.5,83.7,0.9,0.9,-0.9,0.67,-0.901,0.1,0.0,0.0,0.0,0.0,0.0,0.0,0.0,0.0,0.307,0.0,4.6,11.8,122907.0,0.0614535
2023-02-21,0.0,0.0,9.0,0.8,5.466,2630.8,772.2,77.3,0.5,0.8,-0.5,0.663,-0.962,0.1,0.0,0.0,0.0,0.0,0.0,0.0,0.0,0.0,0.306,0.0,2.6,14.0,82541.0,0.0412705
2023-02-22,0.0,0.3,9.3,2.2,6.26,2682.1,178.3,86.4,-0.1,0.8,0.4,0.662,-1.024,0.1,0.0,0.0,0.0,0.0,0.0,0.0,0.0,0.0,0.305,0.0,9.0,9.6,36289.0,0.0181445
2023-02-23,0.0,0.0,8.8,2.8,5.682,2565.9,169.6,81.2,0.0,0.9,0.0,0.663,-1.071,0.1,0.0,0.0,0.0,0.0,0.0,0.0,0.0,0.0,0.305,0.0,6.8,10.1,37809.0,0.0189045
2023-02-24,0.0,0.0,8.3,3.3,5.066,2615.5,1034.8,74.8,1.0,1.3,-1.0,0.655,-1.117,0.1,0.0,0.0,0.0,0.0,0.0,0.0,0.0,0.0,0.305,0.0,7.5,10.2,65826.0,0.032913
2023-02-25,0.0,0.0,6.3,4.4,3.912,2405.1,686.5,66.7,0.9,1.6,-0.9,0.645,-1.167,0.1,0.0,0.0,0.0,0.0,0.0,0.0,0.0,0.0,0.304,0.0,4.8,9.6,63153.0,0.0315765
2023-02-26,0.0,0.0,3.0,5.4,2.533,1966.7,1093.3,54.5,1.0,1.8,-1.0,0.634,-1.218,0.1,0.0,0.0,0.0,0.0,0.0,0.0,0.0,0.0,0.301,0.001,1.0,5.3,130715.0,0.0653575
2023-02-27,0.0,0.0,3.2,5.4,2.504,1894.5,1475.2,53.8,1.0,2.2,-1.0,0.623,-1.284,0.1,0.0,0.0,0.0,0.0,0.0,0.0,0.0,0.0,0.298,0.003,-0.1,7.5,90969.0,0.0454845
2023-02-28,0.0,0.0,2.7,4.1,2.458,2055.4,925.1,54.3,0.5,1.6,-0.5,0.616,-1.341,0.1,0.0,0.0,0.0,0.0,0.0,0.0,0.0,0.0,0.296,0.003,-0.1,5.2,93946.0,0.046973
2023-03-01,0.0,0.0,3.5,3.9,2.783,1973.2,1079.0,58.0,0.5,1.7,-0.5,0.61,-1.369,0.1,0.0,0.0,0.0,0.0,0.0,0.0,0.0,0.0,0.295,0.003,0.0,7.8,134119.0,0.0670595
2023-03-02,0.0,0.0,4.8,2.7,3.271,2111.8,1327.2,62.0,0.6,1.6,-0.6,0.603,-1.406,0.1,0.0,0.0,0.0,0.0,0.0,0.0,0.0,0.0,0.295,0.003,0.4,9.4,99917.0,0.0499585
2023-03-03,0.0,0.0,4.6,3.1,3.773,2180.4,1543.6,72.6,0.6,1.5,-0.6,0.596,-1.446,0.1,0.0,0.0,0.0,0.0,0.0,0.0,0.0,0.0,0.295,0.001,1.7,8.4,101456.0,0.050728
2023-03-04,0.0,0.0,4.6,3.0,3.922,2583.7,430.4,75.0,0.1,1.0,-0.1,0.593,-1.492,0.1,0.0,0.0,0.0,0.0,0.0,0.0,0.0,0.0,0.295,0.001,1.6,6.3,121761.0,0.0608805
2023-03-05,0.0,0.0,6.0,1.8,4.337,2487.0,359.6,75.3,0.0,0.8,0.0,0.592,-1.544,0.1,0.0,0.0,0.0,0.0,0.0,0.0,0.0,0.0,0.295,0.0,4.3,7.0,130313.0,0.0651565
2023-03-06,0.0,0.0,6.5,3.5,4.012,2275.8,617.1,67.4,0.2,1.4,-0.2,0.59,-1.59,0.1,0.0,0.0,0.0,0.0,0.0,0.0,0.0,0.0,0.294,0.001,4.3,8.0,94004.0,0.047002
2023-03-07,0.0,7.9,7.3,3.9,4.277,2492.9,721.3,68.0,0.5,1.5,7.4,0.598,-1.623,0.1,0.1,0.0,0.0,0.0,0.0,0.0,0.0,0.0,0.294,0.0,5.2,9.0,67091.0,0.0335455
2023-03-08,0.0,16.7,10.4,4.8,7.226,2980.6,306.0,91.6,0.1,0.8,16.6,0.776,-1.524,0.3,2.0,0.0,0.0,0.0,0.0,0.0,0.0,0.0,0.304,0.0,5.9,14.1,56638.0,0.028319
2023-03-09,0.0,4.7,12.5,5.3,7.137,2863.1,261.5,80.5,0.4,1.8,4.3,0.799,-1.371,0.5,0.2,0.0,0.0,0.0,0.0,0.0,0.0,0.0,0.325,0.0,10.1,16.2,87425.0,0.0437125
2023-03-10,0.0,0.8,8.0,5.0,5.168,2622.5,285.2,76.9,0.9,1.4,-0.1,0.821,-1.178,0.8,0.6,0.0,0.0,0.0,0.0,0.0,0.0,0.0,0.329,0.0,5.8,9.6,72883.0,0.0364415
2023-03-11,0.0,0.9,6.9,2.4,4.701,2605.8,651.0,76.0,0.7,1.2,0.2,0.81,-0.997,0.6,0.1,0.0,0.0,0.0,0.0,0.0,0.0,0.0,0.327,0.0,3.8,10.0,69901.0,0.0349505
2023-03-12,0.0,1.0,12.0,4.0,6.962,2963.6,258.5,80.5,0.1,1.4,0.9,0.809,-0.777,0.6,0.1,0.0,0.0,0.0,0.0,0.0,0.0,0.0,0.327,0.0,8.6,13.5,101399.0,0.0506995
2023-03-13,0.0,1.1,13.9,5.8,7.729,2748.9,460.1,78.5,0.5,1.8,0.6,0.81,-0.541,0.6,0.1,0.0,0.0,0.0,0.0,0.0,0.0,0.0,0.327,0.0,13.1,16.3,105708.0,0.052854
2023-03-14,0.0,2.1,9.0,5.7,4.977,2534.4,1015.6,70.2,2.5,2.2,-0.4,0.798,-0.309,0.4,0.2,0.0,0.0,0.0,0.0,0.0,0.0,0.0,0.327,0.0,8.3,11.2,106391.0,0.0531955
2023-03-15,0.0,0.0,7.7,2.6,4.244,2406.7,883.0,67.4,1.0,1.6,-1.0,0.793,-0.08,0.4,0.2,0.0,0.0,0.0,0.0,0.0,0.0,0.0,0.326,0.0,3.0,12.0,138410.0,0.069205
2023-03-16,0.0,0.0,11.5,2.7,4.541,2361.7,1176.0,54.2,1.3,2.3,-1.3,0.779,0.144,0.3,0.0,0.0,0.0,0.0,0.0,0.0,0.0,0.0,0.324,0.0,6.2,15.2,155148.0,0.077574
2023-03-17,0.0,2.7,13.1,2.9,6.609,2594.5,784.0,71.1,0.5,1.9,2.2,0.775,0.347,0.2,0.1,0.0,0.0,0.0,0.0,0.0,0.0,0.0,0.322,0.0,10.1,16.5,97495.0,0.0487475
2023-03-18,0.0,1.2,12.9,4.2,7.148,2713.0,702.6,78.3,0.7,1.9,0.5,0.784,0.405,0.3,0.2,0.0,0.0,0.0,0.0,0.0,0.0,0.0,0.324,0.0,9.8,16.1,102612.0,0.051306
2023-03-19,0.0,1.5,9.8,2.8,6.043,2769.7,398.5,79.7,0.7,1.2,0.8,0.795,0.439,0.3,0.3,0.0,0.0,0.0,0.0,0.0,0.0,0.0,0.324,0.0,10.3,10.5,95960.0,0.04798
2023-03-20,0.0,0.3,10.8,2.1,5.478,2670.6,597.9,68.6,0.4,1.5,-0.1,0.788,0.459,0.3,0.0,0.0,0.0,0.0,0.0,0.0,0.0,0.0,0.324,0.0,5.4,14.3,150796.0,0.075398
2023-03-21,0.0,0.0,12.7,3.4,6.873,2537.7,1442.8,75.2,1.9,2.0,-1.9,0.773,0.481,0.3,0.0,0.0,0.0,0.0,0.0,0.0,0.0,0.0,0.323,0.0,10.1,14.7,109635.0,0.0548175
2023-03-22,0.0,1.2,12.4,5.4,7.311,2751.0,296.5,81.8,0.2,1.5,1.0,0.766,0.492,0.2,0.0,0.0,0.0,0.0,0.0,0.0,0.0,0.0,0.32,0.0,10.2,14.4,115510.0,0.057755
2023-03-23,0.0,0.5,14.3,5.8,7.444,2827.4,565.3,74.2,0.8,2.2,-0.3,0.77,0.49,0.2,0.2,0.0,0.0,0.0,0.0,0.0,0.0,0.0,0.321,0.0,12.3,16.9,90377.0,0.0451885
2023-03-24,0.0,3.3,12.5,5.7,6.492,2729.4,716.2,72.8,1.5,2.4,1.8,0.767,0.472,0.2,0.2,0.0,0.0,0.0,0.0,0.0,0.0,0.0,0.321,0.0,11.1,15.3,87197.0,0.0435985
2023-03-25,0.0,3.2,11.7,4.8,5.756,2492.8,1400.2,67.8,2.4,2.4,0.8,0.767,0.452,0.2,0.1,0.0,0.0,0.0,0.0,0.0,0.0,0.0,0.322,0.0,9.5,13.7,118613.0,0.0593065
2023-03-26,0.0,1.0,10.1,5.7,5.627,2624.1,928.2,73.1,2.0,2.1,-1.0,0.774,0.448,0.2,0.4,0.0,0.0,0.0,0.0,0.0,0.0,0.0,0.323,0.0,9.4,12.4,98586.0,0.049293
2023-03-27,0.0,0.0,7.9,3.1,3.792,2303.4,1304.6,58.2,2.1,2.3,-2.1,0.754,0.433,0.2,0.0,0.0,0.0,0.0,0.0,0.0,0.0,0.0,0.321,0.0,6.1,11.3,125427.0,0.0627135
2023-03-28,0.0,0.0,8.0,3.0,4.124,2338.7,532.3,62.3,0.3,1.7,-0.3,0.743,0.407,0.2,0.0,0.0,0.0,0.0,0.0,0.0,0.0,0.0,0.317,0.0,2.3,10.9,163156.0,0.081578
2023-03-29,0.0,0.0,15.7,2.9,6.38,2580.2,813.7,58.6,0.4,2.5,-0.4,0.738,0.375,0.2,0.0,0.0,0.0,0.0,0.0,0.0,0.0,0.0,0.317,0.0,10.2,19.4,131084.0,0.065542
2023-03-30,0.0,2.5,14.7,4.6,7.546,2808.4,670.6,72.9,1.1,2.1,1.4,0.737,0.34,0.2,0.1,0.0,0.0,0.0,0.0,0.0,0.0,0.0,0.316,0.0,13.1,16.3,122322.0,0.061161
2023-03-31,0.0,3.0,13.1,6.8,6.705,2652.7,706.2,72.2,1.6,2.5,1.4,0.747,0.33,0.2,0.3,0.0,0.0,0.0,0.0,0.0,0.0,0.0,0.317,0.0,12.1,15.4,103157.0,0.0515785
2023-04-01,0.0,2.1,11.6,5.3,5.958,2518.1,945.7,71.1,1.5,2.5,0.6,0.747,0.339,0.2,0.1,0.0,0.0,0.0,0.0,0.0,0.0,0.0,0.319,0.0,10.7,14.9,107865.0,0.0539325
2023-04-02,0.0,0.0,8.2,5.1,5.58,2625.8,271.0,82.7,0.4,1.1,-0.4,0.755,0.359,0.2,0.2,0.0,0.0,0.0,0.0,0.0,0.0,0.0,0.319,0.0,7.6,9.1,95073.0,0.0475365
2023-04-03,0.0,0.0,8.6,3.8,4.044,2426.9,1900.6,59.5,3.1,2.9,-3.1,0.731,0.37,0.2,0.0,0.0,0.0,0.0,0.0,0.0,0.0,0.0,0.318,0.0,5.7,13.1,132202.0,0.066101
2023-04-04,0.0,0.0,7.8,3.1,3.447,2138.3,2159.6,53.8,2.5,3.0,-2.5,0.702,0.359,0.1,0.0,0.0,0.0,0.0,0.0,0.0,0.0,0.0,0.313,0.0,3.1,12.7,198188.0,0.099094
2023-04-05,0.0,0.0,9.6,1.0,3.549,2238.6,1677.8,49.7,1.8,2.2,-1.8,0.682,0.318,0.1,0.0,0.0,0.0,0.0,0.0,0.0,0.0,0.0,0.31,0.0,3.6,12.9,198752.0,0.099376
2023-04-06,0.0,0.2,12.1,2.7,5.701,2457.7,911.3,65.0,0.6,2.1,-0.4,0.674,0.287,0.1,0.0,0.0,0.0,0.0,0.0,0.0,0.0,0.0,0.307,0.0,9.9,14.7,149945.0,0.0749725
2023-04-07,0.0,0.0,10.7,3.2,5.477,2492.4,1698.2,70.3,1.6,2.7,-1.6,0.66,0.256,0.1,0.0,0.0,0.0,0.0,0.0,0.0,0.0,0.0,0.307,0.0,7.5,15.2,174892.0,0.087446
2023-04-08,0.0,0.0,10.6,2.6,5.313,2455.3,2061.1,68.6,1.5,2.9,-1.5,0.644,0.217,0.1,0.0,0.0,0.0,0.0,0.0,0.0,0.0,0.0,0.304,0.0,5.8,15.7,196850.0,0.098425
2023-04-09,0.0,0.0,12.8,1.7,5.403,2450.5,1358.6,61.2,1.0,2.5,-1.0,0.632,0.175,0.1,0.0,0.0,0.0,0.0,0.0,0.0,0.0,0.0,0.302,0.0,5.9,18.9,193569.0,0.0967845
2023-04-10,0.0,5.9,12.3,3.0,6.214,2767.0,710.7,70.8,0.7,2.1,5.2,0.642,0.138,0.1,0.2,0.0,0.0,0.0,0.0,0.0,0.0,0.0,0.3,0.0,9.5,16.6,118177.0,0.0590885
2023-04-11,0.0,13.2,10.6,3.7,6.194,2631.7,524.1,78.7,0.4,1.7,12.8,0.695,0.151,0.1,0.4,0.0,0.0,0.0,0.0,0.0,0.0,0.0,0.307,0.0,8.8,13.5,135793.0,0.0678965
2023-04-12,0.0,2.6,9.5,4.4,5.679,2662.4,816.0,77.4,1.8,1.9,0.8,0.791,0.234,0.3,1.2,0.0,0.0,0.0,0.0,0.0,0.0,0.0,0.323,0.0,7.9,12.8,97898.0,0.048949
2023-04-13,0.0,0.5,9.4,3.6,5.145,2316.1,1810.4,70.8,2.8,2.6,-2.3,0.767,0.31,0.2,0.0,0.0,0.0,0.0,0.0,0.0,0.0,0.0,0.323,0.0,7.1,12.4,139938.0,0.069969
2023-04-14,0.0,14.3,8.0,3.1,5.996,2952.3,463.3,89.8,1.1,0.9,13.2,0.803,0.411,0.2,0.9,0.0,0.0,0.0,0.0,0.0,0.0,0.0,0.32,0.0,5.7,9.5,104303.0,0.0521515
2023-04-15,0.0,0.5,10.2,4.2,6.226,2787.4,574.3,81.0,1.0,1.5,-0.5,0.859,0.529,1.2,1.0,0.0,0.0,0.0,0.0,0.0,0.0,0.0,0.335,0.0,8.3,13.1,147803.0,0.0739015
2023-04-16,0.0,0.0,10.8,3.4,5.11,2471.2,1550.5,65.2,2.6,2.6,-2.6,0.83,0.615,0.7,0.0,0.0,0.0,0.0,0.0,0.0,0.0,0.0,0.333,0.0,5.7,15.1,176347.0,0.0881735
2023-04-17,0.0,0.0,10.1,3.6,5.959,2647.6,1507.3,77.5,2.2,2.3,-2.2,0.804,0.694,0.4,0.0,0.0,0.0,0.0,0.0,0.0,0.0,0.0,0.328,0.0,7.8,12.1,161020.0,0.08051
2023-04-18,0.0,0.5,11.7,3.3,6.12,2708.0,1240.7,72.9,2.1,2.4,-1.6,0.784,0.769,0.2,0.0,0.0,0.0,0.0,0.0,0.0,0.0,0.0,0.325,0.0,8.0,15.0,160307.0,0.0801535
2023-04-19,0.0,0.0,13.8,3.5,5.748,2593.4,1868.9,59.8,3.4,3.6,-3.4,0.754,0.851,0.2,0.0,0.0,0.0,0.0,0.0,0.0,0.0,0.0,0.322,0.0,9.3,19.4,194813.0,0.09740650000000001
2023-04-20,0.0,0.0,9.4,3.8,4.188,2362.6,1590.6,57.9,2.3,2.7,-2.3,0.726,0.929,0.2,0.0,0.0,0.0,0.0,0.0,0.0,0.0,0.0,0.317,0.0,6.5,11.5,178842.0,0.089421
2023-04-21,0.0,3.5,9.6,1.1,4.881,2515.1,1236.1,66.9,1.4,1.9,2.1,0.713,0.975,0.2,0.0,0.0,0.0,0.0,0.0,0.0,0.0,0.0,0.314,0.0,5.4,13.7,171550.0,0.085775
2023-04-22,0.0,4.3,11.9,2.3,7.079,2865.6,488.5,81.6,0.3,1.4,4.0,0.766,0.993,0.2,0.6,0.0,0.0,0.0,0.0,0.0,0.0,0.0,0.316,0.0,8.0,16.7,97864.0,0.048932
2023-04-23,0.0,6.0,11.6,4.1,7.176,2818.7,690.0,84.6,1.3,1.5,4.7,0.795,1.042,0.2,0.6,0.0,0.0,0.0,0.0,0.0,0.0,0.0,0.321,0.0,9.7,13.6,112837.0,0.0564185
2023-04-24,0.0,2.3,11.2,2.6,6.136,2653.7,1241.0,75.3,2.0,2.2,0.3,0.795,1.081,0.3,0.1,0.0,0.0,0.0,0.0,0.0,0.0,0.0,0.326,0.0,8.7,14.2,134848.0,0.067424
2023-04-25,0.0,0.0,9.4,2.1,5.615,2673.4,491.1,77.1,0.6,1.3,-0.6,0.797,1.086,0.3,0.2,0.0,0.0,0.0,0.0,0.0,0.0,0.0,0.326,0.0,8.1,11.2,126437.0,0.0632185
2023-04-26,0.0,0.5,11.0,1.2,5.403,2759.1,500.8,66.8,0.3,1.5,0.2,0.792,1.084,0.3,0.0,0.0,0.0,0.0,0.0,0.0,0.0,0.0,0.325,0.0,7.0,13.8,131181.0,0.0655905
2023-04-27,0.0,7.9,14.9,2.0,7.716,2806.9,1502.6,73.3,2.0,2.7,5.9,0.791,1.077,0.2,0.3,0.0,0.0,0.0,0.0,0.0,0.0,0.0,0.324,0.0,11.0,18.3,148899.0,0.0744495
2023-04-28,0.0,0.0,17.4,3.9,9.883,3022.8,1022.2,81.0,1.6,2.7,-1.6,0.826,1.112,0.4,0.7,0.0,0.0,0.0,0.0,0.0,0.0,0.0,0.331,0.0,15.4,22.1,150958.0,0.075479
2023-04-29,0.0,0.0,12.5,2.1,7.028,2756.1,852.4,78.4,1.1,1.7,-1.1,0.81,1.149,0.4,0.0,0.0,0.0,0.0,0.0,0.0,0.0,0.0,0.328,0.0,10.8,14.5,113233.0,0.0566165
2023-04-30,0.0,0.0,13.8,1.4,6.504,2543.1,1001.8,67.7,0.8,2.1,-0.8,0.799,1.192,0.3,0.0,0.0,0.0,0.0,0.0,0.0,0.0,0.0,0.326,0.0,9.6,17.8,146617.0,0.0733085
2023-05-01,0.0,3.6,13.5,2.5,7.342,2796.4,1526.0,76.6,2.5,2.6,1.1,0.784,1.232,0.3,0.1,0.0,0.0,0.0,0.0,0.0,0.0,0.0,0.325,0.0,11.4,16.6,150864.0,0.075432
2023-05-02,0.0,0.0,14.1,2.6,7.219,2658.6,1193.7,73.4,1.5,2.4,-1.5,0.788,1.227,0.2,0.3,0.0,0.0,0.0,0.0,0.0,0.0,0.0,0.325,0.0,10.4,17.8,210638.0,0.105319
2023-05-03,0.0,0.0,15.7,3.3,6.556,2493.1,2563.1,59.9,4.0,4.3,-4.0,0.754,1.172,0.2,0.0,0.0,0.0,0.0,0.0,0.0,0.0,0.0,0.323,0.0,9.5,20.1,224454.0,0.112227
2023-05-04,0.0,0.9,18.3,3.1,8.117,2603.1,1878.4,62.5,2.5,4.0,-1.6,0.725,1.121,0.2,0.0,0.0,0.0,0.0,0.0,0.0,0.0,0.0,0.317,0.0,13.5,22.5,192727.0,0.0963635
2023-05-05,0.0,1.0,16.1,2.7,8.746,3029.6,1074.8,77.8,1.7,2.5,-0.7,0.717,1.096,0.2,0.1,0.0,0.0,0.0,0.0,0.0,0.0,0.0,0.314,0.0,13.6,19.5,169818.0,0.084909
2023-05-06,0.0,23.0,17.0,1.4,9.611,2825.9,1275.6,80.8,1.4,2.4,21.6,0.738,1.085,0.2,0.3,0.0,0.0,0.0,0.0,0.0,0.0,0.0,0.313,0.0,13.5,20.5,180145.0,0.0900725
2023-05-07,0.0,6.4,15.8,1.2,10.147,3240.8,569.8,91.1,1.0,1.3,5.4,0.918,1.213,2.7,3.6,0.0,0.0,0.0,0.0,0.0,0.0,0.0,0.339,0.0,14.4,17.8,128875.0,0.0644375
2023-05-08,0.0,2.0,16.0,1.6,9.109,2809.9,651.7,81.4,0.4,1.6,1.6,0.901,1.308,1.7,0.1,0.0,0.0,0.0,0.0,0.0,0.0,0.0,0.341,0.0,11.4,18.8,144632.0,0.072316
2023-05-09,0.0,15.7,14.2,2.2,9.127,3113.8,549.8,90.3,1.0,1.3,14.7,0.969,1.448,4.9,3.2,0.0,0.0,0.0,0.0,0.0,0.0,0.0,0.341,0.0,12.7,16.6,87691.0,0.0438455
2023-05-10,0.0,6.3,13.9,3.1,7.873,2829.0,767.0,80.3,1.2,1.9,5.1,0.978,1.621,3.9,1.2,0.0,0.0,0.0,0.0,0.0,0.0,0.0,0.349,0.0,11.2,16.6,164403.0,0.0822015
2023-05-11,0.0,0.1,13.6,2.2,7.181,2595.5,1002.6,74.5,1.3,2.1,-1.2,0.951,1.865,1.8,0.0,0.0,0.0,0.0,0.0,0.0,0.0,0.0,0.35,0.0,11.9,15.4,156112.0,0.078056
2023-05-12,0.0,1.5,13.0,2.8,7.337,2663.6,589.6,78.5,0.5,1.6,1.0,0.937,2.141,1.1,0.1,0.0,0.0,0.0,0.0,0.0,0.0,0.0,0.346,0.0,11.1,14.5,130767.0,0.0653835
2023-05-13,0.0,0.1,15.7,3.2,8.293,2859.7,2535.5,76.1,4.8,4.1,-4.7,0.902,2.563,0.9,0.1,0.0,0.0,0.0,0.0,0.0,0.0,0.0,0.346,0.0,12.8,20.3,141177.0,0.0705885
2023-05-14,0.0,0.0,14.2,3.0,7.792,2804.4,1341.6,78.3,2.0,2.6,-2.0,0.87,3.045,0.5,0.0,0.0,0.0,0.0,0.0,0.0,0.0,0.0,0.338,0.0,9.9,19.2,169662.0,0.084831
2023-05-15,0.0,3.2,12.0,3.8,7.249,3011.7,761.7,83.1,1.9,1.8,1.3,0.861,3.337,0.4,0.3,0.0,0.0,0.0,0.0,0.0,0.0,0.0,0.334,0.0,10.4,15.7,155631.0,0.0778155
2023-05-16,0.0,0.0,12.5,4.4,5.847,2495.9,1934.9,66.3,3.3,3.4,-3.3,0.842,3.365,0.4,0.0,0.0,0.0,0.0,0.0,0.0,0.0,0.0,0.335,0.0,8.7,15.7,175536.0,0.087768
2023-05-17,0.0,0.0,13.8,4.0,6.024,2448.8,2135.1,62.6,3.0,3.9,-3.0,0.808,3.241,0.4,0.0,0.0,0.0,0.0,0.0,0.0,0.0,0.0,0.33,0.0,10.3,17.2,193436.0,0.096718
2023-05-18,0.0,0.0,13.7,3.6,5.592,2350.3,2415.8,58.8,2.6,4.1,-2.6,0.779,3.114,0.3,0.0,0.0,0.0,0.0,0.0,0.0,0.0,0.0,0.325,0.0,9.5,16.9,165830.0,0.082915
2023-05-19,0.0,0.0,15.2,3.5,6.196,2438.8,2456.2,58.9,2.2,4.4,-2.2,0.753,2.71,0.3,0.0,0.0,0.0,0.0,0.0,0.0,0.0,0.0,0.321,0.0,10.3,19.4,163595.0,0.0817975
2023-05-20,0.0,0.0,16.9,3.8,7.127,2529.9,1287.8,60.5,1.2,3.7,-1.2,0.737,2.392,0.3,0.0,0.0,0.0,0.0,0.0,0.0,0.0,0.0,0.318,0.0,12.3,20.8,131903.0,0.0659515
2023-05-21,0.0,0.0,17.8,3.8,8.374,2693.9,1583.8,66.7,1.4,3.8,-1.4,0.722,2.1,0.3,0.0,0.0,0.0,0.0,0.0,0.0,0.0,0.0,0.315,0.0,14.6,21.5,107807.0,0.0539035
2023-05-22,0.0,0.0,17.6,3.7,8.77,2928.3,1749.6,70.8,1.5,3.8,-1.5,0.705,1.838,0.3,0.0,0.0,0.0,0.0,0.0,0.0,0.0,0.0,0.313,0.0,13.9,22.4,156806.0,0.078403
2023-05-23,0.0,0.0,14.9,4.1,7.994,2897.1,915.3,75.8,0.7,2.3,-0.7,0.695,1.676,0.2,0.0,0.0,0.0,0.0,0.0,0.0,0.0,0.0,0.311,0.0,12.8,17.0,141608.0,0.070804
2023-05-24,0.0,0.0,15.2,4.5,5.956,2629.9,2530.0,57.1,2.1,5.0,-2.1,0.676,1.489,0.2,0.0,0.0,0.0,0.0,0.0,0.0,0.0,0.0,0.31,0.0,10.3,20.5,182608.0,0.091304
2023-05-25,0.0,0.0,16.9,4.3,6.659,2588.8,3189.4,56.7,2.1,5.9,-2.1,0.654,1.281,0.2,0.0,0.0,0.0,0.0,0.0,0.0,0.0,0.0,0.306,0.0,12.1,21.9,182276.0,0.091138
2023-05-26,0.0,0.0,17.5,4.0,7.518,2615.0,2927.0,61.1,1.6,5.1,-1.6,0.636,1.091,0.2,0.0,0.0,0.0,0.0,0.0,0.0,0.0,0.0,0.303,0.0,12.1,21.6,222900.0,0.11145000000000001
2023-05-27,0.0,0.0,19.2,3.3,7.675,2602.7,2597.2,55.4,1.6,5.2,-1.6,0.619,0.948,0.2,0.0,0.0,0.0,0.0,0.0,0.0,0.0,0.0,0.301,0.0,13.3,24.0,201290.0,0.100645
2023-05-28,0.0,0.0,20.8,4.0,8.067,2746.1,2859.7,54.5,1.9,6.3,-1.9,0.599,0.832,0.2,0.0,0.0,0.0,0.0,0.0,0.0,0.0,0.0,0.298,0.0,15.1,26.7,170163.0,0.0850815
2023-05-29,0.0,0.0,19.3,4.7,8.309,2642.5,2839.7,60.6,1.5,5.6,-1.5,0.583,0.738,0.1,0.0,0.0,0.0,0.0,0.0,0.0,0.0,0.0,0.295,0.0,13.8,24.3,163929.0,0.0819645
2023-05-30,0.0,0.0,17.8,4.5,7.193,2575.0,2550.6,57.5,1.4,5.1,-1.4,0.567,0.634,0.1,0.0,0.0,0.0,0.0,0.0,0.0,0.0,0.0,0.293,0.0,12.0,21.9,212562.0,0.106281
2023-05-31,0.0,0.0,20.1,4.2,8.18,2679.7,2836.9,57.7,1.6,5.9,-1.6,0.551,0.555,0.1,0.0,0.0,0.0,0.0,0.0,0.0,0.0,0.0,0.291,0.0,14.0,25.3,185422.0,0.092711
2023-06-01,0.0,0.0,20.4,4.0,9.116,2777.5,3240.0,62.2,1.7,6.3,-1.7,0.534,0.504,0.1,0.0,0.0,0.0,0.0,0.0,0.0,0.0,0.0,0.288,0.0,15.9,25.5,196724.0,0.098362
2023-06-02,0.0,0.0,16.1,4.4,7.05,2640.9,2572.9,62.8,1.2,4.7,-1.2,0.521,0.449,0.1,0.0,0.0,0.0,0.0,0.0,0.0,0.0,0.0,0.286,0.0,12.1,19.5,209631.0,0.1048155
2023-06-03,0.0,0.0,19.2,3.8,7.321,2694.6,2980.1,54.7,1.6,5.8,-1.6,0.506,0.355,0.1,0.0,0.0,0.0,0.0,0.0,0.0,0.0,0.0,0.284,0.0,13.5,23.9,187620.0,0.09381
2023-06-04,0.0,0.0,21.0,4.2,6.52,2735.5,3276.7,43.6,1.9,7.5,-1.9,0.487,0.224,0.1,0.0,0.0,0.0,0.0,0.0,0.0,0.0,0.0,0.282,0.0,15.4,27.4,172914.0,0.086457
2023-06-05,0.0,0.0,20.9,3.9,7.9,2702.6,2830.0,53.7,1.3,6.3,-1.3,0.471,0.105,0.1,0.0,0.0,0.0,0.0,0.0,0.0,0.0,0.0,0.279,0.0,13.8,26.9,205339.0,0.1026695
2023-06-06,0.0,0.0,20.3,3.4,9.19,2889.4,2755.7,64.3,1.3,5.7,-1.3,0.459,0.011,0.1,0.0,0.0,0.0,0.0,0.0,0.0,0.0,0.0,0.277,0.0,12.0,27.8,194745.0,0.0973725
2023-06-07,0.0,0.0,21.9,3.3,8.696,2937.1,2673.8,56.3,1.5,6.2,-1.5,0.444,-0.071,0.1,0.0,0.0,0.0,0.0,0.0,0.0,0.0,0.0,0.275,0.0,15.0,29.1,204241.0,0.1021205
2023-06-08,0.0,0.0,22.9,2.8,9.297,2893.9,2835.9,54.8,1.3,6.0,-1.3,0.431,-0.155,0.1,0.0,0.0,0.0,0.0,0.0,0.0,0.0,0.0,0.273,0.0,17.2,27.5,193895.0,0.0969475
2023-06-09,0.0,0.0,25.1,2.8,9.742,2960.2,2482.4,50.4,1.3,6.1,-1.3,0.417,-0.247,0.1,0.0,0.0,0.0,0.0,0.0,0.0,0.0,0.0,0.271,0.0,19.9,29.5,124774.0,0.062387
2023-06-10,0.0,0.1,23.9,2.6,11.168,3041.3,1912.4,61.2,0.8,4.9,-0.7,0.408,-0.338,0.1,0.0,0.0,0.0,0.0,0.0,0.0,0.0,0.0,0.269,0.0,21.3,28.6,183006.0,0.091503
2023-06-11,0.0,9.9,22.8,1.7,13.317,3240.4,1796.1,77.4,1.2,3.8,8.7,0.425,-0.408,0.0,0.1,0.0,0.0,0.0,0.0,0.0,0.0,0.0,0.268,0.0,21.7,25.4,168943.0,0.0844715
2023-06-12,0.0,0.1,21.8,2.2,12.633,3247.1,1450.9,78.1,2.1,3.3,-2.0,0.473,-0.446,0.0,0.2,0.0,0.0,0.0,0.0,0.0,0.0,0.0,0.28,0.0,18.1,26.7,168786.0,0.084393
2023-06-13,0.0,0.0,24.0,2.3,9.152,3018.8,3121.9,51.9,3.0,6.5,-3.0,0.445,-0.488,0.0,0.0,0.0,0.0,0.0,0.0,0.0,0.0,0.0,0.277,0.0,19.3,29.2,162946.0,0.081473
2023-06-14,0.0,0.0,24.1,2.1,7.501,2924.4,3082.1,41.6,2.2,6.6,-2.2,0.422,-0.537,0.0,0.0,0.0,0.0,0.0,0.0,0.0,0.0,0.0,0.272,0.0,19.6,28.9,199566.0,0.099783
2023-06-15,0.0,0.0,23.8,1.6,7.8,2840.3,2856.6,43.5,1.5,5.8,-1.5,0.405,-0.587,0.0,0.0,0.0,0.0,0.0,0.0,0.0,0.0,0.0,0.269,0.0,20.2,27.6,200350.0,0.100175
2023-06-16,0.0,0.0,24.7,2.1,7.834,2883.7,2253.1,41.7,1.3,5.6,-1.3,0.391,-0.609,0.0,0.0,0.0,0.0,0.0,0.0,0.0,0.0,0.0,0.267,0.0,19.5,29.8,213397.0,0.1066985
2023-06-17,0.0,8.3,25.9,2.1,9.832,2997.3,1651.4,47.9,1.1,4.9,7.2,0.394,-0.605,0.0,0.0,0.0,0.0,0.0,0.0,0.0,0.0,0.0,0.265,0.0,22.1,31.2,198559.0,0.0992795
2023-06-18,0.0,12.8,22.1,1.6,12.547,3302.7,1569.2,77.3,2.9,3.7,9.9,0.466,-0.528,0.0,0.6,0.0,0.0,0.0,0.0,0.0,0.0,0.0,0.275,0.0,19.6,28.2,154324.0,0.077162
2023-06-19,0.0,0.1,21.5,2.1,12.273,3180.9,1699.6,78.1,3.2,3.7,-3.1,0.521,-0.408,0.1,0.5,0.0,0.0,0.0,0.0,0.0,0.0,0.0,0.288,0.0,17.9,25.4,150013.0,0.0750065
2023-06-20,0.0,0.1,22.9,3.5,12.867,3120.7,1387.3,74.7,2.4,3.7,-2.3,0.497,-0.313,0.1,0.0,0.0,0.0,0.0,0.0,0.0,0.0,0.0,0.283,0.0,19.6,26.7,139814.0,0.069907
2023-06-21,0.0,1.8,23.4,1.6,11.329,3143.7,2439.0,64.7,3.0,5.0,-1.2,0.47,-0.25,0.0,0.0,0.0,0.0,0.0,0.0,0.0,0.0,0.0,0.28,0.0,19.4,27.8,145945.0,0.0729725
2023-06-22,0.0,14.1,20.4,3.7,11.664,3273.4,1371.7,78.5,3.5,3.1,10.6,0.568,-0.155,0.1,1.2,0.0,0.0,0.0,0.0,0.0,0.0,0.0,0.278,0.0,17.3,23.6,132113.0,0.0660565
2023-06-23,0.0,0.0,23.0,1.1,10.304,2900.4,2273.2,60.7,3.9,4.6,-3.9,0.54,-0.059,0.1,0.0,0.0,0.0,0.0,0.0,0.0,0.0,0.0,0.291,0.0,17.5,28.3,218790.0,0.109395
2023-06-24,0.0,0.0,24.6,1.6,10.253,3078.3,3289.5,54.3,4.3,6.5,-4.3,0.497,0.037,0.1,0.0,0.0,0.0,0.0,0.0,0.0,0.0,0.0,0.286,0.0,19.2,29.0,236957.0,0.1184785
2023-06-25,0.0,0.0,27.2,2.4,10.755,3141.9,3291.8,49.9,3.2,7.6,-3.2,0.462,0.135,0.0,0.0,0.0,0.0,0.0,0.0,0.0,0.0,0.0,0.279,0.0,22.1,33.0,213427.0,0.1067135
2023-06-26,0.0,0.0,20.3,3.7,8.14,2842.6,1918.0,55.8,2.0,4.7,-2.0,0.44,0.221,0.0,0.0,0.0,0.0,0.0,0.0,0.0,0.0,0.0,0.275,0.0,17.5,23.1,197551.0,0.0987755
2023-06-27,0.0,0.0,20.6,2.4,8.244,2773.9,2001.5,55.4,1.7,4.5,-1.7,0.423,0.287,0.0,0.0,0.0,0.0,0.0,0.0,0.0,0.0,0.0,0.272,0.0,16.8,24.0,202689.0,0.1013445
2023-06-28,0.0,0.0,22.2,1.5,9.451,2841.2,2259.5,56.9,1.5,4.6,-1.5,0.408,0.287,0.0,0.0,0.0,0.0,0.0,0.0,0.0,0.0,0.0,0.27,0.0,18.3,25.4,205212.0,0.102606
2023-06-29,0.0,0.0,21.5,2.3,11.062,3003.6,1562.7,69.6,0.9,3.7,-0.9,0.398,0.251,0.0,0.0,0.0,0.0,0.0,0.0,0.0,0.0,0.0,0.268,0.0,21.0,24.6,160302.0,0.080151
2023-06-30,0.0,1.7,20.2,3.3,8.851,2746.0,1532.8,61.6,1.1,4.0,0.6,0.389,0.248,0.0,0.0,0.0,0.0,0.0,0.0,0.0,0.0,0.0,0.266,0.0,16.6,23.2,141808.0,0.070904
2023-07-01,0.0,0.7,20.0,4.2,10.441,3151.3,1357.8,72.6,1.7,3.3,-1.0,0.394,0.267,0.0,0.1,0.0,0.0,0.0,0.0,0.0,0.0,0.0,0.267,0.0,17.2,22.6,129554.0,0.064777
2023-07-02,0.0,0.0,19.6,3.4,8.167,2815.6,1421.0,58.6,1.2,3.9,-1.2,0.381,0.149,0.0,0.0,0.0,0.0,0.0,0.0,0.0,0.0,0.0,0.265,0.0,16.0,22.4,146697.0,0.0733485
2023-07-03,0.0,0.0,20.5,3.2,7.774,2710.2,1885.5,53.0,1.3,4.8,-1.3,0.369,-0.002,0.0,0.0,0.0,0.0,0.0,0.0,0.0,0.0,0.0,0.264,0.0,17.5,23.6,184428.0,0.092214
2023-07-04,0.0,25.0,19.2,2.2,9.142,2933.1,1401.2,67.0,1.3,3.5,23.7,0.418,-0.094,0.0,0.5,0.0,0.0,0.0,0.0,0.0,0.0,0.0,0.262,0.0,16.5,24.3,173230.0,0.086615
2023-07-05,0.0,0.0,17.1,3.1,8.395,2940.3,1641.7,70.2,3.5,3.5,-3.5,0.553,-0.029,0.3,1.1,0.0,0.0,0.0,0.0,0.0,0.0,0.0,0.293,0.0,13.7,21.1,179840.0,0.08992
2023-07-06,0.0,0.0,20.8,1.2,7.982,2940.7,2520.0,54.9,4.7,4.7,-4.7,0.508,0.004,0.1,0.0,0.0,0.0,0.0,0.0,0.0,0.0,0.0,0.288,0.0,13.8,26.8,215501.0,0.1077505
2023-07-07,0.0,0.2,25.2,2.6,9.088,3087.0,1671.7,46.1,2.7,5.2,-2.5,0.476,0.021,0.0,0.0,0.0,0.0,0.0,0.0,0.0,0.0,0.0,0.281,0.0,18.7,31.2,212373.0,0.1061865
2023-07-08,0.0,0.0,27.4,2.1,12.139,3203.7,2362.9,54.3,3.0,5.6,-3.0,0.448,0.035,0.0,0.0,0.0,0.0,0.0,0.0,0.0,0.0,0.0,0.277,0.0,22.7,32.1,212624.0,0.106312
2023-07-09,0.0,0.1,24.1,2.1,12.325,3120.7,2015.0,66.1,2.1,4.5,-2.0,0.427,0.041,0.0,0.0,0.0,0.0,0.0,0.0,0.0,0.0,0.0,0.273,0.0,22.8,26.5,191553.0,0.0957765
2023-07-10,0.0,0.0,23.9,1.9,9.353,3062.5,2666.2,52.8,2.4,5.6,-2.4,0.404,0.029,0.0,0.0,0.0,0.0,0.0,0.0,0.0,0.0,0.0,0.27,0.0,19.6,28.6,214231.0,0.1071155
2023-07-11,0.0,0.0,26.1,2.7,10.573,3077.0,2176.4,51.2,1.7,5.7,-1.7,0.385,0.019,0.0,0.0,0.0,0.0,0.0,0.0,0.0,0.0,0.0,0.267,0.0,20.6,31.4,187327.0,0.0936635
2023-07-12,0.0,0.0,20.9,3.1,8.621,2761.2,1593.6,57.4,1.1,4.2,-1.1,0.374,0.024,0.0,0.0,0.0,0.0,0.0,0.0,0.0,0.0,0.0,0.264,0.0,16.7,24.5,157041.0,0.07852050000000001
2023-07-13,0.0,0.0,20.4,2.3,8.396,2816.8,1839.8,57.0,1.1,4.1,-1.1,0.363,0.038,0.0,0.0,0.0,0.0,0.0,0.0,0.0,0.0,0.0,0.263,0.0,17.9,22.9,196038.0,0.098019
2023-07-14,0.0,0.1,24.6,3.6,8.799,2913.4,1502.2,47.2,1.2,5.5,-1.1,0.352,0.022,0.0,0.0,0.0,0.0,0.0,0.0,0.0,0.0,0.0,0.261,0.0,18.7,30.4,223794.0,0.111897
2023-07-15,0.0,2.6,22.9,4.9,10.565,3166.1,1223.6,61.2,2.0,4.4,0.6,0.358,-0.054,0.0,0.1,0.0,0.0,0.0,0.0,0.0,0.0,0.0,0.259,0.0,20.8,26.3,125183.0,0.0625915
2023-07-16,0.0,0.0,20.1,3.4,8.462,2852.4,1488.9,58.9,1.1,4.1,-1.1,0.347,-0.115,0.0,0.0,0.0,0.0,0.0,0.0,0.0,0.0,0.0,0.26,0.0,16.5,23.6,148617.0,0.0743085
2023-07-17,0.0,0.0,20.5,2.1,8.165,2829.0,1776.7,56.1,1.1,4.1,-1.1,0.336,-0.169,0.0,0.0,0.0,0.0,0.0,0.0,0.0,0.0,0.0,0.259,0.0,16.4,24.4,203100.0,0.10155
2023-07-18,0.0,0.0,23.6,1.8,8.089,2885.7,2565.9,45.9,1.5,5.6,-1.5,0.323,-0.217,0.0,0.0,0.0,0.0,0.0,0.0,0.0,0.0,0.0,0.257,0.0,17.7,29.8,197733.0,0.0988665
2023-07-19,0.0,0.0,20.5,3.5,8.598,2799.6,1696.1,57.7,0.4,4.3,-0.4,0.316,-0.278,0.0,0.0,0.0,0.0,0.0,0.0,0.0,0.0,0.0,0.255,0.0,17.9,22.8,186710.0,0.093355
2023-07-20,0.0,0.2,21.1,1.6,8.643,2696.5,1254.8,57.9,0.7,3.3,-0.5,0.311,-0.34,0.0,0.0,0.0,0.0,0.0,0.0,0.0,0.0,0.0,0.254,0.0,16.5,26.3,202534.0,0.101267
2023-07-21,0.0,0.0,20.2,2.4,7.543,2852.7,1744.7,52.7,0.9,4.2,-0.9,0.303,-0.394,0.0,0.0,0.0,0.0,0.0,0.0,0.0,0.0,0.0,0.254,0.0,14.6,25.3,181447.0,0.0907235
2023-07-22,0.0,0.0,20.6,3.2,7.315,2707.4,1804.0,49.3,0.6,4.8,-0.6,0.296,-0.438,0.0,0.0,0.0,0.0,0.0,0.0,0.0,0.0,0.0,0.252,0.0,15.5,25.5,208798.0,0.104399
2023-07-23,0.0,2.3,20.5,4.5,11.417,3128.1,578.5,75.9,0.6,2.7,1.7,0.306,-0.463,0.0,0.0,0.0,0.0,0.0,0.0,0.0,0.0,0.0,0.251,0.0,18.3,24.1,143961.0,0.0719805
2023-07-24,0.0,11.8,19.6,3.3,10.466,3122.0,1571.2,75.0,1.2,3.6,10.6,0.318,-0.469,0.0,0.0,0.0,0.0,0.0,0.0,0.0,0.0,0.0,0.254,0.0,18.0,22.9,142060.0,0.07103
2023-07-25,0.0,0.9,17.2,2.4,9.279,2998.9,1336.3,76.3,2.8,2.7,-1.9,0.397,-0.425,0.0,0.5,0.0,0.0,0.0,0.0,0.0,0.0,0.0,0.268,0.0,15.9,19.5,155484.0,0.077742
2023-07-26,0.0,0.0,19.5,2.6,8.903,2860.3,1737.6,64.4,2.2,3.8,-2.2,0.374,-0.393,0.0,0.0,0.0,0.0,0.0,0.0,0.0,0.0,0.0,0.265,0.0,14.5,22.9,176483.0,0.0882415
2023-07-27,0.0,6.1,19.8,3.7,11.185,3163.7,842.6,78.2,0.8,2.4,5.3,0.374,-0.35,0.0,0.0,0.0,0.0,0.0,0.0,0.0,0.0,0.0,0.262,0.0,19.1,21.0,180364.0,0.090182
2023-07-28,0.0,44.1,20.9,2.4,14.178,3666.3,511.2,92.1,1.4,1.4,42.7,0.612,-0.139,5.4,6.9,0.0,0.0,0.0,0.0,0.0,0.0,0.0,0.269,0.0,18.7,23.4,157479.0,0.0787395
2023-07-29,0.0,2.5,20.8,2.5,12.262,3299.0,1272.7,80.6,2.9,2.8,-0.4,0.664,0.123,5.2,0.3,0.0,0.0,0.0,0.0,0.0,0.0,0.0,0.309,0.0,18.1,23.6,154685.0,0.0773425
2023-07-30,0.0,0.0,19.9,3.3,9.254,2941.2,1421.9,65.1,2.9,3.6,-2.9,0.628,0.374,1.1,0.1,0.0,0.0,0.0,0.0,0.0,0.0,0.0,0.304,0.0,16.4,22.2,160604.0,0.080302
2023-07-31,0.0,10.2,18.9,4.1,11.23,3364.6,815.3,82.7,2.3,2.2,7.9,0.632,0.632,0.4,0.9,0.0,0.0,0.0,0.0,0.0,0.0,0.0,0.299,0.0,17.9,19.6,185669.0,0.0928345
2023-08-01,0.0,25.5,19.1,4.1,10.854,3260.6,1272.4,79.5,3.0,3.1,22.5,0.716,0.877,2.3,2.3,0.0,0.0,0.0,0.0,0.0,0.0,0.0,0.307,0.0,15.9,21.7,151404.0,0.075702
2023-08-02,0.0,2.3,20.2,6.2,10.777,3304.8,1385.6,74.5,4.1,4.0,-1.8,0.759,1.076,6.8,3.3,0.0,0.0,0.0,0.0,0.0,0.0,0.0,0.326,0.0,17.2,23.9,155927.0,0.0779635
2023-08-03,0.0,7.3,17.6,3.8,10.416,3042.2,391.9,83.3,0.9,1.6,6.4,0.765,1.257,2.3,1.2,0.0,0.0,0.0,0.0,0.0,0.0,0.0,0.316,0.0,16.3,18.8,148656.0,0.074328
2023-08-04,0.0,5.5,16.8,2.0,10.142,3162.2,853.4,85.4,1.7,1.8,3.8,0.776,1.436,2.3,0.9,0.0,0.0,0.0,0.0,0.0,0.0,0.0,0.32,0.0,15.5,19.6,160581.0,0.0802905
2023-08-05,0.0,1.4,16.8,4.4,9.438,3061.2,786.7,79.6,2.1,2.2,-0.7,0.753,1.755,1.1,0.1,0.0,0.0,0.0,0.0,0.0,0.0,0.0,0.321,0.0,14.7,19.7,161063.0,0.0805315
2023-08-06,0.0,0.0,16.7,4.2,8.183,2969.3,1661.3,70.5,3.6,3.4,-3.6,0.725,2.178,0.6,0.1,0.0,0.0,0.0,0.0,0.0,0.0,0.0,0.318,0.0,14.0,19.3,178170.0,0.089085
2023-08-07,0.0,0.0,17.9,2.5,8.596,2933.9,1585.8,68.7,2.9,3.1,-2.9,0.691,2.396,0.2,0.0,0.0,0.0,0.0,0.0,0.0,0.0,0.0,0.313,0.0,13.9,20.8,216123.0,0.1080615
2023-08-08,0.0,0.0,19.6,2.1,9.124,3007.7,1393.9,65.3,2.4,3.2,-2.4,0.666,2.366,0.1,0.0,0.0,0.0,0.0,0.0,0.0,0.0,0.0,0.308,0.0,16.2,22.5,215955.0,0.1079775
2023-08-09,0.0,0.0,20.1,1.7,10.41,3118.6,783.4,71.5,0.8,2.2,-0.8,0.654,2.267,0.1,0.0,0.0,0.0,0.0,0.0,0.0,0.0,0.0,0.305,0.0,17.5,23.9,210918.0,0.105459
2023-08-10,0.0,0.0,22.4,1.6,11.239,3104.3,1386.1,67.7,1.8,3.3,-1.8,0.637,2.119,0.1,0.0,0.0,0.0,0.0,0.0,0.0,0.0,0.0,0.303,0.0,16.6,27.5,198029.0,0.0990145
2023-08-11,0.0,16.0,21.9,1.5,13.026,3394.4,1428.7,80.4,2.2,3.1,13.8,0.642,1.952,0.1,0.3,0.0,0.0,0.0,0.0,0.0,0.0,0.0,0.301,0.0,19.1,26.9,187196.0,0.093598
2023-08-12,0.0,0.5,22.0,2.9,12.358,3253.8,1255.2,76.3,2.7,3.2,-2.2,0.732,1.884,0.3,1.3,0.0,0.0,0.0,0.0,0.0,0.0,0.0,0.318,0.0,19.7,26.5,171732.0,0.085866
2023-08-13,0.0,0.0,20.4,1.9,10.2,2952.0,1570.7,69.0,2.9,3.3,-2.9,0.703,1.842,0.2,0.0,0.0,0.0,0.0,0.0,0.0,0.0,0.0,0.314,0.0,17.3,23.5,179094.0,0.089547
2023-08-14,0.0,1.9,21.5,1.9,11.446,3238.0,1648.9,72.7,3.1,3.7,-1.2,0.676,1.803,0.1,0.1,0.0,0.0,0.0,0.0,0.0,0.0,0.0,0.31,0.0,16.8,27.9,170573.0,0.0852865
2023-08-15,0.0,0.0,21.4,1.6,11.716,3207.0,1158.5,74.4,1.9,2.6,-1.9,0.664,1.767,0.1,0.1,0.0,0.0,0.0,0.0,0.0,0.0,0.0,0.308,0.0,18.5,24.3,166340.0,0.08317
2023-08-16,0.0,0.0,22.7,2.3,11.204,2938.1,1848.6,66.2,2.8,4.2,-2.8,0.639,1.759,0.1,0.0,0.0,0.0,0.0,0.0,0.0,0.0,0.0,0.305,0.0,18.3,27.6,167882.0,0.083941
2023-08-17,0.0,0.0,24.0,2.5,12.584,3125.1,2565.9,69.1,2.8,5.2,-2.8,0.611,1.743,0.1,0.0,0.0,0.0,0.0,0.0,0.0,0.0,0.0,0.301,0.0,19.1,29.2,186866.0,0.093433
2023-08-18,0.0,0.0,25.5,1.8,15.348,3225.1,1722.7,75.7,1.5,3.7,-1.5,0.591,1.735,0.1,0.0,0.0,0.0,0.0,0.0,0.0,0.0,0.0,0.297,0.0,20.2,29.7,180323.0,0.0901615
2023-08-19,0.0,1.9,24.3,1.7,13.633,3302.7,888.2,72.0,1.1,2.4,0.8,0.585,1.727,0.1,0.0,0.0,0.0,0.0,0.0,0.0,0.0,0.0,0.294,0.0,23.8,26.4,187258.0,0.093629
2023-08-20,0.0,0.0,24.7,1.7,12.801,3290.2,1905.4,67.2,2.5,4.2,-2.5,0.575,1.704,0.1,0.1,0.0,0.0,0.0,0.0,0.0,0.0,0.0,0.295,0.0,19.0,31.0,203719.0,0.1018595
2023-08-21,0.0,0.0,23.2,1.9,10.87,3093.0,2566.4,62.9,2.3,4.7,-2.3,0.552,1.648,0.1,0.0,0.0,0.0,0.0,0.0,0.0,0.0,0.0,0.292,0.0,17.4,27.2,203512.0,0.101756
2023-08-22,0.0,0.0,24.5,2.0,11.8,3230.3,1759.5,62.8,1.7,4.3,-1.7,0.534,1.493,0.1,0.0,0.0,0.0,0.0,0.0,0.0,0.0,0.0,0.288,0.0,19.6,31.0,196583.0,0.0982915
2023-08-23,0.0,0.1,25.6,2.3,13.352,3139.5,1993.3,65.7,1.5,4.4,-1.4,0.519,1.326,0.1,0.0,0.0,0.0,0.0,0.0,0.0,0.0,0.0,0.286,0.0,19.4,30.2,185321.0,0.09266049999999999
2023-08-24,0.0,0.2,24.3,1.6,14.146,3126.8,1162.9,74.8,0.5,2.6,-0.3,0.511,1.194,0.1,0.0,0.0,0.0,0.0,0.0,0.0,0.0,0.0,0.284,0.0,23.3,25.6,166074.0,0.083037
2023-08-25,0.0,0.0,20.8,2.8,12.452,3339.6,578.5,80.4,0.4,1.8,-0.4,0.509,1.114,0.1,0.0,0.0,0.0,0.0,0.0,0.0,0.0,0.0,0.283,0.0,20.4,21.8,118105.0,0.0590525
2023-08-26,0.0,1.1,18.2,2.8,9.267,2953.2,1489.8,72.2,1.2,3.1,-0.1,0.501,1.076,0.1,0.0,0.0,0.0,0.0,0.0,0.0,0.0,0.0,0.283,0.0,14.7,22.0,121126.0,0.060563
2023-08-27,0.0,4.2,16.6,2.5,8.893,3025.0,1873.1,76.4,1.7,3.2,2.5,0.502,1.064,0.1,0.1,0.0,0.0,0.0,0.0,0.0,0.0,0.0,0.282,0.0,13.9,19.9,123763.0,0.0618815
2023-08-28,0.0,0.3,17.1,2.6,9.432,3065.9,1215.2,78.3,1.7,2.3,-1.4,0.517,1.072,0.1,0.2,0.0,0.0,0.0,0.0,0.0,0.0,0.0,0.285,0.0,14.1,19.9,141045.0,0.0705225
2023-08-29,0.0,0.0,16.6,1.2,9.021,2833.0,1646.9,77.4,1.3,2.6,-1.3,0.503,1.077,0.1,0.0,0.0,0.0,0.0,0.0,0.0,0.0,0.0,0.283,0.0,13.5,20.2,140112.0,0.070056
2023-08-30,0.0,0.0,17.4,2.4,8.35,2839.0,1297.2,69.0,1.2,2.8,-1.2,0.491,1.083,0.1,0.0,0.0,0.0,0.0,0.0,0.0,0.0,0.0,0.281,0.0,13.2,20.8,148868.0,0.074434
2023-08-31,0.0,1.3,17.3,2.3,10.232,3081.4,572.4,83.0,0.4,1.6,0.9,0.492,1.082,0.0,0.0,0.0,0.0,0.0,0.0,0.0,0.0,0.0,0.28,0.0,15.0,19.1,152244.0,0.076122
2023-09-01,0.0,0.4,20.3,2.4,11.958,3273.5,505.9,81.2,0.4,1.7,0.0,0.496,1.086,0.0,0.0,0.0,0.0,0.0,0.0,0.0,0.0,0.0,0.281,0.0,17.7,22.5,175906.0,0.087953
2023-09-02,0.0,0.0,22.9,2.3,12.378,3277.8,1807.4,73.6,1.8,4.0,-1.8,0.482,1.085,0.0,0.0,0.0,0.0,0.0,0.0,0.0,0.0,0.0,0.281,0.0,17.0,29.8,154787.0,0.0773935
2023-09-03,0.0,0.0,24.4,2.5,13.035,3296.8,2294.1,70.8,1.8,4.9,-1.8,0.464,1.082,0.0,0.0,0.0,0.0,0.0,0.0,0.0,0.0,0.0,0.278,0.0,18.6,31.3,191979.0,0.0959895
2023-09-04,0.0,0.0,24.2,2.6,12.052,3183.7,2028.7,66.4,1.4,4.5,-1.4,0.45,1.044,0.0,0.0,0.0,0.0,0.0,0.0,0.0,0.0,0.0,0.276,0.0,18.3,30.6,188897.0,0.0944485
2023-09-05,0.0,0.0,25.3,1.3,11.884,3398.7,2227.2,60.4,1.5,4.3,-1.5,0.435,1.016,0.0,0.0,0.0,0.0,0.0,0.0,0.0,0.0,0.0,0.273,0.0,19.4,31.1,181286.0,0.090643
2023-09-06,0.0,0.0,25.3,1.7,12.682,3425.9,2084.4,65.0,1.3,4.5,-1.3,0.422,0.971,0.0,0.0,0.0,0.0,0.0,0.0,0.0,0.0,0.0,0.271,0.0,20.2,33.3,186258.0,0.093129
2023-09-07,0.0,0.0,24.3,1.1,11.653,3459.9,2040.3,63.6,1.3,3.8,-1.3,0.409,0.906,0.0,0.0,0.0,0.0,0.0,0.0,0.0,0.0,0.0,0.269,0.0,18.1,31.3,191516.0,0.095758
2023-09-08,0.0,0.0,26.7,1.3,12.383,3349.3,1714.1,59.3,1.0,3.9,-1.0,0.398,0.824,0.0,0.0,0.0,0.0,0.0,0.0,0.0,0.0,0.0,0.268,0.0,20.0,35.3,188236.0,0.09411800000000001
2023-09-09,0.0,0.0,27.8,1.8,12.228,3354.2,1845.4,55.1,1.1,4.4,-1.1,0.387,0.711,0.0,0.0,0.0,0.0,0.0,0.0,0.0,0.0,0.0,0.266,0.0,20.1,35.3,196229.0,0.09811450000000001
2023-09-10,0.0,0.0,27.4,1.9,12.276,3259.4,1756.9,56.1,1.0,4.3,-1.0,0.377,0.598,0.0,0.0,0.0,0.0,0.0,0.0,0.0,0.0,0.0,0.265,0.0,21.4,34.4,186301.0,0.0931505
2023-09-11,0.0,0.0,23.2,2.6,12.578,3091.6,856.5,71.1,0.3,2.5,-0.3,0.373,0.5,0.0,0.0,0.0,0.0,0.0,0.0,0.0,0.0,0.0,0.263,0.0,20.6,25.0,152887.0,0.0764435
2023-09-12,0.0,14.2,19.0,1.7,12.582,3403.2,403.0,92.0,0.9,1.1,13.3,0.433,0.456,0.0,0.4,0.0,0.0,0.0,0.0,0.0,0.0,0.0,0.263,0.0,18.5,19.5,111360.0,0.05568
2023-09-13,0.0,0.0,19.4,1.3,12.148,3295.0,1013.4,87.2,1.7,1.9,-1.7,0.482,0.454,0.0,0.1,0.0,0.0,0.0,0.0,0.0,0.0,0.0,0.281,0.0,17.8,22.0,127254.0,0.063627
2023-09-14,0.0,0.0,19.9,1.4,10.837,3082.4,1308.1,76.1,1.8,2.3,-1.8,0.465,0.454,0.0,0.0,0.0,0.0,0.0,0.0,0.0,0.0,0.0,0.278,0.0,15.4,23.6,172962.0,0.086481
2023-09-15,0.0,0.0,20.5,1.8,10.286,3124.1,1755.4,70.7,2.0,3.4,-2.0,0.446,0.445,0.0,0.0,0.0,0.0,0.0,0.0,0.0,0.0,0.0,0.276,0.0,15.3,28.2,171134.0,0.085567
2023-09-16,0.0,0.0,21.0,1.2,11.524,3117.1,835.3,75.2,0.5,2.0,-0.5,0.437,0.431,0.0,0.0,0.0,0.0,0.0,0.0,0.0,0.0,0.0,0.273,0.0,15.7,25.9,123737.0,0.0618685
2023-09-17,0.0,5.1,22.0,1.8,13.227,3231.4,919.0,81.0,0.8,2.0,4.3,0.441,0.43,0.0,0.1,0.0,0.0,0.0,0.0,0.0,0.0,0.0,0.272,0.0,17.8,25.2,115800.0,0.0579
2023-09-18,0.0,3.7,19.4,3.3,11.067,3054.5,979.9,80.0,2.0,2.6,1.7,0.468,0.454,0.0,0.2,0.0,0.0,0.0,0.0,0.0,0.0,0.0,0.278,0.0,18.1,24.7,128865.0,0.0644325
2023-09-19,0.0,0.0,17.9,3.3,9.53,2849.4,705.7,75.0,0.7,2.1,-0.7,0.482,0.491,0.0,0.2,0.0,0.0,0.0,0.0,0.0,0.0,0.0,0.28,0.0,14.0,20.8,151821.0,0.0759105
2023-09-20,0.0,3.3,20.8,4.0,10.608,3003.8,950.0,70.9,1.5,3.1,1.8,0.476,0.532,0.0,0.0,0.0,0.0,0.0,0.0,0.0,0.0,0.0,0.279,0.0,16.7,25.5,125080.0,0.06254
2023-09-21,0.0,9.9,16.4,3.1,10.265,3225.8,302.9,88.3,1.0,1.3,8.9,0.562,0.628,0.1,1.0,0.0,0.0,0.0,0.0,0.0,0.0,0.0,0.281,0.0,15.4,17.3,65558.0,0.032779
2023-09-22,0.0,8.6,14.3,3.1,8.19,2775.4,579.7,81.2,1.0,1.6,7.6,0.626,0.73,0.6,1.0,0.0,0.0,0.0,0.0,0.0,0.0,0.0,0.292,0.0,13.2,16.9,134392.0,0.067196
2023-09-23,0.0,0.0,13.7,1.9,7.566,2784.6,1309.9,78.4,2.5,1.9,-2.5,0.61,0.797,0.6,0.0,0.0,0.0,0.0,0.0,0.0,0.0,0.0,0.3,0.0,11.1,17.0,156417.0,0.0782085
2023-09-24,0.0,0.0,14.7,2.5,7.422,2942.1,1828.0,73.9,3.6,2.8,-3.6,0.574,0.862,0.2,0.0,0.0,0.0,0.0,0.0,0.0,0.0,0.0,0.296,0.0,9.0,21.2,168622.0,0.084311
2023-09-25,0.0,0.0,17.2,1.0,9.38,3182.6,1333.6,77.6,2.4,2.0,-2.4,0.547,0.933,0.1,0.0,0.0,0.0,0.0,0.0,0.0,0.0,0.0,0.291,0.0,11.4,22.3,175752.0,0.087876
2023-09-26,0.0,0.0,18.8,1.2,9.661,3159.7,1428.4,73.2,2.4,2.3,-2.4,0.523,1.003,0.1,0.0,0.0,0.0,0.0,0.0,0.0,0.0,0.0,0.287,0.0,14.5,24.8,168735.0,0.0843675
2023-09-27,0.0,0.0,20.4,2.2,10.871,3073.4,1005.6,74.8,1.1,2.4,-1.1,0.508,1.055,0.0,0.0,0.0,0.0,0.0,0.0,0.0,0.0,0.0,0.284,0.0,14.4,26.0,145361.0,0.0726805
2023-09-28,0.0,0.0,19.9,2.2,10.063,3073.1,484.2,70.0,0.2,1.9,-0.2,0.503,1.08,0.0,0.0,0.0,0.0,0.0,0.0,0.0,0.0,0.0,0.282,0.0,16.8,21.6,153620.0,0.07681
2023-09-29,0.0,0.0,18.7,2.8,9.865,2832.7,769.6,73.6,0.9,2.1,-0.9,0.497,1.089,0.0,0.0,0.0,0.0,0.0,0.0,0.0,0.0,0.0,0.282,0.0,18.3,21.4,135921.0,0.06796050000000001
2023-09-30,0.0,0.0,16.3,0.8,8.924,3038.2,1455.9,78.1,1.7,1.8,-1.7,0.482,1.096,0.0,0.0,0.0,0.0,0.0,0.0,0.0,0.0,0.0,0.281,0.0,11.7,20.9,164535.0,0.0822675
2023-10-01,0.0,0.0,19.1,1.2,10.383,3249.9,1646.7,76.8,1.7,2.4,-1.7,0.465,1.003,0.0,0.0,0.0,0.0,0.0,0.0,0.0,0.0,0.0,0.278,0.0,13.6,25.4,165359.0,0.0826795
2023-10-02,0.0,0.0,21.3,2.0,10.653,3052.6,1520.3,69.7,1.5,2.8,-1.5,0.45,0.842,0.0,0.0,0.0,0.0,0.0,0.0,0.0,0.0,0.0,0.276,0.0,14.9,27.6,169779.0,0.0848895
2023-10-03,0.0,1.1,18.5,3.3,10.023,3050.9,894.0,75.4,1.2,2.0,-0.1,0.447,0.691,0.0,0.0,0.0,0.0,0.0,0.0,0.0,0.0,0.0,0.274,0.0,17.0,20.0,101823.0,0.0509115
2023-10-04,0.0,0.0,14.2,1.2,7.756,2815.7,937.5,78.2,0.7,1.4,-0.7,0.44,0.551,0.0,0.0,0.0,0.0,0.0,0.0,0.0,0.0,0.0,0.273,0.0,9.9,18.9,151247.0,0.0756235
2023-10-05,0.0,0.0,14.0,0.6,7.612,2998.1,1492.2,78.3,1.2,1.6,-1.2,0.429,0.423,0.0,0.0,0.0,0.0,0.0,0.0,0.0,0.0,0.0,0.272,0.0,10.4,19.9,160286.0,0.080143
2023-10-06,0.0,0.0,14.4,0.9,7.404,2991.2,1558.7,74.3,1.1,1.8,-1.1,0.418,0.312,0.0,0.0,0.0,0.0,0.0,0.0,0.0,0.0,0.0,0.271,0.0,8.8,21.0,173861.0,0.0869305
2023-10-07,0.0,0.0,16.0,1.3,8.491,3169.2,1473.8,76.7,1.0,2.0,-1.0,0.409,0.224,0.0,0.0,0.0,0.0,0.0,0.0,0.0,0.0,0.0,0.269,0.0,10.5,24.1,171442.0,0.085721
2023-10-08,0.0,0.0,17.6,1.1,9.124,3239.1,1479.6,75.1,1.0,2.1,-1.0,0.399,0.14,0.0,0.0,0.0,0.0,0.0,0.0,0.0,0.0,0.0,0.268,0.0,12.0,26.2,165339.0,0.08266949999999999
2023-10-09,0.0,0.0,18.2,0.9,8.793,3075.2,688.9,70.1,0.2,1.5,-0.2,0.395,0.061,0.0,0.0,0.0,0.0,0.0,0.0,0.0,0.0,0.0,0.266,0.0,13.4,25.7,156951.0,0.0784755
2023-10-10,0.0,0.0,18.5,1.5,8.699,3042.4,636.8,67.4,0.2,1.9,-0.2,0.393,-0.007,0.0,0.0,0.0,0.0,0.0,0.0,0.0,0.0,0.0,0.266,0.0,12.0,26.7,156940.0,0.07847
2023-10-11,0.0,0.0,18.9,2.0,8.362,3087.8,1289.9,63.4,1.0,2.3,-1.0,0.384,-0.064,0.0,0.0,0.0,0.0,0.0,0.0,0.0,0.0,0.0,0.266,0.0,13.4,25.0,151161.0,0.0755805
2023-10-12,0.0,6.6,19.8,2.4,11.581,3107.0,248.7,80.0,0.0,1.4,6.6,0.413,-0.099,0.0,0.2,0.0,0.0,0.0,0.0,0.0,0.0,0.0,0.264,0.0,18.2,21.6,124062.0,0.062031
2023-10-13,0.0,1.1,21.7,5.7,10.789,3101.1,361.8,67.9,0.7,2.9,0.4,0.443,-0.116,0.0,0.1,0.0,0.0,0.0,0.0,0.0,0.0,0.0,0.273,0.0,18.7,24.9,114428.0,0.057214
2023-10-14,0.0,0.0,13.1,2.7,7.348,2765.1,411.9,78.1,0.5,1.2,-0.5,0.443,-0.131,0.0,0.0,0.0,0.0,0.0,0.0,0.0,0.0,0.0,0.274,0.0,11.9,13.4,82147.0,0.0410735
2023-10-15,0.0,0.0,10.7,2.3,5.446,2598.6,1089.4,69.1,1.4,1.5,-1.4,0.433,-0.143,0.0,0.0,0.0,0.0,0.0,0.0,0.0,0.0,0.0,0.273,0.0,9.0,14.1,131890.0,0.065945
2023-10-16,0.0,0.0,9.6,2.9,4.939,2492.8,480.9,67.7,0.3,1.6,-0.3,0.427,-0.14,0.0,0.0,0.0,0.0,0.0,0.0,0.0,0.0,0.0,0.271,0.0,6.5,13.8,115620.0,0.05781
2023-10-17,0.0,0.3,11.2,2.6,5.874,2671.4,1073.4,71.3,0.9,1.5,-0.6,0.42,-0.125,0.0,0.0,0.0,0.0,0.0,0.0,0.0,0.0,0.0,0.271,0.0,5.1,15.1,95176.0,0.047588
2023-10-18,0.0,5.5,15.6,3.8,9.532,3164.8,201.3,85.1,0.0,1.2,5.5,0.451,-0.084,0.0,0.2,0.0,0.0,0.0,0.0,0.0,0.0,0.0,0.27,0.0,11.8,19.1,53069.0,0.0265345
2023-10-19,0.0,7.0,18.2,3.8,10.503,3143.2,482.8,81.8,0.7,2.0,6.3,0.487,-0.02,0.0,0.2,0.0,0.0,0.0,0.0,0.0,0.0,0.0,0.277,0.0,15.7,22.8,49908.0,0.024954
2023-10-20,0.0,3.5,15.4,3.1,9.737,3240.8,229.4,89.9,0.5,0.9,3.0,0.539,0.059,0.1,0.5,0.0,0.0,0.0,0.0,0.0,0.0,0.0,0.285,0.0,13.9,17.4,61315.0,0.0306575
2023-10-21,0.0,3.5,13.7,5.8,8.05,2995.8,183.0,82.9,0.9,1.4,2.6,0.555,0.143,0.1,0.2,0.0,0.0,0.0,0.0,0.0,0.0,0.0,0.289,0.0,12.7,15.4,106777.0,0.0533885
2023-10-22,0.0,0.2,12.8,2.6,7.501,2875.6,768.7,82.4,1.4,1.2,-1.2,0.564,0.211,0.2,0.2,0.0,0.0,0.0,0.0,0.0,0.0,0.0,0.292,0.0,12.0,16.0,105012.0,0.052506
2023-10-23,0.0,8.0,10.9,1.8,7.645,3155.1,159.5,94.5,0.5,0.5,7.5,0.588,0.269,0.2,0.6,0.0,0.0,0.0,0.0,0.0,0.0,0.0,0.29,0.0,9.3,12.3,53378.0,0.026689
2023-10-24,0.0,5.3,13.5,3.2,7.878,2801.1,437.0,82.3,0.4,1.1,4.9,0.62,0.336,0.6,0.2,0.0,0.0,0.0,0.0,0.0,0.0,0.0,0.299,0.0,11.7,15.6,87842.0,0.043921
2023-10-25,0.0,5.5,13.3,2.7,8.742,3207.8,233.2,92.1,0.5,0.8,5.0,0.677,0.436,1.9,1.5,0.0,0.0,0.0,0.0,0.0,0.0,0.0,0.304,0.0,13.0,14.0,52333.0,0.0261665
2023-10-26,0.0,14.3,13.6,2.8,8.739,3116.4,325.4,90.4,0.7,0.8,13.6,0.734,0.571,5.0,2.6,0.0,0.0,0.0,0.0,0.0,0.0,0.0,0.307,0.0,11.6,15.2,33593.0,0.0167965
2023-10-27,0.0,1.4,12.8,3.6,7.898,2914.4,494.5,86.4,0.9,1.1,0.5,0.718,0.701,2.3,0.2,0.0,0.0,0.0,0.0,0.0,0.0,0.0,0.315,0.0,11.4,15.5,82890.0,0.041445
2023-10-28,0.0,8.0,13.1,4.3,8.013,2976.2,268.5,85.8,0.4,1.1,7.6,0.729,0.816,1.5,1.0,0.0,0.0,0.0,0.0,0.0,0.0,0.0,0.313,0.0,11.5,14.2,84795.0,0.0423975
2023-10-29,0.0,3.1,13.9,3.6,8.084,2742.4,396.9,82.5,0.3,1.1,2.8,0.747,0.928,2.5,0.3,0.0,0.0,0.0,0.0,0.0,0.0,0.0,0.319,0.0,11.4,16.5,48954.0,0.024477
2023-10-30,0.0,7.2,11.8,2.2,8.13,3149.9,126.7,94.6,0.3,0.6,6.9,0.783,1.055,3.2,1.7,0.0,0.0,0.0,0.0,0.0,0.0,0.0,0.319,0.0,11.4,12.9,32985.0,0.0164925
2023-10-31,0.0,0.0,12.9,3.0,7.964,2708.4,174.8,86.4,-0.2,1.0,0.2,0.771,1.174,2.1,0.0,0.0,0.0,0.0,0.0,0.0,0.0,0.0,0.322,0.0,10.4,15.6,93418.0,0.046709
2023-11-01,0.0,7.6,12.3,4.9,7.849,3059.1,408.6,88.3,1.4,0.8,6.2,0.767,1.273,1.1,0.5,0.0,0.0,0.0,0.0,0.0,0.0,0.0,0.32,0.0,11.8,13.0,60770.0,0.030385
2023-11-02,0.0,0.3,11.8,6.7,6.247,2634.2,392.8,72.8,1.3,1.8,-1.0,0.783,1.358,1.7,0.7,0.0,0.0,0.0,0.0,0.0,0.0,0.0,0.325,0.0,10.7,14.0,41128.0,0.020564
2023-11-03,0.0,1.1,8.7,3.6,5.92,2434.1,366.4,85.1,0.1,0.8,1.0,0.772,1.424,1.0,0.0,0.0,0.0,0.0,0.0,0.0,0.0,0.0,0.322,0.0,6.7,10.1,60620.0,0.03031
2023-11-04,0.0,9.9,11.4,5.4,7.153,2958.6,368.9,85.7,1.0,1.0,8.9,0.811,1.489,1.6,1.3,0.0,0.0,0.0,0.0,0.0,0.0,0.0,0.322,0.0,8.8,14.1,38321.0,0.0191605
2023-11-05,0.0,0.9,11.9,5.1,6.818,2651.6,232.5,79.4,0.1,1.4,0.8,0.818,1.523,2.0,0.4,0.0,0.0,0.0,0.0,0.0,0.0,0.0,0.329,0.0,11.3,13.8,78687.0,0.0393435
2023-11-06,0.0,0.8,11.1,3.8,6.685,2641.9,281.8,82.1,0.1,1.2,0.7,0.811,1.544,1.4,0.2,0.0,0.0,0.0,0.0,0.0,0.0,0.0,0.328,0.0,9.6,14.3,73316.0,0.036658
2023-11-07,0.0,0.0,10.0,3.5,6.271,2529.7,444.5,82.6,0.2,0.9,-0.2,0.803,1.55,1.1,0.1,0.0,0.0,0.0,0.0,0.0,0.0,0.0,0.327,0.0,8.1,12.5,92671.0,0.0463355
2023-11-08,0.0,1.1,10.7,4.6,6.802,2777.6,292.4,85.2,0.3,0.9,0.8,0.796,1.535,0.8,0.1,0.0,0.0,0.0,0.0,0.0,0.0,0.0,0.325,0.0,8.0,12.9,97833.0,0.0489165
2023-11-09,0.0,3.3,10.0,4.1,6.658,2849.3,243.1,87.3,0.7,0.7,2.6,0.81,1.507,0.9,0.5,0.0,0.0,0.0,0.0,0.0,0.0,0.0,0.325,0.0,8.5,11.8,49373.0,0.0246865
2023-11-10,0.0,2.5,9.3,4.2,5.955,2460.9,264.4,82.2,0.1,1.1,2.4,0.808,1.467,0.9,0.0,0.0,0.0,0.0,0.0,0.0,0.0,0.0,0.327,0.0,7.1,12.0,65427.0,0.0327135
2023-11-11,0.0,5.9,8.7,2.5,6.011,2728.2,714.1,86.6,1.0,0.6,4.9,0.815,1.453,0.9,0.4,0.0,0.0,0.0,0.0,0.0,0.0,0.0,0.328,0.0,6.9,11.2,73922.0,0.036961
2023-11-12,0.0,6.4,10.1,2.4,7.167,3055.7,103.5,93.1,-0.1,0.6,6.5,0.875,1.488,2.7,2.0,0.0,0.0,0.0,0.0,0.0,0.0,0.0,0.333,0.0,7.0,14.9,46024.0,0.023012
2023-11-13,0.0,1.2,14.8,4.7,9.164,3037.9,119.8,87.4,0.0,1.0,1.2,0.869,1.504,2.3,0.2,0.0,0.0,0.0,0.0,0.0,0.0,0.0,0.336,0.0,12.2,16.4,47378.0,0.023688999999999998
2023-11-14,0.0,1.1,12.8,4.5,7.752,2795.9,227.1,84.8,0.2,1.0,0.9,0.859,1.492,1.5,0.2,0.0,0.0,0.0,0.0,0.0,0.0,0.0,0.334,0.0,12.3,13.7,54715.0,0.0273575
2023-11-15,0.0,1.8,11.5,3.4,7.018,2709.5,207.6,83.9,0.1,0.9,1.7,0.85,1.463,1.1,0.0,0.0,0.0,0.0,0.0,0.0,0.0,0.0,0.333,0.0,10.8,13.6,85226.0,0.042613
2023-11-16,0.0,22.4,9.1,3.2,6.825,3122.3,87.4,95.4,0.5,0.5,21.9,0.935,1.517,4.2,4.1,0.0,0.0,0.0,0.0,0.0,0.0,0.0,0.334,0.0,8.7,9.6,40993.0,0.0204965
2023-11-17,0.0,4.9,9.3,2.1,6.381,2886.8,297.6,88.0,0.5,0.6,4.4,0.955,1.621,5.8,0.9,0.0,0.0,0.0,0.0,0.0,0.0,0.0,0.35,0.0,8.2,11.7,74568.0,0.037284
2023-11-18,0.0,12.9,11.8,3.7,8.056,3174.3,103.7,93.3,0.0,0.6,12.9,0.999,1.781,6.2,3.2,0.0,0.0,0.0,0.0,0.0,0.0,0.0,0.349,0.0,8.4,15.0,69187.0,0.0345935
2023-11-19,0.0,0.0,13.7,4.4,7.89,2693.5,337.9,81.3,0.3,1.2,-0.3,0.977,1.927,3.4,0.0,0.0,0.0,0.0,0.0,0.0,0.0,0.0,0.354,0.0,13.3,15.3,78259.0,0.0391295
2023-11-20,0.0,1.1,11.2,4.1,6.775,2702.5,204.0,82.7,0.2,1.1,0.9,0.956,2.08,1.8,0.0,0.0,0.0,0.0,0.0,0.0,0.0,0.0,0.349,0.0,10.6,12.7,52078.0,0.026039
2023-11-21,0.0,2.2,10.9,2.8,7.444,3029.5,117.5,91.9,0.2,0.6,2.0,0.96,2.193,1.8,0.5,0.0,0.0,0.0,0.0,0.0,0.0,0.0,0.348,0.0,10.2,11.9,48172.0,0.024086
2023-11-22,0.0,0.0,8.3,2.6,5.097,2547.2,661.3,75.1,1.1,0.7,-1.1,0.94,2.229,1.4,0.0,0.0,0.0,0.0,0.0,0.0,0.0,0.0,0.348,0.0,6.7,10.0,75355.0,0.0376775
2023-11-23,0.0,0.1,10.9,2.5,7.025,2914.3,304.6,86.6,0.1,0.6,0.0,0.925,2.249,1.1,0.0,0.0,0.0,0.0,0.0,0.0,0.0,0.0,0.345,0.0,7.8,12.3,73943.0,0.0369715
2023-11-24,0.0,0.3,9.4,4.0,5.528,2477.5,247.0,74.1,0.4,1.1,-0.1,0.916,2.276,1.0,0.1,0.0,0.0,0.0,0.0,0.0,0.0,0.0,0.343,0.0,7.3,11.6,43694.0,0.021847
2023-11-25,0.0,0.0,5.4,2.7,4.327,2323.8,731.7,78.0,1.0,0.5,-1.0,0.9,2.267,0.8,0.0,0.0,0.0,0.0,0.0,0.0,0.0,0.0,0.341,0.0,4.1,8.2,88151.0,0.0440755
2023-11-26,0.0,1.7,4.7,1.9,4.286,2299.4,484.3,81.5,0.4,0.3,1.3,0.889,2.185,0.7,0.0,0.0,0.0,0.0,0.0,0.0,0.0,0.0,0.339,0.0,1.9,6.5,90243.0,0.0451215
2023-11-27,0.0,6.6,6.6,4.0,5.596,2937.0,95.6,91.8,0.2,0.7,6.4,0.932,2.111,1.0,1.2,0.0,0.0,0.0,0.0,0.0,0.0,0.0,0.339,0.0,4.3,9.3,21671.0,0.0108355
2023-11-28,0.0,0.0,5.5,2.9,4.62,2563.3,219.2,82.7,0.3,0.6,-0.3,0.93,2.01,1.2,0.0,0.0,0.0,0.0,0.0,0.0,0.0,0.0,0.346,0.0,4.1,6.7,59914.0,0.029957
2023-11-29,0.0,0.0,6.0,2.0,4.976,2348.5,230.5,86.4,-0.1,0.5,0.1,0.92,1.938,1.0,0.0,0.0,0.0,0.0,0.0,0.0,0.0,0.0,0.344,0.0,3.0,9.2,65045.0,0.0325225
2023-11-30,0.0,0.0,5.2,2.0,4.499,2469.6,258.0,82.3,0.0,0.5,0.0,0.91,1.878,0.9,0.0,0.0,0.0,0.0,0.0,0.0,0.0,0.0,0.342,0.001,3.3,7.2,22567.0,0.0112835
2023-12-01,0.0,0.0,2.9,3.9,3.813,2514.6,120.5,81.3,0.4,0.8,-0.4,0.9,1.824,0.8,0.0,0.0,0.0,0.0,0.0,0.0,0.0,0.0,0.341,0.0,1.6,3.7,15836.0,0.007918
2023-12-02,0.0,0.0,1.0,1.9,3.028,1983.7,670.9,74.9,0.5,0.4,-0.5,0.888,1.783,0.7,0.0,0.0,0.0,0.0,0.0,0.0,0.0,0.0,0.336,0.003,-1.0,2.9,62137.0,0.0310685
2023-12-03,0.0,2.7,2.0,3.5,3.058,2154.3,99.4,70.6,0.1,0.9,2.6,0.883,1.739,0.6,0.0,0.0,0.0,0.0,0.0,0.0,0.0,0.0,0.331,0.007,-0.2,3.4,82699.0,0.0413495
2023-12-04,0.0,12.7,6.8,4.5,5.394,2873.4,126.3,86.8,-0.1,1.1,12.8,0.936,1.722,0.9,1.5,0.0,0.0,0.0,0.0,0.0,0.0,0.0,0.332,0.008,3.1,9.5,28409.0,0.0142045
2023-12-05,0.0,0.9,7.6,4.3,5.744,2826.1,69.4,88.8,0.1,0.6,0.8,0.977,1.743,3.2,1.1,0.0,0.0,0.0,0.0,0.0,0.0,0.0,0.353,0.0,7.3,7.9,55118.0,0.027559
2023-12-06,0.0,0.0,6.3,1.7,5.136,2587.8,494.3,87.2,0.4,0.3,-0.4,0.954,1.762,1.9,0.0,0.0,0.0,0.0,0.0,0.0,0.0,0.0,0.35,0.0,5.5,8.4,63419.0,0.0317095
2023-12-07,0.0,10.1,5.2,3.6,4.853,2713.7,230.3,88.7,0.3,0.5,9.8,0.958,1.759,1.3,0.8,0.0,0.0,0.0,0.0,0.0,0.0,0.0,0.347,0.0,3.8,8.3,39383.0,0.0196915
2023-12-08,0.0,0.6,8.8,2.2,6.53,2698.6,153.6,92.9,-0.2,0.4,0.8,0.991,1.777,3.3,0.9,0.0,0.0,0.0,0.0,0.0,0.0,0.0,0.355,0.0,6.1,10.6,36340.0,0.01817
2023-12-09,0.0,16.5,10.1,4.9,6.75,2936.0,97.4,88.3,0.1,0.9,16.4,1.049,1.829,6.6,3.5,0.0,0.0,0.0,0.0,0.0,0.0,0.0,0.352,0.0,7.5,12.0,18963.0,0.0094815
2023-12-10,0.0,2.3,11.1,5.2,6.935,2740.7,244.8,84.2,0.1,0.8,2.2,1.031,1.876,3.4,0.4,0.0,0.0,0.0,0.0,0.0,0.0,0.0,0.36,0.0,9.6,12.1,46024.0,0.023012
2023-12-11,0.0,0.3,11.8,2.5,7.427,2927.4,514.2,86.7,0.6,0.4,-0.3,1.014,1.924,2.4,0.1,0.0,0.0,0.0,0.0,0.0,0.0,0.0,0.359,0.0,10.9,12.9,30363.0,0.0151815
2023-12-12,0.0,1.7,11.7,2.8,7.884,3115.4,314.4,92.2,0.5,0.3,1.2,1.004,2.018,1.9,0.3,0.0,0.0,0.0,0.0,0.0,0.0,0.0,0.355,0.0,10.9,12.9,26020.0,0.01301
2023-12-13,0.0,1.9,9.3,3.4,6.522,2807.8,102.6,90.0,0.2,0.6,1.7,0.993,2.167,1.6,0.2,0.0,0.0,0.0,0.0,0.0,0.0,0.0,0.354,0.0,8.6,10.2,30811.0,0.0154055
2023-12-14,0.0,1.2,8.4,3.1,5.777,2789.8,221.7,84.7,0.2,0.6,1.0,0.987,2.216,1.6,0.1,0.0,0.0,0.0,0.0,0.0,0.0,0.0,0.354,0.0,8.2,8.7,43609.0,0.0218045
2023-12-15,0.0,0.0,9.0,1.3,6.317,2756.9,274.6,88.7,0.2,0.3,-0.2,0.979,2.184,1.5,0.1,0.0,0.0,0.0,0.0,0.0,0.0,0.0,0.353,0.0,8.0,10.6,50440.0,0.02522
2023-12-16,0.0,0.0,7.5,1.1,5.088,2747.7,556.4,80.2,1.0,0.3,-1.0,0.961,2.169,1.2,0.0,0.0,0.0,0.0,0.0,0.0,0.0,0.0,0.351,0.0,6.2,11.4,77890.0,0.038945
2023-12-17,0.0,0.0,3.3,2.1,4.46,2799.9,488.6,93.1,0.9,0.2,-0.9,0.941,2.117,1.0,0.0,0.0,0.0,0.0,0.0,0.0,0.0,0.0,0.348,0.0,1.5,4.9,74760.0,0.03738
2023-12-18,0.0,0.0,2.5,2.2,4.344,2840.9,117.8,95.7,0.3,0.3,-0.3,0.928,2.006,0.8,0.0,0.0,0.0,0.0,0.0,0.0,0.0,0.0,0.345,0.0,1.3,5.9,64726.0,0.032363
2023-12-19,0.0,2.2,7.3,3.4,5.751,2837.5,87.3,90.6,-0.1,0.5,2.3,0.926,1.861,0.8,0.2,0.0,0.0,0.0,0.0,0.0,0.0,0.0,0.343,0.0,3.1,9.3,37682.0,0.018841
2023-12-20,0.0,0.1,8.8,3.9,6.023,2679.4,302.1,85.6,0.1,0.6,0.0,0.929,1.72,0.8,0.1,0.0,0.0,0.0,0.0,0.0,0.0,0.0,0.345,0.0,6.3,10.5,49179.0,0.0245895
2023-12-21,0.0,1.3,11.3,5.4,7.288,2906.2,352.0,88.0,0.5,0.7,0.8,0.928,1.598,0.8,0.2,0.0,0.0,0.0,0.0,0.0,0.0,0.0,0.344,0.0,9.8,11.9,24921.0,0.0124605
2023-12-22,0.0,1.3,10.5,4.7,6.715,2877.9,64.7,85.1,0.1,0.9,1.2,0.93,1.487,0.8,0.2,0.0,0.0,0.0,0.0,0.0,0.0,0.0,0.344,0.0,10.1,10.9,37092.0,0.018546
2023-12-23,0.0,0.0,10.9,4.4,6.562,2714.1,202.8,81.3,0.0,0.9,0.0,0.923,1.4,0.8,0.0,0.0,0.0,0.0,0.0,0.0,0.0,0.0,0.344,0.0,9.5,11.9,45436.0,0.022718
2023-12-24,0.0,0.0,11.7,4.1,6.753,2703.5,292.7,79.1,0.0,0.9,0.0,0.915,1.306,0.8,0.0,0.0,0.0,0.0,0.0,0.0,0.0,0.0,0.343,0.0,10.4,12.4,56335.0,0.0281675
2023-12-25,0.0,0.0,12.1,4.6,7.073,2586.0,84.6,80.9,-0.3,1.2,0.3,0.91,1.216,0.7,0.0,0.0,0.0,0.0,0.0,0.0,0.0,0.0,0.342,0.0,11.9,12.2,53214.0,0.026607
2023-12-26,0.0,0.2,11.0,3.1,7.098,2799.1,93.7,87.1,-0.2,0.8,0.4,0.906,1.135,0.7,0.0,0.0,0.0,0.0,0.0,0.0,0.0,0.0,0.341,0.0,10.8,11.2,53931.0,0.0269655
2023-12-27,0.0,0.0,10.3,4.8,6.013,2559.0,550.4,77.6,0.8,0.9,-0.8,0.896,1.043,0.7,0.0,0.0,0.0,0.0,0.0,0.0,0.0,0.0,0.341,0.0,9.7,11.0,75238.0,0.037619
2023-12-28,0.0,0.0,10.6,4.3,6.713,2693.3,188.0,84.6,0.0,0.8,0.0,0.888,0.966,0.6,0.0,0.0,0.0,0.0,0.0,0.0,0.0,0.0,0.339,0.0,9.9,11.5,32118.0,0.016059
2023-12-29,0.0,0.6,10.8,4.2,6.854,2692.1,113.4,85.1,-0.2,0.8,0.8,0.884,0.892,0.6,0.0,0.0,0.0,0.0,0.0,0.0,0.0,0.0,0.338,0.0,9.7,11.7,38768.0,0.019384
2023-12-30,0.0,1.0,9.8,3.9,6.734,2751.1,134.6,89.8,-0.1,0.6,1.1,0.891,0.833,0.6,0.2,0.0,0.0,0.0,0.0,0.0,0.0,0.0,0.338,0.0,8.1,10.7,59516.0,0.029758
2023-12-31,0.0,0.1,9.7,6.9,5.432,2282.3,345.4,72.9,0.5,1.5,-0.4,0.884,0.767,0.6,0.0,0.0,0.0,0.0,0.0,0.0,0.0,0.0,0.339,0.0,9.5,11.5,33781.0,0.0168905
2024-01-01,0.0,8.5,8.9,5.4,5.769,2397.6,178.7,81.1,-0.1,0.9,8.6,0.892,0.768,0.5,0.3,0.0,0.0,0.0,0.0,0.0,0.0,0.0,0.337,0.0,6.9,10.8,53130.0,0.026565000000000002
2024-01-02,0.0,7.1,11.4,7.3,7.349,3010.5,80.0,88.1,0.4,1.1,6.7,0.976,0.775,2.3,2.1,0.0,0.0,0.0,0.0,0.0,0.0,0.0,0.347,0.0,9.8,12.1,18446.0,0.009223
2024-01-03,0.0,3.7,11.4,6.3,6.873,2856.1,170.7,82.4,0.5,1.2,3.2,0.978,0.793,2.3,0.6,0.0,0.0,0.0,0.0,0.0,0.0,0.0,0.351,0.0,10.8,12.8,35249.0,0.0176245
2024-01-04,0.0,0.1,9.9,5.2,6.385,2457.1,97.6,84.3,-0.3,0.9,0.4,0.969,0.811,1.9,0.0,0.0,0.0,0.0,0.0,0.0,0.0,0.0,0.351,0.0,8.5,11.2,55871.0,0.0279355
2024-01-05,0.0,0.1,8.0,2.9,5.342,2295.2,547.2,80.3,0.4,0.5,-0.3,0.954,0.824,1.4,0.0,0.0,0.0,0.0,0.0,0.0,0.0,0.0,0.349,0.0,7.2,9.5,31775.0,0.0158875
2024-01-06,0.0,0.9,6.2,3.7,4.848,2341.0,120.7,82.5,-0.1,0.8,1.0,0.945,0.857,1.1,0.1,0.0,0.0,0.0,0.0,0.0,0.0,0.0,0.347,0.0,6.0,7.3,45263.0,0.0226315
2024-01-07,0.0,0.0,3.2,4.1,3.833,2390.3,122.3,79.8,0.3,0.8,-0.3,0.939,0.894,1.1,0.1,0.0,0.0,0.0,0.0,0.0,0.0,0.0,0.346,0.0,3.0,3.9,38082.0,0.019041
2024-01-08,0.6,0.0,-0.6,4.9,2.734,2189.1,102.5,75.5,0.3,0.7,0.3,0.926,0.929,0.8,0.0,0.2,0.0,0.001,0.0,0.003,0.1,0.0,0.341,0.004,-1.0,-0.4,31719.0,0.0158595
2024-01-09,0.0,0.0,-1.6,3.0,2.501,2054.9,277.3,74.2,0.1,0.5,-0.1,0.917,0.943,0.7,0.0,0.6,0.6,0.004,0.004,0.004,0.4,0.0,0.333,0.01,-1.9,-0.8,49102.0,0.024551
2024-01-10,0.0,0.0,-0.3,2.3,2.644,1971.4,247.4,71.6,0.0,0.6,0.0,0.911,0.964,0.6,0.0,0.6,0.6,0.004,0.004,0.004,0.4,0.0,0.322,0.02,-1.8,0.9,20779.0,0.0103895
2024-01-11,0.0,0.0,0.0,3.9,2.764,2026.4,738.0,73.3,0.3,0.6,-0.3,0.907,0.984,0.5,0.1,0.3,0.6,0.002,0.004,0.004,0.2,0.5,0.313,0.028,-1.6,2.6,45320.0,0.02266
2024-01-12,0.0,0.0,1.8,2.9,3.625,2662.2,173.3,84.2,0.1,0.5,-0.1,0.904,0.936,0.4,0.0,0.0,0.1,0.0,0.001,0.001,0.0,0.1,0.314,0.027,0.2,3.3,58610.0,0.029305
2024-01-13,0.0,0.0,-0.7,1.3,3.324,2699.6,100.8,92.5,0.3,0.3,-0.3,0.898,0.894,0.5,0.0,0.0,0.0,0.0,0.0,0.0,0.0,0.0,0.324,0.016,-0.7,-0.5,56101.0,0.028050500000000003
2024-01-14,0.0,0.0,-1.0,1.5,3.115,2662.3,111.6,88.8,0.1,0.4,-0.1,0.891,0.86,0.5,0.0,0.0,0.0,0.0,0.0,0.0,0.0,0.0,0.323,0.016,-2.2,2.1,43177.0,0.0215885
2024-01-15,0.0,0.0,2.1,2.5,3.366,2247.6,413.8,77.1,0.1,0.7,-0.1,0.886,0.829,0.5,0.0,0.0,0.0,0.0,0.0,0.0,0.0,0.0,0.323,0.015,-0.2,6.6,42204.0,0.021102
2024-01-16,1.2,4.9,0.3,1.7,2.881,2099.8,605.0,75.1,0.1,0.4,6.0,0.885,0.794,0.4,0.0,0.2,0.0,0.001,0.0,0.0,0.1,2.7,0.32,0.018,-3.2,4.0,49460.0,0.02473
2024-01-17,1.3,23.5,1.8,2.3,4.135,2855.4,82.8,95.6,0.0,0.4,24.8,1.01,0.881,4.4,6.5,0.1,0.8,0.001,0.005,0.008,0.1,3.3,0.328,0.015,0.1,3.5,19876.0,0.009938
2024-01-18,0.0,0.0,0.5,2.8,3.53,2383.0,621.0,90.0,0.6,0.2,-0.6,1.017,0.981,5.7,0.4,0.0,0.2,0.0,0.001,0.002,0.0,0.2,0.356,0.004,-0.6,2.8,41732.0,0.020866
2024-01-19,0.0,0.0,0.2,1.2,3.306,2224.3,732.6,86.5,0.5,0.2,-0.5,0.991,1.068,1.8,0.0,0.0,0.0,0.0,0.0,0.0,0.0,0.0,0.347,0.008,-1.9,4.8,65115.0,0.0325575
2024-01-20,0.1,0.0,0.1,1.7,2.997,2108.8,730.0,79.1,0.5,0.3,-0.4,0.974,1.152,1.2,0.0,0.0,0.0,0.0,0.0,0.001,0.0,0.1,0.344,0.008,-2.5,2.2,101770.0,0.050885
2024-01-21,0.0,0.1,5.5,5.0,4.688,2495.2,164.7,80.8,-0.5,1.1,0.6,0.964,1.229,1.0,0.0,0.0,0.0,0.0,0.0,0.0,0.0,0.0,0.34,0.01,0.2,11.6,66324.0,0.033162
2024-01-22,0.0,1.1,10.9,6.5,6.485,2700.7,184.6,80.0,0.1,1.3,1.0,0.963,1.308,1.1,0.2,0.0,0.0,0.0,0.0,0.0,0.0,0.0,0.348,0.001,8.6,11.9,39490.0,0.019745
2024-01-23,0.0,0.4,10.6,4.7,6.771,2767.8,164.9,85.1,-0.2,1.1,0.6,0.956,1.366,1.1,0.0,0.0,0.0,0.0,0.0,0.0,0.0,0.0,0.349,0.0,8.3,14.2,59555.0,0.0297775
2024-01-24,0.0,2.0,13.4,5.2,7.7,3028.2,486.9,80.6,0.8,1.2,1.2,0.947,1.427,1.0,0.1,0.0,0.0,0.0,0.0,0.0,0.0,0.0,0.348,0.0,12.4,14.1,57842.0,0.028921
2024-01-25,0.0,0.2,11.7,2.3,7.889,3148.6,348.7,92.3,0.4,0.5,-0.2,0.947,1.524,1.0,0.2,0.0,0.0,0.0,0.0,0.0,0.0,0.0,0.348,0.0,10.3,13.4,82099.0,0.0410495
2024-01-26,0.0,1.1,9.9,3.2,5.797,2647.2,556.1,75.0,1.1,0.9,0.0,0.938,1.591,0.9,0.1,0.0,0.0,0.0,0.0,0.0,0.0,0.0,0.346,0.0,8.7,12.1,53007.0,0.0265035
2024-01-27,0.0,0.0,4.8,1.7,3.98,2379.7,426.8,75.3,0.2,0.6,-0.2,0.926,1.464,0.8,0.0,0.0,0.0,0.0,0.0,0.0,0.0,0.0,0.345,0.0,1.1,8.5,94240.0,0.04712
2024-01-28,0.0,0.0,5.6,2.6,4.728,2511.1,521.4,83.6,0.4,0.6,-0.4,0.915,1.31,0.7,0.0,0.0,0.0,0.0,0.0,0.0,0.0,0.0,0.343,0.0,2.4,7.9,89171.0,0.0445855
2024-01-29,0.0,0.0,9.7,2.5,6.181,2607.7,421.5,82.8,-0.1,0.8,0.1,0.907,1.2,0.7,0.0,0.0,0.0,0.0,0.0,0.0,0.0,0.0,0.342,0.0,5.7,12.7,85826.0,0.042913
2024-01-30,0.0,0.0,10.3,2.1,6.221,2664.4,205.0,79.7,0.0,0.9,0.0,0.902,1.104,0.7,0.0,0.0,0.0,0.0,0.0,0.0,0.0,0.0,0.341,0.0,9.6,11.8,86085.0,0.0430425
2024-01-31,0.0,1.1,8.5,1.6,5.314,2578.5,401.2,77.2,0.2,0.7,0.9,0.894,1.033,0.6,0.0,0.0,0.0,0.0,0.0,0.0,0.0,0.0,0.34,0.0,7.2,10.6,90982.0,0.045491
2024-02-01,0.0,0.1,10.0,2.2,6.871,2904.6,232.0,89.7,0.0,0.7,0.1,0.897,0.978,0.6,0.1,0.0,0.0,0.0,0.0,0.0,0.0,0.0,0.34,0.0,8.5,11.8,36251.0,0.0181255
2024-02-02,0.0,0.0,7.4,2.7,5.765,2879.4,425.3,90.2,0.6,0.5,-0.6,0.887,0.899,0.6,0.0,0.0,0.0,0.0,0.0,0.0,0.0,0.0,0.339,0.0,5.0,9.8,71320.0,0.03566
2024-02-03,0.0,0.0,10.2,2.5,6.799,2805.5,191.2,88.2,-0.1,0.6,0.1,0.881,0.789,0.5,0.0,0.0,0.0,0.0,0.0,0.0,0.0,0.0,0.337,0.0,8.3,10.8,73922.0,0.036961
2024-02-04,0.0,0.0,10.3,3.5,6.574,2899.8,213.6,84.7,0.2,0.8,-0.2,0.875,0.674,0.5,0.0,0.0,0.0,0.0,0.0,0.0,0.0,0.0,0.337,0.0,9.9,11.0,62477.0,0.0312385
2024-02-05,0.0,0.0,9.0,3.5,5.757,2628.4,316.8,80.8,0.2,0.8,-0.2,0.868,0.59,0.5,0.0,0.0,0.0,0.0,0.0,0.0,0.0,0.0,0.336,0.0,8.5,9.5,63189.0,0.0315945
2024-02-06,0.0,0.9,10.6,4.9,6.388,2401.9,373.5,80.8,-0.1,1.1,1.0,0.864,0.531,0.5,0.0,0.0,0.0,0.0,0.0,0.0,0.0,0.0,0.335,0.0,8.0,11.7,53136.0,0.026568
2024-02-07,0.0,5.1,11.9,5.7,7.84,3166.0,125.4,90.9,0.2,0.8,4.9,0.887,0.499,0.5,0.6,0.0,0.0,0.0,0.0,0.0,0.0,0.0,0.336,0.0,11.5,12.9,76435.0,0.0382175
2024-02-08,0.0,4.6,12.5,4.3,7.988,2907.3,145.7,88.7,0.0,0.9,4.6,0.933,0.51,1.1,0.8,0.0,0.0,0.0,0.0,0.0,0.0,0.0,0.341,0.0,12.0,13.6,58837.0,0.0294185
2024-02-09,0.0,0.0,12.0,4.3,6.985,2597.2,150.2,80.4,-0.2,1.2,0.2,0.927,0.52,1.1,0.0,0.0,0.0,0.0,0.0,0.0,0.0,0.0,0.345,0.0,10.8,13.5,41219.0,0.0206095
2024-02-10,0.0,5.8,9.0,1.8,6.662,2990.0,146.0,93.3,0.3,0.6,5.5,0.945,0.542,1.3,0.9,0.0,0.0,0.0,0.0,0.0,0.0,0.0,0.343,0.0,8.0,10.3,40771.0,0.0203855
2024-02-11,0.0,0.7,9.2,3.5,6.132,2643.6,148.6,85.3,0.0,0.8,0.7,0.95,0.579,1.6,0.1,0.0,0.0,0.0,0.0,0.0,0.0,0.0,0.348,0.0,8.0,10.2,90395.0,0.0451975
2024-02-12,0.0,0.7,8.1,1.2,5.538,2403.1,760.9,82.7,0.7,0.6,0.0,0.935,0.625,1.2,0.0,0.0,0.0,0.0,0.0,0.0,0.0,0.0,0.346,0.0,6.8,10.9,66082.0,0.033041
2024-02-13,0.0,0.2,8.8,2.9,5.839,2516.1,747.7,83.1,0.6,0.8,-0.4,0.924,0.671,1.0,0.1,0.0,0.0,0.0,0.0,0.0,0.0,0.0,0.345,0.0,4.9,11.0,117947.0,0.0589735
2024-02-14,0.0,0.1,12.7,3.1,8.09,3006.3,145.0,89.0,-0.1,0.7,0.2,0.916,0.719,0.8,0.0,0.0,0.0,0.0,0.0,0.0,0.0,0.0,0.343,0.0,10.3,14.4,113470.0,0.056735
2024-02-15,0.0,0.0,14.6,2.4,7.093,2597.1,581.2,69.8,0.2,1.4,-0.2,0.908,0.765,0.8,0.0,0.0,0.0,0.0,0.0,0.0,0.0,0.0,0.342,0.0,11.1,16.8,78082.0,0.039041
2024-02-16,0.0,0.3,13.2,3.1,7.099,2830.1,180.2,74.9,0.1,1.3,0.2,0.903,0.815,0.7,0.0,0.0,0.0,0.0,0.0,0.0,0.0,0.0,0.341,0.0,12.5,14.4,54723.0,0.0273615
2024-02-17,0.0,0.0,12.0,1.8,5.418,2599.9,806.1,62.6,1.0,1.3,-1.0,0.889,0.835,0.6,0.0,0.0,0.0,0.0,0.0,0.0,0.0,0.0,0.34,0.0,10.5,14.4,110482.0,0.055241
2024-02-18,0.0,3.7,10.3,3.1,6.69,2943.8,212.4,85.5,0.2,0.9,3.5,0.895,0.829,0.6,0.4,0.0,0.0,0.0,0.0,0.0,0.0,0.0,0.338,0.0,8.1,12.2,84656.0,0.042328
2024-02-19,0.0,0.0,10.8,3.1,7.114,2804.8,163.3,88.6,0.0,0.7,0.0,0.903,0.859,0.8,0.0,0.0,0.0,0.0,0.0,0.0,0.0,0.0,0.341,0.0,10.4,11.3,76832.0,0.038416
2024-02-20,0.0,0.0,8.7,2.3,6.217,2811.7,259.3,89.4,0.3,0.6,-0.3,0.894,0.859,0.7,0.0,0.0,0.0,0.0,0.0,0.0,0.0,0.0,0.34,0.0,7.7,9.4,101821.0,0.050910500000000004
2024-02-21,0.0,12.6,9.6,4.6,6.479,2658.8,482.3,86.9,0.3,1.0,12.3,0.908,0.868,0.6,0.6,0.0,0.0,0.0,0.0,0.0,0.0,0.0,0.339,0.0,7.4,12.3,77341.0,0.0386705
2024-02-22,0.0,10.7,10.6,5.8,7.185,2897.0,196.1,88.7,0.6,1.0,10.1,1.014,0.982,5.3,3.5,0.0,0.0,0.0,0.0,0.0,0.0,0.0,0.352,0.0,8.9,13.1,36147.0,0.0180735
2024-02-23,0.0,1.5,6.5,4.0,4.884,2416.9,192.2,81.6,0.1,1.0,1.4,0.994,1.099,2.7,0.2,0.0,0.0,0.0,0.0,0.0,0.0,0.0,0.355,0.0,5.2,8.5,89465.0,0.0447325
2024-02-24,0.0,4.8,5.8,4.7,4.766,2498.1,314.8,83.3,0.3,1.0,4.5,0.993,1.233,1.9,0.6,0.0,0.0,0.0,0.0,0.0,0.0,0.0,0.353,0.0,4.3,7.9,104064.0,0.052032
2024-02-25,0.0,6.3,7.5,4.3,5.815,2913.6,153.6,90.6,0.2,0.7,6.1,1.017,1.41,2.8,1.1,0.0,0.0,0.0,0.0,0.0,0.0,0.0,0.355,0.0,5.5,8.7,51886.0,0.025943
2024-02-26,0.0,8.1,7.8,4.8,6.191,3094.4,187.6,93.8,1.2,0.5,6.9,1.038,1.61,3.6,1.7,0.0,0.0,0.0,0.0,0.0,0.0,0.0,0.358,0.0,6.3,9.1,76367.0,0.0381835
2024-02-27,0.0,0.0,7.0,4.6,4.977,2705.9,326.8,80.4,0.6,1.0,-0.6,1.024,1.786,3.0,0.1,0.0,0.0,0.0,0.0,0.0,0.0,0.0,0.361,0.0,5.7,8.6,61561.0,0.0307805
2024-02-28,0.0,0.0,7.5,2.1,5.267,2573.5,243.9,82.0,-0.1,0.8,0.1,1.002,1.899,1.8,0.0,0.0,0.0,0.0,0.0,0.0,0.0,0.0,0.356,0.0,3.1,10.0,107818.0,0.053909
2024-02-29,0.0,4.6,9.5,3.7,6.798,2995.6,190.5,92.2,0.3,0.8,4.3,1.011,2.048,1.9,0.7,0.0,0.0,0.0,0.0,0.0,0.0,0.0,0.354,0.0,8.9,11.0,109236.0,0.054618
2024-03-01,0.0,5.2,8.2,6.1,5.919,2719.1,394.9,87.5,1.0,0.9,4.2,1.021,2.144,2.3,0.8,0.0,0.0,0.0,0.0,0.0,0.0,0.0,0.356,0.0,5.6,10.6,99296.0,0.049648
2024-03-02,0.0,17.4,6.7,3.0,5.659,2853.1,288.3,92.8,0.7,0.6,16.7,1.062,2.26,3.7,2.6,0.0,0.0,0.0,0.0,0.0,0.0,0.0,0.358,0.0,5.8,8.3,69557.0,0.0347785
2024-03-03,0.0,0.0,7.3,2.0,5.329,2557.6,492.6,84.4,0.5,0.9,-0.5,1.074,2.25,5.5,0.8,0.0,0.0,0.0,0.0,0.0,0.0,0.0,0.369,0.0,5.9,9.3,75480.0,0.03774
2024-03-04,0.0,0.3,7.3,2.0,4.591,2484.2,1214.5,74.0,1.7,1.3,-1.4,1.032,2.223,2.3,0.0,0.0,0.0,0.0,0.0,0.0,0.0,0.0,0.363,0.0,2.0,11.0,116515.0,0.0582575
2024-03-05,0.0,3.3,7.7,2.6,5.408,2573.9,440.8,83.4,0.2,1.0,3.1,1.017,2.135,1.6,0.2,0.0,0.0,0.0,0.0,0.0,0.0,0.0,0.358,0.0,7.1,9.4,119220.0,0.059609999999999996
2024-03-06,0.0,0.0,7.7,1.3,5.271,2464.7,319.7,81.7,0.0,0.9,0.0,1.02,2.081,1.8,0.3,0.0,0.0,0.0,0.0,0.0,0.0,0.0,0.359,0.0,6.0,10.9,132775.0,0.0663875
2024-03-07,0.0,0.0,8.6,2.8,5.159,2413.4,1120.8,76.1,1.3,1.7,-1.3,0.995,2.019,1.5,0.0,0.0,0.0,0.0,0.0,0.0,0.0,0.0,0.356,0.0,3.7,14.3,173858.0,0.086929
2024-03-08,0.0,0.0,9.4,3.2,5.03,2376.6,1592.5,69.1,2.2,1.9,-2.2,0.964,1.978,1.2,0.0,0.0,0.0,0.0,0.0,0.0,0.0,0.0,0.352,0.0,4.0,13.2,82238.0,0.041119
2024-03-09,0.0,6.5,9.9,3.5,5.682,2521.9,609.9,75.8,0.4,1.7,6.1,0.959,1.948,1.0,0.4,0.0,0.0,0.0,0.0,0.0,0.0,0.0,0.348,0.0,7.1,14.5,66824.0,0.033412
2024-03-10,0.0,0.1,8.9,1.6,6.137,2601.2,361.9,86.9,0.0,0.8,0.1,0.988,1.925,1.3,0.6,0.0,0.0,0.0,0.0,0.0,0.0,0.0,0.354,0.0,7.7,10.5,108393.0,0.0541965
2024-03-11,0.0,2.5,9.3,2.6,5.804,2608.3,504.4,80.5,0.2,1.3,2.3,0.98,1.909,1.2,0.1,0.0,0.0,0.0,0.0,0.0,0.0,0.0,0.352,0.0,7.3,12.4,101163.0,0.0505815
2024-03-12,0.0,6.0,10.2,3.3,7.123,3080.2,275.0,91.7,0.4,0.8,5.6,1.004,1.891,1.6,1.0,0.0,0.0,0.0,0.0,0.0,0.0,0.0,0.353,0.0,8.4,12.2,110270.0,0.055135
2024-03-13,0.0,0.1,12.2,2.7,7.421,2747.4,292.4,84.7,0.0,1.1,0.1,1.008,1.861,2.1,0.1,0.0,0.0,0.0,0.0,0.0,0.0,0.0,0.357,0.0,11.1,14.6,164514.0,0.082257
2024-03-14,0.0,0.1,13.1,2.6,7.226,2716.2,757.2,78.3,0.4,1.5,-0.3,0.988,1.808,1.6,0.0,0.0,0.0,0.0,0.0,0.0,0.0,0.0,0.354,0.0,6.9,16.8,167695.0,0.0838475
2024-03-15,0.0,3.6,14.2,4.3,7.933,2715.7,358.4,79.0,0.1,1.7,3.5,0.981,1.792,1.3,0.1,0.0,0.0,0.0,0.0,0.0,0.0,0.0,0.352,0.0,13.3,16.5,130630.0,0.065315
2024-03-16,0.0,0.3,12.6,2.5,6.711,2587.8,835.9,74.7,0.8,1.6,-0.5,0.984,1.775,1.5,0.4,0.0,0.0,0.0,0.0,0.0,0.0,0.0,0.354,0.0,10.4,14.0,139501.0,0.06975050000000001
2024-03-17,0.0,3.3,12.9,2.2,8.515,3145.2,263.6,91.7,0.2,0.9,3.1,0.989,1.777,1.5,0.5,0.0,0.0,0.0,0.0,0.0,0.0,0.0,0.351,0.0,11.2,15.0,115134.0,0.057567
2024-03-18,0.0,0.0,14.3,1.8,7.839,2728.1,818.4,78.3,0.6,1.6,-0.6,0.975,1.796,1.4,0.0,0.0,0.0,0.0,0.0,0.0,0.0,0.0,0.353,0.0,12.8,17.9,136027.0,0.0680135
2024-03-19,0.0,0.0,13.0,0.8,7.087,2671.7,1034.1,77.6,1.0,1.6,-1.0,0.955,1.803,1.1,0.0,0.0,0.0,0.0,0.0,0.0,0.0,0.0,0.35,0.0,8.7,18.1,187746.0,0.093873
2024-03-20,0.0,0.0,14.7,0.9,6.934,2636.7,1175.8,69.3,1.2,1.9,-1.2,0.935,1.769,0.9,0.0,0.0,0.0,0.0,0.0,0.0,0.0,0.0,0.347,0.0,8.4,21.4,157573.0,0.0787865
2024-03-21,0.0,0.0,15.1,1.6,7.106,2625.3,1769.4,68.1,2.7,2.5,-2.7,0.905,1.741,0.8,0.0,0.0,0.0,0.0,0.0,0.0,0.0,0.0,0.344,0.0,10.7,19.9,178636.0,0.089318
2024-03-22,0.0,2.9,13.4,3.0,7.132,2779.4,1516.1,75.5,2.8,2.4,0.1,0.881,1.637,0.6,0.1,0.0,0.0,0.0,0.0,0.0,0.0,0.0,0.339,0.0,10.2,17.7,195029.0,0.0975145
2024-03-23,0.0,5.9,8.1,4.1,5.271,2757.4,647.2,78.5,1.9,1.7,4.0,0.899,1.537,0.6,0.7,0.0,0.0,0.0,0.0,0.0,0.0,0.0,0.338,0.0,6.6,11.4,153265.0,0.0766325
2024-03-24,0.0,0.4,8.2,3.7,4.866,2422.0,1193.8,73.0,2.0,1.8,-1.6,0.901,1.448,0.6,0.2,0.0,0.0,0.0,0.0,0.0,0.0,0.0,0.342,0.0,5.2,11.0,153123.0,0.0765615
2024-03-25,0.0,0.7,9.8,3.2,4.736,2348.1,1255.7,64.7,1.8,2.2,-1.1,0.879,1.381,0.5,0.0,0.0,0.0,0.0,0.0,0.0,0.0,0.0,0.339,0.0,4.6,13.9,136388.0,0.068194
2024-03-26,0.0,5.2,10.1,2.8,6.602,2947.1,266.2,85.9,0.4,1.2,4.8,0.902,1.345,0.5,0.7,0.0,0.0,0.0,0.0,0.0,0.0,0.0,0.337,0.0,9.2,12.1,56880.0,0.02844
2024-03-27,0.0,3.9,9.4,4.5,5.455,2415.2,950.8,75.4,1.5,2.0,2.4,0.924,1.335,0.7,0.4,0.0,0.0,0.0,0.0,0.0,0.0,0.0,0.342,0.0,6.6,13.2,137500.0,0.06875
2024-03-28,0.0,0.7,9.8,4.9,5.272,2442.5,464.8,70.9,0.6,1.8,0.1,0.92,1.344,0.7,0.1,0.0,0.0,0.0,0.0,0.0,0.0,0.0,0.343,0.0,6.6,11.9,163782.0,0.081891
2024-03-29,0.0,14.3,11.6,3.4,6.458,2521.3,725.7,76.8,0.5,1.8,13.8,0.931,1.386,0.7,0.5,0.0,0.0,0.0,0.0,0.0,0.0,0.0,0.342,0.0,9.7,15.0,83161.0,0.0415805
2024-03-30,0.0,1.6,9.5,2.1,6.384,2778.7,500.1,87.2,0.6,1.0,1.0,1.007,1.472,3.0,2.1,0.0,0.0,0.0,0.0,0.0,0.0,0.0,0.357,0.0,7.5,11.0,128247.0,0.0641235
2024-03-31,0.0,5.4,11.4,2.9,6.8,2683.1,387.9,82.0,0.1,1.3,5.3,1.015,1.559,3.0,1.0,0.0,0.0,0.0,0.0,0.0,0.0,0.0,0.354,0.0,7.7,14.7,108027.0,0.0540135
2024-04-01,0.0,0.5,11.2,4.2,6.455,2473.9,851.6,78.4,0.9,1.8,-0.4,0.995,1.627,2.1,0.1,0.0,0.0,0.0,0.0,0.0,0.0,0.0,0.356,0.0,8.8,13.5,151092.0,0.075546
2024-04-02,0.0,6.9,11.6,4.7,6.485,2561.1,609.9,76.8,0.5,2.0,6.4,0.981,1.666,1.4,0.0,0.0,0.0,0.0,0.0,0.0,0.0,0.0,0.352,0.0,8.6,14.7,175532.0,0.087766
2024-04-03,0.0,6.5,13.8,4.4,7.807,2826.8,908.9,80.5,1.1,2.2,5.4,1.022,1.73,2.7,1.7,0.0,0.0,0.0,0.0,0.0,0.0,0.0,0.358,0.0,10.6,17.8,144490.0,0.072245
2024-04-04,0.0,10.9,15.1,4.5,8.848,2952.2,654.4,83.1,0.9,1.7,10.0,1.069,1.888,5.6,2.9,0.0,0.0,0.0,0.0,0.0,0.0,0.0,0.36,0.0,12.2,17.5,168570.0,0.084285
2024-04-05,0.0,0.6,16.2,4.3,8.844,2879.0,942.4,77.2,1.4,2.2,-0.8,1.034,2.048,2.7,0.1,0.0,0.0,0.0,0.0,0.0,0.0,0.0,0.362,0.0,14.2,18.3,159698.0,0.079849
2024-04-06,0.0,0.0,19.1,3.2,7.551,2676.8,1590.6,56.6,2.4,3.9,-2.4,0.997,2.11,1.6,0.0,0.0,0.0,0.0,0.0,0.0,0.0,0.0,0.358,0.0,14.5,24.9,118499.0,0.059249500000000004
2024-04-07,0.0,4.9,16.1,2.4,8.277,2729.6,499.3,73.7,0.2,1.7,4.7,0.986,2.249,1.2,0.2,0.0,0.0,0.0,0.0,0.0,0.0,0.0,0.352,0.0,15.3,18.6,87934.0,0.043967
2024-04-08,0.0,0.9,16.4,2.9,8.84,2926.8,1519.9,77.5,2.8,2.7,-1.9,0.99,2.378,1.5,0.7,0.0,0.0,0.0,0.0,0.0,0.0,0.0,0.356,0.0,11.7,21.9,144231.0,0.0721155
2024-04-09,0.0,1.1,10.6,4.5,5.482,2457.3,1367.0,69.4,2.8,2.5,-1.7,0.954,2.374,1.1,0.0,0.0,0.0,0.0,0.0,0.0,0.0,0.0,0.351,0.0,9.2,12.6,128977.0,0.0644885
2024-04-10,0.0,0.0,12.2,2.2,5.668,2746.9,1607.1,65.9,2.7,2.5,-2.7,0.927,2.273,0.9,0.1,0.0,0.0,0.0,0.0,0.0,0.0,0.0,0.347,0.0,6.9,15.7,184660.0,0.09233
2024-04-11,0.0,0.0,15.3,1.4,8.442,2902.4,819.2,77.8,0.8,1.7,-0.8,0.907,2.201,0.7,0.0,0.0,0.0,0.0,0.0,0.0,0.0,0.0,0.342,0.0,12.3,18.3,204341.0,0.1021705
2024-04-12,0.0,0.0,17.6,1.7,8.901,3012.2,1648.6,73.9,2.5,3.1,-2.5,0.88,2.108,0.7,0.0,0.0,0.0,0.0,0.0,0.0,0.0,0.0,0.34,0.0,11.8,24.0,208524.0,0.104262
2024-04-13,0.0,0.0,19.8,1.9,9.493,2999.6,2414.1,68.5,3.4,4.2,-3.4,0.844,1.925,0.6,0.0,0.0,0.0,0.0,0.0,0.0,0.0,0.0,0.336,0.0,13.7,26.4,186185.0,0.0930925
2024-04-14,0.0,0.0,15.5,2.4,7.502,2810.1,1411.6,68.8,1.8,2.7,-1.8,0.817,1.726,0.5,0.0,0.0,0.0,0.0,0.0,0.0,0.0,0.0,0.33,0.0,11.4,19.4,183814.0,0.091907
2024-04-15,0.0,3.1,11.1,4.0,5.607,2491.5,1021.8,68.6,1.5,2.3,1.6,0.803,1.555,0.5,0.0,0.0,0.0,0.0,0.0,0.0,0.0,0.0,0.327,0.0,8.7,14.3,120362.0,0.060181
2024-04-16,0.0,4.7,9.8,5.3,5.813,2702.6,744.6,77.8,1.6,1.8,3.1,0.842,1.466,0.4,0.6,0.0,0.0,0.0,0.0,0.0,0.0,0.0,0.328,0.0,7.9,11.6,138615.0,0.0693075
2024-04-17,0.0,3.1,8.8,3.1,5.201,2469.5,803.8,74.5,1.3,1.8,1.8,0.847,1.409,0.4,0.2,0.0,0.0,0.0,0.0,0.0,0.0,0.0,0.331,0.0,7.2,11.4,173831.0,0.0869155
2024-04-18,0.0,0.0,9.1,2.1,4.658,2378.7,876.0,66.5,0.9,1.8,-0.9,0.843,1.355,0.4,0.1,0.0,0.0,0.0,0.0,0.0,0.0,0.0,0.333,0.0,4.9,12.3,192654.0,0.096327
2024-04-19,0.0,4.3,9.8,3.7,5.838,2720.3,711.1,77.7,1.2,1.7,3.1,0.848,1.353,0.4,0.4,0.0,0.0,0.0,0.0,0.0,0.0,0.0,0.331,0.0,9.0,12.0,210727.0,0.1053635
2024-04-20,0.0,0.0,7.8,3.9,4.504,2230.7,1277.8,68.8,1.8,2.1,-1.8,0.846,1.371,0.4,0.0,0.0,0.0,0.0,0.0,0.0,0.0,0.0,0.334,0.0,5.6,10.2,213557.0,0.1067785
2024-04-21,0.0,0.5,7.8,4.7,4.709,2271.9,1117.0,71.8,1.5,2.0,-1.0,0.831,1.382,0.4,0.0,0.0,0.0,0.0,0.0,0.0,0.0,0.0,0.331,0.0,5.2,10.1,181971.0,0.0909855
2024-04-22,0.0,0.4,7.7,3.4,4.182,2207.5,1347.1,65.7,1.8,2.3,-1.4,0.814,1.387,0.4,0.0,0.0,0.0,0.0,0.0,0.0,0.0,0.0,0.329,0.0,4.7,10.9,190692.0,0.095346
2024-04-23,0.0,0.2,8.4,2.9,3.852,2139.9,2056.6,57.9,2.2,2.9,-2.0,0.791,1.377,0.3,0.0,0.0,0.0,0.0,0.0,0.0,0.0,0.0,0.326,0.001,3.4,11.6,197312.0,0.09865600000000001
2024-04-24,0.0,0.0,8.7,3.7,4.499,2210.5,1543.9,65.2,1.5,2.6,-1.5,0.773,1.381,0.3,0.0,0.0,0.0,0.0,0.0,0.0,0.0,0.0,0.323,0.0,7.3,11.2,132468.0,0.066234
2024-04-25,0.0,0.0,9.8,1.8,4.442,2285.1,1438.5,60.9,1.3,2.4,-1.3,0.757,1.389,0.3,0.0,0.0,0.0,0.0,0.0,0.0,0.0,0.0,0.32,0.0,5.0,12.9,158825.0,0.0794125
2024-04-26,0.0,1.6,12.4,2.4,5.991,2491.1,1308.8,68.2,1.0,2.5,0.6,0.748,1.342,0.3,0.0,0.0,0.0,0.0,0.0,0.0,0.0,0.0,0.318,0.0,8.3,15.5,145629.0,0.0728145
2024-04-27,0.0,8.0,12.6,3.3,7.813,2727.6,920.5,86.4,0.6,1.8,7.4,0.768,1.287,0.3,0.3,0.0,0.0,0.0,0.0,0.0,0.0,0.0,0.319,0.0,10.5,15.1,120464.0,0.060232
2024-04-28,0.0,0.1,12.6,3.8,6.81,2651.9,1242.2,76.2,1.9,2.6,-1.8,0.804,1.26,0.3,0.4,0.0,0.0,0.0,0.0,0.0,0.0,0.0,0.328,0.0,10.6,16.2,104851.0,0.0524255
2024-04-29,0.0,0.1,14.2,2.5,7.066,2541.4,1574.9,71.6,1.8,2.8,-1.7,0.782,1.215,0.3,0.0,0.0,0.0,0.0,0.0,0.0,0.0,0.0,0.325,0.0,9.4,17.7,127432.0,0.063716
2024-04-30,0.0,0.6,15.7,3.4,8.732,2863.4,1025.0,79.5,1.3,2.3,-0.7,0.773,1.164,0.3,0.0,0.0,0.0,0.0,0.0,0.0,0.0,0.0,0.322,0.0,12.7,18.2,146084.0,0.073042
2024-05-01,0.0,9.3,16.3,2.3,9.033,2759.2,2039.9,79.3,2.2,3.4,7.1,0.77,1.115,0.2,0.2,0.0,0.0,0.0,0.0,0.0,0.0,0.0,0.321,0.0,13.8,19.8,68184.0,0.034092
2024-05-02,0.0,6.7,11.8,3.9,7.501,3060.3,443.9,87.5,1.3,1.2,5.4,0.866,1.13,0.3,1.4,0.0,0.0,0.0,0.0,0.0,0.0,0.0,0.329,0.0,11.3,12.9,127328.0,0.063664
2024-05-03,0.0,0.0,12.8,3.2,6.715,2440.2,2248.8,74.2,3.7,3.3,-3.7,0.841,1.137,0.4,0.0,0.0,0.0,0.0,0.0,0.0,0.0,0.0,0.335,0.0,10.4,15.7,197607.0,0.0988035
2024-05-04,0.0,0.5,11.6,1.3,7.093,2720.6,1645.7,83.7,2.0,2.3,-1.5,0.815,1.157,0.3,0.0,0.0,0.0,0.0,0.0,0.0,0.0,0.0,0.33,0.0,8.6,14.7,137670.0,0.068835
2024-05-05,0.0,5.1,14.3,1.8,8.516,2999.4,926.2,84.4,1.4,2.0,3.7,0.83,1.226,0.3,0.4,0.0,0.0,0.0,0.0,0.0,0.0,0.0,0.327,0.0,11.0,17.8,142409.0,0.0712045
2024-05-06,0.0,0.0,14.2,2.7,7.574,2682.1,1802.1,76.2,3.0,3.1,-3.0,0.818,1.307,0.3,0.1,0.0,0.0,0.0,0.0,0.0,0.0,0.0,0.331,0.0,11.9,17.3,134768.0,0.067384
2024-05-07,0.0,0.0,15.1,2.7,7.583,2736.1,1850.5,73.0,2.8,3.5,-2.8,0.789,1.374,0.3,0.0,0.0,0.0,0.0,0.0,0.0,0.0,0.0,0.327,0.0,11.3,20.7,164479.0,0.08223950000000001
2024-05-08,0.0,0.0,12.3,2.8,7.023,2849.7,697.8,79.5,0.9,1.6,-0.9,0.773,1.395,0.3,0.0,0.0,0.0,0.0,0.0,0.0,0.0,0.0,0.322,0.0,9.7,14.2,221052.0,0.110526
2024-05-09,0.0,0.0,15.5,2.4,8.012,2865.4,2161.3,74.2,2.3,3.5,-2.3,0.752,1.402,0.2,0.0,0.0,0.0,0.0,0.0,0.0,0.0,0.0,0.321,0.0,10.2,20.4,240877.0,0.1204385
2024-05-10,0.0,0.0,19.0,3.0,7.775,2835.1,2666.2,59.8,2.8,5.3,-2.8,0.723,1.417,0.2,0.0,0.0,0.0,0.0,0.0,0.0,0.0,0.0,0.317,0.0,13.0,25.1,281299.0,0.14064949999999998
2024-05-11,0.0,0.0,20.8,1.9,8.848,2919.4,2578.2,59.8,2.3,5.0,-2.3,0.698,1.433,0.2,0.0,0.0,0.0,0.0,0.0,0.0,0.0,0.0,0.313,0.0,14.9,27.1,232724.0,0.116362
2024-05-12,0.0,4.5,19.4,1.3,9.923,2983.7,1436.1,71.4,1.2,3.1,3.3,0.692,1.336,0.2,0.1,0.0,0.0,0.0,0.0,0.0,0.0,0.0,0.309,0.0,15.0,24.8,129402.0,0.064701
2024-05-13,0.0,1.0,18.8,2.9,9.977,3057.4,852.4,74.8,1.2,2.4,-0.2,0.71,1.281,0.2,0.2,0.0,0.0,0.0,0.0,0.0,0.0,0.0,0.313,0.0,15.8,22.3,179376.0,0.089688
2024-05-14,0.0,11.9,15.2,2.2,9.734,3276.7,498.8,90.7,1.3,1.3,10.6,0.781,1.285,0.2,1.1,0.0,0.0,0.0,0.0,0.0,0.0,0.0,0.313,0.0,14.6,15.7,88888.0,0.044444
2024-05-15,0.0,2.3,16.1,2.2,8.101,2738.8,1197.7,72.6,1.9,2.6,0.4,0.793,1.278,0.2,0.0,0.0,0.0,0.0,0.0,0.0,0.0,0.0,0.326,0.0,13.1,19.2,158760.0,0.07938
2024-05-16,0.0,0.1,16.0,2.4,7.917,2728.6,1610.4,71.1,2.7,3.1,-2.6,0.785,1.268,0.2,0.2,0.0,0.0,0.0,0.0,0.0,0.0,0.0,0.326,0.0,13.4,19.2,179733.0,0.0898665
2024-05-17,0.0,0.0,16.0,1.1,7.896,2679.4,1669.8,70.9,2.4,3.0,-2.4,0.759,1.249,0.2,0.0,0.0,0.0,0.0,0.0,0.0,0.0,0.0,0.322,0.0,12.5,19.6,193578.0,0.096789
2024-05-18,0.0,0.3,16.7,1.5,8.39,2696.9,1840.2,72.2,2.3,3.4,-2.0,0.734,1.203,0.2,0.0,0.0,0.0,0.0,0.0,0.0,0.0,0.0,0.318,0.0,13.6,21.1,162831.0,0.0814155
2024-05-19,0.0,1.3,16.7,1.6,9.351,2776.3,1393.2,79.5,1.7,2.7,-0.4,0.728,1.165,0.2,0.1,0.0,0.0,0.0,0.0,0.0,0.0,0.0,0.315,0.0,14.8,20.4,157977.0,0.0789885
2024-05-20,0.0,15.1,16.6,1.8,8.851,2800.0,1994.9,76.6,2.3,3.7,12.8,0.733,1.167,0.2,0.3,0.0,0.0,0.0,0.0,0.0,0.0,0.0,0.314,0.0,13.8,22.7,165944.0,0.082972
2024-05-21,0.0,1.9,16.4,1.6,9.145,3000.1,1342.9,79.9,2.4,2.7,-0.5,0.827,1.318,0.3,1.3,0.0,0.0,0.0,0.0,0.0,0.0,0.0,0.33,0.0,13.8,20.6,172055.0,0.0860275
2024-05-22,0.0,3.2,16.3,2.7,8.993,2880.1,1534.2,78.4,2.6,2.9,0.6,0.809,1.491,0.3,0.1,0.0,0.0,0.0,0.0,0.0,0.0,0.0,0.328,0.0,13.9,19.2,198706.0,0.099353
2024-05-23,0.0,0.0,16.2,1.4,8.212,2705.0,1330.9,72.7,1.8,2.7,-1.8,0.805,1.655,0.3,0.2,0.0,0.0,0.0,0.0,0.0,0.0,0.0,0.328,0.0,13.8,19.6,193579.0,0.0967895
2024-05-24,0.0,0.0,16.5,2.7,8.211,2682.3,1523.5,71.0,2.4,3.1,-2.4,0.782,1.687,0.2,0.0,0.0,0.0,0.0,0.0,0.0,0.0,0.0,0.325,0.0,14.2,19.1,194362.0,0.097181
2024-05-25,0.0,0.0,17.7,1.7,7.991,2704.8,2434.3,64.7,3.4,4.2,-3.4,0.748,1.635,0.2,0.0,0.0,0.0,0.0,0.0,0.0,0.0,0.0,0.322,0.0,13.0,20.9,234360.0,0.11717999999999999
2024-05-26,0.0,2.2,18.8,3.0,8.555,2729.5,1826.2,64.3,2.4,4.0,-0.2,0.725,1.548,0.2,0.0,0.0,0.0,0.0,0.0,0.0,0.0,0.0,0.316,0.0,16.8,22.3,152110.0,0.076055
2024-05-27,0.0,3.4,15.1,2.2,7.903,2834.9,1243.9,74.4,2.2,2.5,1.2,0.736,1.505,0.2,0.3,0.0,0.0,0.0,0.0,0.0,0.0,0.0,0.315,0.0,14.5,16.6,136354.0,0.068177
2024-05-28,0.0,5.8,14.8,2.7,9.164,3071.6,727.0,87.1,1.1,1.5,4.7,0.764,1.485,0.2,0.5,0.0,0.0,0.0,0.0,0.0,0.0,0.0,0.317,0.0,11.8,17.3,218564.0,0.109282
2024-05-29,0.0,12.9,15.2,3.0,9.972,3326.1,588.6,93.0,1.4,1.3,11.5,0.84,1.533,0.4,1.6,0.0,0.0,0.0,0.0,0.0,0.0,0.0,0.322,0.0,14.0,16.1,141007.0,0.0705035
2024-05-30,0.0,5.4,14.4,3.9,8.48,2771.5,1208.4,83.5,2.3,2.3,3.1,0.859,1.56,0.8,0.0,0.0,0.0,0.0,0.0,0.0,0.0,0.0,0.335,0.0,13.6,15.5,177807.0,0.0889035
2024-05-31,0.0,4.4,14.2,3.9,8.624,3056.6,467.5,86.1,0.9,1.6,3.5,0.89,1.572,1.1,1.2,0.0,0.0,0.0,0.0,0.0,0.0,0.0,0.338,0.0,12.9,16.4,173624.0,0.086812
2024-06-01,0.0,3.5,13.3,4.3,8.523,3163.5,530.2,90.0,1.5,1.3,2.0,0.901,1.607,1.4,0.7,0.0,0.0,0.0,0.0,0.0,0.0,0.0,0.34,0.0,13.2,13.4,146010.0,0.073005
2024-06-02,0.0,0.0,14.5,3.8,7.988,2911.5,667.3,78.5,1.1,1.9,-1.1,0.89,1.654,1.2,0.0,0.0,0.0,0.0,0.0,0.0,0.0,0.0,0.34,0.0,12.5,16.8,122542.0,0.061271
2024-06-03,0.0,0.0,16.7,2.1,8.252,2716.4,1391.2,70.4,1.7,3.0,-1.7,0.865,1.688,0.7,0.0,0.0,0.0,0.0,0.0,0.0,0.0,0.0,0.337,0.0,11.1,21.0,223061.0,0.1115305
2024-06-04,0.0,0.0,19.8,2.3,9.601,2863.2,2408.6,68.5,4.3,4.7,-4.3,0.827,1.71,0.4,0.0,0.0,0.0,0.0,0.0,0.0,0.0,0.0,0.334,0.0,15.5,24.9,241327.0,0.12066349999999999
2024-06-05,0.0,0.0,17.4,2.4,8.126,2631.4,1612.2,66.1,2.4,3.3,-2.4,0.795,1.731,0.3,0.0,0.0,0.0,0.0,0.0,0.0,0.0,0.0,0.327,0.0,14.2,20.3,235878.0,0.117939
2024-06-06,0.0,0.0,16.7,2.3,7.046,2656.9,1790.6,60.4,2.9,3.7,-2.9,0.769,1.689,0.3,0.0,0.0,0.0,0.0,0.0,0.0,0.0,0.0,0.324,0.0,12.9,20.8,240083.0,0.1200415
2024-06-07,0.0,0.0,17.1,1.6,6.957,2669.5,2891.7,58.3,3.1,4.8,-3.1,0.735,1.639,0.2,0.0,0.0,0.0,0.0,0.0,0.0,0.0,0.0,0.319,0.0,12.9,21.4,217233.0,0.1086165
2024-06-08,0.0,0.0,17.4,2.5,7.283,2629.3,2982.9,59.8,2.5,5.2,-2.5,0.707,1.602,0.2,0.0,0.0,0.0,0.0,0.0,0.0,0.0,0.0,0.315,0.0,13.9,21.8,156554.0,0.078277
2024-06-09,0.0,0.0,16.9,3.3,7.25,2587.4,1852.9,62.0,1.7,4.0,-1.7,0.688,1.569,0.2,0.0,0.0,0.0,0.0,0.0,0.0,0.0,0.0,0.311,0.0,13.1,20.9,143546.0,0.071773
2024-06-10,0.0,0.9,14.7,3.5,7.23,2662.5,1711.2,69.2,1.5,3.2,-0.6,0.675,1.49,0.2,0.0,0.0,0.0,0.0,0.0,0.0,0.0,0.0,0.308,0.0,13.0,17.4,221696.0,0.110848
2024-06-11,0.0,1.1,14.1,1.8,6.442,2607.5,2104.8,65.5,2.1,3.5,-1.0,0.665,1.371,0.2,0.0,0.0,0.0,0.0,0.0,0.0,0.0,0.0,0.307,0.0,11.7,17.0,213221.0,0.1066105
2024-06-12,0.0,0.0,14.5,1.4,6.434,2627.1,1485.1,63.6,1.2,2.8,-1.2,0.652,1.248,0.2,0.0,0.0,0.0,0.0,0.0,0.0,0.0,0.0,0.305,0.0,11.1,17.3,229651.0,0.1148255
2024-06-13,0.0,0.3,16.7,2.3,6.864,2591.2,1508.2,59.3,1.1,3.4,-0.8,0.64,1.136,0.2,0.0,0.0,0.0,0.0,0.0,0.0,0.0,0.0,0.303,0.0,12.6,20.1,260930.0,0.130465
2024-06-14,0.0,2.5,16.6,3.7,8.954,2944.6,1609.9,76.8,1.7,3.3,0.8,0.638,1.057,0.1,0.0,0.0,0.0,0.0,0.0,0.0,0.0,0.0,0.302,0.0,13.8,19.9,151115.0,0.0755575
2024-06-15,0.0,3.7,15.1,4.6,7.339,2730.4,1621.9,69.4,1.7,3.4,2.0,0.636,1.014,0.1,0.1,0.0,0.0,0.0,0.0,0.0,0.0,0.0,0.303,0.0,12.7,17.2,146092.0,0.073046
2024-06-16,0.0,2.1,16.2,3.6,9.351,3069.3,1524.3,82.3,2.3,2.9,-0.2,0.659,0.984,0.1,0.3,0.0,0.0,0.0,0.0,0.0,0.0,0.0,0.305,0.0,13.1,18.9,155184.0,0.077592
2024-06-17,0.0,5.1,19.5,2.0,10.96,3127.5,1570.4,78.6,1.6,3.2,3.5,0.65,0.948,0.1,0.0,0.0,0.0,0.0,0.0,0.0,0.0,0.0,0.304,0.0,15.8,22.8,209075.0,0.10453749999999999
2024-06-18,0.0,5.9,19.5,1.9,12.175,3167.8,1157.3,86.4,1.9,2.4,4.0,0.718,0.941,0.1,0.8,0.0,0.0,0.0,0.0,0.0,0.0,0.0,0.309,0.0,17.2,22.2,193312.0,0.096656
2024-06-19,0.0,0.0,18.6,3.2,10.22,2932.9,607.5,77.2,0.5,2.0,-0.5,0.716,0.955,0.1,0.0,0.0,0.0,0.0,0.0,0.0,0.0,0.0,0.314,0.0,16.5,21.1,167136.0,0.083568
2024-06-20,0.0,0.3,19.8,2.3,10.905,2884.7,1247.5,75.9,1.3,2.9,-1.0,0.703,0.976,0.1,0.0,0.0,0.0,0.0,0.0,0.0,0.0,0.0,0.313,0.0,16.5,22.7,109129.0,0.0545645
2024-06-21,0.0,5.3,19.7,1.8,11.22,2903.2,963.1,79.0,1.0,2.4,4.3,0.711,1.005,0.1,0.1,0.0,0.0,0.0,0.0,0.0,0.0,0.0,0.311,0.0,17.2,23.6,179553.0,0.0897765
2024-06-22,0.0,2.2,17.4,2.7,9.349,3060.1,1706.0,76.2,3.4,3.3,-1.2,0.732,1.058,0.1,0.5,0.0,0.0,0.0,0.0,0.0,0.0,0.0,0.316,0.0,14.0,20.5,153228.0,0.076614
2024-06-23,0.0,0.0,19.5,1.2,8.54,2855.8,2465.1,61.4,3.4,4.4,-3.4,0.699,1.096,0.1,0.0,0.0,0.0,0.0,0.0,0.0,0.0,0.0,0.314,0.0,14.7,24.2,181744.0,0.09087200000000001
2024-06-24,0.0,0.0,22.8,2.3,10.408,2973.8,1991.7,61.5,2.4,4.6,-2.4,0.672,1.117,0.1,0.0,0.0,0.0,0.0,0.0,0.0,0.0,0.0,0.309,0.0,17.0,27.2,251612.0,0.125806
2024-06-25,0.0,0.0,24.9,2.3,11.547,2994.6,2880.3,59.8,2.5,6.1,-2.5,0.646,1.129,0.1,0.0,0.0,0.0,0.0,0.0,0.0,0.0,0.0,0.306,0.0,19.8,29.4,238512.0,0.119256
2024-06-26,0.0,0.0,25.9,1.7,12.052,3173.9,2185.1,58.8,2.0,5.0,-2.0,0.625,1.134,0.1,0.0,0.0,0.0,0.0,0.0,0.0,0.0,0.0,0.302,0.0,21.0,30.6,243170.0,0.121585
2024-06-27,0.0,0.0,25.1,2.4,12.325,3115.6,1958.7,63.1,1.7,5.0,-1.7,0.607,1.144,0.1,0.0,0.0,0.0,0.0,0.0,0.0,0.0,0.0,0.299,0.0,22.8,30.6,227076.0,0.113538
2024-06-28,0.0,0.0,19.7,2.2,8.429,2772.0,2853.1,59.9,1.9,5.2,-1.9,0.588,1.139,0.1,0.0,0.0,0.0,0.0,0.0,0.0,0.0,0.0,0.296,0.0,15.8,23.6,213608.0,0.106804
2024-06-29,0.0,0.7,19.4,3.6,8.753,2929.4,732.1,63.2,0.5,3.0,0.2,0.581,1.123,0.1,0.0,0.0,0.0,0.0,0.0,0.0,0.0,0.0,0.294,0.0,15.8,23.7,118403.0,0.0592015
2024-06-30,0.0,0.0,20.0,2.8,9.896,3050.9,2055.7,69.3,1.6,4.3,-1.6,0.571,1.093,0.1,0.0,0.0,0.0,0.0,0.0,0.0,0.0,0.0,0.294,0.0,15.5,24.2,165132.0,0.082566
2024-07-01,0.0,0.0,18.1,3.1,8.438,2915.6,1791.0,65.9,1.2,3.6,-1.2,0.559,1.045,0.1,0.0,0.0,0.0,0.0,0.0,0.0,0.0,0.0,0.291,0.0,15.5,20.2,196777.0,0.0983885
2024-07-02,0.0,2.3,17.7,2.6,8.913,2917.7,718.5,70.9,0.9,2.2,1.4,0.567,0.985,0.1,0.1,0.0,0.0,0.0,0.0,0.0,0.0,0.0,0.29,0.0,15.7,20.1,161248.0,0.080624
2024-07-03,0.0,1.2,18.0,3.4,8.828,2921.3,1837.8,69.9,1.6,3.9,-0.4,0.558,0.954,0.1,0.0,0.0,0.0,0.0,0.0,0.0,0.0,0.0,0.291,0.0,14.4,21.6,198135.0,0.0990675
2024-07-04,0.0,0.0,18.7,3.5,8.25,2876.5,2225.8,62.7,1.9,4.4,-1.9,0.547,0.928,0.1,0.0,0.0,0.0,0.0,0.0,0.0,0.0,0.0,0.29,0.0,15.1,21.9,193009.0,0.09650450000000001
2024-07-05,0.0,0.0,21.0,3.1,8.646,2934.9,2045.4,56.5,1.5,4.9,-1.5,0.531,0.883,0.1,0.0,0.0,0.0,0.0,0.0,0.0,0.0,0.0,0.288,0.0,15.4,26.2,256995.0,0.1284975
2024-07-06,0.0,1.2,18.7,3.4,7.887,2685.3,1766.5,59.3,1.8,4.1,-0.6,0.524,0.813,0.1,0.0,0.0,0.0,0.0,0.0,0.0,0.0,0.0,0.285,0.0,16.9,21.3,109299.0,0.0546495
2024-07-07,0.0,0.0,17.4,2.6,7.029,2576.6,1143.1,57.3,0.6,3.3,-0.6,0.516,0.733,0.1,0.0,0.0,0.0,0.0,0.0,0.0,0.0,0.0,0.284,0.0,14.1,20.6,196085.0,0.0980425
2024-07-08,0.0,0.0,20.5,1.4,8.601,2859.7,1644.7,58.4,1.0,3.6,-1.0,0.507,0.649,0.1,0.0,0.0,0.0,0.0,0.0,0.0,0.0,0.0,0.284,0.0,15.9,25.1,256485.0,0.1282425
2024-07-09,0.0,3.2,21.8,2.1,11.425,3085.8,1319.2,70.0,1.2,3.1,2.0,0.509,0.575,0.1,0.0,0.0,0.0,0.0,0.0,0.0,0.0,0.0,0.282,0.0,18.5,24.6,208569.0,0.1042845
2024-07-10,0.0,0.0,22.3,2.8,11.052,3168.8,1302.7,66.9,1.5,3.5,-1.5,0.51,0.515,0.1,0.1,0.0,0.0,0.0,0.0,0.0,0.0,0.0,0.284,0.0,19.8,24.7,211779.0,0.1058895
2024-07-11,0.0,15.5,20.9,1.9,9.927,2980.4,1865.1,65.7,1.8,3.9,13.7,0.517,0.472,0.1,0.1,0.0,0.0,0.0,0.0,0.0,0.0,0.0,0.282,0.0,17.6,24.9,212403.0,0.1062015
2024-07-12,0.0,1.8,16.5,3.4,9.619,3148.3,605.2,82.6,1.4,1.6,0.4,0.632,0.495,0.1,0.9,0.0,0.0,0.0,0.0,0.0,0.0,0.0,0.3,0.0,13.1,18.0,166789.0,0.0833945
2024-07-13,0.0,4.9,17.0,0.9,9.257,3087.6,1393.1,77.2,2.7,2.7,2.2,0.65,0.536,0.1,0.4,0.0,0.0,0.0,0.0,0.0,0.0,0.0,0.3,0.0,15.0,20.0,216550.0,0.108275
2024-07-14,0.0,0.0,18.9,1.0,9.089,2916.2,1709.6,68.4,2.6,3.3,-2.6,0.627,0.582,0.1,0.0,0.0,0.0,0.0,0.0,0.0,0.0,0.0,0.303,0.0,15.4,23.0,182284.0,0.091142
2024-07-15,0.0,0.4,21.5,2.4,10.557,3083.6,1780.7,66.5,2.9,4.0,-2.5,0.604,0.631,0.1,0.0,0.0,0.0,0.0,0.0,0.0,0.0,0.0,0.299,0.0,14.7,26.8,185650.0,0.092825
2024-07-16,0.0,0.3,20.0,3.7,9.811,3009.1,1567.0,68.4,2.3,3.9,-2.0,0.582,0.682,0.1,0.0,0.0,0.0,0.0,0.0,0.0,0.0,0.0,0.295,0.0,17.3,23.7,210749.0,0.1053745
2024-07-17,0.0,0.0,21.2,1.3,9.386,2967.7,2262.6,61.6,2.2,4.3,-2.2,0.559,0.728,0.1,0.0,0.0,0.0,0.0,0.0,0.0,0.0,0.0,0.293,0.0,16.3,25.1,261455.0,0.1307275
2024-07-18,0.0,0.0,24.1,1.5,10.593,2968.7,1950.8,58.2,1.8,4.4,-1.8,0.541,0.763,0.1,0.0,0.0,0.0,0.0,0.0,0.0,0.0,0.0,0.289,0.0,18.3,29.2,270300.0,0.13515
2024-07-19,0.0,0.0,27.0,1.7,11.381,3202.4,2288.6,53.7,2.0,5.5,-2.0,0.522,0.783,0.1,0.0,0.0,0.0,0.0,0.0,0.0,0.0,0.0,0.287,0.0,20.5,34.0,244188.0,0.12209400000000001
2024-07-20,0.0,1.8,26.1,2.0,12.279,3127.4,1793.2,59.2,1.3,4.5,0.5,0.509,0.815,0.0,0.0,0.0,0.0,0.0,0.0,0.0,0.0,0.0,0.284,0.0,21.3,30.8,230396.0,0.115198
2024-07-21,0.0,1.1,22.1,2.9,12.578,3286.8,761.0,76.3,1.3,2.4,-0.2,0.52,0.858,0.0,0.1,0.0,0.0,0.0,0.0,0.0,0.0,0.0,0.284,0.0,21.1,24.2,136364.0,0.068182
2024-07-22,0.0,0.7,20.9,3.0,10.269,3120.4,1198.5,67.2,1.2,3.4,-0.5,0.508,0.855,0.0,0.0,0.0,0.0,0.0,0.0,0.0,0.0,0.0,0.284,0.0,16.6,24.4,203685.0,0.1018425
2024-07-23,0.0,1.1,20.5,3.1,11.345,3226.2,839.5,75.8,1.4,2.5,-0.3,0.51,0.842,0.0,0.1,0.0,0.0,0.0,0.0,0.0,0.0,0.0,0.283,0.0,19.4,23.3,226687.0,0.1133435
2024-07-24,0.0,0.0,21.1,1.0,10.042,3069.6,1527.3,65.5,1.4,3.1,-1.4,0.498,0.827,0.0,0.0,0.0,0.0,0.0,0.0,0.0,0.0,0.0,0.282,0.0,17.0,24.6,244997.0,0.1224985
2024-07-25,0.0,3.7,24.3,2.4,11.578,3064.5,1762.2,62.3,1.5,4.5,2.2,0.488,0.793,0.0,0.0,0.0,0.0,0.0,0.0,0.0,0.0,0.0,0.28,0.0,20.5,29.2,254573.0,0.1272865
2024-07-26,0.0,17.3,20.9,1.4,13.129,3459.6,531.6,85.6,1.1,1.5,16.2,0.538,0.81,0.0,0.3,0.0,0.0,0.0,0.0,0.0,0.0,0.0,0.283,0.0,19.0,22.4,215627.0,0.1078135
2024-07-27,0.0,5.3,17.8,1.2,11.619,3460.2,677.7,91.4,1.9,1.5,3.4,0.68,0.89,0.3,1.7,0.0,0.0,0.0,0.0,0.0,0.0,0.0,0.304,0.0,16.5,18.6,176567.0,0.0882835
2024-07-28,0.0,0.0,20.4,2.3,9.976,3108.3,2417.3,68.5,5.0,4.5,-5.0,0.643,0.936,0.3,0.0,0.0,0.0,0.0,0.0,0.0,0.0,0.0,0.308,0.0,14.6,24.7,215636.0,0.107818
2024-07-29,0.0,0.0,24.5,1.9,11.685,3282.0,2292.9,62.2,4.1,4.9,-4.1,0.599,0.993,0.1,0.0,0.0,0.0,0.0,0.0,0.0,0.0,0.0,0.3,0.0,18.6,29.8,261305.0,0.1306525
2024-07-30,0.0,4.8,28.8,0.9,14.771,3463.3,2125.5,60.8,3.1,4.7,1.7,0.572,1.046,0.1,0.0,0.0,0.0,0.0,0.0,0.0,0.0,0.0,0.294,0.0,21.6,35.6,221825.0,0.1109125
2024-07-31,0.0,4.2,25.9,1.1,15.839,3453.5,1039.5,77.5,1.7,2.8,2.5,0.618,1.106,0.1,0.6,0.0,0.0,0.0,0.0,0.0,0.0,0.0,0.296,0.0,20.4,32.0,219545.0,0.1097725
2024-08-01,0.0,9.2,25.3,1.6,15.961,3358.1,1828.1,79.9,3.4,3.9,5.8,0.62,1.16,0.1,0.4,0.0,0.0,0.0,0.0,0.0,0.0,0.0,0.299,0.0,21.1,29.9,205848.0,0.102924
2024-08-02,0.0,0.0,23.2,2.9,12.691,3224.6,1456.2,73.1,3.2,3.6,-3.2,0.648,1.23,0.2,0.5,0.0,0.0,0.0,0.0,0.0,0.0,0.0,0.306,0.0,20.1,27.0,219674.0,0.109837
2024-08-03,0.0,0.9,21.2,2.4,11.04,3110.5,1488.5,71.2,2.7,3.4,-1.8,0.619,1.297,0.1,0.0,0.0,0.0,0.0,0.0,0.0,0.0,0.0,0.302,0.0,17.5,24.0,215496.0,0.107748
2024-08-04,0.0,0.0,21.1,1.7,10.068,2966.4,2133.4,65.8,3.3,4.0,-3.3,0.596,1.357,0.1,0.0,0.0,0.0,0.0,0.0,0.0,0.0,0.0,0.299,0.0,17.7,23.9,215355.0,0.1076775
2024-08-05,0.0,0.0,23.3,1.5,10.067,3072.0,2856.4,58.4,3.0,5.4,-3.0,0.564,1.408,0.1,0.0,0.0,0.0,0.0,0.0,0.0,0.0,0.0,0.294,0.0,17.2,28.6,269278.0,0.134639
2024-08-06,0.0,0.1,23.4,2.7,11.391,3110.9,2371.7,64.4,2.2,5.2,-2.1,0.54,1.369,0.1,0.0,0.0,0.0,0.0,0.0,0.0,0.0,0.0,0.29,0.0,18.6,29.3,228935.0,0.1144675
2024-08-07,0.0,0.0,20.7,1.9,9.364,3079.2,1547.4,63.2,1.7,3.3,-1.7,0.524,1.33,0.1,0.0,0.0,0.0,0.0,0.0,0.0,0.0,0.0,0.287,0.0,16.1,23.3,207184.0,0.103592
2024-08-08,0.0,0.0,22.9,1.8,9.69,3030.9,2279.0,56.6,1.8,4.6,-1.8,0.506,1.31,0.1,0.0,0.0,0.0,0.0,0.0,0.0,0.0,0.0,0.284,0.0,18.7,26.6,258670.0,0.129335
2024-08-09,0.0,0.3,22.7,2.9,11.971,3227.6,1183.9,70.1,0.8,3.1,-0.5,0.496,1.292,0.0,0.0,0.0,0.0,0.0,0.0,0.0,0.0,0.0,0.282,0.0,20.3,25.3,233441.0,0.1167205
2024-08-10,0.0,0.0,23.7,1.4,11.031,3199.1,2798.6,61.7,2.0,5.2,-2.0,0.482,1.24,0.0,0.0,0.0,0.0,0.0,0.0,0.0,0.0,0.0,0.281,0.0,17.8,28.8,217272.0,0.108636
2024-08-11,0.0,0.0,25.9,2.5,11.189,3284.1,2754.9,54.6,1.8,6.0,-1.8,0.463,1.132,0.0,0.0,0.0,0.0,0.0,0.0,0.0,0.0,0.0,0.278,0.0,19.6,30.5,214837.0,0.1074185
2024-08-12,0.0,0.0,29.7,2.2,13.78,3475.6,2344.0,55.4,1.5,6.1,-1.5,0.447,0.982,0.0,0.0,0.0,0.0,0.0,0.0,0.0,0.0,0.0,0.275,0.0,23.2,37.0,207659.0,0.1038295
2024-08-13,0.0,0.0,23.8,2.0,13.398,3207.8,1534.9,73.2,0.6,3.2,-0.6,0.439,0.837,0.0,0.0,0.0,0.0,0.0,0.0,0.0,0.0,0.0,0.273,0.0,19.6,26.1,173166.0,0.08658300000000001
2024-08-14,0.0,0.1,23.6,1.7,12.764,3152.0,1596.9,70.9,0.9,3.5,-0.8,0.431,0.702,0.0,0.0,0.0,0.0,0.0,0.0,0.0,0.0,0.0,0.272,0.0,20.3,27.3,140013.0,0.0700065
2024-08-15,0.0,0.0,23.2,2.6,10.54,3147.6,1915.3,60.5,1.3,4.3,-1.3,0.42,0.599,0.0,0.0,0.0,0.0,0.0,0.0,0.0,0.0,0.0,0.271,0.0,19.7,26.2,207781.0,0.1038905
2024-08-16,0.0,0.5,22.9,2.1,11.818,3229.8,1007.9,68.0,0.4,2.8,0.1,0.414,0.54,0.0,0.0,0.0,0.0,0.0,0.0,0.0,0.0,0.0,0.269,0.0,19.5,25.3,205848.0,0.102924
2024-08-17,0.0,18.3,20.1,1.5,13.258,3537.9,373.3,90.6,1.5,1.3,16.8,0.522,0.566,0.0,1.0,0.0,0.0,0.0,0.0,0.0,0.0,0.0,0.269,0.0,20.2,20.7,156366.0,0.078183
2024-08-18,0.0,0.0,18.0,2.8,9.423,3027.6,996.3,74.4,1.9,2.6,-1.9,0.556,0.602,0.1,0.0,0.0,0.0,0.0,0.0,0.0,0.0,0.0,0.292,0.0,15.0,21.8,186875.0,0.0934375
2024-08-19,0.0,0.0,18.5,0.9,9.526,2950.5,1993.4,72.7,3.0,3.2,-3.0,0.528,0.629,0.1,0.0,0.0,0.0,0.0,0.0,0.0,0.0,0.0,0.289,0.0,13.7,22.3,246432.0,0.123216
2024-08-20,0.0,7.6,18.5,2.3,10.143,3118.6,1297.6,77.0,2.2,2.9,5.4,0.522,0.663,0.0,0.1,0.0,0.0,0.0,0.0,0.0,0.0,0.0,0.284,0.0,16.0,24.3,227797.0,0.1138985
2024-08-21,0.0,0.0,17.5,2.0,8.075,2929.1,1761.0,66.7,3.3,3.2,-3.3,0.544,0.717,0.1,0.4,0.0,0.0,0.0,0.0,0.0,0.0,0.0,0.291,0.0,13.3,21.1,230722.0,0.115361
2024-08-22,0.0,0.0,19.8,2.5,8.663,2974.3,2518.3,61.8,3.1,4.5,-3.1,0.512,0.759,0.0,0.0,0.0,0.0,0.0,0.0,0.0,0.0,0.0,0.287,0.0,14.5,24.0,227198.0,0.11359899999999999
2024-08-23,0.0,0.0,22.1,3.7,12.304,3135.0,579.7,74.4,0.4,2.3,-0.4,0.502,0.801,0.0,0.0,0.0,0.0,0.0,0.0,0.0,0.0,0.0,0.282,0.0,17.7,25.2,179539.0,0.0897695
2024-08-24,0.0,2.1,21.5,3.9,11.61,3201.0,1688.8,74.1,2.8,4.4,-0.7,0.499,0.841,0.0,0.1,0.0,0.0,0.0,0.0,0.0,0.0,0.0,0.282,0.0,18.9,29.0,160709.0,0.0803545
2024-08-25,0.0,0.0,17.3,2.1,7.693,2692.7,1813.2,64.3,1.9,3.3,-1.9,0.479,0.873,0.0,0.0,0.0,0.0,0.0,0.0,0.0,0.0,0.0,0.28,0.0,13.2,21.0,179404.0,0.089702
2024-08-26,0.0,0.0,18.2,1.4,7.892,2885.0,2174.6,62.7,1.8,3.5,-1.8,0.461,0.917,0.0,0.0,0.0,0.0,0.0,0.0,0.0,0.0,0.0,0.278,0.0,12.6,22.8,255654.0,0.127827
2024-08-27,0.0,0.0,20.6,1.9,8.97,3048.5,2209.9,61.5,1.7,4.2,-1.7,0.444,0.919,0.0,0.0,0.0,0.0,0.0,0.0,0.0,0.0,0.0,0.275,0.0,14.4,27.4,254673.0,0.1273365
2024-08-28,0.0,0.0,24.0,1.8,11.084,3166.1,1963.7,61.1,1.3,4.0,-1.3,0.43,0.902,0.0,0.0,0.0,0.0,0.0,0.0,0.0,0.0,0.0,0.273,0.0,15.9,29.9,241291.0,0.1206455
2024-08-29,0.0,0.0,21.8,2.5,10.422,3032.8,1395.0,64.3,0.8,3.3,-0.8,0.421,0.887,0.0,0.0,0.0,0.0,0.0,0.0,0.0,0.0,0.0,0.271,0.0,18.1,25.5,173603.0,0.0868015
2024-08-30,0.0,10.3,18.1,2.5,10.817,3348.0,829.4,83.5,1.5,2.1,8.8,0.456,0.886,0.0,0.4,0.0,0.0,0.0,0.0,0.0,0.0,0.0,0.27,0.0,17.2,18.9,185783.0,0.0928915
2024-08-31,0.0,1.8,19.9,2.5,12.586,3414.8,695.8,86.6,1.3,1.7,0.5,0.504,0.884,0.0,0.2,0.0,0.0,0.0,0.0,0.0,0.0,0.0,0.281,0.0,16.1,24.3,198811.0,0.0994055
2024-09-01,0.0,0.0,23.0,2.2,13.327,3338.8,1777.6,77.7,2.6,3.7,-2.6,0.484,0.885,0.0,0.0,0.0,0.0,0.0,0.0,0.0,0.0,0.0,0.282,0.0,19.1,28.6,155157.0,0.0775785
2024-09-02,0.0,0.0,21.7,2.1,12.083,3148.4,1422.7,75.5,1.6,2.9,-1.6,0.465,0.874,0.0,0.0,0.0,0.0,0.0,0.0,0.0,0.0,0.0,0.278,0.0,18.5,24.5,187882.0,0.093941
2024-09-03,0.0,0.7,20.3,1.8,11.663,3063.7,347.1,79.1,0.3,1.4,0.4,0.464,0.872,0.0,0.0,0.0,0.0,0.0,0.0,0.0,0.0,0.0,0.276,0.0,19.6,20.9,129393.0,0.0646965
2024-09-04,0.0,8.3,19.4,1.6,9.416,2867.3,1325.6,68.1,1.7,2.8,6.6,0.462,0.848,0.0,0.0,0.0,0.0,0.0,0.0,0.0,0.0,0.0,0.276,0.0,17.1,23.4,113556.0,0.056778
2024-09-05,0.0,18.0,16.1,2.4,9.968,3265.2,448.5,87.5,1.5,1.3,16.5,0.639,0.978,0.8,2.4,0.0,0.0,0.0,0.0,0.0,0.0,0.0,0.285,0.0,15.6,17.0,138745.0,0.0693725
2024-09-06,0.0,2.5,18.4,1.5,9.855,2998.5,1457.5,76.6,2.6,2.6,-0.1,0.646,1.091,1.0,0.3,0.0,0.0,0.0,0.0,0.0,0.0,0.0,0.304,0.0,12.6,23.4,137067.0,0.0685335
2024-09-07,0.0,0.8,18.7,1.6,11.546,3132.4,923.3,85.8,1.5,1.7,-0.7,0.633,1.197,0.6,0.1,0.0,0.0,0.0,0.0,0.0,0.0,0.0,0.302,0.0,17.1,21.2,152031.0,0.0760155
2024-09-08,0.0,7.3,17.1,3.0,9.806,3060.1,762.3,81.4,1.4,2.0,5.9,0.627,1.337,0.3,0.1,0.0,0.0,0.0,0.0,0.0,0.0,0.0,0.3,0.0,14.4,20.4,126977.0,0.0634885
2024-09-09,0.0,0.5,16.7,3.5,10.078,3050.1,378.7,85.1,0.7,1.4,-0.2,0.665,1.515,0.9,0.8,0.0,0.0,0.0,0.0,0.0,0.0,0.0,0.306,0.0,16.1,18.8,121727.0,0.0608635
2024-09-10,0.0,2.9,15.9,3.6,8.522,2808.8,581.3,76.2,0.7,1.9,2.2,0.658,1.667,0.7,0.1,0.0,0.0,0.0,0.0,0.0,0.0,0.0,0.305,0.0,12.4,18.3,193068.0,0.096534
2024-09-11,0.0,0.2,14.4,2.8,7.386,2721.1,1177.4,72.9,2.2,2.3,-2.0,0.654,1.865,0.6,0.2,0.0,0.0,0.0,0.0,0.0,0.0,0.0,0.306,0.0,12.7,17.1,119949.0,0.0599745
2024-09-12,0.0,4.1,11.4,2.9,6.556,2706.1,913.7,79.1,2.0,1.8,2.1,0.66,2.143,0.5,0.5,0.0,0.0,0.0,0.0,0.0,0.0,0.0,0.303,0.0,9.0,14.5,195084.0,0.097542
2024-09-13,0.0,0.0,12.5,2.9,6.705,2681.1,1246.4,75.4,2.1,2.3,-2.1,0.641,2.363,0.3,0.0,0.0,0.0,0.0,0.0,0.0,0.0,0.0,0.304,0.0,8.9,17.3,222315.0,0.1111575
2024-09-14,0.0,0.0,12.7,1.5,6.354,2705.5,1369.3,71.7,2.4,2.2,-2.4,0.617,2.535,0.2,0.0,0.0,0.0,0.0,0.0,0.0,0.0,0.0,0.301,0.0,8.2,18.5,244182.0,0.122091
2024-09-15,0.0,0.0,14.1,1.3,6.698,2762.5,1873.2,68.8,3.1,2.5,-3.1,0.587,2.36,0.1,0.0,0.0,0.0,0.0,0.0,0.0,0.0,0.0,0.298,0.0,7.7,19.1,246634.0,0.123317
2024-09-16,0.0,0.0,16.7,3.5,8.629,3012.6,861.3,73.2,1.3,2.3,-1.3,0.57,2.148,0.1,0.0,0.0,0.0,0.0,0.0,0.0,0.0,0.0,0.293,0.0,13.5,20.0,197476.0,0.098738
2024-09-17,0.0,0.0,16.8,4.4,9.257,3037.1,541.0,78.1,0.7,1.9,-0.7,0.562,1.953,0.1,0.0,0.0,0.0,0.0,0.0,0.0,0.0,0.0,0.291,0.0,14.0,19.2,157745.0,0.0788725
2024-09-18,0.0,0.0,19.3,4.2,9.976,2897.3,1495.0,73.1,2.0,3.4,-2.0,0.544,1.772,0.1,0.0,0.0,0.0,0.0,0.0,0.0,0.0,0.0,0.29,0.0,14.2,24.7,195703.0,0.0978515
2024-09-19,0.0,0.0,20.0,3.6,8.961,2863.4,1899.8,63.3,2.2,4.0,-2.2,0.523,1.607,0.0,0.0,0.0,0.0,0.0,0.0,0.0,0.0,0.0,0.287,0.0,15.4,25.6,224816.0,0.112408
2024-09-20,0.0,1.5,18.8,1.9,9.714,2947.9,1011.9,72.7,1.0,2.3,0.5,0.513,1.446,0.0,0.0,0.0,0.0,0.0,0.0,0.0,0.0,0.0,0.284,0.0,14.8,24.3,171016.0,0.085508
2024-09-21,0.0,3.5,19.5,1.9,10.733,3030.3,1127.1,77.6,1.3,2.3,2.2,0.516,1.291,0.0,0.1,0.0,0.0,0.0,0.0,0.0,0.0,0.0,0.285,0.0,14.9,24.4,134345.0,0.0671725
2024-09-22,0.0,7.4,17.9,1.8,11.453,3283.9,371.0,90.1,0.4,1.1,7.0,0.556,1.195,0.0,0.5,0.0,0.0,0.0,0.0,0.0,0.0,0.0,0.287,0.0,17.0,19.9,91859.0,0.0459295
2024-09-23,0.0,10.1,16.3,2.4,9.816,3102.9,1065.2,86.0,2.1,1.9,8.0,0.605,1.163,0.1,0.6,0.0,0.0,0.0,0.0,0.0,0.0,0.0,0.296,0.0,15.1,19.4,141521.0,0.0707605
2024-09-24,0.0,2.4,15.3,2.7,9.87,3339.7,612.2,91.6,1.7,1.2,0.7,0.667,1.199,0.3,1.0,0.0,0.0,0.0,0.0,0.0,0.0,0.0,0.306,0.0,14.7,16.4,128947.0,0.0644735
2024-09-25,0.0,18.9,15.3,2.7,10.093,3238.1,333.8,93.6,0.7,0.9,18.2,0.716,1.298,0.7,1.9,0.0,0.0,0.0,0.0,0.0,0.0,0.0,0.306,0.0,13.8,16.1,103440.0,0.05172
2024-09-26,0.0,12.1,16.3,4.7,10.147,3094.4,279.3,87.5,0.6,1.2,11.5,0.821,1.492,8.4,3.7,0.0,0.0,0.0,0.0,0.0,0.0,0.0,0.324,0.0,15.8,19.1,68350.0,0.034175
2024-09-27,0.0,4.0,12.9,3.7,7.898,2874.2,756.3,85.6,1.8,1.7,2.2,0.806,1.685,2.7,0.6,0.0,0.0,0.0,0.0,0.0,0.0,0.0,0.326,0.0,12.0,17.4,101357.0,0.0506785
2024-09-28,0.0,0.0,10.2,1.7,5.916,2757.9,889.7,77.5,1.9,1.4,-1.9,0.78,1.907,1.2,0.0,0.0,0.0,0.0,0.0,0.0,0.0,0.0,0.325,0.0,7.4,13.9,180287.0,0.0901435
2024-09-29,0.0,0.2,10.5,2.6,6.693,2747.2,602.2,85.0,0.6,1.1,-0.4,0.763,2.15,0.6,0.0,0.0,0.0,0.0,0.0,0.0,0.0,0.0,0.321,0.0,6.9,14.5,142625.0,0.0713125
2024-09-30,0.0,0.9,15.4,4.9,9.042,3078.8,344.5,83.2,0.6,1.6,0.3,0.76,2.416,0.5,0.1,0.0,0.0,0.0,0.0,0.0,0.0,0.0,0.32,0.0,12.2,18.4,121246.0,0.060623
2024-10-01,0.0,0.0,15.0,3.2,7.913,2684.8,876.2,75.5,1.1,1.8,-1.1,0.748,2.651,0.4,0.0,0.0,0.0,0.0,0.0,0.0,0.0,0.0,0.319,0.0,12.5,17.9,102739.0,0.0513695
2024-10-02,0.0,1.3,13.8,3.2,8.329,2873.8,342.9,85.2,0.4,1.1,0.9,0.747,2.811,0.4,0.1,0.0,0.0,0.0,0.0,0.0,0.0,0.0,0.317,0.0,13.8,14.1,103289.0,0.0516445
2024-10-03,0.0,0.1,11.9,3.5,6.947,2650.2,411.7,80.4,0.5,1.3,-0.4,0.743,2.828,0.4,0.0,0.0,0.0,0.0,0.0,0.0,0.0,0.0,0.317,0.0,12.0,12.9,126800.0,0.0634
2024-10-04,0.0,0.0,10.9,2.0,6.099,2648.9,1341.4,76.3,2.2,1.7,-2.2,0.723,2.753,0.3,0.0,0.0,0.0,0.0,0.0,0.0,0.0,0.0,0.317,0.0,7.3,16.2,176619.0,0.0883095
2024-10-05,0.0,0.2,12.3,2.3,6.452,2598.4,1203.2,74.0,1.8,1.7,-1.6,0.704,2.625,0.2,0.0,0.0,0.0,0.0,0.0,0.0,0.0,0.0,0.313,0.0,6.9,17.3,212427.0,0.1062135
2024-10-06,0.0,1.6,13.8,3.3,9.103,3162.0,371.7,91.2,0.3,1.1,1.3,0.705,2.428,0.2,0.1,0.0,0.0,0.0,0.0,0.0,0.0,0.0,0.311,0.0,10.5,17.1,82727.0,0.0413635
2024-10-07,0.0,21.2,15.9,2.6,10.516,3364.9,203.9,93.9,0.3,0.7,20.9,0.803,2.369,1.0,3.0,0.0,0.0,0.0,0.0,0.0,0.0,0.0,0.312,0.0,13.8,17.6,55158.0,0.027579
2024-10-08,0.0,1.3,15.8,4.1,9.57,2948.9,267.5,86.0,0.1,1.3,1.2,0.848,2.388,3.1,0.0,0.0,0.0,0.0,0.0,0.0,0.0,0.0,0.334,0.0,14.0,18.2,127619.0,0.0638095
2024-10-09,0.0,70.3,14.2,3.3,9.626,3315.4,184.6,95.4,0.7,0.7,69.6,1.012,2.639,17.3,14.3,0.0,0.0,0.0,0.0,0.0,0.0,0.0,0.332,0.0,13.3,15.6,74536.0,0.037268
2024-10-10,0.0,2.4,13.8,3.1,8.596,3054.8,420.8,87.9,0.8,1.2,1.6,1.068,2.994,14.1,5.1,0.0,0.0,0.0,0.0,0.0,0.0,0.0,0.37,0.0,13.2,16.7,132695.0,0.0663475
2024-10-11,0.0,0.0,11.2,1.7,6.081,2698.2,1224.5,75.0,2.3,1.4,-2.3,1.013,3.342,2.9,0.0,0.0,0.0,0.0,0.0,0.0,0.0,0.0,0.361,0.0,8.2,15.1,166927.0,0.0834635
2024-10-12,0.0,1.3,12.4,2.1,7.931,3042.9,384.1,88.2,0.5,0.8,0.8,0.989,3.68,1.8,0.2,0.0,0.0,0.0,0.0,0.0,0.0,0.0,0.354,0.0,9.4,14.5,79682.0,0.039841
2024-10-13,0.0,0.0,12.8,1.3,6.638,2641.3,1246.8,72.9,2.2,1.4,-2.2,0.963,4.024,1.5,0.0,0.0,0.0,0.0,0.0,0.0,0.0,0.0,0.352,0.0,10.3,15.9,142674.0,0.071337
2024-10-14,0.0,0.0,14.9,1.8,9.026,3155.9,279.7,84.9,0.1,0.9,-0.1,0.945,4.279,1.1,0.0,0.0,0.0,0.0,0.0,0.0,0.0,0.0,0.347,0.0,11.3,18.3,102624.0,0.051312
2024-10-15,0.0,0.1,16.1,2.4,10.365,3087.3,390.3,91.2,0.0,0.9,0.1,0.935,4.45,1.0,0.0,0.0,0.0,0.0,0.0,0.0,0.0,0.0,0.346,0.0,12.7,18.5,90825.0,0.0454125
2024-10-16,0.0,2.3,19.9,3.1,11.475,3144.2,956.3,80.6,1.3,2.2,1.0,0.922,4.383,0.9,0.1,0.0,0.0,0.0,0.0,0.0,0.0,0.0,0.344,0.0,15.7,25.9,89157.0,0.0445785
2024-10-17,0.0,33.5,16.7,2.1,11.273,3345.8,219.5,95.2,0.6,0.7,32.9,1.039,4.29,3.6,4.9,0.0,0.0,0.0,0.0,0.0,0.0,0.0,0.344,0.0,16.3,18.2,47889.0,0.0239445
2024-10-18,0.0,0.0,14.0,2.3,9.266,3163.1,232.1,93.4,0.4,0.7,-0.4,1.078,4.179,8.4,2.0,0.0,0.0,0.0,0.0,0.0,0.0,0.0,0.371,0.0,12.8,14.8,83258.0,0.041629
2024-10-19,0.0,3.2,13.9,2.5,9.276,3157.3,174.9,94.0,0.2,0.7,3.0,1.052,3.864,3.0,0.4,0.0,0.0,0.0,0.0,0.0,0.0,0.0,0.363,0.0,12.3,14.9,115133.0,0.0575665
2024-10-20,0.0,0.0,16.3,3.3,10.124,3196.7,374.9,87.9,0.5,1.0,-0.5,1.036,3.586,2.6,0.1,0.0,0.0,0.0,0.0,0.0,0.0,0.0,0.362,0.0,12.8,18.7,117576.0,0.058788
2024-10-21,0.0,2.3,16.6,2.2,10.392,3206.7,254.1,88.6,0.4,0.8,1.9,1.019,3.411,1.9,0.2,0.0,0.0,0.0,0.0,0.0,0.0,0.0,0.358,0.0,16.3,17.7,143625.0,0.0718125
2024-10-22,0.0,0.1,13.2,1.2,8.053,2907.7,975.1,85.9,1.8,1.0,-1.7,1.001,3.256,1.8,0.2,0.0,0.0,0.0,0.0,0.0,0.0,0.0,0.358,0.0,11.5,16.8,93243.0,0.0466215
2024-10-23,0.0,0.1,12.0,1.7,7.043,2885.4,1035.6,81.6,1.9,1.1,-1.8,0.97,3.11,1.3,0.0,0.0,0.0,0.0,0.0,0.0,0.0,0.0,0.353,0.0,8.8,17.6,144520.0,0.07226
2024-10-24,0.0,0.2,13.4,2.6,8.151,2880.8,1151.7,85.1,1.8,1.1,-1.6,0.942,2.978,1.0,0.0,0.0,0.0,0.0,0.0,0.0,0.0,0.0,0.349,0.0,8.9,16.9,128991.0,0.0644955
2024-10-25,0.0,4.2,15.8,2.1,9.754,3161.5,724.7,87.8,1.1,1.1,3.1,0.93,2.874,0.9,0.1,0.0,0.0,0.0,0.0,0.0,0.0,0.0,0.345,0.0,12.4,20.1,81429.0,0.0407145
2024-10-26,0.0,1.7,16.0,0.8,10.672,3377.7,368.1,94.4,0.7,0.6,1.0,0.947,2.945,0.9,0.5,0.0,0.0,0.0,0.0,0.0,0.0,0.0,0.347,0.0,14.8,17.5,58156.0,0.029078
2024-10-27,0.0,0.0,15.1,1.7,9.883,3305.9,199.0,93.0,0.4,0.7,-0.4,0.944,2.901,0.9,0.1,0.0,0.0,0.0,0.0,0.0,0.0,0.0,0.347,0.0,14.2,16.8,89485.0,0.0447425
2024-10-28,0.0,0.1,13.6,1.3,9.446,3255.7,312.5,97.6,0.5,0.5,-0.4,0.932,2.856,0.8,0.0,0.0,0.0,0.0,0.0,0.0,0.0,0.0,0.346,0.0,12.4,15.1,90761.0,0.0453805
2024-10-29,0.0,0.0,12.3,1.0,8.372,3192.3,183.2,94.2,0.4,0.5,-0.4,0.92,2.848,0.8,0.0,0.0,0.0,0.0,0.0,0.0,0.0,0.0,0.344,0.0,11.2,13.1,90066.0,0.045033000000000004
2024-10-30,0.0,0.0,13.0,1.9,8.611,3176.1,157.3,92.7,0.3,0.6,-0.3,0.91,2.837,0.7,0.0,0.0,0.0,0.0,0.0,0.0,0.0,0.0,0.342,0.0,11.9,13.8,90026.0,0.045013
2024-10-31,0.0,0.0,11.2,1.6,7.859,3171.0,300.7,95.1,0.6,0.5,-0.6,0.899,2.833,0.7,0.0,0.0,0.0,0.0,0.0,0.0,0.0,0.0,0.341,0.0,10.9,11.5,94506.0,0.047253
2024-11-01,0.0,0.0,10.3,1.2,7.425,3195.3,297.4,95.3,0.6,0.5,-0.6,0.887,2.803,0.6,0.0,0.0,0.0,0.0,0.0,0.0,0.0,0.0,0.339,0.0,9.1,11.2,121247.0,0.060623500000000004
2024-11-02,0.0,0.0,11.2,2.9,7.142,2808.1,207.2,86.5,0.2,0.8,-0.2,0.878,2.753,0.6,0.0,0.0,0.0,0.0,0.0,0.0,0.0,0.0,0.337,0.0,10.2,11.9,98631.0,0.0493155
2024-11-03,0.0,0.0,10.1,2.4,6.544,2943.6,338.9,85.8,0.6,0.7,-0.6,0.869,2.695,0.5,0.0,0.0,0.0,0.0,0.0,0.0,0.0,0.0,0.336,0.0,9.4,11.0,108957.0,0.0544785
2024-11-04,0.0,0.1,10.1,1.8,6.779,2964.4,896.6,88.5,1.3,0.6,-1.2,0.853,2.62,0.5,0.0,0.0,0.0,0.0,0.0,0.0,0.0,0.0,0.335,0.0,6.1,14.0,95628.0,0.047814
2024-11-05,0.0,0.0,10.5,1.3,7.484,3208.6,310.0,94.9,0.4,0.5,-0.4,0.844,2.505,0.4,0.0,0.0,0.0,0.0,0.0,0.0,0.0,0.0,0.332,0.0,8.3,12.3,81495.0,0.0407475
2024-11-06,0.0,0.0,10.6,1.7,6.932,3049.4,143.3,87.3,0.3,0.6,-0.3,0.837,2.324,0.4,0.0,0.0,0.0,0.0,0.0,0.0,0.0,0.0,0.331,0.0,9.8,11.0,75861.0,0.0379305
2024-11-07,0.0,0.1,11.0,2.5,7.624,3134.8,145.5,93.6,0.2,0.5,-0.1,0.832,2.164,0.4,0.0,0.0,0.0,0.0,0.0,0.0,0.0,0.0,0.33,0.0,10.3,12.5,75674.0,0.037837
2024-11-08,0.0,0.0,9.3,1.4,6.934,3091.5,189.1,95.3,0.2,0.4,-0.2,0.827,2.025,0.4,0.0,0.0,0.0,0.0,0.0,0.0,0.0,0.0,0.33,0.0,7.9,10.2,91043.0,0.0455215
2024-11-09,0.0,0.0,10.7,0.7,7.697,3158.0,245.1,96.1,0.2,0.4,-0.2,0.822,1.919,0.4,0.0,0.0,0.0,0.0,0.0,0.0,0.0,0.0,0.329,0.0,9.9,11.5,56681.0,0.0283405
2024-11-10,0.0,0.0,10.4,2.1,7.142,3028.7,254.8,91.2,0.4,0.5,-0.4,0.816,1.806,0.3,0.0,0.0,0.0,0.0,0.0,0.0,0.0,0.0,0.328,0.0,10.4,11.4,70208.0,0.035104
2024-11-11,0.0,0.2,10.2,2.5,6.906,2725.2,129.6,89.3,-0.1,0.6,0.3,0.813,1.715,0.3,0.0,0.0,0.0,0.0,0.0,0.0,0.0,0.0,0.327,0.0,7.2,12.9,80808.0,0.040404
2024-11-12,0.0,0.6,9.7,5.1,6.11,2758.3,117.9,82.0,0.2,1.0,0.4,0.814,1.64,0.3,0.1,0.0,0.0,0.0,0.0,0.0,0.0,0.0,0.327,0.0,8.1,10.8,57868.0,0.028933999999999998
2024-11-13,0.0,0.0,8.7,3.1,5.553,2624.3,159.1,79.6,0.0,0.9,0.0,0.811,1.541,0.3,0.0,0.0,0.0,0.0,0.0,0.0,0.0,0.0,0.327,0.0,7.8,9.7,81509.0,0.0407545
2024-11-14,0.0,0.0,9.9,1.8,6.309,2830.9,343.7,83.5,0.3,0.6,-0.3,0.806,1.464,0.3,0.0,0.0,0.0,0.0,0.0,0.0,0.0,0.0,0.327,0.0,7.7,12.3,106189.0,0.0530945
2024-11-15,0.0,0.0,9.9,1.4,5.52,2886.4,253.5,73.2,0.3,0.7,-0.3,0.801,1.383,0.3,0.0,0.0,0.0,0.0,0.0,0.0,0.0,0.0,0.326,0.0,9.6,10.7,106842.0,0.053420999999999996
2024-11-16,0.0,0.0,8.3,1.3,5.035,2756.2,509.4,74.5,0.8,0.5,-0.8,0.791,1.315,0.3,0.0,0.0,0.0,0.0,0.0,0.0,0.0,0.0,0.325,0.0,7.9,9.8,93338.0,0.046669
2024-11-17,0.0,0.4,8.2,2.7,6.065,2707.3,194.5,89.6,0.0,0.6,0.4,0.789,1.269,0.3,0.0,0.0,0.0,0.0,0.0,0.0,0.0,0.0,0.324,0.0,5.8,9.6,64862.0,0.032431
2024-11-18,0.0,4.9,10.3,4.7,7.26,3004.1,127.5,93.4,0.0,0.6,4.9,0.81,1.243,0.3,0.4,0.0,0.0,0.0,0.0,0.0,0.0,0.0,0.324,0.0,8.5,11.9,59220.0,0.02961
2024-11-19,0.0,13.5,10.3,5.5,7.175,3005.2,99.4,91.4,0.9,0.7,12.6,0.902,1.294,0.7,1.9,0.0,0.0,0.0,0.0,0.0,0.0,0.0,0.33,0.0,8.9,12.7,49262.0,0.024631
2024-11-20,0.0,0.0,4.8,3.3,4.157,2263.2,579.9,78.4,0.8,0.7,-0.8,0.913,1.379,1.1,0.0,0.0,0.0,0.0,0.0,0.0,0.0,0.0,0.343,0.0,3.5,7.8,64974.0,0.032487
2024-11-21,1.7,6.9,1.3,3.7,3.984,2602.0,66.4,95.6,0.3,0.4,8.3,0.945,1.479,1.6,1.4,0.1,0.0,0.0,0.0,0.001,0.0,2.6,0.341,0.0,1.1,1.7,25430.0,0.012715
2024-11-22,0.0,0.0,2.7,4.2,4.255,2556.0,219.6,92.5,0.3,0.4,-0.3,0.944,1.575,1.7,0.0,0.0,0.0,0.0,0.0,0.0,0.0,0.0,0.348,0.0,0.4,4.3,95456.0,0.047728
2024-11-23,0.0,0.0,6.5,4.4,4.443,2649.9,64.6,75.1,0.2,1.2,-0.2,0.93,1.656,1.2,0.0,0.0,0.0,0.0,0.0,0.0,0.0,0.0,0.345,0.0,2.4,13.3,79012.0,0.039506
2024-11-24,0.0,0.4,15.1,5.7,6.41,2740.0,265.3,60.3,0.3,2.3,0.1,0.918,1.737,0.9,0.0,0.0,0.0,0.0,0.0,0.0,0.0,0.0,0.344,0.0,9.8,17.1,72456.0,0.036228
2024-11-25,0.0,11.5,12.0,2.5,7.56,3173.5,78.2,87.7,0.3,1.0,11.2,0.967,1.848,1.7,1.7,0.0,0.0,0.0,0.0,0.0,0.0,0.0,0.342,0.0,10.0,14.5,34589.0,0.0172945
2024-11-26,0.0,0.1,9.4,2.6,6.663,2849.9,263.4,91.2,0.2,0.5,-0.1,0.972,1.953,2.5,0.2,0.0,0.0,0.0,0.0,0.0,0.0,0.0,0.352,0.0,8.7,10.8,70493.0,0.0352465
2024-11-27,0.0,3.0,11.2,3.8,7.281,2890.6,146.8,87.9,0.1,0.7,2.9,0.973,2.031,1.9,0.5,0.0,0.0,0.0,0.0,0.0,0.0,0.0,0.349,0.0,8.8,12.7,83344.0,0.041672
2024-11-28,0.0,0.0,7.3,2.2,4.902,2447.2,653.7,77.8,0.9,0.5,-0.9,0.955,2.067,1.5,0.0,0.0,0.0,0.0,0.0,0.0,0.0,0.0,0.35,0.0,6.4,10.3,81623.0,0.0408115
2024-11-29,0.0,0.0,5.4,2.9,4.482,2382.5,511.3,81.3,0.5,0.6,-0.5,0.938,2.045,1.0,0.0,0.0,0.0,0.0,0.0,0.0,0.0,0.0,0.347,0.0,3.4,8.7,102100.0,0.05105
2024-11-30,0.0,0.0,3.8,2.2,4.293,2595.8,694.9,86.7,1.2,0.3,-1.2,0.921,2.007,0.8,0.0,0.0,0.0,0.0,0.0,0.0,0.0,0.0,0.345,0.0,2.2,7.6,81788.0,0.040894
2024-12-01,0.0,0.0,6.1,2.6,5.764,2945.7,94.6,96.5,-0.1,0.4,0.1,0.91,1.961,0.7,0.0,0.0,0.0,0.0,0.0,0.0,0.0,0.0,0.342,0.0,1.9,11.7,80792.0,0.040396
2024-12-02,0.0,0.2,10.9,3.5,6.754,2784.8,223.8,83.0,0.1,0.8,0.1,0.905,1.919,0.7,0.0,0.0,0.0,0.0,0.0,0.0,0.0,0.0,0.341,0.0,9.8,13.2,54702.0,0.027351
2024-12-03,0.0,1.5,7.4,1.4,5.68,2667.8,144.8,89.2,0.0,0.4,1.5,0.901,1.879,0.6,0.0,0.0,0.0,0.0,0.0,0.0,0.0,0.0,0.34,0.0,7.1,8.2,53750.0,0.026875
2024-12-04,0.0,0.0,6.2,1.7,5.478,2684.9,204.9,93.3,0.0,0.3,0.0,0.904,1.848,0.7,0.1,0.0,0.0,0.0,0.0,0.0,0.0,0.0,0.341,0.0,4.8,7.7,90701.0,0.0453505
2024-12-05,0.0,6.7,8.3,4.9,6.34,2940.6,87.9,92.6,0.1,0.6,6.6,0.938,1.821,1.0,0.9,0.0,0.0,0.0,0.0,0.0,0.0,0.0,0.34,0.0,5.7,12.2,52713.0,0.0263565
2024-12-06,0.0,6.4,9.9,3.6,5.905,2513.9,510.4,78.0,0.4,0.8,6.0,0.947,1.794,1.2,0.3,0.0,0.0,0.0,0.0,0.0,0.0,0.0,0.347,0.0,9.4,11.0,79170.0,0.039585
2024-12-07,0.0,3.7,9.2,5.8,6.043,2877.3,118.4,83.8,0.7,1.1,3.0,0.975,1.778,2.0,1.1,0.0,0.0,0.0,0.0,0.0,0.0,0.0,0.352,0.0,7.4,10.9,39725.0,0.0198625
2024-12-08,0.0,4.3,7.8,5.7,5.803,2899.8,62.8,88.5,0.6,0.7,3.7,0.992,1.785,2.6,1.0,0.0,0.0,0.0,0.0,0.0,0.0,0.0,0.352,0.0,7.3,8.3,35787.0,0.0178935
2024-12-09,0.0,0.7,6.1,5.1,4.884,2610.6,107.0,83.6,0.4,0.8,0.3,0.981,1.788,2.0,0.1,0.0,0.0,0.0,0.0,0.0,0.0,0.0,0.353,0.0,5.5,6.4,28656.0,0.014328
2024-12-10,0.0,0.6,6.0,4.2,5.002,2491.3,136.7,86.6,0.0,0.6,0.6,0.967,1.789,1.4,0.0,0.0,0.0,0.0,0.0,0.0,0.0,0.0,0.351,0.0,5.5,6.6,30278.0,0.015139
2024-12-11,0.0,0.2,5.4,3.0,4.592,2512.0,131.3,82.4,0.1,0.6,0.1,0.959,1.79,1.3,0.1,0.0,0.0,0.0,0.0,0.0,0.0,0.0,0.349,0.0,5.3,5.5,46813.0,0.0234065
2024-12-12,0.0,0.0,4.5,2.5,4.145,2282.1,56.1,79.3,-0.1,0.7,0.1,0.948,1.824,1.1,0.0,0.0,0.0,0.0,0.0,0.0,0.0,0.0,0.347,0.0,4.3,5.3,72980.0,0.03649
2024-12-13,0.0,0.0,2.9,1.7,3.865,2251.4,225.3,83.1,0.0,0.4,0.0,0.939,1.885,1.0,0.0,0.0,0.0,0.0,0.0,0.0,0.0,0.0,0.344,0.003,2.1,3.7,44269.0,0.0221345
2024-12-14,0.0,0.6,4.0,1.7,4.409,2491.5,74.5,87.4,-0.2,0.5,0.8,0.932,1.899,0.9,0.0,0.0,0.0,0.0,0.0,0.0,0.0,0.0,0.342,0.003,2.0,5.3,39262.0,0.019631
2024-12-15,0.0,0.0,7.9,3.2,6.053,2874.1,132.6,91.3,-0.2,0.5,0.2,0.929,1.85,0.9,0.1,0.0,0.0,0.0,0.0,0.0,0.0,0.0,0.343,0.002,4.6,10.1,69655.0,0.0348275
2024-12-16,0.0,0.1,9.6,2.5,6.775,3039.2,120.3,91.4,0.0,0.5,0.1,0.922,1.789,0.8,0.0,0.0,0.0,0.0,0.0,0.0,0.0,0.0,0.344,0.0,9.3,10.0,72151.0,0.0360755
2024-12-17,0.0,1.3,7.8,2.5,6.079,2953.2,65.5,92.7,0.2,0.5,1.1,0.923,1.703,0.8,0.2,0.0,0.0,0.0,0.0,0.0,0.0,0.0,0.343,0.0,7.0,8.9,60961.0,0.0304805
2024-12-18,0.0,0.5,11.5,4.6,7.216,2888.5,118.9,85.2,-0.2,0.9,0.7,0.918,1.594,0.8,0.0,0.0,0.0,0.0,0.0,0.0,0.0,0.0,0.343,0.0,7.2,13.8,61873.0,0.030936500000000002
2024-12-19,0.0,4.1,9.1,4.9,6.032,2671.1,92.0,82.1,0.4,1.0,3.7,0.94,1.524,1.0,0.6,0.0,0.0,0.0,0.0,0.0,0.0,0.0,0.343,0.0,5.7,12.3,43199.0,0.0215995
2024-12-20,0.0,0.8,6.5,3.1,5.072,2455.9,489.2,84.2,0.3,0.5,0.5,0.932,1.446,1.0,0.0,0.0,0.0,0.0,0.0,0.0,0.0,0.0,0.346,0.0,3.7,8.7,81644.0,0.040822
2024-12-21,0.0,15.0,9.5,4.1,6.766,3064.7,75.0,91.7,0.2,0.6,14.8,0.969,1.409,1.3,1.7,0.0,0.0,0.0,0.0,0.0,0.0,0.0,0.345,0.0,7.7,11.9,50697.0,0.0253485
2024-12-22,0.0,7.4,7.7,5.7,5.205,2650.4,124.2,79.2,0.7,1.0,6.7,1.037,1.435,6.0,2.5,0.0,0.0,0.0,0.0,0.0,0.0,0.0,0.359,0.0,6.2,7.9,36432.0,0.018216
2024-12-23,0.0,1.2,6.8,4.3,4.485,2353.0,361.1,73.4,0.3,0.8,0.9,1.01,1.468,2.6,0.0,0.0,0.0,0.0,0.0,0.0,0.0,0.0,0.358,0.0,6.1,7.7,61990.0,0.030995
2024-12-24,0.0,0.5,7.6,1.8,6.278,3021.1,105.5,96.8,0.0,0.4,0.5,1.001,1.496,1.9,0.3,0.0,0.0,0.0,0.0,0.0,0.0,0.0,0.356,0.0,5.7,9.8,47424.0,0.023712
2024-12-25,0.0,0.0,9.8,0.8,7.331,3142.2,76.6,97.6,0.1,0.4,-0.1,0.986,1.513,1.6,0.0,0.0,0.0,0.0,0.0,0.0,0.0,0.0,0.354,0.0,8.8,10.1,59889.0,0.0299445
2024-12-26,0.0,0.0,7.1,1.7,5.57,2772.5,433.2,89.0,0.8,0.2,-0.8,0.968,1.528,1.3,0.0,0.0,0.0,0.0,0.0,0.0,0.0,0.0,0.352,0.0,6.9,8.0,73425.0,0.0367125
2024-12-27,0.0,0.0,3.6,0.8,4.208,2657.0,473.4,86.6,0.9,0.1,-0.9,0.95,1.499,1.0,0.0,0.0,0.0,0.0,0.0,0.0,0.0,0.0,0.349,0.0,1.6,6.0,76583.0,0.0382915
2024-12-28,0.0,0.0,0.7,1.6,3.894,2754.1,359.8,98.0,0.5,0.0,-0.5,0.934,1.472,0.9,0.0,0.0,0.0,0.0,0.0,0.0,0.0,0.0,0.346,0.0,-0.1,1.9,83372.0,0.041686
2024-12-29,0.0,0.0,3.8,1.4,4.662,2860.2,117.8,93.7,0.1,0.3,-0.1,0.924,1.415,0.8,0.0,0.0,0.0,0.0,0.0,0.0,0.0,0.0,0.344,0.0,1.4,5.3,62963.0,0.0314815
2024-12-30,0.0,0.0,3.4,2.3,4.568,2848.6,112.0,94.7,0.4,0.3,-0.4,0.914,1.379,0.7,0.0,0.0,0.0,0.0,0.0,0.0,0.0,0.0,0.343,0.0,1.8,4.6,47153.0,0.0235765
2024-12-31,0.0,0.0,4.0,3.5,4.704,2859.1,94.4,93.3,0.2,0.4,-0.2,0.905,1.295,0.7,0.0,0.0,0.0,0.0,0.0,0.0,0.0,0.0,0.341,0.0,1.8,5.6,53035.0,0.0265175
2025-01-01,0.0,13.8,6.9,6.0,5.643,2673.1,93.4,91.6,0.0,0.5,13.8,0.915,1.193,0.6,0.0,0.0,0.0,0.0,0.0,0.0,0.0,0.0,0.34,0.0,4.7,8.7,77513.0,0.0387565
2025-01-02,0.0,7.7,4.8,2.2,5.02,2850.0,62.6,93.6,0.4,0.4,7.3,1.03,1.179,3.7,3.5,0.0,0.0,0.0,0.0,0.0,0.0,0.0,0.356,0.0,4.4,5.1,30072.0,0.015035999999999999
2025-01-03,0.0,0.0,1.5,1.3,3.653,2350.7,613.9,86.7,0.8,0.2,-0.8,1.006,1.152,2.5,0.0,0.0,0.0,0.0,0.0,0.0,0.0,0.0,0.358,0.0,-0.3,4.6,57856.0,0.028928
2025-01-04,0.0,10.0,0.6,3.4,3.411,2477.7,277.7,86.5,0.2,0.8,9.8,1.001,1.131,1.5,0.4,0.0,0.0,0.0,0.0,0.0,0.0,0.0,0.352,0.002,-2.2,11.3,40168.0,0.020084
2025-01-05,0.0,1.8,11.0,5.6,7.063,2812.4,72.8,86.7,-0.4,0.8,2.2,1.046,1.174,4.0,1.6,0.0,0.0,0.0,0.0,0.0,0.0,0.0,0.362,0.0,1.4,12.6,41915.0,0.0209575
2025-01-06,0.0,2.3,9.6,5.9,5.86,2649.0,141.4,78.0,0.5,1.2,1.8,1.033,1.245,2.8,0.4,0.0,0.0,0.0,0.0,0.0,0.0,0.0,0.36,0.0,7.8,11.7,39690.0,0.019845
2025-01-07,0.0,0.0,6.3,4.6,4.44,2347.1,467.1,75.0,0.5,0.8,-0.5,1.009,1.309,1.9,0.0,0.0,0.0,0.0,0.0,0.0,0.0,0.0,0.358,0.0,4.9,7.5,69261.0,0.0346305
2025-01-08,0.0,15.7,7.9,3.4,6.167,2915.1,64.9,92.1,-0.1,0.6,15.8,1.043,1.421,2.4,2.0,0.0,0.0,0.0,0.0,0.0,0.0,0.0,0.355,0.0,4.3,12.3,40166.0,0.020083
2025-01-09,0.0,0.9,6.5,3.5,5.376,2730.8,125.9,86.9,0.6,0.6,0.3,1.069,1.56,5.0,1.1,0.0,0.0,0.0,0.0,0.0,0.0,0.0,0.368,0.0,3.6,9.7,47271.0,0.0236355
2025-01-10,0.0,0.0,4.1,1.5,4.384,2519.1,250.5,86.4,0.2,0.3,-0.2,1.039,1.68,2.5,0.0,0.0,0.0,0.0,0.0,0.0,0.0,0.0,0.362,0.001,3.9,5.5,37283.0,0.018641500000000002
2025-01-11,0.0,0.0,1.4,1.9,3.838,2678.5,180.2,91.5,0.4,0.3,-0.4,1.016,1.798,1.8,0.0,0.0,0.0,0.0,0.0,0.0,0.0,0.0,0.359,0.0,0.4,2.2,62078.0,0.031039
2025-01-12,0.0,0.0,3.2,2.1,4.14,2740.9,96.0,87.0,0.2,0.5,-0.2,0.999,1.779,1.5,0.0,0.0,0.0,0.0,0.0,0.0,0.0,0.0,0.356,0.0,1.6,4.1,105586.0,0.052793
2025-01-13,0.0,0.0,2.4,2.4,3.134,2310.6,699.8,69.9,1.1,0.6,-1.1,0.978,1.781,1.3,0.0,0.0,0.0,0.0,0.0,0.0,0.0,0.0,0.353,0.0,2.1,4.8,122962.0,0.061481
2025-01-14,0.0,0.0,0.3,0.8,3.003,2302.9,690.6,78.0,0.6,0.2,-0.6,0.96,1.779,1.1,0.0,0.0,0.0,0.0,0.0,0.0,0.0,0.0,0.346,0.004,-2.5,3.5,117828.0,0.058914
2025-01-15,0.0,0.5,4.7,1.7,5.088,2973.5,173.5,95.5,0.2,0.4,0.3,0.951,1.726,1.0,0.1,0.0,0.0,0.0,0.0,0.0,0.0,0.0,0.348,0.0,0.1,6.7,91135.0,0.045567500000000004
2025-01-16,0.0,0.0,4.2,2.3,4.525,2838.2,208.3,88.6,0.4,0.4,-0.4,0.94,1.672,0.9,0.0,0.0,0.0,0.0,0.0,0.0,0.0,0.0,0.347,0.0,2.7,5.6,69474.0,0.034737
2025-01-17,0.0,0.0,1.2,1.7,3.931,2746.9,434.2,95.1,0.6,0.2,-0.6,0.926,1.656,0.8,0.0,0.0,0.0,0.0,0.0,0.0,0.0,0.0,0.345,0.0,0.5,1.6,103812.0,0.051906
2025-01-18,0.0,0.0,1.1,2.4,3.681,2773.6,127.9,89.8,0.5,0.4,-0.5,0.914,1.554,0.7,0.0,0.0,0.0,0.0,0.0,0.0,0.0,0.0,0.343,0.0,0.1,1.9,68695.0,0.0343475
2025-01-19,0.0,0.0,1.0,0.9,3.562,2490.7,145.6,87.8,0.1,0.3,-0.1,0.905,1.41,0.7,0.0,0.0,0.0,0.0,0.0,0.0,0.0,0.0,0.341,0.0,-0.2,1.8,77843.0,0.0389215
2025-01-20,0.0,0.0,0.2,0.9,3.521,2590.3,136.8,91.7,0.2,0.3,-0.2,0.898,1.285,0.6,0.0,0.0,0.0,0.0,0.0,0.0,0.0,0.0,0.34,0.0,-0.4,0.6,57697.0,0.0288485
2025-01-21,0.0,0.0,1.5,1.7,4.016,2864.4,205.1,94.9,0.2,0.3,-0.2,0.89,1.166,0.6,0.0,0.0,0.0,0.0,0.0,0.0,0.0,0.0,0.339,0.0,-0.4,4.8,77480.0,0.038740000000000004
2025-01-22,0.0,21.3,6.6,2.1,5.744,2897.4,100.6,94.6,0.0,0.4,21.3,0.954,1.135,0.8,2.6,0.0,0.0,0.0,0.0,0.0,0.0,0.0,0.338,0.0,2.2,8.8,46845.0,0.0234225
2025-01-23,0.0,0.4,7.1,4.2,5.258,2438.9,88.1,84.3,-0.3,0.8,0.7,1.025,1.184,4.1,0.8,0.0,0.0,0.0,0.0,0.0,0.0,0.0,0.36,0.0,5.6,8.7,80415.0,0.0402075
2025-01-24,0.0,2.9,10.1,6.7,6.432,2916.4,123.9,83.0,0.3,1.3,2.6,1.014,1.246,2.3,0.4,0.0,0.0,0.0,0.0,0.0,0.0,0.0,0.357,0.0,7.8,12.6,61084.0,0.030542
2025-01-25,0.0,9.6,9.6,3.2,6.265,2763.0,98.3,84.4,0.3,0.9,9.3,1.025,1.357,2.2,1.2,0.0,0.0,0.0,0.0,0.0,0.0,0.0,0.356,0.0,8.5,12.1,39997.0,0.0199985
2025-01-26,0.0,3.9,6.2,4.4,5.248,2669.8,210.1,88.4,0.1,0.7,3.8,1.048,1.484,3.9,1.1,0.0,0.0,0.0,0.0,0.0,0.0,0.0,0.363,0.0,2.7,10.9,56012.0,0.028006
2025-01-27,0.0,0.6,9.8,6.2,5.957,2477.4,483.7,79.1,0.6,1.0,0.0,1.038,1.551,3.1,0.4,0.0,0.0,0.0,0.0,0.0,0.0,0.0,0.362,0.0,9.1,10.8,54222.0,0.027111
2025-01-28,0.0,1.7,9.3,6.1,5.815,2499.9,134.5,79.8,0.0,1.2,1.7,1.025,1.608,2.1,0.3,0.0,0.0,0.0,0.0,0.0,0.0,0.0,0.358,0.0,8.1,10.8,56822.0,0.028411
2025-01-29,0.0,14.5,8.0,3.7,5.894,2796.9,149.9,88.6,0.2,0.7,14.3,1.057,1.721,2.8,2.1,0.0,0.0,0.0,0.0,0.0,0.0,0.0,0.358,0.0,7.5,8.3,73284.0,0.036642
2025-01-30,0.0,0.1,6.3,3.2,5.45,2709.3,195.1,91.8,0.3,0.5,-0.2,1.07,1.855,4.9,0.6,0.0,0.0,0.0,0.0,0.0,0.0,0.0,0.368,0.0,6.6,7.2,70588.0,0.035294
2025-01-31,0.0,4.3,3.7,2.3,4.198,2553.8,380.3,86.1,0.5,0.7,3.8,1.049,2.013,2.5,0.5,0.0,0.0,0.0,0.0,0.0,0.0,0.0,0.362,0.0,2.0,7.0,92158.0,0.046079
2025-02-01,0.0,0.0,3.4,1.7,4.042,2408.1,913.4,84.3,1.2,0.3,-1.2,1.039,2.224,2.5,0.3,0.0,0.0,0.0,0.0,0.0,0.0,0.0,0.363,0.0,1.0,6.2,107220.0,0.05361
2025-02-02,0.0,0.0,3.5,1.2,4.025,2387.0,942.2,82.8,1.1,0.3,-1.1,1.011,2.229,1.7,0.0,0.0,0.0,0.0,0.0,0.0,0.0,0.0,0.358,0.001,0.3,6.9,122135.0,0.0610675
2025-02-03,0.0,0.0,2.6,1.8,4.024,2609.3,933.1,88.4,1.4,0.4,-1.4,0.984,2.143,1.3,0.0,0.0,0.0,0.0,0.0,0.0,0.0,0.0,0.355,0.0,0.3,7.0,125537.0,0.0627685
2025-02-04,0.0,0.0,1.3,2.3,4.052,2818.5,224.6,97.1,0.3,0.3,-0.3,0.966,1.981,1.1,0.0,0.0,0.0,0.0,0.0,0.0,0.0,0.0,0.351,0.0,-0.6,3.8,128898.0,0.064449
2025-02-05,0.0,0.0,4.9,1.8,5.163,2940.2,203.2,95.8,0.2,0.4,-0.2,0.954,1.8,1.0,0.0,0.0,0.0,0.0,0.0,0.0,0.0,0.0,0.349,0.0,2.8,6.2,123211.0,0.0616055
2025-02-06,0.0,0.1,4.4,4.0,4.313,2487.1,196.5,83.3,0.2,0.7,-0.1,0.944,1.626,0.9,0.0,0.0,0.0,0.0,0.0,0.0,0.0,0.0,0.347,0.0,3.7,5.3,101963.0,0.0509815
2025-02-07,0.0,1.2,5.0,3.7,4.207,2417.3,88.1,77.4,-0.1,0.9,1.3,0.938,1.491,0.8,0.1,0.0,0.0,0.0,0.0,0.0,0.0,0.0,0.346,0.0,3.8,7.5,61130.0,0.030565000000000002
2025-02-08,0.0,3.7,6.7,3.5,4.882,2527.1,377.7,80.4,0.2,0.9,3.5,0.942,1.368,0.8,0.2,0.0,0.0,0.0,0.0,0.0,0.0,0.0,0.346,0.0,5.9,7.3,65487.0,0.0327435
2025-02-09,0.0,0.3,5.9,1.9,5.071,2705.7,177.3,88.1,0.0,0.6,0.3,0.96,1.252,1.0,0.5,0.0,0.0,0.0,0.0,0.0,0.0,0.0,0.349,0.0,4.8,6.7,88430.0,0.044215
2025-02-10,0.0,6.2,5.2,2.3,4.945,2787.9,147.9,90.2,0.3,0.5,5.9,0.982,1.154,1.3,0.9,0.0,0.0,0.0,0.0,0.0,0.0,0.0,0.348,0.0,4.9,5.6,57510.0,0.028755
2025-02-11,0.0,0.0,4.6,1.6,4.58,2536.7,248.1,87.3,0.1,0.5,-0.1,0.982,1.083,1.5,0.0,0.0,0.0,0.0,0.0,0.0,0.0,0.0,0.353,0.0,3.8,5.7,71973.0,0.0359865
2025-02-12,0.0,1.0,4.9,1.8,4.194,2470.3,151.9,78.3,0.0,0.7,1.0,0.971,1.059,1.3,0.1,0.0,0.0,0.0,0.0,0.0,0.0,0.0,0.351,0.0,3.1,5.9,61569.0,0.0307845
2025-02-13,0.0,0.0,4.9,2.2,4.207,2640.2,259.8,78.8,0.3,0.8,-0.3,0.965,1.072,1.2,0.1,0.0,0.0,0.0,0.0,0.0,0.0,0.0,0.35,0.0,3.9,7.0,74152.0,0.037076
2025-02-14,0.0,0.0,2.5,3.2,3.283,2244.1,1069.2,72.9,1.6,0.9,-1.6,0.942,1.087,1.0,0.0,0.0,0.0,0.0,0.0,0.0,0.0,0.0,0.348,0.0,0.2,4.7,132375.0,0.0661875
2025-02-15,0.0,0.0,2.1,2.7,3.266,2153.9,480.8,74.5,0.1,0.8,-0.1,0.929,1.092,0.8,0.0,0.0,0.0,0.0,0.0,0.0,0.0,0.0,0.34,0.005,-0.4,5.1,180205.0,0.0901025
2025-02-16,0.0,0.0,3.1,2.9,3.53,2354.2,946.6,75.8,1.0,1.0,-1.0,0.914,1.092,0.7,0.0,0.0,0.0,0.0,0.0,0.0,0.0,0.0,0.341,0.003,0.0,7.5,167841.0,0.0839205
2025-02-17,0.0,0.0,3.3,2.0,3.569,2280.4,1109.8,75.0,1.2,0.8,-1.2,0.897,1.076,0.6,0.0,0.0,0.0,0.0,0.0,0.0,0.0,0.0,0.34,0.001,0.2,6.1,152670.0,0.076335
2025-02-18,0.0,0.0,4.5,3.0,3.664,2271.7,1045.4,71.3,1.3,1.2,-1.3,0.879,1.049,0.6,0.0,0.0,0.0,0.0,0.0,0.0,0.0,0.0,0.338,0.0,1.4,8.5,145115.0,0.0725575
2025-02-19,0.0,0.0,6.8,2.0,4.676,2384.8,437.6,74.9,-0.1,0.9,0.1,0.871,1.019,0.5,0.0,0.0,0.0,0.0,0.0,0.0,0.0,0.0,0.334,0.002,1.8,10.3,122555.0,0.0612775
2025-02-20,0.0,1.3,11.1,2.7,7.37,2920.4,518.6,89.6,0.2,0.8,1.1,0.874,0.963,0.5,0.1,0.0,0.0,0.0,0.0,0.0,0.0,0.0,0.335,0.0,8.1,13.4,124291.0,0.0621455
2025-02-21,0.0,0.9,13.4,2.8,7.268,2628.1,315.4,77.0,-0.1,1.2,1.0,0.872,0.906,0.5,0.0,0.0,0.0,0.0,0.0,0.0,0.0,0.0,0.336,0.0,10.4,16.4,99622.0,0.049811
2025-02-22,0.0,1.2,11.1,2.5,7.046,2848.4,231.4,85.9,0.0,0.9,1.2,0.884,0.858,0.5,0.2,0.0,0.0,0.0,0.0,0.0,0.0,0.0,0.337,0.0,10.8,12.1,79197.0,0.0395985
2025-02-23,0.0,0.0,10.4,2.8,6.254,2574.3,916.5,80.6,0.9,1.1,-0.9,0.873,0.809,0.5,0.0,0.0,0.0,0.0,0.0,0.0,0.0,0.0,0.337,0.0,5.4,13.6,149901.0,0.0749505
2025-02-24,0.0,0.9,11.8,3.6,6.661,2722.3,201.2,78.1,0.0,1.2,0.9,0.868,0.773,0.5,0.1,0.0,0.0,0.0,0.0,0.0,0.0,0.0,0.335,0.0,11.1,13.6,80763.0,0.0403815
2025-02-25,0.0,21.3,8.6,3.3,6.503,2968.9,230.1,93.2,0.6,0.6,20.7,0.982,0.855,2.6,3.5,0.0,0.0,0.0,0.0,0.0,0.0,0.0,0.336,0.0,7.1,9.8,92674.0,0.046337
2025-02-26,0.0,3.1,7.8,3.6,5.567,2624.9,479.3,85.5,0.5,1.1,2.6,1.007,0.966,3.2,0.5,0.0,0.0,0.0,0.0,0.0,0.0,0.0,0.355,0.0,5.3,11.5,147807.0,0.0739035
2025-02-27,0.0,0.0,7.0,3.1,4.908,2442.9,633.5,79.4,0.8,1.0,-0.8,0.984,1.065,1.8,0.0,0.0,0.0,0.0,0.0,0.0,0.0,0.0,0.354,0.0,4.9,8.8,153938.0,0.076969
2025-02-28,0.0,0.0,6.9,2.9,4.548,2371.8,381.5,74.5,0.1,1.2,-0.1,0.968,1.154,1.3,0.0,0.0,0.0,0.0,0.0,0.0,0.0,0.0,0.351,0.0,5.4,9.9,179916.0,0.089958
2025-03-01,0.0,0.0,4.8,3.9,4.266,2403.8,685.9,80.8,0.9,1.1,-0.9,0.95,1.219,1.1,0.0,0.0,0.0,0.0,0.0,0.0,0.0,0.0,0.349,0.0,1.8,8.1,181306.0,0.090653
2025-03-02,0.0,0.0,6.0,3.4,4.147,2272.7,1293.5,73.0,1.6,1.7,-1.6,0.928,1.27,0.8,0.0,0.0,0.0,0.0,0.0,0.0,0.0,0.0,0.346,0.0,1.7,11.4,229192.0,0.114596
2025-03-03,0.0,0.0,6.6,1.6,4.142,2386.8,1516.0,69.9,2.1,1.4,-2.1,0.903,1.293,0.7,0.0,0.0,0.0,0.0,0.0,0.0,0.0,0.0,0.343,0.0,1.6,11.2,200495.0,0.1002475
2025-03-04,0.0,0.0,7.5,1.1,4.475,2430.0,903.9,70.3,0.8,1.1,-0.8,0.886,1.291,0.6,0.0,0.0,0.0,0.0,0.0,0.0,0.0,0.0,0.339,0.0,3.7,11.2,194262.0,0.097131
2025-03-05,0.0,0.0,9.8,1.3,4.889,2620.1,1561.5,67.1,2.3,1.7,-2.3,0.862,1.284,0.5,0.0,0.0,0.0,0.0,0.0,0.0,0.0,0.0,0.337,0.0,3.6,15.7,231127.0,0.1155635
2025-03-06,0.0,0.0,11.9,2.1,4.821,2533.6,1597.2,58.3,2.4,2.2,-2.4,0.835,1.277,0.5,0.0,0.0,0.0,0.0,0.0,0.0,0.0,0.0,0.333,0.0,6.3,16.6,202137.0,0.1010685
2025-03-07,0.0,0.0,13.1,2.8,4.935,2450.5,1578.3,54.6,2.1,2.7,-2.1,0.81,1.13,0.4,0.0,0.0,0.0,0.0,0.0,0.0,0.0,0.0,0.329,0.0,8.7,18.6,190653.0,0.0953265
2025-03-08,0.0,0.0,13.6,3.3,5.13,2433.3,882.0,53.9,0.5,2.5,-0.5,0.797,0.911,0.4,0.0,0.0,0.0,0.0,0.0,0.0,0.0,0.0,0.326,0.0,8.5,18.4,163250.0,0.081625
2025-03-09,0.0,0.0,13.7,2.4,5.603,2568.9,829.4,57.8,0.7,2.0,-0.7,0.786,0.691,0.4,0.0,0.0,0.0,0.0,0.0,0.0,0.0,0.0,0.324,0.0,10.1,16.6,93851.0,0.0469255
2025-03-10,0.0,2.0,11.2,1.7,6.931,2708.1,374.6,84.2,0.2,1.0,1.8,0.787,0.504,0.3,0.1,0.0,0.0,0.0,0.0,0.0,0.0,0.0,0.323,0.0,10.7,12.8,155957.0,0.0779785
2025-03-11,0.0,0.7,7.6,2.7,5.785,2864.2,815.9,89.5,0.9,1.0,-0.2,0.792,0.369,0.3,0.1,0.0,0.0,0.0,0.0,0.0,0.0,0.0,0.325,0.0,5.5,10.1,132852.0,0.066426
2025-03-12,0.0,0.6,5.9,3.1,4.203,2308.1,320.4,73.4,0.1,1.1,0.5,0.793,0.283,0.3,0.1,0.0,0.0,0.0,0.0,0.0,0.0,0.0,0.324,0.0,4.0,7.4,90667.0,0.0453335
2025-03-13,0.0,0.1,5.6,2.7,4.131,2206.8,1097.0,73.5,1.0,1.4,-0.9,0.784,0.23,0.3,0.0,0.0,0.0,0.0,0.0,0.0,0.0,0.0,0.324,0.001,3.9,7.7,112606.0,0.056303
2025-03-14,0.0,0.6,5.0,3.2,3.903,2437.9,898.8,72.8,1.1,1.3,-0.5,0.777,0.204,0.3,0.1,0.0,0.0,0.0,0.0,0.0,0.0,0.0,0.322,0.0,2.8,7.4,140486.0,0.070243
2025-03-15,0.0,0.0,5.4,5.0,3.534,2069.9,582.7,64.0,0.3,1.7,-0.3,0.769,0.189,0.3,0.0,0.0,0.0,0.0,0.0,0.0,0.0,0.0,0.32,0.001,2.0,8.1,135390.0,0.067695
2025-03-16,0.0,0.0,7.4,3.8,3.898,2262.8,1185.6,61.8,1.2,2.1,-1.2,0.758,0.193,0.3,0.0,0.0,0.0,0.0,0.0,0.0,0.0,0.0,0.32,0.0,3.9,11.6,139663.0,0.0698315
2025-03-17,0.0,0.0,7.4,3.4,3.565,2179.0,1867.8,57.1,1.6,2.6,-1.6,0.74,0.202,0.3,0.0,0.0,0.0,0.0,0.0,0.0,0.0,0.0,0.318,0.001,2.5,12.5,229061.0,0.1145305
2025-03-18,0.0,0.0,8.8,3.2,3.841,2229.4,1894.9,54.2,1.3,2.6,-1.3,0.724,0.206,0.2,0.0,0.0,0.0,0.0,0.0,0.0,0.0,0.0,0.315,0.0,3.6,12.6,252182.0,0.126091
2025-03-19,0.0,0.0,12.4,2.1,5.378,2494.8,1642.4,62.2,1.2,2.5,-1.2,0.71,0.201,0.2,0.0,0.0,0.0,0.0,0.0,0.0,0.0,0.0,0.314,0.0,7.0,18.2,216337.0,0.1081685
2025-03-20,0.0,0.0,13.7,1.8,6.129,2614.7,1762.4,64.2,1.2,2.4,-1.2,0.697,0.198,0.2,0.0,0.0,0.0,0.0,0.0,0.0,0.0,0.0,0.312,0.0,7.9,18.4,157696.0,0.078848
2025-03-21,0.0,5.0,14.8,2.6,7.283,2597.8,602.0,69.7,0.0,1.7,5.0,0.7,0.198,0.2,0.1,0.0,0.0,0.0,0.0,0.0,0.0,0.0,0.31,0.0,11.8,17.4,89119.0,0.0445595
2025-03-22,0.0,5.6,13.3,2.7,8.033,2968.0,1120.7,85.3,1.5,1.9,4.1,0.738,0.207,0.2,0.4,0.0,0.0,0.0,0.0,0.0,0.0,0.0,0.316,0.0,12.0,17.6,127129.0,0.0635645
2025-03-23,0.0,1.6,10.9,2.1,6.997,2888.1,354.0,87.0,0.3,1.1,1.3,0.778,0.226,0.2,0.4,0.0,0.0,0.0,0.0,0.0,0.0,0.0,0.321,0.0,8.5,13.9,149002.0,0.074501
2025-03-24,0.0,0.0,12.5,1.5,7.082,2781.9,1098.7,79.9,1.3,1.8,-1.3,0.769,0.221,0.2,0.0,0.0,0.0,0.0,0.0,0.0,0.0,0.0,0.322,0.0,8.7,17.5,157829.0,0.0789145
2025-03-25,0.0,0.0,11.2,3.0,6.362,2572.3,1518.9,77.3,1.7,2.0,-1.7,0.751,0.201,0.2,0.0,0.0,0.0,0.0,0.0,0.0,0.0,0.0,0.32,0.0,9.0,13.0,153354.0,0.076677
2025-03-26,0.0,0.0,11.1,3.0,6.704,2784.2,592.2,82.0,0.5,1.3,-0.5,0.742,0.184,0.2,0.0,0.0,0.0,0.0,0.0,0.0,0.0,0.0,0.318,0.0,9.8,13.2,149275.0,0.0746375
2025-03-27,0.0,0.0,11.1,2.3,5.342,2505.1,2042.8,67.0,2.1,2.6,-2.1,0.725,0.165,0.2,0.0,0.0,0.0,0.0,0.0,0.0,0.0,0.0,0.317,0.0,5.9,15.1,225675.0,0.1128375
2025-03-28,0.0,5.1,9.6,3.3,5.822,2765.2,723.8,78.8,1.2,1.6,3.9,0.749,0.174,0.2,0.4,0.0,0.0,0.0,0.0,0.0,0.0,0.0,0.313,0.0,5.9,13.0,199716.0,0.099858
2025-03-29,0.0,0.0,10.4,3.6,4.794,2289.9,1648.0,62.1,2.1,2.6,-2.1,0.735,0.19,0.2,0.0,0.0,0.0,0.0,0.0,0.0,0.0,0.0,0.318,0.0,7.5,13.5,207020.0,0.10351
2025-03-30,0.0,0.0,12.0,2.6,5.827,2714.7,740.1,66.4,0.7,1.8,-0.7,0.723,0.206,0.2,0.0,0.0,0.0,0.0,0.0,0.0,0.0,0.0,0.315,0.0,7.9,14.8,195407.0,0.0977035
2025-03-31,0.0,0.0,11.0,3.0,5.305,2502.5,2140.1,66.7,2.0,2.9,-2.0,0.706,0.218,0.2,0.0,0.0,0.0,0.0,0.0,0.0,0.0,0.0,0.314,0.0,6.8,15.6,271490.0,0.135745
2025-04-01,0.0,0.0,11.2,5.2,4.171,2320.0,2233.1,51.8,2.0,4.1,-2.0,0.685,0.199,0.2,0.0,0.0,0.0,0.0,0.0,0.0,0.0,0.0,0.311,0.0,7.5,16.4,242833.0,0.1214165
2025-04-02,0.0,0.0,12.9,3.5,4.962,2337.5,2091.6,53.9,1.4,3.4,-1.4,0.668,0.141,0.2,0.0,0.0,0.0,0.0,0.0,0.0,0.0,0.0,0.308,0.0,7.3,17.5,171236.0,0.085618
2025-04-03,0.0,0.0,16.2,2.6,6.303,2591.8,1634.2,56.1,1.2,3.2,-1.2,0.655,0.083,0.2,0.0,0.0,0.0,0.0,0.0,0.0,0.0,0.0,0.305,0.0,11.0,20.6,150864.0,0.075432
2025-04-04,0.0,0.0,18.1,3.2,6.49,2662.5,1673.3,52.1,1.5,4.3,-1.5,0.64,0.021,0.1,0.0,0.0,0.0,0.0,0.0,0.0,0.0,0.0,0.304,0.0,14.3,25.2,184699.0,0.0923495
2025-04-05,0.0,0.0,17.6,2.7,5.699,2665.4,2237.0,47.3,1.6,4.5,-1.6,0.624,-0.046,0.1,0.0,0.0,0.0,0.0,0.0,0.0,0.0,0.0,0.301,0.0,10.8,25.5,225450.0,0.112725
2025-04-06,0.0,0.0,14.3,3.8,4.082,2428.5,2341.6,41.2,1.4,4.5,-1.4,0.608,-0.096,0.1,0.0,0.0,0.0,0.0,0.0,0.0,0.0,0.0,0.299,0.0,9.9,19.2,234872.0,0.117436
2025-04-07,0.0,0.0,12.6,2.7,3.305,2361.7,2367.1,37.1,1.3,4.0,-1.3,0.594,-0.188,0.1,0.0,0.0,0.0,0.0,0.0,0.0,0.0,0.0,0.297,0.0,6.8,17.7,270372.0,0.135186
2025-04-08,0.0,0.0,12.9,2.0,4.167,2504.8,2291.6,47.1,1.2,3.6,-1.2,0.581,-0.282,0.1,0.0,0.0,0.0,0.0,0.0,0.0,0.0,0.0,0.295,0.0,6.4,19.4,284463.0,0.1422315
2025-04-09,0.0,0.0,13.1,3.4,5.31,2443.9,2352.3,58.4,1.0,4.0,-1.0,0.57,-0.365,0.1,0.0,0.0,0.0,0.0,0.0,0.0,0.0,0.0,0.293,0.0,7.9,19.3,220684.0,0.110342
2025-04-10,0.0,0.0,11.6,3.5,5.505,2455.9,2351.7,66.0,0.8,3.2,-0.8,0.561,-0.426,0.1,0.0,0.0,0.0,0.0,0.0,0.0,0.0,0.0,0.291,0.0,6.0,15.3,280199.0,0.1400995
2025-04-11,0.0,0.0,14.4,2.3,5.791,2649.2,2361.0,59.2,1.2,3.6,-1.2,0.549,-0.48,0.1,0.0,0.0,0.0,0.0,0.0,0.0,0.0,0.0,0.29,0.0,7.7,19.9,256245.0,0.1281225
2025-04-12,0.0,4.1,14.8,2.7,7.035,2754.0,1182.3,68.2,0.5,2.9,3.6,0.549,-0.52,0.1,0.0,0.0,0.0,0.0,0.0,0.0,0.0,0.0,0.288,0.0,9.8,21.7,160478.0,0.080239
2025-04-13,0.0,0.0,14.3,3.1,7.873,2818.2,669.6,78.3,0.7,1.7,-0.7,0.572,-0.523,0.1,0.1,0.0,0.0,0.0,0.0,0.0,0.0,0.0,0.293,0.0,13.3,16.1,105670.0,0.052835
2025-04-14,0.0,0.5,15.0,2.1,7.092,2737.5,1413.6,68.8,1.3,2.6,-0.8,0.561,-0.523,0.1,0.0,0.0,0.0,0.0,0.0,0.0,0.0,0.0,0.292,0.0,9.5,18.7,194417.0,0.0972085
2025-04-15,0.0,0.0,14.8,3.5,7.47,2580.1,679.4,72.0,0.4,2.3,-0.4,0.559,-0.509,0.1,0.0,0.0,0.0,0.0,0.0,0.0,0.0,0.0,0.29,0.0,12.9,19.3,114715.0,0.0573575
2025-04-16,0.0,0.0,11.2,2.2,5.203,2205.9,890.6,64.2,0.5,2.2,-0.5,0.553,-0.484,0.1,0.0,0.0,0.0,0.0,0.0,0.0,0.0,0.0,0.29,0.0,8.5,15.0,170747.0,0.0853735
2025-04-17,0.0,0.0,11.9,1.9,5.28,2486.9,1245.0,64.0,0.9,2.5,-0.9,0.544,-0.458,0.1,0.0,0.0,0.0,0.0,0.0,0.0,0.0,0.0,0.289,0.0,6.3,17.5,192081.0,0.0960405
2025-04-18,0.0,0.0,13.3,3.7,5.477,2430.9,2104.7,60.4,1.3,3.8,-1.3,0.532,-0.443,0.1,0.0,0.0,0.0,0.0,0.0,0.0,0.0,0.0,0.288,0.0,6.9,19.1,250185.0,0.1250925
2025-04-19,0.0,5.8,14.3,2.8,7.112,2619.2,1296.9,69.3,0.5,2.5,5.3,0.536,-0.424,0.1,0.1,0.0,0.0,0.0,0.0,0.0,0.0,0.0,0.286,0.0,9.1,18.0,134777.0,0.0673885
2025-04-20,0.0,5.2,13.5,2.6,7.134,2739.5,1601.7,75.1,2.1,2.6,3.1,0.569,-0.366,0.1,0.2,0.0,0.0,0.0,0.0,0.0,0.0,0.0,0.293,0.0,11.3,16.1,149750.0,0.074875
2025-04-21,0.0,3.8,11.8,1.6,7.514,3051.5,762.6,87.9,1.3,1.5,2.5,0.612,-0.264,0.1,0.4,0.0,0.0,0.0,0.0,0.0,0.0,0.0,0.297,0.0,10.3,14.0,194905.0,0.0974525
2025-04-22,0.0,1.1,13.3,1.1,7.633,2651.0,1038.5,82.0,1.0,1.9,0.1,0.618,-0.163,0.1,0.1,0.0,0.0,0.0,0.0,0.0,0.0,0.0,0.3,0.0,9.8,17.2,224977.0,0.1124885
2025-04-23,0.0,12.2,12.7,2.3,7.251,2891.6,818.3,80.1,1.4,1.7,10.8,0.708,-0.026,0.1,1.2,0.0,0.0,0.0,0.0,0.0,0.0,0.0,0.3,0.0,9.5,15.0,145574.0,0.072787
2025-04-24,0.0,0.0,12.6,2.9,6.907,2794.7,834.3,76.9,1.4,1.9,-1.4,0.707,0.09,0.2,0.0,0.0,0.0,0.0,0.0,0.0,0.0,0.0,0.313,0.0,10.9,15.0,187268.0,0.093634
2025-04-25,0.0,0.0,12.5,2.0,7.071,2896.6,1003.0,78.9,1.5,1.8,-1.5,0.69,0.174,0.1,0.0,0.0,0.0,0.0,0.0,0.0,0.0,0.0,0.311,0.0,9.4,15.2,280755.0,0.1403775
2025-04-26,0.0,0.0,14.7,2.9,7.117,2796.6,1858.4,70.0,3.1,3.2,-3.1,0.663,0.232,0.1,0.0,0.0,0.0,0.0,0.0,0.0,0.0,0.0,0.309,0.0,9.4,18.9,156620.0,0.07831
2025-04-27,0.0,0.0,16.5,2.4,7.375,2835.6,1529.4,64.8,2.4,3.4,-2.4,0.638,0.279,0.1,0.0,0.0,0.0,0.0,0.0,0.0,0.0,0.0,0.304,0.0,12.4,22.4,192700.0,0.09635
2025-04-28,0.0,0.0,18.2,2.5,7.18,2732.1,2700.5,57.3,3.0,5.0,-3.0,0.609,0.325,0.1,0.0,0.0,0.0,0.0,0.0,0.0,0.0,0.0,0.301,0.0,12.4,25.0,253796.0,0.126898
2025-04-29,0.0,0.0,19.5,2.7,6.749,2785.0,2732.1,50.1,2.7,5.4,-2.7,0.582,0.349,0.1,0.0,0.0,0.0,0.0,0.0,0.0,0.0,0.0,0.296,0.0,13.8,25.3,282687.0,0.1413435
2025-04-30,0.0,0.0,21.0,1.8,7.555,2917.6,2727.2,50.4,2.3,5.1,-2.3,0.558,0.325,0.1,0.0,0.0,0.0,0.0,0.0,0.0,0.0,0.0,0.292,0.0,14.6,27.0,295698.0,0.147849
2025-05-01,0.0,0.0,22.3,2.0,8.613,2937.4,2220.8,53.5,1.8,4.8,-1.8,0.539,0.262,0.1,0.0,0.0,0.0,0.0,0.0,0.0,0.0,0.0,0.289,0.0,16.5,28.1,251878.0,0.125939
2025-05-02,0.0,0.0,22.6,1.4,9.184,2927.8,2436.6,55.3,1.8,4.8,-1.8,0.52,0.182,0.1,0.0,0.0,0.0,0.0,0.0,0.0,0.0,0.0,0.286,0.0,17.9,28.6,222945.0,0.1114725
2025-05-03,0.0,6.0,19.8,2.7,9.594,2992.5,1281.5,68.7,1.6,3.5,4.4,0.522,0.053,0.0,0.1,0.0,0.0,0.0,0.0,0.0,0.0,0.0,0.284,0.0,17.1,26.7,233749.0,0.1168745
2025-05-04,0.0,0.0,12.7,5.2,5.74,2806.9,1337.6,63.6,2.3,3.2,-2.3,0.539,-0.063,0.0,0.1,0.0,0.0,0.0,0.0,0.0,0.0,0.0,0.289,0.0,9.8,16.3,124205.0,0.0621025
2025-05-05,0.0,0.0,11.3,4.6,4.93,2427.8,1972.1,60.1,1.6,3.5,-1.6,0.52,-0.178,0.0,0.0,0.0,0.0,0.0,0.0,0.0,0.0,0.0,0.286,0.0,8.0,14.4,195264.0,0.097632
2025-05-06,0.0,0.0,12.4,4.1,5.23,2478.3,1974.0,59.5,1.4,3.6,-1.4,0.506,-0.299,0.0,0.0,0.0,0.0,0.0,0.0,0.0,0.0,0.0,0.284,0.0,8.5,15.9,191693.0,0.0958465
2025-05-07,0.0,0.0,12.5,4.1,6.022,2354.6,1026.1,67.7,0.5,2.5,-0.5,0.499,-0.415,0.0,0.0,0.0,0.0,0.0,0.0,0.0,0.0,0.0,0.282,0.0,10.2,14.9,205604.0,0.102802
2025-05-08,0.0,0.0,14.2,3.5,5.786,2452.6,1226.2,59.8,0.9,3.1,-0.9,0.491,-0.516,0.0,0.0,0.0,0.0,0.0,0.0,0.0,0.0,0.0,0.281,0.0,9.7,18.1,208826.0,0.104413
2025-05-09,0.0,0.0,15.7,3.2,5.11,2442.2,2060.0,46.8,1.4,4.3,-1.4,0.478,-0.599,0.0,0.0,0.0,0.0,0.0,0.0,0.0,0.0,0.0,0.28,0.0,11.6,19.4,240926.0,0.120463
2025-05-10,0.0,0.0,18.0,3.5,5.978,2621.4,3003.1,47.6,1.8,5.8,-1.8,0.461,-0.68,0.0,0.0,0.0,0.0,0.0,0.0,0.0,0.0,0.0,0.278,0.0,12.1,22.6,220080.0,0.11004
2025-05-11,0.0,5.3,18.6,2.8,8.401,2809.4,1894.1,63.8,0.9,4.0,4.4,0.461,-0.759,0.0,0.0,0.0,0.0,0.0,0.0,0.0,0.0,0.0,0.275,0.0,15.2,23.4,158768.0,0.079384
2025-05-12,0.0,1.5,15.9,1.8,8.935,2866.6,1316.2,80.7,1.8,2.5,-0.3,0.496,-0.8,0.0,0.2,0.0,0.0,0.0,0.0,0.0,0.0,0.0,0.281,0.0,13.8,18.6,200863.0,0.1004315
2025-05-13,0.0,0.8,16.7,1.1,8.597,2897.0,1995.5,74.6,1.8,3.4,-1.0,0.48,-0.847,0.0,0.0,0.0,0.0,0.0,0.0,0.0,0.0,0.0,0.28,0.0,12.6,21.4,238188.0,0.119094
2025-05-14,0.0,0.2,19.0,2.4,8.09,2884.7,2507.9,62.5,2.6,5.0,-2.4,0.464,-0.926,0.0,0.0,0.0,0.0,0.0,0.0,0.0,0.0,0.0,0.279,0.0,13.3,25.9,262607.0,0.1313035
2025-05-15,0.0,0.0,13.6,4.2,6.468,2517.9,1027.1,67.5,0.5,2.6,-0.5,0.455,-0.97,0.0,0.0,0.0,0.0,0.0,0.0,0.0,0.0,0.0,0.275,0.0,10.4,15.5,249714.0,0.124857
2025-05-16,0.0,0.0,15.0,4.3,6.146,2545.9,3084.1,60.1,2.0,5.4,-2.0,0.438,-0.997,0.0,0.0,0.0,0.0,0.0,0.0,0.0,0.0,0.0,0.275,0.0,10.6,19.8,271055.0,0.1355275
2025-05-17,0.0,0.0,14.4,3.3,6.303,2829.4,850.4,62.5,0.5,2.7,-0.5,0.431,-1.032,0.0,0.0,0.0,0.0,0.0,0.0,0.0,0.0,0.0,0.272,0.0,10.5,18.2,267680.0,0.13384000000000001
2025-05-18,0.0,0.0,14.8,2.4,6.707,2646.8,2491.9,65.0,1.2,4.0,-1.2,0.42,-1.068,0.0,0.0,0.0,0.0,0.0,0.0,0.0,0.0,0.0,0.271,0.0,9.8,19.2,278593.0,0.1392965
2025-05-19,0.0,0.0,16.9,2.7,6.479,2527.1,2439.6,55.6,1.3,4.6,-1.3,0.407,-1.096,0.0,0.0,0.0,0.0,0.0,0.0,0.0,0.0,0.0,0.269,0.0,10.8,21.9,231358.0,0.115679
2025-05-20,0.0,0.0,19.6,3.3,6.298,2568.2,2509.7,45.9,1.4,5.7,-1.4,0.393,-1.118,0.0,0.0,0.0,0.0,0.0,0.0,0.0,0.0,0.0,0.267,0.0,14.4,25.4,251323.0,0.1256615
2025-05-21,0.0,7.9,14.5,1.2,7.344,2870.4,804.4,72.7,0.9,1.9,7.0,0.413,-1.115,0.0,0.1,0.0,0.0,0.0,0.0,0.0,0.0,0.0,0.265,0.0,13.1,15.8,213015.0,0.1065075
2025-05-22,0.0,0.0,14.5,3.2,6.506,2706.6,1705.6,65.1,2.4,3.3,-2.4,0.438,-1.11,0.0,0.1,0.0,0.0,0.0,0.0,0.0,0.0,0.0,0.275,0.0,10.1,18.5,232150.0,0.116075
2025-05-23,0.0,0.0,14.3,2.1,5.121,2408.5,2609.5,51.5,2.0,4.3,-2.0,0.416,-1.104,0.0,0.0,0.0,0.0,0.0,0.0,0.0,0.0,0.0,0.271,0.0,10.9,17.8,306764.0,0.153382
2025-05-24,0.0,0.0,16.2,2.8,7.354,2516.3,499.5,64.0,-0.1,2.3,0.1,0.412,-1.088,0.0,0.0,0.0,0.0,0.0,0.0,0.0,0.0,0.0,0.269,0.0,10.8,20.0,270390.0,0.135195
2025-05-25,0.0,1.0,17.2,4.0,9.243,2937.6,617.0,75.7,0.6,2.2,0.4,0.416,-1.075,0.0,0.0,0.0,0.0,0.0,0.0,0.0,0.0,0.0,0.269,0.0,15.5,19.0,201916.0,0.10095799999999999
2025-05-26,0.0,0.0,16.1,3.0,7.019,2593.9,1648.5,62.3,1.3,3.4,-1.3,0.406,-1.07,0.0,0.0,0.0,0.0,0.0,0.0,0.0,0.0,0.0,0.269,0.0,13.0,18.6,237798.0,0.118899
2025-05-27,0.0,1.1,16.8,4.2,8.627,2769.9,712.7,72.2,0.2,2.5,0.9,0.404,-1.073,0.0,0.0,0.0,0.0,0.0,0.0,0.0,0.0,0.0,0.267,0.0,13.8,19.3,271238.0,0.135619
2025-05-28,0.0,0.1,17.7,4.0,9.51,2942.6,710.8,76.0,0.5,2.4,-0.4,0.41,-1.065,0.0,0.0,0.0,0.0,0.0,0.0,0.0,0.0,0.0,0.268,0.0,15.2,20.7,260247.0,0.1301235
2025-05-29,0.0,0.0,19.4,2.1,9.783,2962.0,1938.7,70.3,1.5,3.8,-1.5,0.397,-1.058,0.0,0.0,0.0,0.0,0.0,0.0,0.0,0.0,0.0,0.268,0.0,13.9,23.7,271007.0,0.1355035
2025-05-30,0.0,0.0,23.5,1.5,11.638,3147.3,3109.6,66.7,2.0,5.9,-2.0,0.379,-1.046,0.0,0.0,0.0,0.0,0.0,0.0,0.0,0.0,0.0,0.266,0.0,17.2,28.9,298130.0,0.149065
2025-05-31,0.0,0.0,22.8,1.9,11.917,2944.1,2190.3,68.3,0.9,4.6,-0.9,0.368,-1.065,0.0,0.0,0.0,0.0,0.0,0.0,0.0,0.0,0.0,0.263,0.0,20.1,27.2,233639.0,0.11681949999999999
2025-06-01,0.0,0.0,19.8,2.4,9.175,2597.6,846.6,64.2,0.2,2.7,-0.2,0.363,-1.139,0.0,0.0,0.0,0.0,0.0,0.0,0.0,0.0,0.0,0.262,0.0,17.4,22.4,178659.0,0.0893295
2025-06-02,0.0,0.0,18.2,2.0,7.505,2850.0,1806.6,58.7,1.2,3.8,-1.2,0.354,-1.195,0.0,0.0,0.0,0.0,0.0,0.0,0.0,0.0,0.0,0.261,0.0,15.5,21.6,180622.0,0.090311
2025-06-03,0.0,0.0,19.5,3.2,7.447,2741.5,2072.8,54.4,1.3,5.0,-1.3,0.342,-1.227,0.0,0.0,0.0,0.0,0.0,0.0,0.0,0.0,0.0,0.26,0.0,14.0,25.2,210279.0,0.1051395
2025-06-04,0.0,0.8,16.7,2.6,8.471,2958.8,615.8,72.0,0.3,2.1,0.5,0.343,-1.268,0.0,0.0,0.0,0.0,0.0,0.0,0.0,0.0,0.0,0.258,0.0,14.8,19.7,175708.0,0.087854
2025-06-05,0.0,12.9,16.6,4.3,9.081,2998.6,962.5,78.2,1.2,2.6,11.7,0.367,-1.283,0.0,0.1,0.0,0.0,0.0,0.0,0.0,0.0,0.0,0.259,0.0,14.6,19.5,152915.0,0.0764575
2025-06-06,0.0,0.2,17.8,3.4,9.284,3041.9,1355.4,75.5,2.6,3.3,-2.4,0.435,-1.221,0.0,0.3,0.0,0.0,0.0,0.0,0.0,0.0,0.0,0.274,0.0,13.6,22.7,188404.0,0.094202
2025-06-07,0.0,2.1,17.0,3.8,9.161,2933.8,907.5,76.6,1.4,2.6,0.7,0.425,-1.175,0.0,0.0,0.0,0.0,0.0,0.0,0.0,0.0,0.0,0.271,0.0,14.5,19.6,188275.0,0.0941375
2025-06-08,0.0,0.2,16.1,2.9,7.575,2836.7,2020.1,68.0,2.6,3.7,-2.4,0.417,-1.137,0.0,0.1,0.0,0.0,0.0,0.0,0.0,0.0,0.0,0.272,0.0,13.3,18.9,239776.0,0.119888
2025-06-09,0.0,0.0,17.6,1.5,7.859,2735.6,1045.6,63.9,0.8,2.6,-0.8,0.405,-1.085,0.0,0.0,0.0,0.0,0.0,0.0,0.0,0.0,0.0,0.268,0.0,12.8,22.1,285756.0,0.142878
2025-06-10,0.0,0.0,19.4,2.1,9.123,2883.7,3005.0,66.5,2.3,5.2,-2.3,0.386,-1.03,0.0,0.0,0.0,0.0,0.0,0.0,0.0,0.0,0.0,0.267,0.0,13.5,23.6,296084.0,0.148042
2025-06-11,0.0,0.0,22.1,2.7,10.024,3030.0,2900.2,62.0,1.9,5.7,-1.9,0.366,-1.009,0.0,0.0,0.0,0.0,0.0,0.0,0.0,0.0,0.0,0.264,0.0,16.7,26.7,286221.0,0.1431105
2025-06-12,0.0,0.0,25.5,2.7,10.574,3045.3,2562.2,52.7,1.7,6.2,-1.7,0.349,-1.006,0.0,0.0,0.0,0.0,0.0,0.0,0.0,0.0,0.0,0.261,0.0,19.5,30.6,272226.0,0.136113
2025-06-13,0.0,4.4,27.0,2.4,13.749,3272.5,2439.8,63.2,1.6,5.8,2.8,0.342,-0.987,0.0,0.0,0.0,0.0,0.0,0.0,0.0,0.0,0.0,0.259,0.0,22.7,32.0,283314.0,0.141657
2025-06-14,0.0,0.0,23.7,2.5,13.126,3282.6,1617.7,72.4,2.2,4.0,-2.2,0.355,-0.972,0.0,0.1,0.0,0.0,0.0,0.0,0.0,0.0,0.0,0.263,0.0,20.5,28.1,217996.0,0.108998
2025-06-15,0.0,0.0,19.4,2.3,8.278,2861.2,1755.4,59.3,1.5,3.9,-1.5,0.339,-0.995,0.0,0.0,0.0,0.0,0.0,0.0,0.0,0.0,0.0,0.259,0.0,18.1,22.1,175722.0,0.087861
2025-06-16,0.0,0.0,20.6,2.0,8.729,2822.2,2666.6,59.2,1.6,5.1,-1.6,0.324,-1.051,0.0,0.0,0.0,0.0,0.0,0.0,0.0,0.0,0.0,0.257,0.0,15.4,25.0,349833.0,0.1749165
2025-06-17,0.0,0.0,23.2,2.2,9.455,3078.1,2032.7,54.9,1.2,4.9,-1.2,0.312,-1.09,0.0,0.0,0.0,0.0,0.0,0.0,0.0,0.0,0.0,0.255,0.0,18.5,27.6,325731.0,0.1628655
2025-06-18,0.0,0.0,23.8,2.1,9.25,3001.6,3301.1,52.0,1.5,6.7,-1.5,0.297,-1.117,0.0,0.0,0.0,0.0,0.0,0.0,0.0,0.0,0.0,0.253,0.0,18.9,28.2,346742.0,0.173371
2025-06-19,0.0,0.0,25.5,3.0,10.216,3055.3,3300.8,51.7,1.1,7.3,-1.1,0.287,-1.168,0.0,0.0,0.0,0.0,0.0,0.0,0.0,0.0,0.0,0.251,0.0,20.3,30.1,294489.0,0.1472445
2025-06-20,0.0,0.0,26.0,2.4,9.879,2961.1,2422.1,48.1,0.9,6.0,-0.9,0.277,-1.248,0.0,0.0,0.0,0.0,0.0,0.0,0.0,0.0,0.0,0.25,0.0,21.3,30.1,344736.0,0.172368
2025-06-21,0.0,0.0,27.8,1.4,9.69,3190.2,3284.0,43.5,1.2,7.0,-1.2,0.266,-1.302,0.0,0.0,0.0,0.0,0.0,0.0,0.0,0.0,0.0,0.249,0.0,22.4,33.0,339659.0,0.1698295
2025-06-22,0.0,0.0,25.6,2.4,10.686,3129.7,2620.0,52.5,0.5,6.0,-0.5,0.26,-1.344,0.0,0.0,0.0,0.0,0.0,0.0,0.0,0.0,0.0,0.247,0.0,24.0,28.9,243960.0,0.12198
2025-06-23,0.0,0.0,21.4,3.8,10.048,2900.1,1687.4,63.8,0.3,4.4,-0.3,0.257,-1.393,0.0,0.0,0.0,0.0,0.0,0.0,0.0,0.0,0.0,0.246,0.0,19.0,24.6,244899.0,0.1224495
2025-06-24,0.0,0.0,22.9,2.3,8.659,2987.4,3301.3,51.9,1.0,6.8,-1.0,0.248,-1.43,0.0,0.0,0.0,0.0,0.0,0.0,0.0,0.0,0.0,0.246,0.0,16.6,29.4,296022.0,0.148011
2025-06-25,0.0,18.9,27.5,1.2,12.734,3159.7,2677.0,57.6,0.9,5.9,18.0,0.269,-1.481,0.0,0.0,0.0,0.0,0.0,0.0,0.0,0.0,0.0,0.244,0.0,20.3,35.1,295953.0,0.1479765
2025-06-26,0.0,1.3,23.2,3.0,13.237,3344.3,1114.8,76.2,2.6,3.2,-1.3,0.405,-1.396,0.0,0.8,0.0,0.0,0.0,0.0,0.0,0.0,0.0,0.269,0.0,19.9,26.1,254193.0,0.1270965
2025-06-27,0.0,0.0,23.9,2.2,12.627,3170.7,1237.9,69.0,2.0,3.4,-2.0,0.385,-1.279,0.0,0.0,0.0,0.0,0.0,0.0,0.0,0.0,0.0,0.267,0.0,21.0,27.1,307519.0,0.1537595
2025-06-28,0.0,0.0,25.0,2.1,13.293,3287.8,2110.0,68.0,3.0,4.8,-3.0,0.357,-1.168,0.0,0.0,0.0,0.0,0.0,0.0,0.0,0.0,0.0,0.264,0.0,21.1,28.7,308055.0,0.1540275
2025-06-29,0.0,0.0,25.2,2.5,13.109,3209.3,2977.2,66.4,2.6,6.2,-2.6,0.33,-1.097,0.0,0.0,0.0,0.0,0.0,0.0,0.0,0.0,0.0,0.259,0.0,20.6,29.4,301926.0,0.15096299999999999
2025-06-30,0.0,0.0,28.4,1.3,13.132,3295.8,3274.7,56.6,2.2,7.0,-2.2,0.307,-1.055,0.0,0.0,0.0,0.0,0.0,0.0,0.0,0.0,0.0,0.256,0.0,22.5,34.2,364262.0,0.182131
2025-07-01,0.0,0.0,28.7,1.8,12.276,3373.2,3220.0,51.4,1.7,7.1,-1.7,0.29,-1.03,0.0,0.0,0.0,0.0,0.0,0.0,0.0,0.0,0.0,0.253,0.0,24.3,32.2,339606.0,0.169803
2025-07-02,0.0,0.0,24.9,3.2,11.79,3236.5,2875.6,60.9,1.0,6.9,-1.0,0.278,-1.02,0.0,0.0,0.0,0.0,0.0,0.0,0.0,0.0,0.0,0.25,0.0,22.4,32.6,264940.0,0.13247
2025-07-03,0.0,0.0,21.7,3.3,8.126,2845.7,3196.9,52.3,1.3,6.5,-1.3,0.266,-0.989,0.0,0.0,0.0,0.0,0.0,0.0,0.0,0.0,0.0,0.249,0.0,18.2,25.2,305596.0,0.152798
2025-07-04,0.0,0.0,22.2,2.1,7.318,2828.3,3286.8,45.7,1.0,6.5,-1.0,0.256,-0.95,0.0,0.0,0.0,0.0,0.0,0.0,0.0,0.0,0.0,0.247,0.0,17.1,26.8,361572.0,0.180786
2025-07-05,0.0,13.3,21.9,2.7,7.311,2728.9,1487.8,46.5,1.0,4.7,12.3,0.266,-0.897,0.0,0.0,0.0,0.0,0.0,0.0,0.0,0.0,0.0,0.245,0.0,17.9,27.4,291824.0,0.14591200000000001
2025-07-06,0.0,11.0,17.4,3.9,10.866,3271.3,543.5,87.7,1.5,1.6,9.5,0.442,-0.806,0.2,1.4,0.0,0.0,0.0,0.0,0.0,0.0,0.0,0.262,0.0,13.4,20.3,172692.0,0.086346
2025-07-07,0.0,7.1,16.9,3.7,9.611,2976.9,775.8,80.5,1.9,2.2,5.2,0.481,-0.705,0.5,0.7,0.0,0.0,0.0,0.0,0.0,0.0,0.0,0.274,0.0,15.9,18.9,234103.0,0.1170515
2025-07-08,0.0,1.8,18.1,2.7,8.093,2869.8,1610.1,64.3,3.4,3.7,-1.6,0.473,-0.6,0.6,0.2,0.0,0.0,0.0,0.0,0.0,0.0,0.0,0.279,0.0,14.9,21.6,326945.0,0.1634725
2025-07-09,0.0,0.0,20.2,1.6,7.653,2811.9,2560.4,53.8,4.9,4.8,-4.9,0.428,-0.516,0.2,0.0,0.0,0.0,0.0,0.0,0.0,0.0,0.0,0.276,0.0,14.3,24.9,371645.0,0.1858225
2025-07-10,0.0,0.0,23.2,2.6,9.085,2974.2,2703.1,51.9,4.3,5.8,-4.3,0.384,-0.457,0.0,0.0,0.0,0.0,0.0,0.0,0.0,0.0,0.0,0.269,0.0,18.0,27.4,380226.0,0.190113
2025-07-11,0.0,0.0,24.6,3.0,10.315,3015.9,3236.0,54.8,3.3,7.2,-3.3,0.349,-0.405,0.0,0.0,0.0,0.0,0.0,0.0,0.0,0.0,0.0,0.263,0.0,19.9,30.0,370195.0,0.1850975
2025-07-12,0.0,0.0,24.2,2.9,9.883,3004.2,2528.2,53.3,2.3,5.7,-2.3,0.324,-0.357,0.0,0.0,0.0,0.0,0.0,0.0,0.0,0.0,0.0,0.258,0.0,19.3,27.6,322492.0,0.161246
2025-07-13,0.0,0.1,25.5,2.0,10.33,2995.4,2851.8,51.8,1.9,6.1,-1.8,0.304,-0.309,0.0,0.0,0.0,0.0,0.0,0.0,0.0,0.0,0.0,0.255,0.0,19.6,31.0,331186.0,0.165593
2025-07-14,0.0,0.0,23.4,3.0,10.858,2910.6,1387.0,61.4,0.9,4.0,-0.9,0.294,-0.267,0.0,0.0,0.0,0.0,0.0,0.0,0.0,0.0,0.0,0.252,0.0,21.1,26.2,280279.0,0.1401395
2025-07-15,0.0,0.0,21.4,3.1,7.822,2922.5,1393.4,50.3,1.2,4.2,-1.2,0.284,-0.23,0.0,0.0,0.0,0.0,0.0,0.0,0.0,0.0,0.0,0.251,0.0,18.4,23.7,283581.0,0.14179049999999999
2025-07-16,0.0,1.1,20.4,3.7,10.916,3179.7,654.2,73.1,0.2,2.7,0.9,0.282,-0.298,0.0,0.0,0.0,0.0,0.0,0.0,0.0,0.0,0.0,0.249,0.0,19.6,21.7,311980.0,0.15599
2025-07-17,0.0,0.9,21.9,0.8,12.486,3331.3,966.4,76.9,1.1,2.3,-0.2,0.288,-0.394,0.0,0.0,0.0,0.0,0.0,0.0,0.0,0.0,0.0,0.251,0.0,18.4,26.3,336643.0,0.1683215
2025-07-18,0.0,0.0,25.9,2.0,11.165,3070.2,2079.4,55.9,1.7,5.0,-1.7,0.274,-0.504,0.0,0.0,0.0,0.0,0.0,0.0,0.0,0.0,0.0,0.25,0.0,20.2,30.5,302057.0,0.1510285
2025-07-19,0.0,4.2,23.4,3.1,12.808,3145.2,821.1,71.8,0.7,2.9,3.5,0.278,-0.614,0.0,0.0,0.0,0.0,0.0,0.0,0.0,0.0,0.0,0.248,0.0,22.4,26.2,207192.0,0.103596
2025-07-20,0.0,7.9,20.7,3.6,11.238,3092.9,1042.0,74.4,1.6,3.0,6.3,0.301,-0.678,0.0,0.1,0.0,0.0,0.0,0.0,0.0,0.0,0.0,0.252,0.0,18.5,24.0,229259.0,0.1146295
2025-07-21,0.0,23.9,18.9,3.2,11.515,3281.6,701.1,85.0,1.6,2.0,22.3,0.51,-0.56,1.3,2.8,0.0,0.0,0.0,0.0,0.0,0.0,0.0,0.261,0.0,17.0,21.0,255766.0,0.127883
2025-07-22,0.0,0.0,19.8,3.0,10.064,2966.4,1739.8,70.9,3.6,3.7,-3.6,0.503,-0.43,1.2,0.0,0.0,0.0,0.0,0.0,0.0,0.0,0.0,0.286,0.0,17.4,21.8,275529.0,0.1377645
2025-07-23,0.0,14.3,19.4,1.6,10.775,2921.2,1015.1,77.4,1.5,2.4,12.8,0.495,-0.3,0.3,0.0,0.0,0.0,0.0,0.0,0.0,0.0,0.0,0.28,0.0,18.7,21.6,206757.0,0.1033785
2025-07-24,0.0,2.4,18.3,2.4,11.271,3244.6,1049.6,86.2,2.1,2.1,0.3,0.577,-0.118,2.6,2.2,0.0,0.0,0.0,0.0,0.0,0.0,0.0,0.295,0.0,16.7,19.8,264958.0,0.132479
2025-07-25,0.0,0.0,21.4,1.7,11.337,3146.3,2053.5,72.8,4.0,4.0,-4.0,0.532,0.053,0.9,0.0,0.0,0.0,0.0,0.0,0.0,0.0,0.0,0.291,0.0,17.4,25.5,277310.0,0.138655
2025-07-26,0.0,3.2,21.8,3.2,11.079,3052.1,1479.9,68.8,2.7,3.8,0.5,0.503,0.223,0.2,0.0,0.0,0.0,0.0,0.0,0.0,0.0,0.0,0.284,0.0,17.9,25.7,297929.0,0.1489645
2025-07-27,0.0,1.9,18.6,2.6,10.53,3083.4,1091.7,78.9,2.3,2.5,-0.4,0.516,0.409,0.2,0.5,0.0,0.0,0.0,0.0,0.0,0.0,0.0,0.284,0.0,17.5,20.9,231928.0,0.115964
2025-07-28,0.0,0.0,19.4,2.3,9.155,2873.4,2194.9,66.0,4.1,4.2,-4.1,0.481,0.558,0.1,0.0,0.0,0.0,0.0,0.0,0.0,0.0,0.0,0.283,0.0,17.0,22.0,274171.0,0.1370855
2025-07-29,0.0,0.1,19.1,1.6,9.729,2910.6,2010.6,71.5,3.1,3.8,-3.0,0.446,0.69,0.0,0.0,0.0,0.0,0.0,0.0,0.0,0.0,0.0,0.277,0.0,16.0,23.1,293721.0,0.1468605
2025-07-30,0.0,1.2,20.4,2.7,11.522,3174.9,951.3,77.6,1.6,2.6,-0.4,0.439,0.805,0.0,0.1,0.0,0.0,0.0,0.0,0.0,0.0,0.0,0.273,0.0,18.5,23.5,262083.0,0.1310415
2025-07-31,0.0,6.9,21.1,2.3,10.819,3051.3,1599.9,70.2,2.4,3.6,4.5,0.429,0.807,0.0,0.0,0.0,0.0,0.0,0.0,0.0,0.0,0.0,0.272,0.0,17.2,25.0,291602.0,0.145801
2025-08-01,0.0,0.6,19.7,3.1,10.624,3163.1,1601.0,75.0,3.4,3.4,-2.8,0.457,0.809,0.0,0.5,0.0,0.0,0.0,0.0,0.0,0.0,0.0,0.278,0.0,18.0,23.1,276400.0,0.1382
2025-08-02,0.0,0.0,18.8,2.8,8.442,2704.7,1482.1,64.1,2.1,3.6,-2.1,0.432,0.808,0.0,0.0,0.0,0.0,0.0,0.0,0.0,0.0,0.0,0.274,0.0,15.3,22.2,305640.0,0.15282
2025-08-03,0.0,0.0,20.2,2.5,8.885,2744.5,2068.7,61.2,2.2,4.3,-2.2,0.41,0.76,0.0,0.0,0.0,0.0,0.0,0.0,0.0,0.0,0.0,0.271,0.0,16.0,23.2,278192.0,0.139096
2025-08-04,0.0,3.3,23.8,2.9,11.972,2889.6,845.8,66.2,0.4,3.2,2.9,0.407,0.721,0.0,0.0,0.0,0.0,0.0,0.0,0.0,0.0,0.0,0.268,0.0,19.5,28.6,327668.0,0.163834
2025-08-05,0.0,0.0,19.8,3.7,9.247,3017.1,1999.1,65.0,3.0,4.3,-3.0,0.409,0.675,0.0,0.2,0.0,0.0,0.0,0.0,0.0,0.0,0.0,0.271,0.0,17.5,22.2,247328.0,0.123664
2025-08-06,0.0,0.0,19.4,1.1,8.071,2793.0,2279.9,59.3,2.1,3.9,-2.1,0.386,0.596,0.0,0.0,0.0,0.0,0.0,0.0,0.0,0.0,0.0,0.267,0.0,14.8,23.4,251582.0,0.12579100000000001
2025-08-07,0.0,0.0,23.0,1.3,7.934,3012.5,2532.4,47.6,2.2,4.9,-2.2,0.365,0.525,0.0,0.0,0.0,0.0,0.0,0.0,0.0,0.0,0.0,0.264,0.0,17.3,29.0,308460.0,0.15423
2025-08-08,0.0,0.0,22.8,1.8,10.08,3004.2,2219.3,58.6,1.4,4.6,-1.4,0.351,0.422,0.0,0.0,0.0,0.0,0.0,0.0,0.0,0.0,0.0,0.261,0.0,19.0,27.3,300149.0,0.1500745
2025-08-09,0.0,0.0,22.3,2.8,9.941,3057.1,2720.3,60.0,1.7,5.6,-1.7,0.335,0.299,0.0,0.0,0.0,0.0,0.0,0.0,0.0,0.0,0.0,0.259,0.0,18.6,27.9,273660.0,0.13683
2025-08-10,0.0,0.0,21.9,2.3,8.967,3067.5,2592.2,56.8,1.4,5.0,-1.4,0.321,0.172,0.0,0.0,0.0,0.0,0.0,0.0,0.0,0.0,0.0,0.257,0.0,14.7,27.0,277601.0,0.1388005
2025-08-11,0.0,0.0,24.8,2.5,9.22,3182.2,2728.0,49.4,1.5,6.1,-1.5,0.307,0.03,0.0,0.0,0.0,0.0,0.0,0.0,0.0,0.0,0.0,0.255,0.0,17.9,31.6,334491.0,0.1672455
2025-08-12,0.0,0.0,27.6,2.4,10.764,3363.9,2748.7,48.6,1.2,6.4,-1.2,0.294,-0.076,0.0,0.0,0.0,0.0,0.0,0.0,0.0,0.0,0.0,0.253,0.0,19.8,33.4,317606.0,0.158803
2025-08-13,0.0,1.5,27.0,1.7,13.589,3214.3,1656.5,62.4,0.6,4.2,0.9,0.29,-0.158,0.0,0.0,0.0,0.0,0.0,0.0,0.0,0.0,0.0,0.251,0.0,22.4,32.7,232165.0,0.1160825
2025-08-14,0.0,0.0,25.2,2.1,13.49,3253.2,2450.7,68.7,1.6,5.1,-1.6,0.287,-0.243,0.0,0.0,0.0,0.0,0.0,0.0,0.0,0.0,0.0,0.252,0.0,21.3,30.3,298816.0,0.14940799999999999
2025-08-15,0.0,0.0,24.7,3.2,10.712,3109.7,2742.5,56.8,1.3,5.8,-1.3,0.274,-0.347,0.0,0.0,0.0,0.0,0.0,0.0,0.0,0.0,0.0,0.25,0.0,17.8,29.3,313920.0,0.15696
2025-08-16,0.0,0.0,22.6,3.7,11.658,3087.4,2461.5,68.6,0.6,4.8,-0.6,0.267,-0.451,0.0,0.0,0.0,0.0,0.0,0.0,0.0,0.0,0.0,0.248,0.0,19.2,25.8,260990.0,0.130495
2025-08-17,0.0,0.0,22.1,3.2,9.259,3029.7,2469.6,57.6,1.0,5.1,-1.0,0.258,-0.542,0.0,0.0,0.0,0.0,0.0,0.0,0.0,0.0,0.0,0.247,0.0,17.2,26.2,302241.0,0.1511205
2025-08-18,0.0,0.0,22.8,2.1,9.608,2921.7,2507.5,57.0,0.8,5.0,-0.8,0.25,-0.613,0.0,0.0,0.0,0.0,0.0,0.0,0.0,0.0,0.0,0.246,0.0,16.9,28.3,241829.0,0.1209145
2025-08-19,0.0,1.0,22.7,1.2,10.785,2883.8,1576.5,63.8,0.4,3.4,0.6,0.247,-0.674,0.0,0.0,0.0,0.0,0.0,0.0,0.0,0.0,0.0,0.245,0.0,17.6,28.5,160996.0,0.080498
2025-08-20,0.0,1.1,18.9,2.2,11.442,3043.7,479.3,84.3,0.2,1.5,0.9,0.253,-0.721,0.0,0.0,0.0,0.0,0.0,0.0,0.0,0.0,0.0,0.245,0.0,19.1,19.4,157009.0,0.0785045
2025-08-21,0.0,0.0,19.6,3.3,9.127,2990.6,1691.0,66.3,1.4,4.0,-1.4,0.251,-0.764,0.0,0.0,0.0,0.0,0.0,0.0,0.0,0.0,0.0,0.246,0.0,16.0,25.0,196036.0,0.09801800000000001
2025-08-22,0.0,0.0,18.0,2.2,7.433,2871.6,1460.1,59.4,0.8,3.3,-0.8,0.242,-0.807,0.0,0.0,0.0,0.0,0.0,0.0,0.0,0.0,0.0,0.245,0.0,13.6,22.2,278467.0,0.1392335
2025-08-23,0.0,0.0,19.1,2.0,7.705,2770.0,1812.4,57.5,0.8,3.8,-0.8,0.235,-0.849,0.0,0.0,0.0,0.0,0.0,0.0,0.0,0.0,0.0,0.243,0.0,13.7,24.4,327626.0,0.16381300000000001
2025-08-24,0.0,0.0,19.3,1.7,7.094,2805.7,2593.9,52.3,0.8,4.4,-0.8,0.228,-0.9,0.0,0.0,0.0,0.0,0.0,0.0,0.0,0.0,0.0,0.242,0.0,14.2,23.1,286218.0,0.143109
2025-08-25,0.0,0.0,21.1,1.8,7.648,2965.6,2296.1,50.9,0.6,4.4,-0.6,0.221,-0.948,0.0,0.0,0.0,0.0,0.0,0.0,0.0,0.0,0.0,0.241,0.0,14.3,26.7,268412.0,0.134206
2025-08-26,0.0,0.0,23.0,2.2,9.481,3009.9,1287.5,54.9,0.3,3.7,-0.3,0.217,-1.002,0.0,0.0,0.0,0.0,0.0,0.0,0.0,0.0,0.0,0.24,0.0,17.6,28.1,231271.0,0.1156355
2025-08-27,0.0,0.0,22.6,2.7,9.797,3116.7,1379.5,58.7,0.5,3.9,-0.5,0.213,-1.064,0.0,0.0,0.0,0.0,0.0,0.0,0.0,0.0,0.0,0.24,0.0,20.0,26.6,151291.0,0.0756455
2025-08-28,0.0,1.1,20.2,3.1,9.512,3036.9,1505.9,65.0,1.0,3.3,0.1,0.213,-1.092,0.0,0.0,0.0,0.0,0.0,0.0,0.0,0.0,0.0,0.239,0.0,18.0,22.2,186930.0,0.093465
2025-08-29,0.0,22.0,16.5,2.4,9.924,3182.2,504.2,85.3,1.4,1.5,20.6,0.345,-1.009,0.0,0.9,0.0,0.0,0.0,0.0,0.0,0.0,0.0,0.239,0.0,16.0,17.5,182699.0,0.0913495
2025-08-30,0.0,0.8,18.2,3.7,10.133,2989.7,1192.3,78.9,2.0,2.7,-1.2,0.388,-0.895,0.1,0.0,0.0,0.0,0.0,0.0,0.0,0.0,0.0,0.267,0.0,14.1,21.4,206762.0,0.103381
2025-08-31,0.0,1.4,18.7,2.9,10.798,3110.8,1005.2,80.5,1.9,2.4,-0.5,0.387,-0.773,0.1,0.2,0.0,0.0,0.0,0.0,0.0,0.0,0.0,0.265,0.0,18.2,21.4,169027.0,0.0845135
2025-09-01,0.0,4.3,17.1,2.8,9.905,3028.2,1027.5,82.7,2.0,2.3,2.3,0.399,-0.633,0.1,0.3,0.0,0.0,0.0,0.0,0.0,0.0,0.0,0.264,0.0,14.7,21.2,200411.0,0.1002055
2025-09-02,0.0,3.9,16.3,3.9,10.015,3008.9,536.6,86.9,0.7,1.5,3.2,0.401,-0.496,0.1,0.0,0.0,0.0,0.0,0.0,0.0,0.0,0.0,0.267,0.0,13.1,18.1,215636.0,0.107818
2025-09-03,0.0,2.0,19.9,4.6,11.505,3157.4,584.1,79.8,0.9,2.2,1.1,0.437,-0.318,0.1,0.5,0.0,0.0,0.0,0.0,0.0,0.0,0.0,0.271,0.0,17.4,22.2,219104.0,0.109552
2025-09-04,0.0,3.3,17.8,3.3,9.909,2903.7,605.5,78.7,1.0,1.9,2.3,0.444,-0.118,0.2,0.1,0.0,0.0,0.0,0.0,0.0,0.0,0.0,0.272,0.0,15.7,19.9,167710.0,0.083855
2025-09-05,0.0,0.0,17.7,1.9,8.725,2906.9,1735.7,70.6,3.2,3.0,-3.2,0.431,0.069,0.2,0.2,0.0,0.0,0.0,0.0,0.0,0.0,0.0,0.275,0.0,14.0,22.2,296442.0,0.148221
2025-09-06,0.0,0.0,18.7,2.9,8.568,2992.4,2245.6,67.0,4.2,4.2,-4.2,0.393,0.252,0.1,0.0,0.0,0.0,0.0,0.0,0.0,0.0,0.0,0.27,0.0,11.8,25.5,284070.0,0.142035
2025-09-07,0.0,0.0,22.8,2.8,10.538,3144.3,1735.1,62.8,2.7,4.4,-2.7,0.361,0.432,0.0,0.0,0.0,0.0,0.0,0.0,0.0,0.0,0.0,0.264,0.0,15.8,30.5,212207.0,0.1061035
2025-09-08,0.0,0.0,20.2,2.3,9.445,2993.0,1283.6,64.7,1.8,2.9,-1.8,0.342,0.435,0.0,0.0,0.0,0.0,0.0,0.0,0.0,0.0,0.0,0.26,0.0,18.4,22.5,173336.0,0.086668
2025-09-09,0.0,0.0,18.5,1.2,7.669,2804.3,1060.6,59.2,1.3,2.3,-1.3,0.328,0.376,0.0,0.0,0.0,0.0,0.0,0.0,0.0,0.0,0.0,0.258,0.0,14.3,22.4,236756.0,0.118378
2025-09-10,0.0,4.3,16.8,2.7,8.982,3013.2,978.8,76.1,1.5,2.1,2.8,0.334,0.325,0.0,0.1,0.0,0.0,0.0,0.0,0.0,0.0,0.0,0.256,0.0,13.4,20.6,169069.0,0.0845345
2025-09-11,0.0,2.8,15.8,4.2,8.684,2955.2,1244.4,78.3,2.0,2.7,0.8,0.344,0.282,0.0,0.1,0.0,0.0,0.0,0.0,0.0,0.0,0.0,0.26,0.0,14.1,19.3,172595.0,0.0862975
2025-09-12,0.0,1.3,16.4,3.4,7.961,2856.0,1140.2,70.1,1.7,2.7,-0.4,0.347,0.241,0.0,0.1,0.0,0.0,0.0,0.0,0.0,0.0,0.0,0.261,0.0,12.1,20.2,221753.0,0.1108765
2025-09-13,0.0,3.4,16.1,3.5,9.144,3024.4,819.2,80.7,1.1,2.0,2.3,0.352,0.183,0.0,0.1,0.0,0.0,0.0,0.0,0.0,0.0,0.0,0.26,0.0,13.9,19.2,121670.0,0.060835
2025-09-14,0.0,1.2,17.4,3.1,11.261,3293.9,446.3,90.8,0.5,1.3,0.7,0.376,0.135,0.0,0.2,0.0,0.0,0.0,0.0,0.0,0.0,0.0,0.263,0.0,14.3,20.3,155208.0,0.077604
2025-09-15,0.0,0.0,17.8,4.3,8.695,2824.3,1293.9,68.8,2.2,3.1,-2.2,0.363,0.071,0.0,0.0,0.0,0.0,0.0,0.0,0.0,0.0,0.0,0.264,0.0,16.1,20.1,171349.0,0.0856745
2025-09-16,0.0,0.0,15.9,3.2,8.084,2578.9,788.9,72.6,0.7,2.0,-0.7,0.352,0.01,0.0,0.0,0.0,0.0,0.0,0.0,0.0,0.0,0.0,0.261,0.0,13.0,17.8,211319.0,0.1056595
2025-09-17,0.0,0.0,17.8,2.3,8.989,3003.2,1227.1,71.5,1.5,2.4,-1.5,0.34,-0.035,0.0,0.0,0.0,0.0,0.0,0.0,0.0,0.0,0.0,0.26,0.0,15.0,20.9,273047.0,0.1365235
2025-09-18,0.0,0.1,18.2,1.4,9.859,3162.9,1874.2,76.8,1.7,2.7,-1.6,0.325,-0.071,0.0,0.0,0.0,0.0,0.0,0.0,0.0,0.0,0.0,0.257,0.0,13.3,23.4,288917.0,0.1444585
2025-09-19,0.0,0.0,21.4,1.9,9.887,3145.1,1841.9,65.0,1.7,3.4,-1.7,0.308,-0.11,0.0,0.0,0.0,0.0,0.0,0.0,0.0,0.0,0.0,0.255,0.0,13.5,28.2,288483.0,0.1442415
2025-09-20,0.0,6.7,20.0,2.8,12.061,3376.6,425.4,83.0,0.9,1.6,5.8,0.329,-0.142,0.0,0.2,0.0,0.0,0.0,0.0,0.0,0.0,0.0,0.253,0.0,19.3,21.3,206714.0,0.103357
2025-09-21,0.0,0.0,15.1,2.2,8.437,2753.2,793.4,79.3,1.0,1.6,-1.0,0.351,-0.149,0.0,0.1,0.0,0.0,0.0,0.0,0.0,0.0,0.0,0.261,0.0,14.1,17.3,114229.0,0.0571145
2025-09-22,0.0,1.4,13.4,4.8,6.703,2592.0,965.7,71.0,1.5,2.4,-0.1,0.339,-0.166,0.0,0.0,0.0,0.0,0.0,0.0,0.0,0.0,0.0,0.259,0.0,10.5,16.5,137050.0,0.068525
2025-09-23,0.0,7.9,12.3,4.0,7.085,2945.9,528.3,80.1,1.3,1.7,6.6,0.362,-0.168,0.0,0.2,0.0,0.0,0.0,0.0,0.0,0.0,0.0,0.259,0.0,10.5,14.7,144265.0,0.0721325
2025-09-24,0.0,6.1,10.7,3.5,7.203,3007.9,217.1,90.2,0.7,0.8,5.4,0.441,-0.137,0.1,0.7,0.0,0.0,0.0,0.0,0.0,0.0,0.0,0.268,0.0,10.5,11.0,115092.0,0.057546
2025-09-25,0.0,0.4,11.3,2.2,6.603,2771.2,311.3,79.8,0.3,1.1,0.1,0.448,-0.086,0.1,0.0,0.0,0.0,0.0,0.0,0.0,0.0,0.0,0.274,0.0,10.2,12.2,138850.0,0.069425
2025-09-26,0.0,0.1,11.8,1.3,7.245,2865.1,287.3,84.2,0.1,0.9,0.0,0.448,-0.031,0.1,0.0,0.0,0.0,0.0,0.0,0.0,0.0,0.0,0.274,0.0,10.0,13.3,131019.0,0.0655095
2025-09-27,0.0,0.0,12.4,1.5,7.58,2956.8,403.2,85.5,0.5,1.0,-0.5,0.445,0.021,0.1,0.0,0.0,0.0,0.0,0.0,0.0,0.0,0.0,0.274,0.0,10.7,15.2,230851.0,0.1154255
2025-09-28,0.0,0.0,13.9,1.2,7.386,2905.3,1639.7,76.4,2.7,2.0,-2.7,0.424,0.064,0.1,0.0,0.0,0.0,0.0,0.0,0.0,0.0,0.0,0.273,0.0,8.4,19.4,191125.0,0.0955625
2025-09-29,0.0,0.0,15.1,1.8,7.952,2819.0,1406.8,75.7,2.0,2.1,-2.0,0.402,0.105,0.0,0.0,0.0,0.0,0.0,0.0,0.0,0.0,0.0,0.269,0.0,10.6,21.4,247332.0,0.123666
2025-09-30,0.0,0.1,14.5,2.0,7.295,2861.9,1243.8,72.6,1.9,2.0,-1.8,0.384,0.121,0.0,0.0,0.0,0.0,0.0,0.0,0.0,0.0,0.0,0.266,0.0,10.8,19.7,237489.0,0.1187445
2025-10-01,0.0,0.0,14.5,1.4,7.224,2824.4,1545.7,72.3,1.9,2.0,-1.9,0.365,0.106,0.0,0.0,0.0,0.0,0.0,0.0,0.0,0.0,0.0,0.264,0.0,10.0,20.7,259434.0,0.129717
2025-10-02,0.0,0.1,14.1,1.6,6.136,2783.7,1011.8,64.4,1.2,1.9,-1.1,0.352,0.091,0.0,0.0,0.0,0.0,0.0,0.0,0.0,0.0,0.0,0.261,0.0,9.4,20.1,253841.0,0.1269205
2025-10-03,0.0,5.0,14.8,3.0,7.913,2894.6,244.9,74.6,-0.1,1.5,5.1,0.355,0.055,0.0,0.0,0.0,0.0,0.0,0.0,0.0,0.0,0.0,0.259,0.0,12.1,18.2,124545.0,0.0622725
2025-10-04,0.0,10.0,15.0,5.1,8.53,3048.3,600.1,78.0,2.0,2.2,8.0,0.438,0.028,0.0,0.7,0.0,0.0,0.0,0.0,0.0,0.0,0.0,0.266,0.0,11.2,17.8,128329.0,0.0641645
2025-10-05,0.0,0.2,13.1,3.9,6.709,2683.1,843.0,72.6,1.3,2.0,-1.1,0.456,0.014,0.1,0.3,0.0,0.0,0.0,0.0,0.0,0.0,0.0,0.276,0.0,10.6,16.4,183359.0,0.0916795
2025-10-06,0.0,0.0,13.0,1.8,7.551,3032.3,444.2,81.3,0.7,1.0,-0.7,0.448,-0.008,0.1,0.0,0.0,0.0,0.0,0.0,0.0,0.0,0.0,0.274,0.0,10.8,15.1,232926.0,0.116463
2025-10-07,0.0,0.0,14.1,0.9,7.88,3013.0,1306.1,80.1,2.1,1.5,-2.1,0.43,-0.032,0.1,0.0,0.0,0.0,0.0,0.0,0.0,0.0,0.0,0.273,0.0,9.7,19.0,236715.0,0.1183575
2025-10-08,0.0,0.0,13.6,1.5,8.324,3133.7,445.8,86.1,0.5,0.9,-0.5,0.42,-0.053,0.0,0.0,0.0,0.0,0.0,0.0,0.0,0.0,0.0,0.27,0.0,11.4,15.3,209792.0,0.104896
2025-10-09,0.0,0.0,16.0,1.7,8.033,2943.2,461.2,72.1,0.2,1.5,-0.2,0.417,-0.066,0.0,0.0,0.0,0.0,0.0,0.0,0.0,0.0,0.0,0.27,0.0,13.7,19.8,128147.0,0.0640735
2025-10-10,0.0,0.0,13.0,2.2,7.599,3090.1,399.2,81.7,0.7,1.0,-0.7,0.412,-0.076,0.0,0.0,0.0,0.0,0.0,0.0,0.0,0.0,0.0,0.269,0.0,10.9,14.5,208699.0,0.1043495
2025-10-11,0.0,0.0,14.2,2.5,7.911,2880.2,1053.7,79.3,1.4,1.7,-1.4,0.4,-0.08,0.0,0.0,0.0,0.0,0.0,0.0,0.0,0.0,0.0,0.268,0.0,11.6,18.7,217576.0,0.108788
2025-10-12,0.0,0.1,13.6,3.0,7.554,2843.4,1225.4,78.9,1.5,1.8,-1.4,0.386,-0.083,0.0,0.0,0.0,0.0,0.0,0.0,0.0,0.0,0.0,0.266,0.0,9.7,18.4,234577.0,0.1172885
2025-10-13,0.0,0.0,13.4,3.0,8.138,3051.6,393.0,84.9,0.3,1.0,-0.3,0.38,-0.087,0.0,0.0,0.0,0.0,0.0,0.0,0.0,0.0,0.0,0.264,0.0,10.8,15.7,198004.0,0.09900199999999999
2025-10-14,0.0,0.0,14.4,3.6,7.74,2916.8,720.6,76.8,1.0,1.7,-1.0,0.372,-0.134,0.0,0.0,0.0,0.0,0.0,0.0,0.0,0.0,0.0,0.264,0.0,12.9,18.1,168938.0,0.084469
2025-10-15,0.0,0.0,13.8,2.9,7.756,3071.2,218.6,79.5,0.2,1.2,-0.2,0.368,-0.192,0.0,0.0,0.0,0.0,0.0,0.0,0.0,0.0,0.0,0.262,0.0,11.9,15.8,181151.0,0.0905755
2025-10-16,0.0,0.0,13.2,2.6,7.025,3024.5,279.7,75.0,0.3,1.4,-0.3,0.365,-0.234,0.0,0.0,0.0,0.0,0.0,0.0,0.0,0.0,0.0,0.262,0.0,11.4,15.6,195363.0,0.0976815
2025-10-17,0.0,0.0,13.3,2.6,7.003,2819.1,824.8,75.3,0.9,1.6,-0.9,0.358,-0.264,0.0,0.0,0.0,0.0,0.0,0.0,0.0,0.0,0.0,0.262,0.0,9.5,18.2,204442.0,0.102221
2025-10-18,0.0,0.0,12.7,2.8,6.152,2645.7,1198.0,69.0,1.2,1.9,-1.2,0.347,-0.292,0.0,0.0,0.0,0.0,0.0,0.0,0.0,0.0,0.0,0.26,0.0,9.0,17.9,217585.0,0.1087925
2025-10-19,0.0,3.1,12.7,3.0,7.688,2899.2,301.4,83.9,0.0,1.0,3.1,0.351,-0.317,0.0,0.1,0.0,0.0,0.0,0.0,0.0,0.0,0.0,0.259,0.0,9.2,15.1,87928.0,0.043964
2025-10-20,0.0,1.7,15.6,4.7,8.951,3034.8,448.9,81.7,0.6,1.6,1.1,0.382,-0.333,0.0,0.1,0.0,0.0,0.0,0.0,0.0,0.0,0.0,0.263,0.0,13.7,19.0,106418.0,0.053209
2025-10-21,0.0,0.2,14.4,3.6,8.731,2906.3,229.8,85.6,-0.1,1.0,0.3,0.382,-0.348,0.0,0.0,0.0,0.0,0.0,0.0,0.0,0.0,0.0,0.264,0.0,12.0,16.2,89524.0,0.044762
2025-10-22,0.0,4.6,15.3,2.5,9.015,3010.3,441.3,83.8,0.5,1.2,4.1,0.397,-0.354,0.0,0.2,0.0,0.0,0.0,0.0,0.0,0.0,0.0,0.264,0.0,13.1,17.2,99062.0,0.049531
2025-10-23,0.0,3.5,12.0,7.0,6.972,2786.1,201.3,79.9,1.1,1.6,2.4,0.427,-0.349,0.0,0.2,0.0,0.0,0.0,0.0,0.0,0.0,0.0,0.27,0.0,11.4,12.7,109186.0,0.054593
2025-10-24,0.0,0.0,10.5,5.0,5.811,2669.0,573.5,74.4,0.9,1.7,-0.9,0.435,-0.345,0.0,0.1,0.0,0.0,0.0,0.0,0.0,0.0,0.0,0.273,0.0,6.9,13.8,137632.0,0.068816
2025-10-25,0.0,3.0,11.3,4.5,6.345,2547.1,451.7,76.6,0.5,1.5,2.5,0.434,-0.347,0.0,0.0,0.0,0.0,0.0,0.0,0.0,0.0,0.0,0.272,0.0,9.8,14.2,101356.0,0.050678
2025-10-26,0.0,1.5,9.8,3.7,5.679,2718.8,607.2,76.0,0.9,1.3,0.6,0.45,-0.335,0.0,0.2,0.0,0.0,0.0,0.0,0.0,0.0,0.0,0.275,0.0,7.7,11.8,145284.0,0.072642
2025-10-27,0.0,1.5,12.4,4.7,7.176,2853.4,221.3,80.5,0.3,1.2,1.2,0.466,-0.306,0.1,0.2,0.0,0.0,0.0,0.0,0.0,0.0,0.0,0.275,0.0,9.6,14.6,100596.0,0.050298
2025-10-28,0.0,0.0,13.6,3.5,7.603,2967.0,169.8,79.1,0.1,1.2,-0.1,0.466,-0.272,0.1,0.0,0.0,0.0,0.0,0.0,0.0,0.0,0.0,0.277,0.0,11.5,15.2,129301.0,0.0646505
2025-10-29,0.0,11.0,12.8,2.6,7.658,2967.2,290.0,84.0,0.3,1.0,10.7,0.492,-0.236,0.1,0.7,0.0,0.0,0.0,0.0,0.0,0.0,0.0,0.276,0.0,11.3,15.0,62591.0,0.031295500000000004
2025-10-30,0.0,0.2,11.0,2.5,6.491,2727.4,708.1,80.5,1.1,1.0,-0.9,0.545,-0.189,0.7,0.5,0.0,0.0,0.0,0.0,0.0,0.0,0.0,0.289,0.0,8.8,14.2,161665.0,0.0808325
2025-10-31,0.0,0.1,12.9,3.4,7.391,2718.4,452.4,80.2,0.1,1.1,0.0,0.536,-0.144,0.5,0.0,0.0,0.0,0.0,0.0,0.0,0.0,0.0,0.287,0.0,8.8,16.1,109856.0,0.054928
2025-11-01,0.0,4.3,13.7,3.8,8.469,2988.0,294.3,86.9,0.4,1.0,3.9,0.56,-0.093,0.7,0.5,0.0,0.0,0.0,0.0,0.0,0.0,0.0,0.287,0.0,13.2,14.8,60469.0,0.0302345
2025-11-02,0.0,1.4,11.6,4.3,6.977,2795.1,330.1,82.6,0.7,1.1,0.7,0.56,-0.059,0.7,0.1,0.0,0.0,0.0,0.0,0.0,0.0,0.0,0.29,0.0,10.8,13.4,100125.0,0.0500625
2025-11-03,0.0,0.0,12.1,3.3,7.677,2839.3,258.9,87.7,0.0,0.9,0.0,0.555,-0.027,0.6,0.0,0.0,0.0,0.0,0.0,0.0,0.0,0.0,0.29,0.0,8.5,15.8,138476.0,0.06923800000000001
2025-11-04,0.0,0.0,13.3,2.7,7.24,2674.5,397.4,76.9,0.2,1.1,-0.2,0.549,0.009,0.5,0.0,0.0,0.0,0.0,0.0,0.0,0.0,0.0,0.289,0.0,9.1,15.9,167608.0,0.083804
2025-11-05,0.0,0.0,14.7,3.0,6.891,2709.1,549.2,66.6,0.5,1.5,-0.5,0.542,0.025,0.4,0.0,0.0,0.0,0.0,0.0,0.0,0.0,0.0,0.288,0.0,11.9,16.9,130611.0,0.0653055
2025-11-06,0.0,1.7,13.8,2.1,8.656,3119.4,133.4,88.4,0.1,0.8,1.6,0.546,0.041,0.3,0.2,0.0,0.0,0.0,0.0,0.0,0.0,0.0,0.287,0.0,13.4,14.5,69438.0,0.034719
2025-11-07,0.0,0.0,12.4,2.2,8.207,2964.4,166.9,91.8,0.0,0.6,0.0,0.548,0.06,0.4,0.0,0.0,0.0,0.0,0.0,0.0,0.0,0.0,0.289,0.0,10.5,13.9,109995.0,0.0549975
2025-11-08,0.0,1.0,11.4,1.5,7.911,3050.2,107.2,94.5,0.2,0.5,0.8,0.551,0.071,0.4,0.1,0.0,0.0,0.0,0.0,0.0,0.0,0.0,0.288,0.0,11.0,13.2,109173.0,0.0545865
2025-11-09,0.0,0.0,10.0,2.0,7.097,2961.4,260.7,93.3,0.3,0.5,-0.3,0.546,0.048,0.3,0.0,0.0,0.0,0.0,0.0,0.0,0.0,0.0,0.289,0.0,8.8,11.1,125975.0,0.0629875
2025-11-10,0.0,0.2,10.4,3.5,6.793,2582.9,483.5,86.5,0.3,0.7,-0.1,0.541,0.02,0.2,0.0,0.0,0.0,0.0,0.0,0.0,0.0,0.0,0.288,0.0,8.0,12.0,112586.0,0.056293
2025-11-11,0.0,0.0,12.0,3.2,7.706,2783.6,195.5,88.5,-0.1,0.7,0.1,0.539,-0.03,0.2,0.0,0.0,0.0,0.0,0.0,0.0,0.0,0.0,0.287,0.0,10.5,13.8,153483.0,0.0767415
2025-11-12,0.0,0.0,12.4,3.5,6.827,2721.6,755.2,76.7,1.0,1.0,-1.0,0.531,-0.083,0.2,0.0,0.0,0.0,0.0,0.0,0.0,0.0,0.0,0.287,0.0,9.0,14.5,122059.0,0.0610295
2025-11-13,0.0,0.0,14.8,2.1,7.754,2663.3,143.9,74.3,-0.2,1.1,0.2,0.528,-0.133,0.1,0.0,0.0,0.0,0.0,0.0,0.0,0.0,0.0,0.286,0.0,12.0,16.3,97065.0,0.0485325
2025-11-14,0.0,0.2,16.6,2.9,8.561,2771.6,437.6,73.1,0.0,1.1,0.2,0.527,-0.178,0.1,0.0,0.0,0.0,0.0,0.0,0.0,0.0,0.0,0.286,0.0,15.5,17.9,50248.0,0.025124
2025-11-15,0.0,5.5,13.1,1.7,8.433,2890.3,229.3,90.4,0.0,0.5,5.5,0.542,-0.202,0.1,0.4,0.0,0.0,0.0,0.0,0.0,0.0,0.0,0.286,0.0,11.8,14.6,106443.0,0.0532215
2025-11-16,0.0,0.0,10.5,2.5,7.365,2920.5,190.4,92.9,0.3,0.5,-0.3,0.57,-0.212,0.4,0.2,0.0,0.0,0.0,0.0,0.0,0.0,0.0,0.292,0.0,10.3,11.4,78153.0,0.0390765
2025-11-17,0.0,0.4,7.3,3.0,4.846,2500.6,330.1,76.8,0.5,0.9,-0.1,0.564,-0.223,0.4,0.0,0.0,0.0,0.0,0.0,0.0,0.0,0.0,0.291,0.0,6.5,10.4,87662.0,0.043831
2025-11-18,0.0,0.2,5.5,2.5,4.242,2373.0,593.5,76.7,0.7,0.5,-0.5,0.556,-0.244,0.3,0.0,0.0,0.0,0.0,0.0,0.0,0.0,0.0,0.29,0.0,1.1,8.3,141703.0,0.0708515
2025-11-19,0.0,5.7,5.5,5.0,4.834,2624.9,222.7,86.0,0.6,0.8,5.1,0.589,-0.243,0.5,0.7,0.0,0.0,0.0,0.0,0.0,0.0,0.0,0.289,0.0,4.6,6.7,89398.0,0.044698999999999996
2025-11-20,0.0,0.1,3.7,2.6,3.879,2074.6,337.2,78.6,0.1,0.6,0.0,0.588,-0.248,0.5,0.0,0.0,0.0,0.0,0.0,0.0,0.0,0.0,0.295,0.0,3.2,5.5,99502.0,0.049751
2025-11-21,0.1,0.4,2.1,2.4,3.772,2340.9,183.9,85.5,0.1,0.5,0.4,0.588,-0.249,0.4,0.1,0.0,0.0,0.0,0.0,0.0,0.0,0.1,0.292,0.002,1.0,3.5,92206.0,0.046103
2025-11-22,0.6,0.6,-0.1,3.0,3.438,2652.4,326.2,91.4,0.7,0.3,0.5,0.582,-0.244,0.4,0.0,0.0,0.0,0.0,0.0,0.001,0.0,0.7,0.292,0.002,-1.7,1.0,127425.0,0.0637125
2025-11-23,0.0,4.5,4.3,3.1,5.084,2860.5,108.8,96.7,-0.1,0.3,4.6,0.611,-0.223,0.6,0.7,0.0,0.0,0.0,0.0,0.002,0.0,0.0,0.294,0.0,0.0,7.5,54593.0,0.0272965
2025-11-24,0.0,3.4,8.0,3.5,5.77,2624.1,194.7,87.1,0.0,0.7,3.4,0.621,-0.199,0.8,0.2,0.0,0.0,0.0,0.0,0.0,0.0,0.0,0.299,0.0,7.1,10.3,54656.0,0.027328
2025-11-25,0.0,0.7,6.8,4.5,5.137,2602.1,97.6,83.9,0.1,0.8,0.6,0.637,-0.177,1.1,0.4,0.0,0.0,0.0,0.0,0.0,0.0,0.0,0.302,0.0,6.6,7.6,79523.0,0.0397615
2025-11-26,0.0,0.0,6.0,2.8,4.805,2543.3,242.5,82.9,0.1,0.6,-0.1,0.628,-0.174,0.8,0.0,0.0,0.0,0.0,0.0,0.0,0.0,0.0,0.301,0.0,5.0,8.4,96773.0,0.0483865
2025-11-27,0.0,2.5,6.4,2.6,5.364,2836.7,193.1,89.7,0.2,0.5,2.3,0.627,-0.167,0.6,0.1,0.0,0.0,0.0,0.0,0.0,0.0,0.0,0.3,0.0,2.7,8.3,104410.0,0.052205
2025-11-28,0.0,2.7,9.2,2.8,6.881,3121.6,87.1,95.2,0.1,0.5,2.6,0.649,-0.137,0.9,0.6,0.0,0.0,0.0,0.0,0.0,0.0,0.0,0.302,0.0,7.7,10.7,70420.0,0.03521
2025-11-29,0.0,4.8,10.2,3.4,7.206,2992.8,61.5,93.3,0.0,0.5,4.8,0.671,-0.103,1.4,0.7,0.0,0.0,0.0,0.0,0.0,0.0,0.0,0.303,0.0,8.5,11.5,87823.0,0.0439115
2025-11-30,0.0,0.1,6.8,2.1,5.02,2478.1,411.9,82.0,0.6,0.5,-0.5,0.667,-0.064,1.3,0.0,0.0,0.0,0.0,0.0,0.0,0.0,0.0,0.307,0.0,5.0,8.7,80553.0,0.0402765
2025-12-01,0.0,0.0,6.2,4.3,4.499,2419.2,229.3,77.2,0.2,1.0,-0.2,0.656,-0.03,0.8,0.0,0.0,0.0,0.0,0.0,0.0,0.0,0.0,0.305,0.0,3.6,8.2,99578.0,0.049789
2025-12-02,0.0,0.0,8.9,3.3,5.192,2595.9,129.7,73.5,-0.1,1.0,0.1,0.649,-0.007,0.6,0.0,0.0,0.0,0.0,0.0,0.0,0.0,0.0,0.304,0.0,7.5,10.0,44770.0,0.022385
2025-12-03,0.0,0.0,8.6,2.3,5.755,2519.0,167.7,83.4,-0.1,0.6,0.1,0.645,-0.012,0.5,0.0,0.0,0.0,0.0,0.0,0.0,0.0,0.0,0.303,0.0,8.2,10.1,57889.0,0.028944499999999998
2025-12-04,0.0,0.7,6.8,2.7,5.645,2672.1,87.8,92.1,0.0,0.5,0.7,0.647,-0.027,0.4,0.1,0.0,0.0,0.0,0.0,0.0,0.0,0.0,0.303,0.0,6.2,8.2,50307.0,0.0251535
2025-12-05,0.0,2.2,4.4,3.4,4.819,2627.4,257.5,92.3,0.2,0.3,2.0,0.646,-0.049,0.4,0.1,0.0,0.0,0.0,0.0,0.0,0.0,0.0,0.303,0.0,1.3,9.7,74792.0,0.037396
2025-12-06,0.0,2.2,10.7,4.5,6.741,2753.9,186.7,84.7,-0.2,0.9,2.4,0.663,-0.057,0.6,0.3,0.0,0.0,0.0,0.0,0.0,0.0,0.0,0.305,0.0,6.4,13.0,50128.0,0.025064
2025-12-07,0.0,9.0,13.4,4.3,8.767,3226.0,77.3,91.7,-0.2,0.7,9.2,0.723,-0.03,2.0,1.6,0.0,0.0,0.0,0.0,0.0,0.0,0.0,0.307,0.0,10.9,14.7,46499.0,0.0232495
2025-12-08,0.0,0.0,14.2,4.7,8.678,2794.6,142.1,86.0,-0.2,0.9,0.2,0.719,-0.024,1.9,0.0,0.0,0.0,0.0,0.0,0.0,0.0,0.0,0.314,0.0,14.1,15.5,92616.0,0.046308
2025-12-09,0.0,0.7,13.0,3.8,7.37,2716.2,382.1,79.9,0.1,0.9,0.6,0.707,-0.041,1.1,0.0,0.0,0.0,0.0,0.0,0.0,0.0,0.0,0.313,0.0,9.8,14.8,92457.0,0.0462285
2025-12-10,0.0,0.0,12.1,1.9,7.782,2892.6,146.3,88.6,0.1,0.5,-0.1,0.704,-0.056,0.9,0.1,0.0,0.0,0.0,0.0,0.0,0.0,0.0,0.312,0.0,11.3,14.5,39437.0,0.0197185
2025-12-11,0.0,0.0,8.6,2.2,6.659,3015.1,132.7,95.8,0.1,0.3,-0.1,0.695,-0.074,0.6,0.0,0.0,0.0,0.0,0.0,0.0,0.0,0.0,0.311,0.0,5.6,10.6,45861.0,0.0229305
2025-12-12,0.0,0.0,10.7,1.8,7.215,3023.0,96.8,90.2,0.0,0.5,0.0,0.69,-0.091,0.5,0.0,0.0,0.0,0.0,0.0,0.0,0.0,0.0,0.31,0.0,10.3,11.7,82316.0,0.041158
2025-12-13,0.0,0.0,9.2,1.1,6.673,3045.6,107.5,92.4,0.3,0.4,-0.3,0.684,-0.111,0.4,0.0,0.0,0.0,0.0,0.0,0.0,0.0,0.0,0.309,0.0,9.0,10.0,93096.0,0.046548
2025-12-14,0.0,0.0,7.0,2.6,5.912,2983.3,131.7,94.9,0.5,0.4,-0.5,0.677,-0.119,0.3,0.0,0.0,0.0,0.0,0.0,0.0,0.0,0.0,0.308,0.0,6.9,7.9,80733.0,0.0403665
2025-12-15,0.0,0.2,8.5,3.3,5.987,2697.8,197.0,86.8,0.0,0.6,0.2,0.673,-0.126,0.3,0.0,0.0,0.0,0.0,0.0,0.0,0.0,0.0,0.307,0.0,5.1,11.6,67400.0,0.0337
2025-12-16,0.0,0.0,11.3,1.3,6.567,2635.7,368.2,79.5,0.0,0.4,0.0,0.671,-0.153,0.3,0.0,0.0,0.0,0.0,0.0,0.0,0.0,0.0,0.307,0.0,10.0,13.7,64891.0,0.0324455
2025-12-17,0.0,0.0,9.8,2.2,5.951,2711.7,159.7,79.5,0.0,0.7,0.0,0.668,-0.22,0.2,0.0,0.0,0.0,0.0,0.0,0.0,0.0,0.0,0.306,0.0,9.4,10.8,63067.0,0.0315335
2025-12-18,0.0,2.8,12.2,4.2,6.645,2714.0,454.7,76.1,0.3,1.2,2.5,0.667,-0.284,0.2,0.0,0.0,0.0,0.0,0.0,0.0,0.0,0.0,0.306,0.0,7.6,15.6,91470.0,0.045735
2025-12-19,0.0,1.4,10.8,1.9,7.087,2905.1,208.3,88.1,0.1,0.4,1.3,0.692,-0.321,0.4,0.4,0.0,0.0,0.0,0.0,0.0,0.0,0.0,0.309,0.0,9.7,11.7,31123.0,0.0155615
2025-12-20,0.0,2.4,9.4,1.9,6.891,3094.2,67.7,94.3,0.0,0.4,2.4,0.704,-0.342,0.5,0.3,0.0,0.0,0.0,0.0,0.0,0.0,0.0,0.31,0.0,8.0,10.4,38680.0,0.01934
2025-12-21,0.0,15.5,10.4,2.8,7.323,2994.6,72.9,93.9,0.1,0.5,15.4,0.783,-0.309,3.0,2.5,0.0,0.0,0.0,0.0,0.0,0.0,0.0,0.312,0.0,9.2,11.1,40585.0,0.020292499999999998
2025-12-22,0.0,0.0,9.3,1.8,6.423,2608.1,241.9,88.1,0.0,0.4,0.0,0.785,-0.272,2.6,0.0,0.0,0.0,0.0,0.0,0.0,0.0,0.0,0.325,0.0,8.4,10.1,33890.0,0.016945
2025-12-23,0.0,0.0,5.3,3.4,4.573,2459.8,107.4,82.7,0.2,0.7,-0.2,0.77,-0.24,1.3,0.0,0.0,0.0,0.0,0.0,0.0,0.0,0.0,0.322,0.0,4.0,6.0,33502.0,0.016751
2025-12-24,0.0,0.0,3.6,6.1,3.358,2241.0,136.5,68.0,0.7,1.3,-0.7,0.757,-0.214,0.8,0.0,0.0,0.0,0.0,0.0,0.0,0.0,0.0,0.32,0.0,1.9,5.7,44119.0,0.0220595
2025-12-25,0.0,0.0,0.7,4.2,2.776,2090.9,641.2,70.0,0.7,0.7,-0.7,0.743,-0.194,0.5,0.0,0.0,0.0,0.0,0.0,0.0,0.0,0.0,0.315,0.003,0.2,2.5,75730.0,0.037865
2025-12-26,0.0,0.0,0.6,2.5,3.116,2158.9,658.8,78.8,0.4,0.4,-0.4,0.734,-0.171,0.3,0.0,0.0,0.0,0.0,0.0,0.0,0.0,0.0,0.309,0.007,-1.4,2.9,80195.0,0.0400975
2025-12-27,0.0,0.1,0.6,2.3,3.231,2422.1,492.1,81.9,0.5,0.3,-0.4,0.727,-0.152,0.3,0.0,0.0,0.0,0.0,0.0,0.0,0.0,0.0,0.311,0.004,-0.6,2.8,95410.0,0.047705
2025-12-28,0.0,0.0,1.2,2.9,3.619,2675.6,186.6,87.4,0.5,0.4,-0.5,0.721,-0.134,0.3,0.0,0.0,0.0,0.0,0.0,0.0,0.0,0.0,0.313,0.001,-0.1,2.8,110631.0,0.055315500000000004
2025-12-29,0.0,0.0,1.1,3.0,3.185,2453.3,609.4,78.2,0.8,0.5,-0.8,0.711,-0.139,0.2,0.0,0.0,0.0,0.0,0.0,0.0,0.0,0.0,0.312,0.001,-1.2,3.4,94687.0,0.047343500000000004
2025-12-30,0.0,0.0,3.4,3.8,3.709,2350.4,592.1,76.9,0.8,0.6,-0.8,0.701,-0.158,0.2,0.0,0.0,0.0,0.0,0.0,0.0,0.0,0.0,0.312,0.0,1.7,5.2,86837.0,0.0434185
2025-12-31,0.0,0.0,1.4,1.2,3.562,2354.5,585.7,85.1,0.4,0.2,-0.4,0.695,-0.224,0.2,0.0,0.0,0.0,0.0,0.0,0.0,0.0,0.0,0.308,0.003,-0.8,3.8,116835.0,0.0584175
2026-01-01,0.0,0.1,2.3,2.7,3.773,2473.9,92.2,84.8,-0.1,0.5,0.2,0.693,-0.211,0.1,0.0,0.0,0.0,0.0,0.0,0.0,0.0,0.0,0.309,0.0,-1.0,3.9,130615.0,0.0653075
2026-01-02,0.0,2.3,2.9,3.4,4.051,2540.4,126.0,86.7,0.2,0.5,2.1,0.707,-0.265,0.2,0.2,0.0,0.0,0.0,0.0,0.0,0.0,0.0,0.308,0.002,2.4,5.2,105643.0,0.0528215
2026-01-03,0.0,0.1,1.3,2.9,3.188,2241.5,569.6,76.9,0.5,0.6,-0.4,0.706,-0.315,0.2,0.0,0.0,0.0,0.0,0.0,0.0,0.0,0.0,0.31,0.002,-0.3,4.8,115727.0,0.0578635
2026-01-04,0.0,0.0,0.0,1.5,2.885,2092.7,687.6,77.6,0.3,0.4,-0.3,0.701,-0.359,0.2,0.0,0.0,0.0,0.0,0.0,0.0,0.0,0.0,0.307,0.004,-2.6,4.7,167122.0,0.083561
2026-01-05,0.8,3.3,-1.7,2.1,3.041,2468.0,137.8,90.7,0.3,0.3,3.8,0.712,-0.393,0.1,0.3,0.4,0.0,0.003,0.0,0.005,0.2,0.6,0.303,0.008,-3.7,-0.6,129767.0,0.0648835
2026-01-06,1.0,0.0,-0.3,1.6,3.329,2452.3,593.3,89.8,0.2,0.2,0.8,0.727,-0.413,0.2,0.1,0.4,0.8,0.003,0.005,0.005,0.3,0.8,0.303,0.011,-3.2,2.8,94148.0,0.047074
2026-01-07,0.0,4.0,0.9,4.1,3.807,2561.3,107.2,93.5,-0.1,0.4,4.1,0.735,-0.421,0.2,0.1,0.4,1.0,0.003,0.007,0.007,0.3,1.0,0.308,0.007,-1.2,3.7,81584.0,0.040792
2026-01-08,0.0,4.5,6.9,4.6,5.653,2874.0,112.7,91.7,0.0,0.8,4.5,0.792,-0.387,0.9,1.1,0.0,0.0,0.0,0.0,0.0,0.0,0.0,0.318,0.003,2.9,9.6,51112.0,0.025556
2026-01-09,0.0,1.5,6.7,7.9,4.903,2604.9,109.2,80.7,0.7,1.1,0.8,0.793,-0.346,1.0,0.2,0.0,0.0,0.0,0.0,0.0,0.0,0.0,0.325,0.0,5.4,7.5,72271.0,0.0361355
2026-01-10,0.0,0.0,4.0,4.8,3.741,2087.4,182.5,74.4,0.0,0.9,0.0,0.786,-0.302,0.8,0.0,0.0,0.0,0.0,0.0,0.0,0.0,0.0,0.323,0.001,4.0,4.5,103775.0,0.051887499999999996
2026-01-11,0.0,0.6,3.1,3.1,3.689,2492.2,300.8,78.2,0.1,0.6,0.5,0.78,-0.269,0.6,0.0,0.0,0.0,0.0,0.0,0.0,0.0,0.0,0.318,0.004,0.5,8.3,138371.0,0.0691855
2026-01-12,0.0,0.4,9.7,5.0,6.316,2765.0,93.5,84.3,-0.3,0.9,0.7,0.78,-0.245,0.6,0.1,0.0,0.0,0.0,0.0,0.0,0.0,0.0,0.323,0.0,4.3,11.6,89886.0,0.044943
2026-01-13,0.0,0.1,10.9,3.0,5.767,2434.3,276.9,71.8,-0.1,1.0,0.2,0.778,-0.219,0.6,0.0,0.0,0.0,0.0,0.0,0.0,0.0,0.0,0.323,0.0,9.3,12.2,109759.0,0.0548795
2026-01-14,0.0,0.2,10.9,2.6,6.662,2650.5,157.6,82.4,-0.3,0.8,0.5,0.777,-0.187,0.5,0.0,0.0,0.0,0.0,0.0,0.0,0.0,0.0,0.322,0.0,9.4,12.0,99360.0,0.04968
2026-01-15,0.0,0.1,10.8,4.5,6.392,2412.5,122.2,79.3,-0.4,1.1,0.5,0.776,-0.16,0.5,0.0,0.0,0.0,0.0,0.0,0.0,0.0,0.0,0.322,0.0,9.1,12.6,130462.0,0.065231
2026-01-16,0.0,1.5,9.8,3.0,6.25,2596.8,116.9,83.3,-0.2,0.8,1.7,0.778,-0.142,0.5,0.1,0.0,0.0,0.0,0.0,0.0,0.0,0.0,0.322,0.0,8.4,10.9,75831.0,0.0379155
2026-01-17,0.0,0.4,9.4,1.3,6.55,2750.5,84.7,89.9,-0.2,0.5,0.6,0.786,-0.125,0.6,0.1,0.0,0.0,0.0,0.0,0.0,0.0,0.0,0.323,0.0,8.1,10.1,57674.0,0.028836999999999998
2026-01-18,0.0,0.0,8.5,1.9,5.454,2555.8,213.4,79.4,0.0,0.7,0.0,0.781,-0.149,0.6,0.0,0.0,0.0,0.0,0.0,0.0,0.0,0.0,0.323,0.0,8.2,10.8,72573.0,0.0362865
2026-01-19,0.0,0.0,7.3,2.4,5.255,2526.9,212.8,82.9,-0.1,0.6,0.1,0.776,-0.176,0.5,0.0,0.0,0.0,0.0,0.0,0.0,0.0,0.0,0.322,0.0,3.7,9.6,67436.0,0.033718
2026-01-20,0.0,0.1,7.8,2.9,5.512,2556.2,103.8,84.2,-0.2,0.8,0.3,0.774,-0.2,0.5,0.0,0.0,0.0,0.0,0.0,0.0,0.0,0.0,0.322,0.0,6.8,9.6,107704.0,0.053852
2026-01-21,0.0,0.5,10.8,4.8,5.595,2409.0,613.7,69.9,0.5,1.3,0.0,0.769,-0.219,0.4,0.0,0.0,0.0,0.0,0.0,0.0,0.0,0.0,0.321,0.0,8.3,12.9,130961.0,0.0654805
2026-01-22,0.0,1.1,9.2,3.4,5.829,2529.0,109.5,81.1,-0.2,0.8,1.3,0.768,-0.248,0.4,0.1,0.0,0.0,0.0,0.0,0.0,0.0,0.0,0.321,0.0,8.7,10.7,98116.0,0.049058000000000004
2026-01-23,0.0,2.2,7.1,4.1,5.329,2565.7,211.4,85.1,0.1,0.7,2.1,0.789,-0.252,0.5,0.4,0.0,0.0,0.0,0.0,0.0,0.0,0.0,0.322,0.0,6.5,8.6,101926.0,0.050963
2026-01-24,0.0,0.0,6.3,3.1,4.635,2303.7,713.5,78.7,0.6,0.6,-0.6,0.781,-0.265,0.5,0.0,0.0,0.0,0.0,0.0,0.0,0.0,0.0,0.323,0.0,4.0,8.4,110718.0,0.055359
2026-01-25,0.0,2.1,6.6,2.6,5.255,2551.1,150.6,86.7,-0.1,0.6,2.2,0.782,-0.277,0.4,0.2,0.0,0.0,0.0,0.0,0.0,0.0,0.0,0.322,0.0,5.1,8.3,92832.0,0.046416
2026-01-26,0.0,0.8,6.6,2.7,5.295,2562.7,120.0,87.8,-0.1,0.6,0.9,0.791,-0.276,0.6,0.1,0.0,0.0,0.0,0.0,0.0,0.0,0.0,0.324,0.0,6.2,7.2,129028.0,0.064514
2026-01-27,0.0,9.2,7.2,3.6,5.725,2934.8,115.5,90.2,0.1,0.6,9.1,0.844,-0.226,1.6,1.4,0.0,0.0,0.0,0.0,0.0,0.0,0.0,0.324,0.0,5.7,9.2,46145.0,0.0230725
2026-01-28,0.0,0.0,5.6,1.2,5.144,2693.8,356.3,91.6,0.4,0.4,-0.4,0.84,-0.173,1.6,0.0,0.0,0.0,0.0,0.0,0.0,0.0,0.0,0.332,0.0,3.6,8.7,131269.0,0.0656345
2026-01-29,0.0,2.7,3.1,2.2,4.513,2806.2,193.8,95.1,0.3,0.4,2.4,0.829,-0.129,0.9,0.0,0.0,0.0,0.0,0.0,0.0,0.0,0.0,0.33,0.0,0.7,5.3,124651.0,0.0623255
2026-01-30,0.0,2.8,8.2,3.7,5.841,2735.6,240.1,87.2,0.0,0.9,2.8,0.855,-0.068,1.4,0.8,0.0,0.0,0.0,0.0,0.0,0.0,0.0,0.332,0.0,4.8,12.0,135299.0,0.0676495
2026-01-31,0.0,0.0,7.1,2.3,5.788,2877.1,123.3,92.6,0.1,0.5,-0.1,0.844,-0.012,1.2,0.0,0.0,0.0,0.0,0.0,0.0,0.0,0.0,0.333,0.0,5.8,7.8,121031.0,0.0605155
